/*
*---------------------------------------------------------------
*                        Lvgl Font Tool                         
*                                                               
* 注:使用unicode编码                                              
* 注:本字体文件由Lvgl Font Tool V0.5测试版 生成                     
* 作者:阿里(qq:617622104)                                         
*---------------------------------------------------------------
*/


#include "lvgl.h"


static const uint8_t glyph_bitmap[] = {
/*   */
0x00,  //.


/* ! */
0x54,  //***
0xfc,  //@@@
0xfc,  //@@@
0xfc,  //@@@
0xfc,  //@@@
0xfc,  //@@@
0xfc,  //@@@
0xfc,  //@@@
0xbc,  //#@@
0xbc,  //%@@
0xbc,  //%@@
0xbc,  //%@@
0xbc,  //%@@
0x54,  //***
0x00,  //...
0x00,  //***
0xfc,  //@@@
0xfc,  //@@@
0xfc,  //@@@


/* " */
0xa8,0x69,  //%%%+%%%*
0xbc,0x7d,  //%@@**@@*
0xbc,0x7c,  //%@@.*@@*
0x7c,0x7c,  //%@@.*@@*
0x78,0x3c,  //*@#.*@@+
0x78,0x3c,  //*@%.*@@.
0x38,0x3c,  //*@%.+@@.


/* # */
0x00,0x15,0x01,0x50,  //.....***...***.
0x00,0x2e,0x03,0xd0,  //.....#@%...@@*.
0x00,0x3d,0x03,0xc0,  //.....@@*..*@@*.
0x00,0x3c,0x07,0xc0,  //....*@@*..*@@+.
0x00,0x7c,0x07,0x80,  //....*@@+..%@#..
0x15,0xbd,0x5b,0x94,  //+***%@@***#@#**
0x3f,0xff,0xff,0xfc,  //*@@@@@@@@@@@@@@
0x3f,0xff,0xff,0xfc,  //*@@@@@@@@@@@@@@
0x00,0xf0,0x1f,0x00,  //...*@@*..*@@+..
0x01,0xf0,0x1e,0x00,  //...*@@+..%@#...
0x01,0xe0,0x2e,0x00,  //...%@#...#@%...
0x02,0xe0,0x3d,0x00,  //***#@#***@@%**+
0xff,0xff,0xff,0xf4,  //@@@@@@@@@@@@@@*
0xff,0xff,0xff,0xf4,  //@@@@@@@@@@@@@@*
0x07,0xc0,0x78,0x00,  //..*@@+..%@#....
0x07,0x80,0xb8,0x00,  //..%@#...#@%....
0x0b,0x80,0xf4,0x00,  //..#@%...@@*....
0x0f,0x40,0xf0,0x00,  //..@@*..*@@*....
0x0f,0x01,0xf0,0x00,  //.*@@*..*@@+....


/* $ */
0x00,0x2a,0x00,0x00,  //.....%%%.....
0x00,0x3f,0x00,0x00,  //.....@@@.....
0x00,0x3f,0x00,0x00,  //....*@@@*....
0x06,0xff,0xe0,0x00,  //..*#@@@@@#*..
0x1f,0xff,0xfd,0x00,  //.%@@@@@@@@@*.
0x7f,0xbf,0xbf,0x00,  //*@@@%@@@#@@@*
0xbd,0x3f,0x1e,0x00,  //#@@*.@@@.%@#*
0xfc,0x3f,0x04,0x00,  //@@@+.@@@..*..
0xfc,0x3f,0x00,0x00,  //@@@*.@@@.....
0xbe,0x7f,0x00,0x00,  //%@@#*@@@.....
0x3f,0xff,0x00,0x00,  //*@@@@@@@.....
0x0b,0xff,0xe0,0x00,  //.*#@@@@@@%*..
0x01,0xbf,0xfd,0x00,  //...*#@@@@@@%.
0x00,0x3f,0xff,0x40,  //.....@@@@@@@*
0x00,0x3f,0x2f,0x80,  //.....@@@+#@@%
0x00,0x3f,0x0f,0x80,  //.....@@@.*@@#
0x24,0x3f,0x0f,0x80,  //*%*..@@@.*@@%
0xfd,0x3f,0x2f,0x40,  //@@@*.@@@+#@@%
0xbf,0xbf,0xff,0x00,  //%@@@#@@@@@@@+
0x1f,0xff,0xfd,0x00,  //.%@@@@@@@@@*.
0x06,0xff,0xe0,0x00,  //..*#@@@@@%+..
0x00,0x3f,0x00,0x00,  //.....@@@.....
0x00,0x3f,0x00,0x00,  //.....@@@.....


/* % */
0x01,0x50,0x00,0x00,0x50,0x00,  //...****........****..
0x0b,0xfd,0x00,0x03,0xe0,0x00,  //.*#@@@@%......*@@#...
0x2e,0x6f,0x40,0x0b,0xc0,0x00,  //+#@#%#@@*.....#@@*...
0x78,0x07,0x80,0x1f,0x40,0x00,  //*@#...%@#....%@@*....
0xb8,0x03,0xc0,0x3e,0x00,0x00,  //%@%...*@@...*@@#.....
0x78,0x03,0xc0,0xb8,0x00,0x00,  //%@#...*@@..+#@#+.....
0x3d,0x0b,0x82,0xf4,0x00,0x00,  //*@@*.*#@%..%@@*......
0x2f,0xfe,0x07,0xe0,0x00,0x00,  //.%@@@@@#+.*@@%.......
0x06,0xf8,0x0f,0x80,0x00,0x00,  //..*#@@%+.+@@#........
0x00,0x00,0x2f,0x00,0x00,0x00,  //.........#@@*........
0x00,0x00,0x7d,0x01,0x40,0x00,  //........%@@%..+***...
0x00,0x00,0xf8,0x1f,0xf8,0x00,  //.......*@@#..%@@@@#+.
0x00,0x02,0xe0,0x7e,0xbe,0x00,  //......+#@#+.*@@#%@@#.
0x00,0x0b,0xd0,0xb4,0x0f,0x40,  //......%@@*..#@%..+@@*
0x00,0x1f,0x80,0xf0,0x0b,0x40,  //.....*@@%..+@@+...%@*
0x00,0x3e,0x00,0xf0,0x0b,0x40,  //....+@@#...+@@+...#@*
0x00,0xbc,0x00,0xb8,0x1f,0x00,  //....#@@*....#@%..*@@*
0x01,0xf4,0x00,0x3f,0xfe,0x00,  //...%@@%.....*@@@@@@%.
0x03,0xe0,0x00,0x1b,0xf4,0x00,  //..*@@#.......*#@@@%..


/* & */
0x00,0x1b,0x90,0x00,0x00,  //....+%#@%*.......
0x01,0xff,0xf8,0x00,0x00,  //...*@@@@@@#+.....
0x03,0xff,0xfe,0x00,0x00,  //..*@@@@@@@@%.....
0x07,0xe0,0x7f,0x00,0x00,  //..%@@#..*@@@+....
0x0b,0xc0,0x2f,0x00,0x00,  //..%@@*...#@@*....
0x0b,0xc0,0x2f,0x00,0x00,  //..%@@*...#@@*....
0x07,0xe0,0x7e,0x00,0x00,  //..%@@%..%@@#.....
0x03,0xf6,0xfd,0x00,0x00,  //..*@@@%#@@@*.....
0x01,0xff,0xe4,0x00,0x00,  //...%@@@@@#*......
0x06,0xff,0x80,0x00,0x00,  //..*#@@@@%+.......
0x1f,0xff,0x80,0x79,0x00,  //.%@@@@@@#+..*@%*.
0x7f,0x8b,0xe0,0xbd,0x00,  //*@@@%*#@@#..#@@*.
0xbd,0x02,0xf8,0xfc,0x00,  //#@@%..+#@@#*@@@+.
0xfc,0x00,0xff,0xf4,0x00,  //@@@+...*@@@@@@%..
0xfc,0x00,0x7f,0xe0,0x00,  //@@@.....*@@@@#+..
0xbd,0x00,0x2f,0xd0,0x00,  //#@@*.....%@@@%...
0x7f,0x41,0xbf,0xf4,0x00,  //*@@@%***#@@@@@*..
0x2f,0xff,0xfe,0xfc,0x00,  //.#@@@@@@@@@%@@@*.
0x07,0xff,0xe0,0xbe,0x00,  //..%@@@@@@%*.#@@#+
0x00,0x55,0x00,0x00,0x00,  //...+****+....***+


/* ' */
0xa8,  //%%%
0xfc,  //@@@
0xbc,  //%@@
0xb8,  //%@#
0xb8,  //%@%
0x78,  //*@%
0x74,  //*@*


/* ( */
0x07,0xc0,  //..%@@*
0x0f,0x80,  //.+@@%.
0x1f,0x40,  //.%@@*.
0x2e,0x00,  //.#@#..
0x3d,0x00,  //*@@%..
0x7d,0x00,  //%@@*..
0xbc,0x00,  //%@@+..
0xfc,0x00,  //@@@...
0xf8,0x00,  //@@#...
0xf8,0x00,  //@@%...
0xf8,0x00,  //@@%...
0xf8,0x00,  //@@%...
0xf8,0x00,  //@@%...
0xfc,0x00,  //@@@...
0xbc,0x00,  //#@@+..
0x7d,0x00,  //%@@*..
0x7d,0x00,  //*@@%..
0x3e,0x00,  //.@@#..
0x2f,0x00,  //.%@@*.
0x0f,0x40,  //.*@@%.
0x0b,0xc0,  //..%@@+


/* ) */
0xb8,0x00,  //#@#...
0x7d,0x00,  //*@@*..
0x2e,0x00,  //.#@#..
0x1f,0x40,  //.%@@*.
0x0f,0x40,  //.*@@%.
0x0f,0x80,  //..@@#.
0x0b,0xc0,  //..#@@+
0x07,0xc0,  //..%@@*
0x07,0xd0,  //..*@@*
0x07,0xd0,  //..*@@*
0x07,0xd0,  //..*@@*
0x07,0xd0,  //..*@@*
0x07,0xd0,  //..*@@*
0x07,0xc0,  //..%@@*
0x0b,0xc0,  //..%@@+
0x0f,0xc0,  //..@@@.
0x0f,0x80,  //.*@@%.
0x1f,0x40,  //.%@@*.
0x2f,0x00,  //.#@@..
0x3d,0x00,  //*@@%..
0xbc,0x00,  //%@@+..


/* * */
0x01,0x40,  //...***..
0x01,0xd0,  //.*.%@*.+
0x29,0xda,  //+##*@*##
0x2f,0xee,  //*#@@@#@%
0x07,0xe4,  //..%@@#*.
0x3e,0xee,  //*@@#@#@#
0x25,0xca,  //.#%*@*%%
0x01,0xd0,  //...%@*..


/* + */
0x00,0xfc,0x00,  //....@@@*...
0x00,0xfc,0x00,  //....@@@*...
0x00,0xfc,0x00,  //....@@@*...
0x00,0xfc,0x00,  //....@@@*...
0xaa,0xfe,0xa8,  //%%%%@@@#%%%
0xff,0xff,0xfc,  //@@@@@@@@@@@
0xff,0xff,0xfc,  //@@@@@@@@@@@
0x00,0xfd,0x00,  //****@@@****
0x00,0xfc,0x00,  //....@@@*...
0x00,0xfc,0x00,  //....@@@*...
0x00,0xfc,0x00,  //....@@@*...
0x00,0xa8,0x00,  //....%%%+...


/* , */
0x3f,  //*@@@
0x3f,  //*@@@
0x3f,  //*@@@
0x07,  //.**@
0x07,  //..*@
0x0a,  //..##
0x2c,  //*#@*
0x20,  //.#*.


/* - */
0xaa,0xa9,  //%%%%%%%%
0xff,0xfe,  //@@@@@@@%
0xff,0xfe,  //@@@@@@@%


/* . */
0xfc,  //@@@
0xfc,  //@@@
0xfc,  //@@@


/* / */
0x00,0x05,0x00,  //.....****
0x00,0x2f,0x00,  //.....#@@*
0x00,0x3e,0x00,  //....+@@#.
0x00,0x7d,0x00,  //....*@@%.
0x00,0xbd,0x00,  //....%@@*.
0x00,0xfc,0x00,  //....@@@..
0x00,0xf8,0x00,  //...*@@%..
0x01,0xf4,0x00,  //...%@@*..
0x02,0xf0,0x00,  //...#@@+..
0x03,0xe0,0x00,  //..+@@#...
0x07,0xd0,0x00,  //..*@@%...
0x0b,0xc0,0x00,  //..#@@+...
0x0f,0x80,0x00,  //.+@@#....
0x1f,0x40,0x00,  //.*@@%....
0x2f,0x00,0x00,  //.%@@*....
0x3f,0x00,0x00,  //.@@@.....
0x3e,0x00,0x00,  //*@@%.....
0x7d,0x00,0x00,  //%@@*.....
0xbc,0x00,0x00,  //#@@+.....


/* 0 */
0x00,0x6a,0x90,0x00,  //....*%##%*....
0x02,0xff,0xf8,0x00,  //..+#@@@@@@%...
0x0b,0xff,0xfe,0x00,  //..#@@@@@@@@%..
0x1f,0xd0,0x7f,0x00,  //.*@@@*.+%@@@*.
0x2f,0x40,0x2f,0x80,  //.#@@%....%@@%.
0x3f,0x00,0x0f,0xc0,  //*@@@+....*@@@.
0x7e,0x00,0x0f,0xc0,  //*@@#......@@@*
0x7e,0x00,0x0b,0xd0,  //%@@%......#@@*
0xbd,0x00,0x0b,0xd0,  //%@@*......%@@*
0xbd,0x00,0x0b,0xd0,  //%@@*......%@@*
0xbd,0x00,0x0b,0xd0,  //%@@*......%@@*
0xbd,0x00,0x0b,0xd0,  //%@@*......%@@*
0x7e,0x00,0x0b,0xc0,  //*@@%......#@@*
0x7e,0x00,0x0f,0xc0,  //*@@#.....+@@@+
0x3f,0x00,0x1f,0x80,  //+@@@*....*@@#.
0x2f,0x80,0x2f,0x40,  //.#@@#....#@@%.
0x0f,0xe5,0xbf,0x00,  //.*@@@#**#@@@+.
0x07,0xff,0xfd,0x00,  //..%@@@@@@@@*..
0x01,0xff,0xe4,0x00,  //...%@@@@@#*...
0x00,0x15,0x40,0x00,  //....+****.....


/* 1 */
0x00,0x54,  //....***
0x06,0xfc,  //..*#@@@
0x6f,0xfc,  //*#@@@@@
0xff,0xfc,  //@@@@@@@
0xf8,0xfc,  //@@#*@@@
0x90,0xfc,  //#*..@@@
0x00,0xfc,  //....@@@
0x00,0xfc,  //....@@@
0x00,0xfc,  //....@@@
0x00,0xfc,  //....@@@
0x00,0xfc,  //....@@@
0x00,0xfc,  //....@@@
0x00,0xfc,  //....@@@
0x00,0xfc,  //....@@@
0x00,0xfc,  //....@@@
0x00,0xfc,  //....@@@
0x00,0xfc,  //....@@@
0x00,0xfc,  //....@@@
0x00,0xfc,  //....@@@


/* 2 */
0x01,0xaa,0x40,  //...*%##%*...
0x0b,0xff,0xe0,  //.+#@@@@@@#+.
0x2f,0xff,0xf8,  //+#@@@@@@@@#+
0xbe,0x41,0xfd,  //%@@#*..*@@@%
0xbc,0x00,0x7e,  //#@@*....%@@%
0x04,0x00,0x7e,  //.*%.....*@@#
0x00,0x00,0x7e,  //........*@@%
0x00,0x00,0xbd,  //........#@@%
0x00,0x01,0xfc,  //.......*@@@+
0x00,0x03,0xf4,  //......*@@@*.
0x00,0x0b,0xe0,  //.....+#@@#..
0x00,0x2f,0x80,  //.....#@@#...
0x00,0xbe,0x00,  //....#@@#+...
0x02,0xf8,0x00,  //...#@@#+....
0x07,0xf0,0x00,  //..%@@@*.....
0x1f,0xd0,0x00,  //.%@@@*......
0x7f,0xaa,0xaa,  //%@@@#%%%%%%%
0xff,0xff,0xff,  //@@@@@@@@@@@@
0xff,0xff,0xff,  //@@@@@@@@@@@@


/* 3 */
0x15,0x55,0x55,0x00,  //+***********.
0x3f,0xff,0xfe,0x00,  //*@@@@@@@@@@%.
0x3f,0xff,0xfe,0x00,  //*@@@@@@@@@@%.
0x15,0x56,0xfd,0x00,  //+******#@@@*.
0x00,0x07,0xf4,0x00,  //......*@@@*..
0x00,0x1f,0x80,0x00,  //.....*@@#+...
0x00,0x7e,0x00,0x00,  //....*@@#+....
0x01,0xfd,0x00,0x00,  //...*@@@*.....
0x03,0xff,0xe0,0x00,  //..+@@@@@@%+..
0x01,0xff,0xf8,0x00,  //...%@@@@@@#+.
0x00,0x51,0xbe,0x00,  //....%**%#@@#.
0x00,0x00,0x3f,0x40,  //........+@@@*
0x00,0x00,0x1f,0x40,  //.........%@@*
0x00,0x00,0x1f,0x40,  //.........*@@%
0x18,0x00,0x2f,0x40,  //.*%+.....%@@*
0xbe,0x00,0x3f,0x40,  //#@@%....+@@@*
0x3f,0x91,0xbe,0x00,  //*@@@#**%#@@#.
0x1f,0xff,0xfc,0x00,  //.%@@@@@@@@@*.
0x06,0xff,0xe0,0x00,  //..*#@@@@@#+..
0x00,0x15,0x00,0x00,  //....*****....


/* 4 */
0x00,0x01,0x54,0x00,  //......*****..
0x00,0x0b,0xfc,0x00,  //......#@@@@..
0x00,0x1f,0xfc,0x00,  //.....*@@@@@..
0x00,0x2f,0xfc,0x00,  //.....#@@@@@..
0x00,0x7d,0xfc,0x00,  //....%@@%@@@..
0x00,0xfc,0xfc,0x00,  //...+@@@+@@@..
0x02,0xf4,0xfc,0x00,  //...%@@*.@@@..
0x03,0xe0,0xfc,0x00,  //..*@@#..@@@..
0x0b,0xd0,0xfc,0x00,  //..%@@*..@@@..
0x0f,0x80,0xfc,0x00,  //.*@@#...@@@..
0x2f,0x40,0xfc,0x00,  //.#@@*...@@@..
0x7e,0x00,0xfc,0x00,  //*@@#....@@@..
0xbe,0x55,0xfd,0x40,  //#@@%****@@@**
0xff,0xff,0xff,0xc0,  //@@@@@@@@@@@@@
0xff,0xff,0xff,0xc0,  //@@@@@@@@@@@@@
0x55,0x55,0xfd,0x40,  //********@@@**
0x00,0x00,0xfc,0x00,  //........@@@..
0x00,0x00,0xfc,0x00,  //........@@@..
0x00,0x00,0xfc,0x00,  //........@@@..


/* 5 */
0x15,0x55,0x55,0x00,  //.***********.
0x2f,0xff,0xfe,0x00,  //.%@@@@@@@@@%.
0x2f,0xff,0xfe,0x00,  //.%@@@@@@@@@%.
0x2f,0x40,0x00,0x00,  //.%@@*******+.
0x3f,0x00,0x00,0x00,  //.@@@*........
0x3f,0x00,0x00,0x00,  //.@@@+........
0x3f,0x00,0x00,0x00,  //.@@@.........
0x3f,0x1a,0x40,0x00,  //+@@@+%%%%*...
0x3f,0xff,0xf4,0x00,  //*@@@@@@@@@%..
0x3f,0xff,0xfd,0x00,  //*@@@@@@@@@@%.
0x3f,0x81,0xbf,0x00,  //*@@@%***#@@@+
0x15,0x00,0x2f,0x40,  //+*%*.....#@@*
0x00,0x00,0x1f,0x80,  //.........%@@%
0x00,0x00,0x1f,0x80,  //.........*@@%
0x04,0x00,0x1f,0x40,  //.+%......%@@%
0xbe,0x00,0x2f,0x40,  //%@@%....+#@@*
0x7f,0x91,0xbe,0x00,  //*@@@#**%#@@#.
0x1f,0xff,0xfc,0x00,  //.%@@@@@@@@@*.
0x06,0xff,0xe0,0x00,  //..*#@@@@@#*..
0x00,0x15,0x00,0x00,  //....*****....


/* 6 */
0x00,0x05,0x40,0x00,  //.....+***+...
0x00,0x2f,0x80,0x00,  //.....%@@#....
0x00,0x7f,0x00,0x00,  //....*@@@*....
0x00,0xbe,0x00,0x00,  //....#@@%.....
0x01,0xfc,0x00,0x00,  //...*@@@+.....
0x03,0xf4,0x00,0x00,  //..+@@@*......
0x0b,0xe0,0x00,0x00,  //..%@@#.......
0x0f,0xeb,0x90,0x00,  //.*@@@%#@#%+..
0x2f,0xff,0xfd,0x00,  //.%@@@@@@@@@*.
0x3f,0xff,0xff,0x00,  //+@@@@@@@@@@@+
0x7f,0x80,0x7f,0x80,  //*@@@%+..*@@@%
0xbe,0x00,0x1f,0xc0,  //%@@#.....*@@@
0xbd,0x00,0x0f,0xc0,  //%@@*......@@@
0xbd,0x00,0x0f,0xc0,  //#@@*......@@@
0xbd,0x00,0x0f,0xc0,  //%@@%.....+@@@
0x7e,0x00,0x2f,0x80,  //*@@#+....%@@#
0x2f,0x91,0xbf,0x00,  //.#@@#%**#@@@*
0x1f,0xff,0xfd,0x00,  //.*@@@@@@@@@%.
0x02,0xff,0xe4,0x00,  //..*#@@@@@#*..
0x00,0x15,0x00,0x00,  //....*****....


/* 7 */
0x55,0x55,0x54,  //************
0xff,0xff,0xfd,  //@@@@@@@@@@@*
0xff,0xff,0xfd,  //@@@@@@@@@@@*
0x55,0x56,0xfc,  //*******%@@@+
0x00,0x01,0xf8,  //.......%@@%.
0x00,0x03,0xf0,  //......+@@@*.
0x00,0x07,0xe0,  //......%@@#..
0x00,0x0b,0xd0,  //......#@@*..
0x00,0x1f,0x80,  //.....*@@#...
0x00,0x2f,0x40,  //.....#@@%...
0x00,0x3f,0x00,  //....*@@@+...
0x00,0xbe,0x00,  //....%@@%....
0x00,0xfc,0x00,  //...+@@@*....
0x01,0xf8,0x00,  //...%@@#.....
0x03,0xf4,0x00,  //...@@@*.....
0x07,0xe0,0x00,  //..*@@#......
0x0b,0xd0,0x00,  //..#@@%......
0x1f,0xc0,0x00,  //.*@@@+......
0x2f,0x80,0x00,  //.#@@%.......


/* 8 */
0x00,0x6a,0x90,0x00,  //...+%%##%*....
0x07,0xff,0xf8,0x00,  //..*@@@@@@@#*..
0x0f,0xff,0xfe,0x00,  //.*@@@@@@@@@#+.
0x2f,0x80,0x7f,0x40,  //.#@@#*..*@@@%.
0x3f,0x40,0x1f,0x80,  //.@@@*....%@@%.
0x3f,0x00,0x1f,0x80,  //.@@@*....*@@#.
0x2f,0x40,0x1f,0x40,  //.#@@*....%@@%.
0x0f,0xd0,0x7e,0x00,  //.*@@@***%@@#+.
0x07,0xff,0xf8,0x00,  //..*@@@@@@@#+..
0x02,0xff,0xf4,0x00,  //..+%@@@@@@%...
0x0b,0xea,0xbe,0x00,  //.+#@@#%%#@@#..
0x2f,0x40,0x1f,0x80,  //.#@@*....%@@%.
0x7e,0x00,0x0b,0xc0,  //*@@#......#@@*
0xbd,0x00,0x0b,0xd0,  //%@@*......%@@*
0xbd,0x00,0x0b,0xd0,  //%@@%......#@@*
0x7f,0x00,0x1f,0xd0,  //%@@@+....*@@@*
0x3f,0x91,0x7f,0x80,  //+@@@#%**%@@@#.
0x1f,0xff,0xfe,0x00,  //.*@@@@@@@@@#*.
0x02,0xff,0xf8,0x00,  //..*#@@@@@@%+..
0x00,0x15,0x40,0x00,  //....+****+....


/* 9 */
0x00,0x6e,0x80,0x00,  //...*%#@#%*...
0x07,0xff,0xf8,0x00,  //..%@@@@@@@%..
0x2f,0xff,0xfe,0x00,  //.%@@@@@@@@@#.
0x3f,0x80,0x7f,0x40,  //*@@@%+.+%@@@*
0xbe,0x00,0x2f,0x80,  //%@@%.....%@@#
0xbd,0x00,0x0f,0xc0,  //#@@*.....*@@@
0xfc,0x00,0x0f,0xc0,  //@@@*.....*@@@
0xbd,0x00,0x0f,0xc0,  //#@@*.....*@@@
0xbe,0x00,0x2f,0x80,  //%@@#.....#@@#
0x3f,0x91,0xbf,0x40,  //*@@@#***#@@@%
0x1f,0xff,0xff,0x00,  //.%@@@@@@@@@@*
0x07,0xff,0xfe,0x00,  //..%@@@@@@@@%.
0x00,0x55,0xfc,0x00,  //...+****@@@*.
0x00,0x02,0xf8,0x00,  //.......#@@%..
0x00,0x07,0xf0,0x00,  //......*@@@+..
0x00,0x0f,0xd0,0x00,  //.....+@@@*...
0x00,0x2f,0x80,0x00,  //.....%@@#....
0x00,0x3f,0x40,0x00,  //....*@@@*....
0x00,0xbe,0x00,0x00,  //....#@@%.....


/* : */
0xfc,  //@@@
0xfc,  //@@@
0xfc,  //@@@
0x00,  //***
0x00,  //...
0x00,  //...
0x00,  //...
0x00,  //...
0x00,  //...
0x00,  //***
0xfc,  //@@@
0xfc,  //@@@
0xfc,  //@@@


/* ; */
0x3f,  //*@@@
0x3f,  //*@@@
0x3f,  //*@@@
0x00,  //.***
0x00,  //....
0x00,  //....
0x00,  //....
0x00,  //....
0x00,  //....
0x00,  //.***
0x3f,  //*@@@
0x3f,  //*@@@
0x3f,  //*@@@
0x07,  //.**@
0x07,  //..*@
0x0a,  //..##
0x2c,  //*#@*
0x20,  //.#*.


/* < */
0x00,0x00,0x00,  //..........*
0x00,0x00,0x2c,  //........+%@
0x00,0x01,0xfc,  //......+%@@@
0x00,0x1b,0xf8,  //.....*#@@@#
0x01,0xbf,0xd0,  //...*#@@@@%.
0x1b,0xfd,0x00,  //.*#@@@@%+..
0xbf,0xd0,0x00,  //#@@@@%+....
0xfe,0x00,0x00,  //@@@%+......
0xff,0x40,0x00,  //@@@@%+.....
0x6f,0xf4,0x00,  //*#@@@@*....
0x06,0xfe,0x40,  //..*#@@@#*..
0x00,0x6f,0xe4,  //....*#@@@#*
0x00,0x07,0xfc,  //.....+%@@@@
0x00,0x00,0xbc,  //.......+%@@
0x00,0x00,0x08,  //.........*%


/* = */
0x55,0x55,0x54,  //***********
0xff,0xff,0xfc,  //@@@@@@@@@@@
0xff,0xff,0xfc,  //@@@@@@@@@@@
0x00,0x00,0x00,  //***********
0x00,0x00,0x00,  //...........
0x00,0x00,0x00,  //...........
0xaa,0xaa,0xa8,  //%%%%%%%%%%%
0xff,0xff,0xfc,  //@@@@@@@@@@@
0xff,0xff,0xfc,  //@@@@@@@@@@@


/* > */
0x40,0x00,0x00,  //*..........
0xe0,0x00,0x00,  //@%*........
0xfe,0x00,0x00,  //@@@%+......
0xbf,0xd0,0x00,  //#@@@@%+....
0x1b,0xfd,0x00,  //.*#@@@@%...
0x01,0xbf,0x90,  //...*#@@@#*.
0x00,0x1b,0xf8,  //.....*#@@@#
0x00,0x01,0xfc,  //.......%@@@
0x00,0x06,0xfc,  //......*#@@@
0x00,0x6f,0xe4,  //....*#@@@#*
0x06,0xff,0x40,  //..*#@@@@%..
0x6f,0xf4,0x00,  //*#@@@@%+...
0xff,0x80,0x00,  //@@@@%+.....
0xf8,0x00,0x00,  //@@%*.......
0x90,0x00,0x00,  //#*.........


/* ? */
0x00,0xae,0x40,  //...*%#@#%*..
0x07,0xff,0xf4,  //..%@@@@@@@*.
0x1f,0xff,0xfc,  //.%@@@@@@@@@*
0x3f,0x81,0xbd,  //*@@@%+.*#@@%
0x1e,0x00,0x7e,  //+%@%....%@@%
0x00,0x00,0x7e,  //..++....*@@%
0x00,0x00,0xbd,  //........#@@*
0x00,0x02,0xf8,  //.......#@@#.
0x00,0x0b,0xe0,  //......#@@#+.
0x00,0x2f,0x80,  //.....%@@#...
0x00,0x3f,0x00,  //....+@@@+...
0x00,0x3e,0x00,  //....*@@%....
0x00,0x3e,0x00,  //....*@@%....
0x00,0x14,0x00,  //.....***....
0x00,0x00,0x00,  //............
0x00,0x00,0x00,  //....+***....
0x00,0x7f,0x00,  //....*@@@....
0x00,0x7f,0x00,  //....*@@@....
0x00,0x7f,0x00,  //....*@@@....


/* @ */
0x00,0x06,0xba,0x40,0x00,  //.....+*%#@#%*+.....
0x00,0x7f,0xff,0xf8,0x00,  //....%@@@@@@@@@%+...
0x02,0xf9,0x01,0xbe,0x00,  //..+#@@#*****#@@#+..
0x0b,0x90,0x00,0x0b,0x80,  //.+#@#*.......*#@#+.
0x2e,0x00,0x00,0x02,0xe0,  //.%@#+.........+#@%.
0x3c,0x06,0xf4,0xa1,0xf0,  //*@@*..*#@@%.%%.*@@*
0xb8,0x1f,0xfe,0xf0,0xb4,  //%@#..*@@@@@%@@..#@%
0xf4,0x3f,0x4b,0xf0,0x78,  //@@*.+@@@%*%@@@..%@%
0xf0,0x7d,0x02,0xf0,0x78,  //@@*.*@@*...%@@..*@#
0xf0,0x7c,0x01,0xf0,0x78,  //@@..*@@+...*@@..*@%
0xf0,0x7c,0x01,0xf0,0x78,  //@@..*@@+...*@@..%@%
0xf0,0x3e,0x02,0xf0,0xb4,  //@@*.*@@%..+#@@+.#@*
0xb4,0x2f,0xee,0xba,0xe0,  //#@*..#@@@#@##@##@#.
0x78,0x0b,0xfd,0x2f,0x90,  //%@#..+#@@@@*+#@@#*.
0x3d,0x01,0x50,0x05,0x00,  //*@@*...***+..+**+..
0x1f,0x40,0x00,0x00,0x00,  //.%@@*..............
0x0b,0xe0,0x00,0x14,0x00,  //..#@@%+.....+**....
0x02,0xfe,0x9a,0xf8,0x00,  //...%@@@#%*%#@@#....
0x00,0x2f,0xff,0xe4,0x00,  //....*#@@@@@@@#*....
0x00,0x01,0x55,0x00,0x00,  //......+*****+......


/* A */
0x00,0x01,0x50,0x00,0x00,  //.......****......
0x00,0x03,0xf8,0x00,0x00,  //......*@@@#......
0x00,0x07,0xfc,0x00,0x00,  //......%@@@@+.....
0x00,0x0b,0xfd,0x00,0x00,  //......#@@@@*.....
0x00,0x1f,0xbe,0x00,0x00,  //.....*@@#@@#.....
0x00,0x2f,0x6f,0x00,0x00,  //.....%@@*#@@+....
0x00,0x3f,0x1f,0x40,0x00,  //....+@@@.%@@%....
0x00,0x7e,0x0f,0x80,0x00,  //....*@@%.+@@#....
0x00,0xbd,0x0b,0xc0,0x00,  //....#@@*..#@@*...
0x00,0xfc,0x07,0xe0,0x00,  //...+@@@...%@@%...
0x01,0xf4,0x03,0xf0,0x00,  //...%@@%...+@@@...
0x02,0xff,0xff,0xf4,0x00,  //...#@@@@@@@@@@*..
0x03,0xff,0xff,0xf8,0x00,  //..*@@@@@@@@@@@#..
0x07,0xff,0xff,0xfc,0x00,  //..%@@@@@@@@@@@@+.
0x0f,0xc0,0x00,0xbd,0x00,  //..@@@*......#@@%.
0x1f,0x80,0x00,0x7e,0x00,  //.*@@#.......*@@#.
0x2f,0x40,0x00,0x3f,0x00,  //.%@@%........@@@*
0x3f,0x00,0x00,0x2f,0x40,  //+@@@+........%@@%
0x7e,0x00,0x00,0x1f,0x80,  //*@@#.........*@@#


/* B */
0x55,0x55,0x00,0x00,  //*********.....
0xff,0xff,0xf4,0x00,  //@@@@@@@@@@%...
0xff,0xff,0xfe,0x00,  //@@@@@@@@@@@#..
0xfc,0x05,0xbf,0x40,  //@@@****%#@@@*.
0xfc,0x00,0x2f,0x80,  //@@@......#@@%.
0xfc,0x00,0x1f,0x80,  //@@@......*@@%.
0xfc,0x00,0x2f,0x40,  //@@@......%@@%.
0xfc,0x00,0x7f,0x00,  //@@@....+%@@@*.
0xff,0xff,0xf9,0x00,  //@@@@@@@@@@#*..
0xff,0xff,0xe0,0x00,  //@@@@@@@@@#*...
0xff,0xff,0xfe,0x00,  //@@@@@@@@@@@#+.
0xfc,0x00,0x6f,0x80,  //@@@....+*#@@#+
0xfc,0x00,0x0b,0xd0,  //@@@.......#@@*
0xfc,0x00,0x07,0xe0,  //@@@.......*@@%
0xfc,0x00,0x0b,0xe0,  //@@@.......#@@%
0xfc,0x00,0x1f,0xd0,  //@@@.....+%@@@*
0xfe,0xaa,0xff,0x80,  //@@@%%%%#@@@@#.
0xff,0xff,0xfe,0x00,  //@@@@@@@@@@@#+.
0xff,0xff,0xe4,0x00,  //@@@@@@@@@#*...


/* C */
0x00,0x06,0xe9,0x00,  //.....*%%@#%*+...
0x00,0xbf,0xff,0x90,  //...+%@@@@@@@#*..
0x02,0xff,0xff,0xf4,  //..+#@@@@@@@@@@*.
0x0b,0xf4,0x06,0xfc,  //..#@@@%*.+*#@@@*
0x1f,0xd0,0x00,0xb4,  //.%@@@*......#@%+
0x3f,0x40,0x00,0x00,  //.@@@*.......++..
0x7f,0x00,0x00,0x00,  //*@@@............
0x7e,0x00,0x00,0x00,  //%@@%............
0xbd,0x00,0x00,0x00,  //%@@*............
0xbd,0x00,0x00,0x00,  //%@@*............
0xbd,0x00,0x00,0x00,  //%@@*............
0xbd,0x00,0x00,0x00,  //%@@%............
0x7e,0x00,0x00,0x00,  //*@@#............
0x3f,0x00,0x00,0x00,  //+@@@*...........
0x2f,0x80,0x00,0x50,  //.#@@#.......**..
0x0f,0xe0,0x01,0xf8,  //.*@@@%.....*@@#*
0x07,0xf9,0x5b,0xf8,  //..%@@@#%**#@@@#.
0x01,0xff,0xff,0xe0,  //...%@@@@@@@@@#+.
0x00,0x6f,0xff,0x40,  //....*#@@@@@@%+..
0x00,0x01,0x54,0x00,  //......*****+....


/* D */
0x55,0x55,0x40,0x00,  //*********+.....
0xff,0xff,0xf8,0x00,  //@@@@@@@@@@%+...
0xff,0xff,0xff,0x40,  //@@@@@@@@@@@@*..
0xfd,0x55,0xbf,0xd0,  //@@@****%#@@@@*.
0xfc,0x00,0x0b,0xe0,  //@@@......*#@@#+
0xfc,0x00,0x03,0xf4,  //@@@.......+@@@%
0xfc,0x00,0x01,0xf8,  //@@@........%@@#
0xfc,0x00,0x00,0xfc,  //@@@........+@@@
0xfc,0x00,0x00,0xfc,  //@@@.........@@@
0xfc,0x00,0x00,0xfc,  //@@@.........@@@
0xfc,0x00,0x00,0xfc,  //@@@.........@@@
0xfc,0x00,0x00,0xfc,  //@@@.........@@@
0xfc,0x00,0x00,0xfc,  //@@@........*@@@
0xfc,0x00,0x02,0xf8,  //@@@........%@@#
0xfc,0x00,0x07,0xf4,  //@@@.......%@@@*
0xfc,0x00,0x2f,0xe0,  //@@@.....*%@@@#.
0xfe,0xaa,0xff,0x80,  //@@@%%%%#@@@@#+.
0xff,0xff,0xfe,0x00,  //@@@@@@@@@@@%...
0xff,0xff,0x90,0x00,  //@@@@@@@@#%*....


/* E */
0x55,0x55,0x54,  //************
0xff,0xff,0xfd,  //@@@@@@@@@@@*
0xff,0xff,0xfd,  //@@@@@@@@@@@*
0xfc,0x00,0x00,  //@@@********+
0xfc,0x00,0x00,  //@@@.........
0xfc,0x00,0x00,  //@@@.........
0xfc,0x00,0x00,  //@@@.........
0xfc,0x00,0x00,  //@@@.........
0xff,0xff,0xfc,  //@@@@@@@@@@@.
0xff,0xff,0xfc,  //@@@@@@@@@@@.
0xff,0xff,0xfc,  //@@@@@@@@@@@.
0xfc,0x00,0x00,  //@@@.........
0xfc,0x00,0x00,  //@@@.........
0xfc,0x00,0x00,  //@@@.........
0xfc,0x00,0x00,  //@@@.........
0xfc,0x00,0x00,  //@@@.........
0xfe,0xaa,0xaa,  //@@@%%%%%%%%%
0xff,0xff,0xff,  //@@@@@@@@@@@@
0xff,0xff,0xff,  //@@@@@@@@@@@@


/* F */
0x55,0x55,0x54,  //***********
0xff,0xff,0xfc,  //@@@@@@@@@@@
0xff,0xff,0xfc,  //@@@@@@@@@@@
0xfd,0x55,0x54,  //@@@********
0xfc,0x00,0x00,  //@@@........
0xfc,0x00,0x00,  //@@@........
0xfc,0x00,0x00,  //@@@........
0xfc,0x00,0x00,  //@@@........
0xfd,0x55,0x54,  //@@@********
0xff,0xff,0xf8,  //@@@@@@@@@@%
0xff,0xff,0xf8,  //@@@@@@@@@@%
0xfd,0x55,0x54,  //@@@********
0xfc,0x00,0x00,  //@@@........
0xfc,0x00,0x00,  //@@@........
0xfc,0x00,0x00,  //@@@........
0xfc,0x00,0x00,  //@@@........
0xfc,0x00,0x00,  //@@@........
0xfc,0x00,0x00,  //@@@........
0xfc,0x00,0x00,  //@@@........


/* G */
0x00,0x06,0xe9,0x00,  //.....*%%@#%*....
0x00,0xbf,0xff,0x90,  //...+#@@@@@@@#*..
0x02,0xff,0xff,0xf4,  //..+#@@@@@@@@@@*.
0x0b,0xf4,0x06,0xfc,  //.+#@@@%*.+*#@@@*
0x1f,0xc0,0x00,0xb4,  //.%@@@*......#@%.
0x3f,0x40,0x00,0x00,  //+@@@*.......+*..
0x7f,0x00,0x00,0x00,  //*@@@............
0x7e,0x00,0x00,0x00,  //%@@%............
0xbd,0x00,0x00,0x00,  //%@@*....+******+
0xbd,0x00,0x7f,0xfe,  //%@@*....*@@@@@@%
0xbd,0x00,0x7f,0xfe,  //%@@*....*@@@@@@%
0xbd,0x00,0x6a,0xbe,  //%@@%....*%%%#@@%
0x7e,0x00,0x00,0x7e,  //*@@#........*@@%
0x3f,0x00,0x00,0x7e,  //*@@@+.......*@@%
0x2f,0x80,0x00,0x7e,  //.#@@%.......*@@%
0x1f,0xd0,0x00,0xbe,  //.*@@@%.....*#@@%
0x0b,0xf9,0x5b,0xf8,  //..#@@@#%**%@@@#+
0x02,0xff,0xff,0xe0,  //...#@@@@@@@@@#+.
0x00,0x6f,0xff,0x40,  //....*#@@@@@@%+..
0x00,0x01,0x54,0x00,  //......*****.....


/* H */
0x54,0x00,0x00,0x50,  //***........****
0xfc,0x00,0x01,0xf4,  //@@@........*@@*
0xfc,0x00,0x01,0xf4,  //@@@........*@@*
0xfc,0x00,0x01,0xf4,  //@@@........*@@*
0xfc,0x00,0x01,0xf4,  //@@@........*@@*
0xfc,0x00,0x01,0xf4,  //@@@........*@@*
0xfc,0x00,0x01,0xf4,  //@@@........*@@*
0xfc,0x00,0x01,0xf4,  //@@@........*@@*
0xff,0xff,0xff,0xf4,  //@@@@@@@@@@@@@@*
0xff,0xff,0xff,0xf4,  //@@@@@@@@@@@@@@*
0xff,0xff,0xff,0xf4,  //@@@@@@@@@@@@@@*
0xfc,0x00,0x01,0xf4,  //@@@........*@@*
0xfc,0x00,0x01,0xf4,  //@@@........*@@*
0xfc,0x00,0x01,0xf4,  //@@@........*@@*
0xfc,0x00,0x01,0xf4,  //@@@........*@@*
0xfc,0x00,0x01,0xf4,  //@@@........*@@*
0xfc,0x00,0x01,0xf4,  //@@@........*@@*
0xfc,0x00,0x01,0xf4,  //@@@........*@@*
0xfc,0x00,0x01,0xf4,  //@@@........*@@*


/* I */
0x54,  //***
0xfc,  //@@@
0xfc,  //@@@
0xfc,  //@@@
0xfc,  //@@@
0xfc,  //@@@
0xfc,  //@@@
0xfc,  //@@@
0xfc,  //@@@
0xfc,  //@@@
0xfc,  //@@@
0xfc,  //@@@
0xfc,  //@@@
0xfc,  //@@@
0xfc,  //@@@
0xfc,  //@@@
0xfc,  //@@@
0xfc,  //@@@
0xfc,  //@@@


/* J */
0x00,0x00,0x54,  //........***
0x00,0x00,0xfc,  //........@@@
0x00,0x00,0xfc,  //........@@@
0x00,0x00,0xfc,  //........@@@
0x00,0x00,0xfc,  //........@@@
0x00,0x00,0xfc,  //........@@@
0x00,0x00,0xfc,  //........@@@
0x00,0x00,0xfc,  //........@@@
0x00,0x00,0xfc,  //........@@@
0x00,0x00,0xfc,  //........@@@
0x00,0x00,0xfc,  //........@@@
0x00,0x00,0xfc,  //........@@@
0x00,0x00,0xfc,  //........@@@
0x00,0x00,0xfc,  //........@@@
0x05,0x00,0xfc,  //..**...+@@@
0x2e,0x01,0xf8,  //*#@#...*@@#
0x3f,0x97,0xf4,  //+@@@#*%@@@%
0x1f,0xff,0xe0,  //.%@@@@@@@#+
0x07,0xff,0x80,  //..%@@@@@#+.
0x00,0x54,0x00,  //...+****...


/* K */
0x54,0x00,0x05,0x50,  //***......+****+
0xfc,0x00,0x2f,0xd0,  //@@@......#@@@*.
0xfc,0x00,0xbf,0x40,  //@@@.....#@@@*..
0xfc,0x02,0xfd,0x00,  //@@@....#@@@*...
0xfc,0x0b,0xf4,0x00,  //@@@...#@@@*....
0xfc,0x1f,0xd0,0x00,  //@@@..%@@@*.....
0xfc,0x7f,0x40,0x00,  //@@@.%@@@*......
0xfd,0xfd,0x00,0x00,  //@@@%@@@*.......
0xff,0xf4,0x00,0x00,  //@@@@@@%........
0xff,0xf8,0x00,0x00,  //@@@@@@#+.......
0xff,0xfe,0x00,0x00,  //@@@@@@@#.......
0xfd,0x3f,0x80,0x00,  //@@@%*@@@%......
0xfc,0x1f,0xd0,0x00,  //@@@..*@@@%.....
0xfc,0x0b,0xf4,0x00,  //@@@...%@@@*....
0xfc,0x02,0xf8,0x00,  //@@@....#@@#+...
0xfc,0x00,0xbe,0x00,  //@@@....+#@@#...
0xfc,0x00,0x7f,0x80,  //@@@.....*@@@%..
0xfc,0x00,0x1f,0xd0,  //@@@......%@@@%.
0xfc,0x00,0x0b,0xf4,  //@@@.......%@@@*


/* L */
0x54,0x00,0x00,  //***.........
0xfc,0x00,0x00,  //@@@.........
0xfc,0x00,0x00,  //@@@.........
0xfc,0x00,0x00,  //@@@.........
0xfc,0x00,0x00,  //@@@.........
0xfc,0x00,0x00,  //@@@.........
0xfc,0x00,0x00,  //@@@.........
0xfc,0x00,0x00,  //@@@.........
0xfc,0x00,0x00,  //@@@.........
0xfc,0x00,0x00,  //@@@.........
0xfc,0x00,0x00,  //@@@.........
0xfc,0x00,0x00,  //@@@.........
0xfc,0x00,0x00,  //@@@.........
0xfc,0x00,0x00,  //@@@.........
0xfc,0x00,0x00,  //@@@.........
0xfc,0x00,0x00,  //@@@.........
0xfe,0xaa,0xa9,  //@@@%%%%%%%%%
0xff,0xff,0xfe,  //@@@@@@@@@@@%
0xff,0xff,0xfe,  //@@@@@@@@@@@%


/* M */
0x54,0x00,0x00,0x01,0x50,  //***............***
0xfc,0x00,0x00,0x03,0xf0,  //@@@*..........*@@@
0xfe,0x00,0x00,0x0b,0xf0,  //@@@#..........#@@@
0xff,0x40,0x00,0x1f,0xf0,  //@@@@%........*@@@@
0xff,0xc0,0x00,0x2f,0xf0,  //@@@@@*......+#@@@@
0xff,0xe0,0x00,0xbf,0xf0,  //@@@@@#......%@@@@@
0xfa,0xf4,0x00,0xfe,0xf0,  //@@##@@*....*@@@#@@
0xf9,0xf8,0x02,0xf6,0xf0,  //@@%*@@#+...#@@*%@@
0xf8,0xbe,0x07,0xe2,0xf0,  //@@%.%@@%..%@@#.%@@
0xf8,0x3f,0x0f,0xc2,0xf0,  //@@%.+@@@*+@@@*.%@@
0xf8,0x1f,0xaf,0x42,0xf0,  //@@%..*@@##@@%..%@@
0xf8,0x0b,0xfe,0x02,0xf0,  //@@%...#@@@@#...%@@
0xf8,0x03,0xfd,0x02,0xf0,  //@@%...*@@@@*...%@@
0xf8,0x02,0xf8,0x02,0xf0,  //@@%....%@@%....%@@
0xf8,0x00,0x50,0x02,0xf0,  //@@%.....**+....%@@
0xf8,0x00,0x00,0x02,0xf0,  //@@%............%@@
0xf8,0x00,0x00,0x02,0xf0,  //@@%............%@@
0xf8,0x00,0x00,0x02,0xf0,  //@@%............%@@
0xf8,0x00,0x00,0x02,0xf0,  //@@%............%@@


/* N */
0x54,0x00,0x01,0x50,  //***........****
0xfd,0x00,0x02,0xf4,  //@@@*.......%@@*
0xfe,0x00,0x02,0xf4,  //@@@#+......%@@*
0xff,0x80,0x02,0xf4,  //@@@@%......%@@*
0xff,0xd0,0x02,0xf4,  //@@@@@*.....%@@*
0xff,0xe0,0x02,0xf4,  //@@@@@#+....%@@*
0xfe,0xf8,0x02,0xf4,  //@@@#@@%....%@@*
0xfc,0xfd,0x02,0xf4,  //@@@+@@@*...%@@*
0xfc,0x7e,0x02,0xf4,  //@@@.*@@#+..%@@*
0xfc,0x2f,0x82,0xf4,  //@@@..#@@%..%@@*
0xfc,0x0f,0xd2,0xf4,  //@@@..+@@@*.%@@*
0xfc,0x07,0xe2,0xf4,  //@@@...*@@#.%@@*
0xfc,0x02,0xfa,0xf4,  //@@@....#@@%%@@*
0xfc,0x00,0xfe,0xf4,  //@@@....+@@@#@@*
0xfc,0x00,0x7f,0xf4,  //@@@.....*@@@@@*
0xfc,0x00,0x2f,0xf4,  //@@@......#@@@@*
0xfc,0x00,0x0f,0xf4,  //@@@......+@@@@*
0xfc,0x00,0x07,0xf4,  //@@@.......*@@@*
0xfc,0x00,0x02,0xf4,  //@@@........#@@*


/* O */
0x00,0x1a,0xe9,0x00,0x00,  //.....*%%@#%*+....
0x00,0xbf,0xff,0xd0,0x00,  //...*#@@@@@@@@*...
0x07,0xff,0xff,0xf4,0x00,  //..*@@@@@@@@@@@%..
0x0b,0xf4,0x06,0xfd,0x00,  //.+#@@@%+.+*#@@@*.
0x1f,0xc0,0x00,0xbe,0x00,  //.%@@@+......#@@#.
0x3f,0x40,0x00,0x3f,0x40,  //+@@@*.......+@@@*
0x7f,0x00,0x00,0x1f,0x80,  //*@@@.........%@@#
0x7e,0x00,0x00,0x0f,0xc0,  //%@@%.........*@@@
0xbd,0x00,0x00,0x0f,0xc0,  //%@@*.........+@@@
0xbd,0x00,0x00,0x0f,0xc0,  //%@@*..........@@@
0xbd,0x00,0x00,0x0f,0xc0,  //%@@*..........@@@
0xbd,0x00,0x00,0x0f,0xc0,  //%@@%.........*@@@
0x7e,0x00,0x00,0x1f,0x80,  //*@@#.........*@@#
0x3f,0x00,0x00,0x2f,0x80,  //*@@@+........%@@%
0x2f,0x80,0x00,0x3f,0x40,  //.#@@%.......*@@@*
0x1f,0xd0,0x00,0xbe,0x00,  //.*@@@%.....*#@@#.
0x0b,0xf9,0x5b,0xfc,0x00,  //..#@@@#%**%@@@@*.
0x02,0xff,0xff,0xf4,0x00,  //...#@@@@@@@@@@*..
0x00,0x6f,0xff,0x80,0x00,  //....*#@@@@@@%+...
0x00,0x01,0x54,0x00,0x00,  //......*****+.....


/* P */
0x55,0x55,0x00,0x00,  //*********....
0xff,0xff,0xe4,0x00,  //@@@@@@@@@#*..
0xff,0xff,0xfe,0x00,  //@@@@@@@@@@@%.
0xfc,0x05,0xbf,0x40,  //@@@****%#@@@*
0xfc,0x00,0x2f,0x80,  //@@@......#@@#
0xfc,0x00,0x0f,0xc0,  //@@@......*@@@
0xfc,0x00,0x0f,0xc0,  //@@@.......@@@
0xfc,0x00,0x0f,0xc0,  //@@@......+@@@
0xfc,0x00,0x2f,0x80,  //@@@......#@@#
0xfc,0x01,0xbf,0x40,  //@@@****%#@@@*
0xff,0xff,0xfe,0x00,  //@@@@@@@@@@@#.
0xff,0xff,0xf4,0x00,  //@@@@@@@@@@%..
0xfe,0xa9,0x40,0x00,  //@@@%%%%**+...
0xfc,0x00,0x00,0x00,  //@@@..........
0xfc,0x00,0x00,0x00,  //@@@..........
0xfc,0x00,0x00,0x00,  //@@@..........
0xfc,0x00,0x00,0x00,  //@@@..........
0xfc,0x00,0x00,0x00,  //@@@..........
0xfc,0x00,0x00,0x00,  //@@@..........


/* Q */
0x00,0x16,0xe9,0x00,0x00,  //.....*%%@#%*+....
0x00,0xbf,0xff,0xd0,0x00,  //...+#@@@@@@@@*...
0x07,0xff,0xff,0xf4,0x00,  //..*@@@@@@@@@@@%..
0x0b,0xf4,0x06,0xfd,0x00,  //.+#@@@%+.+*#@@@*.
0x1f,0xc0,0x00,0xbe,0x00,  //.%@@@+......#@@#.
0x3f,0x40,0x00,0x3f,0x40,  //+@@@*.......+@@@*
0x7f,0x00,0x00,0x1f,0x80,  //*@@@.........%@@%
0x7e,0x00,0x00,0x0f,0xc0,  //%@@%.........*@@@
0xbd,0x00,0x00,0x0f,0xc0,  //%@@*.........+@@@
0xbd,0x00,0x00,0x0f,0xc0,  //%@@*..........@@@
0xbd,0x00,0x00,0x0f,0xc0,  //%@@*..........@@@
0xbd,0x00,0x00,0x0f,0xc0,  //%@@%.........*@@@
0x7e,0x00,0x00,0x1f,0x80,  //*@@#......++.*@@#
0x3f,0x00,0x0a,0x2f,0x80,  //*@@@+....+##+%@@%
0x2f,0x80,0x2f,0xbf,0x40,  //.#@@%....#@@#@@@*
0x1f,0xd0,0x1f,0xfe,0x00,  //.*@@@%...*@@@@@#.
0x0b,0xf9,0x5b,0xfc,0x00,  //..#@@@#%**#@@@@*.
0x02,0xff,0xff,0xfd,0x00,  //...#@@@@@@@@@@@*.
0x00,0x6f,0xff,0xbf,0x40,  //....*#@@@@@@#@@@*
0x00,0x01,0x54,0x2f,0x80,  //......*****+.#@@#
0x00,0x00,0x00,0x0a,0x00,  //.............+##+
0x00,0x00,0x00,0x00,0x00,  //..............*..


/* R */
0x55,0x55,0x00,0x00,  //*********.....
0xff,0xff,0xe4,0x00,  //@@@@@@@@@#*...
0xff,0xff,0xfd,0x00,  //@@@@@@@@@@@%..
0xfc,0x05,0xbf,0x00,  //@@@****%#@@@*.
0xfc,0x00,0x2f,0x80,  //@@@.....+#@@%.
0xfc,0x00,0x1f,0x80,  //@@@......*@@#.
0xfc,0x00,0x0f,0xc0,  //@@@......*@@@.
0xfc,0x00,0x2f,0x80,  //@@@......%@@#.
0xfc,0x00,0xbf,0x40,  //@@@....+%@@@%.
0xff,0xff,0xfe,0x00,  //@@@@@@@@@@@#..
0xff,0xff,0xf8,0x00,  //@@@@@@@@@@#+..
0xff,0xff,0xd0,0x00,  //@@@@@@@@@%....
0xfc,0x07,0xe0,0x00,  //@@@...%@@#....
0xfc,0x02,0xf4,0x00,  //@@@....#@@*...
0xfc,0x01,0xf8,0x00,  //@@@....*@@#...
0xfc,0x00,0xbd,0x00,  //@@@.....#@@%..
0xfc,0x00,0x7f,0x00,  //@@@.....*@@@*.
0xfc,0x00,0x2f,0x80,  //@@@......#@@#.
0xfc,0x00,0x0f,0xd0,  //@@@......*@@@*


/* S */
0x00,0x6e,0x90,0x00,  //...*%%@#%*+..
0x0b,0xff,0xf9,0x00,  //..%@@@@@@@#*.
0x2f,0xff,0xff,0x40,  //.#@@@@@@@@@@*
0x7f,0x80,0x6f,0xc0,  //*@@@%+..*#@@@
0xbd,0x00,0x0a,0x40,  //%@@%......##*
0xbc,0x00,0x00,0x00,  //#@@*......++.
0xbe,0x00,0x00,0x00,  //%@@%.........
0x7f,0x80,0x00,0x00,  //%@@@%+.......
0x2f,0xf9,0x00,0x00,  //.#@@@@#%*....
0x0b,0xff,0xe4,0x00,  //.+%@@@@@@#*..
0x00,0x6f,0xfe,0x00,  //...*%#@@@@@#+
0x00,0x01,0xbf,0x80,  //......*%#@@@#
0x00,0x00,0x1f,0xc0,  //.........%@@@
0x00,0x00,0x0b,0xc0,  //..........#@@
0x14,0x00,0x0b,0xc0,  //+%%.......#@@
0xfd,0x00,0x0f,0xc0,  //@@@*.....*@@@
0xbf,0x95,0xbf,0x80,  //%@@@#***%@@@#
0x2f,0xff,0xfe,0x00,  //.#@@@@@@@@@#+
0x06,0xff,0xf8,0x00,  //..*#@@@@@@%+.
0x00,0x15,0x40,0x00,  //....*****+...


/* T */
0x55,0x55,0x55,0x50,  //**************
0xff,0xff,0xff,0xe0,  //@@@@@@@@@@@@@%
0xff,0xff,0xff,0xe0,  //@@@@@@@@@@@@@%
0x55,0x7f,0x55,0x50,  //*****@@@%*****
0x00,0x3f,0x00,0x00,  //.....@@@*.....
0x00,0x3f,0x00,0x00,  //.....@@@*.....
0x00,0x3f,0x00,0x00,  //.....@@@*.....
0x00,0x3f,0x00,0x00,  //.....@@@*.....
0x00,0x3f,0x00,0x00,  //.....@@@*.....
0x00,0x3f,0x00,0x00,  //.....@@@*.....
0x00,0x3f,0x00,0x00,  //.....@@@*.....
0x00,0x3f,0x00,0x00,  //.....@@@*.....
0x00,0x3f,0x00,0x00,  //.....@@@*.....
0x00,0x3f,0x00,0x00,  //.....@@@*.....
0x00,0x3f,0x00,0x00,  //.....@@@*.....
0x00,0x3f,0x00,0x00,  //.....@@@*.....
0x00,0x3f,0x00,0x00,  //.....@@@*.....
0x00,0x3f,0x00,0x00,  //.....@@@*.....
0x00,0x3f,0x00,0x00,  //.....@@@*.....


/* U */
0x54,0x00,0x01,0x50,  //***.......+***
0xfc,0x00,0x03,0xf0,  //@@@.......*@@@
0xfc,0x00,0x03,0xf0,  //@@@.......*@@@
0xfc,0x00,0x03,0xf0,  //@@@.......*@@@
0xfc,0x00,0x03,0xf0,  //@@@.......*@@@
0xfc,0x00,0x03,0xf0,  //@@@.......*@@@
0xfc,0x00,0x03,0xf0,  //@@@.......*@@@
0xfc,0x00,0x03,0xf0,  //@@@.......*@@@
0xfc,0x00,0x03,0xf0,  //@@@.......*@@@
0xfc,0x00,0x03,0xf0,  //@@@.......*@@@
0xfc,0x00,0x03,0xf0,  //@@@.......*@@@
0xfc,0x00,0x03,0xf0,  //@@@.......*@@@
0xfc,0x00,0x03,0xf0,  //@@@.......*@@@
0xfc,0x00,0x03,0xe0,  //@@@.......*@@#
0xfd,0x00,0x0b,0xe0,  //@@@*......%@@%
0xbe,0x00,0x1f,0xd0,  //%@@#+....*@@@*
0x3f,0xd5,0xbf,0x80,  //+@@@@%**%@@@#.
0x1f,0xff,0xfe,0x00,  //.*@@@@@@@@@#+.
0x02,0xff,0xf8,0x00,  //..*#@@@@@@%+..
0x00,0x15,0x40,0x00,  //....+****+....


/* V */
0x15,0x00,0x00,0x05,0x40,  //****.........+***
0x7f,0x00,0x00,0x1f,0x80,  //*@@@.........*@@#
0x2f,0x40,0x00,0x2f,0x40,  //.#@@*........#@@%
0x1f,0x80,0x00,0x3f,0x00,  //.%@@%.......+@@@+
0x0f,0xc0,0x00,0x7e,0x00,  //.*@@@+......%@@#.
0x0b,0xd0,0x00,0xbd,0x00,  //..#@@*......#@@*.
0x07,0xe0,0x00,0xfc,0x00,  //..*@@#.....*@@@..
0x03,0xf0,0x01,0xf8,0x00,  //..+@@@+....%@@%..
0x02,0xf4,0x02,0xf4,0x00,  //...#@@%....#@@*..
0x01,0xf8,0x03,0xe0,0x00,  //...*@@#...*@@#...
0x00,0xfc,0x07,0xd0,0x00,  //....@@@+..%@@%...
0x00,0xbd,0x0b,0xc0,0x00,  //....%@@%..#@@*...
0x00,0x3e,0x1f,0x80,0x00,  //....*@@#.*@@#....
0x00,0x2f,0x2f,0x40,0x00,  //.....#@@*%@@%....
0x00,0x1f,0xbf,0x00,0x00,  //.....%@@%@@@+....
0x00,0x0f,0xfe,0x00,0x00,  //.....+@@@@@#.....
0x00,0x0b,0xfd,0x00,0x00,  //......#@@@@*.....
0x00,0x07,0xfc,0x00,0x00,  //......*@@@@......
0x00,0x03,0xf8,0x00,0x00,  //......+@@@%......


/* W */
0x15,0x00,0x01,0x50,0x00,0x05,0x40,  //****.......****......+***
0x7e,0x00,0x03,0xf8,0x00,0x1f,0x80,  //*@@#......*@@@%......*@@#
0x3f,0x00,0x07,0xf8,0x00,0x2f,0x40,  //+@@@+.....%@@@#......%@@%
0x2f,0x40,0x0b,0xfc,0x00,0x2f,0x00,  //.#@@*.....#@@@@+.....#@@*
0x1f,0x40,0x0f,0xfd,0x00,0x3f,0x00,  //.%@@%....+@@@@@*....+@@@.
0x1f,0x80,0x1f,0xbe,0x00,0x7e,0x00,  //.*@@#....*@@#@@#....*@@#.
0x0f,0xc0,0x2f,0x2f,0x00,0xbd,0x00,  //.+@@@+...%@@*#@@....%@@%.
0x0b,0xd0,0x2e,0x1f,0x40,0xbc,0x00,  //..#@@*...#@#.%@@*...#@@*.
0x07,0xd0,0x3e,0x1f,0x40,0xfc,0x00,  //..%@@%..*@@%.*@@%..+@@@..
0x03,0xe0,0x7d,0x0f,0x81,0xf8,0x00,  //..*@@#..*@@*..@@#..*@@%..
0x03,0xf0,0xbc,0x0b,0xc2,0xf4,0x00,  //...@@@+.#@@+..%@@+.%@@*..
0x02,0xf4,0xf8,0x07,0xd2,0xf0,0x00,  //...#@@*.@@#...*@@*.#@@+..
0x01,0xf4,0xf4,0x03,0xe3,0xe0,0x00,  //...%@@%*@@*...+@@%+@@#...
0x00,0xf9,0xf0,0x02,0xf7,0xd0,0x00,  //...*@@#%@@+....#@@%@@%...
0x00,0xfe,0xe0,0x01,0xff,0xd0,0x00,  //....@@@#@#.....%@@@@@*...
0x00,0xbf,0xd0,0x00,0xff,0xc0,0x00,  //....%@@@@%.....*@@@@@+...
0x00,0x7f,0xc0,0x00,0xbf,0x80,0x00,  //....*@@@@*......#@@@#....
0x00,0x3f,0xc0,0x00,0xbf,0x40,0x00,  //....+@@@@.......%@@@%....
0x00,0x2f,0x80,0x00,0x7f,0x00,0x00,  //.....#@@%.......*@@@*....


/* X */
0x15,0x40,0x00,0x15,0x00,  //.****.......****+
0x1f,0xc0,0x00,0xbe,0x00,  //.*@@@*......#@@%.
0x0b,0xe0,0x02,0xf8,0x00,  //..#@@#.....%@@#+.
0x03,0xf4,0x03,0xf4,0x00,  //..+@@@%...*@@@*..
0x01,0xfc,0x0b,0xe0,0x00,  //...*@@@*..#@@%...
0x00,0xbe,0x1f,0x80,0x00,  //....%@@#.*@@#+...
0x00,0x2f,0xbf,0x40,0x00,  //....+#@@%@@@*....
0x00,0x1f,0xfe,0x00,0x00,  //.....*@@@@@%.....
0x00,0x0b,0xf8,0x00,0x00,  //......%@@@#+.....
0x00,0x07,0xf4,0x00,0x00,  //......*@@@%......
0x00,0x0b,0xfc,0x00,0x00,  //......#@@@@+.....
0x00,0x2f,0xfe,0x00,0x00,  //.....%@@@@@#.....
0x00,0x3f,0x7f,0x40,0x00,  //....*@@@*@@@*....
0x00,0xbe,0x1f,0x80,0x00,  //....#@@%.%@@#+...
0x01,0xf8,0x0b,0xe0,0x00,  //...%@@#+..#@@%...
0x03,0xf4,0x03,0xf4,0x00,  //..*@@@*...*@@@*..
0x0b,0xe0,0x02,0xf8,0x00,  //..#@@#.....%@@#+.
0x1f,0xc0,0x00,0xbe,0x00,  //.*@@@*.....+#@@%.
0x3f,0x80,0x00,0x7f,0x40,  //+@@@%.......*@@@*


/* Y */
0x15,0x00,0x00,0x15,0x00,  //****+.......+***+
0x3f,0x40,0x00,0xbe,0x00,  //+@@@%.......%@@#.
0x1f,0xc0,0x00,0xfd,0x00,  //.*@@@+.....*@@@*.
0x0b,0xd0,0x02,0xf8,0x00,  //..#@@%.....%@@%..
0x07,0xf0,0x03,0xf0,0x00,  //..*@@@+...*@@@*..
0x02,0xf4,0x0b,0xd0,0x00,  //...%@@%...#@@%...
0x00,0xfc,0x1f,0x80,0x00,  //...*@@@+.*@@#....
0x00,0x7d,0x2f,0x40,0x00,  //....%@@%.#@@*....
0x00,0x2f,0x7e,0x00,0x00,  //....+#@@%@@#.....
0x00,0x1f,0xfc,0x00,0x00,  //.....*@@@@@*.....
0x00,0x0b,0xf8,0x00,0x00,  //......#@@@%......
0x00,0x07,0xf0,0x00,0x00,  //......*@@@+......
0x00,0x03,0xf0,0x00,0x00,  //......*@@@.......
0x00,0x03,0xf0,0x00,0x00,  //......*@@@.......
0x00,0x03,0xf0,0x00,0x00,  //......*@@@.......
0x00,0x03,0xf0,0x00,0x00,  //......*@@@.......
0x00,0x03,0xf0,0x00,0x00,  //......*@@@.......
0x00,0x03,0xf0,0x00,0x00,  //......*@@@.......
0x00,0x03,0xf0,0x00,0x00,  //......*@@@.......


/* Z */
0x55,0x55,0x55,0x40,  //*************+
0xff,0xff,0xff,0xc0,  //@@@@@@@@@@@@@*
0xff,0xff,0xff,0xc0,  //@@@@@@@@@@@@@*
0x55,0x55,0x7f,0x80,  //********%@@@#.
0x00,0x00,0xbe,0x00,  //........%@@#+.
0x00,0x01,0xfd,0x00,  //.......*@@@*..
0x00,0x03,0xf8,0x00,  //......+@@@%...
0x00,0x0b,0xe0,0x00,  //......#@@#+...
0x00,0x1f,0xc0,0x00,  //.....*@@@*....
0x00,0x3f,0x80,0x00,  //....+@@@%.....
0x00,0xbe,0x00,0x00,  //....#@@#......
0x01,0xfc,0x00,0x00,  //...%@@@*......
0x03,0xf4,0x00,0x00,  //..*@@@%.......
0x0b,0xe0,0x00,0x00,  //..#@@#........
0x2f,0xc0,0x00,0x00,  //.%@@@*........
0x3f,0x40,0x00,0x00,  //*@@@*.........
0xbf,0xaa,0xaa,0x90,  //#@@@%%%%%%%%%%
0xff,0xff,0xff,0xe0,  //@@@@@@@@@@@@@%
0xff,0xff,0xff,0xe0,  //@@@@@@@@@@@@@%


/* [ */
0x7f,0xf4,  //*@@@@@*
0x7f,0xf4,  //*@@@@@*
0x7e,0x50,  //*@@%***
0x7d,0x00,  //*@@*...
0x7d,0x00,  //*@@*...
0x7d,0x00,  //*@@*...
0x7d,0x00,  //*@@*...
0x7d,0x00,  //*@@*...
0x7d,0x00,  //*@@*...
0x7d,0x00,  //*@@*...
0x7d,0x00,  //*@@*...
0x7d,0x00,  //*@@*...
0x7d,0x00,  //*@@*...
0x7d,0x00,  //*@@*...
0x7d,0x00,  //*@@*...
0x7d,0x00,  //*@@*...
0x7d,0x00,  //*@@*...
0x7d,0x00,  //*@@*...
0x7d,0x00,  //*@@%**+
0x7f,0xf4,  //*@@@@@*
0x7f,0xf4,  //*@@@@@*


/* \ */
0x54,0x00,0x00,  //***+.....
0x7d,0x00,0x00,  //%@@%.....
0x3e,0x00,0x00,  //+@@#.....
0x2f,0x00,0x00,  //.#@@+....
0x1f,0x40,0x00,  //.%@@*....
0x0f,0x80,0x00,  //.*@@%....
0x0f,0xc0,0x00,  //..@@@....
0x0b,0xc0,0x00,  //..%@@*...
0x07,0xd0,0x00,  //..*@@%...
0x03,0xe0,0x00,  //..+@@#...
0x02,0xf0,0x00,  //...#@@+..
0x01,0xf4,0x00,  //...%@@%..
0x00,0xf8,0x00,  //...+@@#..
0x00,0xbc,0x00,  //....#@@+.
0x00,0x7d,0x00,  //....%@@*.
0x00,0x3e,0x00,  //....*@@%.
0x00,0x3f,0x00,  //.....@@@.
0x00,0x2f,0x40,  //.....%@@*
0x00,0x1f,0x40,  //.....*@@%


/* ] */
0xbf,0xf0,  //%@@@@@
0xbf,0xf0,  //%@@@@@
0x56,0xf0,  //***#@@
0x02,0xf0,  //...%@@
0x02,0xf0,  //...%@@
0x02,0xf0,  //...%@@
0x02,0xf0,  //...%@@
0x02,0xf0,  //...%@@
0x02,0xf0,  //...%@@
0x02,0xf0,  //...%@@
0x02,0xf0,  //...%@@
0x02,0xf0,  //...%@@
0x02,0xf0,  //...%@@
0x02,0xf0,  //...%@@
0x02,0xf0,  //...%@@
0x02,0xf0,  //...%@@
0x02,0xf0,  //...%@@
0x02,0xf0,  //...%@@
0x02,0xf0,  //+**#@@
0xbf,0xf0,  //%@@@@@
0xbf,0xf0,  //%@@@@@


/* ^ */
0x00,0xfd,0x00,  //...+@@@*...
0x02,0xfe,0x00,  //...%@@@#...
0x03,0xef,0x40,  //..*@@%@@%..
0x0b,0x8b,0xc0,  //..%@#.%@@+.
0x1f,0x43,0xe0,  //.*@@*.+@@%.
0x2e,0x01,0xf0,  //.#@#...*@@*
0x28,0x00,0xa4,  //*%%*....%%*


/* _ */
0xff,0xff,0xfc,  //@@@@@@@@@@@
0xff,0xff,0xfc,  //@@@@@@@@@@@


/* ` */
0x18,0x00,  //.*%..
0x7d,0x00,  //*@@*.
0x7e,0x00,  //*@@#+
0x1f,0x80,  //.*@@%
0x07,0x80,  //..*@#
0x00,0x00,  //...+.


/* a */
0x00,0x65,0x00,  //...**%%*+..
0x0b,0xff,0xd0,  //.+#@@@@@@*.
0x2f,0xff,0xf0,  //+#@@@@@@@@*
0x1e,0x02,0xf8,  //.*@%+.+%@@#
0x00,0x00,0xfc,  //..+.....@@@
0x00,0x00,0xfc,  //........@@@
0x01,0xaa,0xfc,  //..+*%%%%@@@
0x1f,0xff,0xfc,  //.*@@@@@@@@@
0x7f,0xea,0xfc,  //*@@@@%%%@@@
0xbd,0x00,0xfc,  //#@@%....@@@
0xfc,0x00,0xfc,  //@@@....+@@@
0xfd,0x06,0xfc,  //@@@%..*#@@@
0x7f,0xfe,0xfc,  //%@@@@@@#@@@
0x2f,0xf8,0xfc,  //.#@@@@#+@@@
0x01,0x50,0x00,  //..****..***


/* b */
0x50,0x00,0x00,  //***.........
0xf4,0x00,0x00,  //@@*.........
0xf4,0x00,0x00,  //@@*.........
0xf4,0x00,0x00,  //@@*.........
0xf4,0x00,0x00,  //@@*.........
0xf4,0x19,0x00,  //@@*.+*%%*...
0xf5,0xff,0xe0,  //@@**@@@@@#..
0xfb,0xff,0xf8,  //@@#@@@@@@@#.
0xff,0x42,0xfd,  //@@@@%**#@@@*
0xfd,0x00,0xbe,  //@@@*....#@@#
0xf8,0x00,0x3f,  //@@#.....*@@@
0xf4,0x00,0x3f,  //@@%......@@@
0xf4,0x00,0x3f,  //@@*......@@@
0xf4,0x00,0x3f,  //@@%......@@@
0xf8,0x00,0x3f,  //@@#.....*@@@
0xfd,0x00,0xbe,  //@@@*....#@@%
0xff,0x56,0xfc,  //@@@@%**#@@@*
0xfb,0xff,0xf8,  //@@#@@@@@@@%.
0xf5,0xbf,0xd0,  //@@**#@@@@%..
0x00,0x15,0x00,  //**+..***+...


/* c */
0x00,0x59,0x00,  //....*%%%*...
0x06,0xff,0xe0,  //..*#@@@@@#+.
0x1f,0xff,0xf8,  //.*@@@@@@@@#+
0x3f,0x91,0xbe,  //+@@@#***#@@%
0x7e,0x00,0x24,  //%@@#....+#*.
0xbd,0x00,0x00,  //#@@*........
0xfc,0x00,0x00,  //@@@+........
0xfc,0x00,0x00,  //@@@.........
0xfc,0x00,0x00,  //@@@+........
0xbd,0x00,0x00,  //#@@*........
0x7e,0x00,0x34,  //%@@#....*@%+
0x2f,0x91,0xfe,  //+#@@#**%@@@%
0x1f,0xff,0xf8,  //.*@@@@@@@@#.
0x02,0xff,0xe0,  //..*#@@@@@%..
0x00,0x15,0x00,  //....****+...


/* d */
0x00,0x00,0x05,0x00,  //.........****
0x00,0x00,0x1f,0x40,  //.........*@@*
0x00,0x00,0x1f,0x40,  //.........*@@*
0x00,0x00,0x1f,0x40,  //.........*@@*
0x00,0x00,0x1f,0x40,  //.........*@@*
0x00,0x64,0x1f,0x40,  //...**%**.*@@*
0x0b,0xff,0x5f,0x40,  //..%@@@@@%*@@*
0x1f,0xff,0xef,0x40,  //.%@@@@@@@#@@*
0x3f,0x91,0xbf,0x40,  //*@@@#***#@@@*
0x7e,0x00,0x3f,0x40,  //%@@#....*@@@*
0xbd,0x00,0x2f,0x40,  //#@@*.....%@@*
0xfc,0x00,0x1f,0x40,  //@@@+.....*@@*
0xfc,0x00,0x1f,0x40,  //@@@......*@@*
0xfc,0x00,0x1f,0x40,  //@@@+.....*@@*
0xbd,0x00,0x2f,0x40,  //#@@*.....%@@*
0x7e,0x00,0x3f,0x40,  //%@@#+...*@@@*
0x3f,0x91,0xff,0x40,  //+@@@#%*%@@@@*
0x1f,0xff,0xef,0x40,  //.*@@@@@@@#@@*
0x07,0xff,0x5f,0x40,  //..*@@@@@**@@*
0x00,0x54,0x00,0x00,  //...+***+.+**+


/* e */
0x00,0x59,0x40,  //...+*%%**...
0x07,0xff,0xe0,  //..*@@@@@@#*.
0x1f,0xff,0xfc,  //.*@@@@@@@@@+
0x3f,0x40,0xbe,  //+@@@%..+#@@%
0x7e,0x00,0x3f,  //%@@%.....@@@
0xbc,0x00,0x2f,  //#@@*.....%@@
0xff,0xff,0xff,  //@@@@@@@@@@@@
0xff,0xff,0xff,  //@@@@@@@@@@@@
0xfd,0x55,0x55,  //@@@%********
0xbc,0x00,0x00,  //#@@*........
0x7e,0x00,0x14,  //%@@%.....%*.
0x3f,0x80,0xbe,  //+@@@%+.+%@@#
0x1f,0xff,0xfc,  //.*@@@@@@@@@*
0x02,0xff,0xe0,  //..*#@@@@@#*.
0x00,0x15,0x00,  //....*****...


/* f */
0x00,0xbf,0xc0,  //...+#@@@@
0x02,0xff,0xc0,  //...#@@@@@
0x07,0xf5,0x40,  //..*@@@%*%
0x07,0xd0,0x00,  //..*@@%...
0x0b,0xd0,0x00,  //..%@@*...
0x0b,0xd0,0x00,  //+*#@@%***
0x7f,0xff,0xc0,  //*@@@@@@@@
0x7f,0xff,0xc0,  //*@@@@@@@@
0x1b,0xe5,0x40,  //**#@@%***
0x0b,0xd0,0x00,  //..%@@*...
0x0b,0xd0,0x00,  //..%@@*...
0x0b,0xd0,0x00,  //..%@@*...
0x0b,0xd0,0x00,  //..%@@*...
0x0b,0xd0,0x00,  //..%@@*...
0x0b,0xd0,0x00,  //..%@@*...
0x0b,0xd0,0x00,  //..%@@*...
0x0b,0xd0,0x00,  //..%@@*...
0x0b,0xd0,0x00,  //..%@@*...
0x0b,0xd0,0x00,  //..%@@*...


/* g */
0x00,0x64,0x00,0x00,  //...**%**.+**+
0x0b,0xff,0x5f,0x40,  //..%@@@@@%*@@*
0x2f,0xff,0xef,0x40,  //.%@@@@@@@#@@*
0x3f,0x91,0xbf,0x40,  //*@@@#***#@@@*
0xbe,0x00,0x3f,0x40,  //%@@#....*@@@*
0xbd,0x00,0x2f,0x40,  //#@@*.....%@@*
0xfc,0x00,0x1f,0x40,  //@@@+.....*@@*
0xfc,0x00,0x1f,0x40,  //@@@......*@@*
0xfc,0x00,0x1f,0x40,  //@@@+.....*@@*
0xbd,0x00,0x2f,0x40,  //#@@*.....%@@*
0x7e,0x00,0x7f,0x40,  //%@@#+...*@@@*
0x2f,0x95,0xff,0x40,  //+#@@#%*%@@@@*
0x1f,0xff,0xef,0x40,  //.*@@@@@@@%@@*
0x06,0xfe,0x5f,0x40,  //..*#@@@#**@@*
0x00,0x14,0x1f,0x40,  //....***..*@@*
0x00,0x00,0x1f,0x40,  //.........%@@*
0x19,0x00,0x2f,0x00,  //.*#*....+#@@+
0x7f,0x81,0xbe,0x00,  //*@@@%***#@@%.
0x1f,0xff,0xf8,0x00,  //.%@@@@@@@@#+.
0x06,0xff,0xe0,0x00,  //..*#@@@@@%+..


/* h */
0x50,0x00,0x00,  //***........
0xf4,0x00,0x00,  //@@*........
0xf4,0x00,0x00,  //@@*........
0xf4,0x00,0x00,  //@@*........
0xf4,0x00,0x00,  //@@*........
0xf4,0x19,0x40,  //@@*.+*%%*..
0xf5,0xff,0xe0,  //@@**@@@@@#.
0xfb,0xff,0xf4,  //@@#@@@@@@@%
0xfe,0x46,0xf8,  //@@@#***#@@#
0xfc,0x00,0xfc,  //@@@+...*@@@
0xf8,0x00,0xbc,  //@@%.....#@@
0xf4,0x00,0xbc,  //@@*.....%@@
0xf4,0x00,0xbc,  //@@*.....%@@
0xf4,0x00,0xbc,  //@@*.....%@@
0xf4,0x00,0xbc,  //@@*.....%@@
0xf4,0x00,0xbc,  //@@*.....%@@
0xf4,0x00,0xbc,  //@@*.....%@@
0xf4,0x00,0xbc,  //@@*.....%@@
0xf4,0x00,0xbc,  //@@*.....%@@


/* i */
0x3e,  //*@@#
0x7f,  //*@@@
0x3e,  //*@@#
0x00,  //.+*.
0x00,  //....
0x00,  //.***
0x3f,  //*@@@
0x3f,  //*@@@
0x3f,  //*@@@
0x3f,  //*@@@
0x3f,  //*@@@
0x3f,  //*@@@
0x3f,  //*@@@
0x3f,  //*@@@
0x3f,  //*@@@
0x3f,  //*@@@
0x3f,  //*@@@
0x3f,  //*@@@
0x3f,  //*@@@


/* j */
0x03,0xe0,  //..*@@#
0x07,0xf0,  //..*@@@
0x03,0xe0,  //..*@@#
0x00,0x00,  //...+*.
0x00,0x00,  //......
0x00,0x00,  //...***
0x03,0xf0,  //..*@@@
0x03,0xf0,  //..*@@@
0x03,0xf0,  //..*@@@
0x03,0xf0,  //..*@@@
0x03,0xf0,  //..*@@@
0x03,0xf0,  //..*@@@
0x03,0xf0,  //..*@@@
0x03,0xf0,  //..*@@@
0x03,0xf0,  //..*@@@
0x03,0xf0,  //..*@@@
0x03,0xf0,  //..*@@@
0x03,0xf0,  //..*@@@
0x03,0xf0,  //..*@@@
0x03,0xf0,  //..*@@@
0x03,0xf0,  //..*@@@
0x07,0xf0,  //..*@@@
0x5b,0xe0,  //*%#@@%
0xff,0xd0,  //@@@@@*
0xff,0x40,  //@@@@%.


/* k */
0x50,0x00,0x00,  //***.........
0xf4,0x00,0x00,  //@@*.........
0xf4,0x00,0x00,  //@@*.........
0xf4,0x00,0x00,  //@@*.........
0xf4,0x00,0x00,  //@@*.........
0xf4,0x00,0x00,  //@@*....****.
0xf4,0x07,0xf4,  //@@*...%@@@*.
0xf4,0x1f,0xd0,  //@@*..%@@@*..
0xf4,0x7f,0x40,  //@@*.%@@@*...
0xf5,0xfd,0x00,  //@@**@@@*....
0xfb,0xf4,0x00,  //@@#@@@*.....
0xff,0xe0,0x00,  //@@@@@%......
0xff,0xf4,0x00,  //@@@@@@*.....
0xfe,0xfc,0x00,  //@@@%@@@*....
0xf4,0xbe,0x00,  //@@%.%@@#....
0xf4,0x2f,0x80,  //@@*..#@@%...
0xf4,0x0f,0xd0,  //@@*..*@@@%..
0xf4,0x07,0xf0,  //@@*...*@@@*.
0xf4,0x02,0xf8,  //@@*....%@@#+


/* l */
0x50,  //***.
0xf4,  //@@*.
0xf4,  //@@*.
0xf4,  //@@*.
0xf4,  //@@*.
0xf4,  //@@*.
0xf4,  //@@*.
0xf4,  //@@*.
0xf4,  //@@*.
0xf4,  //@@*.
0xf4,  //@@*.
0xf4,  //@@*.
0xf4,  //@@*.
0xf4,  //@@*.
0xf4,  //@@*.
0xf4,  //@@%.
0xf9,  //@@#*
0xff,  //@@@@
0xbf,  //%@@@


/* m */
0x00,0x19,0x00,0x59,0x00,  //**+.+*%*+...*%%*+..
0xf5,0xff,0x82,0xff,0xd0,  //@@**@@@@#+.#@@@@@*.
0xfb,0xff,0xeb,0xff,0xe0,  //@@#@@@@@@%%@@@@@@#.
0xfe,0x07,0xfe,0x07,0xf4,  //@@@#***@@@@#***@@@*
0xf8,0x02,0xf8,0x02,0xf4,  //@@#....%@@#....%@@*
0xf8,0x01,0xf8,0x01,0xf4,  //@@%....*@@%....*@@*
0xf4,0x01,0xf8,0x01,0xf4,  //@@*....*@@%....*@@*
0xf4,0x01,0xf8,0x01,0xf4,  //@@*....*@@%....*@@*
0xf4,0x01,0xf8,0x01,0xf4,  //@@*....*@@%....*@@*
0xf4,0x01,0xf8,0x01,0xf4,  //@@*....*@@%....*@@*
0xf4,0x01,0xf8,0x01,0xf4,  //@@*....*@@%....*@@*
0xf4,0x01,0xf8,0x01,0xf4,  //@@*....*@@%....*@@*
0xf4,0x01,0xf8,0x01,0xf4,  //@@*....*@@%....*@@*
0xf4,0x01,0xf8,0x01,0xf4,  //@@*....*@@%....*@@*


/* n */
0x00,0x19,0x40,  //**+.+*%%*..
0xf5,0xff,0xe0,  //@@**@@@@@#.
0xfb,0xff,0xf4,  //@@#@@@@@@@%
0xfe,0x46,0xf8,  //@@@#***#@@#
0xfc,0x00,0xfc,  //@@@+...*@@@
0xf8,0x00,0xbc,  //@@%.....#@@
0xf4,0x00,0xbc,  //@@*.....%@@
0xf4,0x00,0xbc,  //@@*.....%@@
0xf4,0x00,0xbc,  //@@*.....%@@
0xf4,0x00,0xbc,  //@@*.....%@@
0xf4,0x00,0xbc,  //@@*.....%@@
0xf4,0x00,0xbc,  //@@*.....%@@
0xf4,0x00,0xbc,  //@@*.....%@@
0xf4,0x00,0xbc,  //@@*.....%@@


/* o */
0x00,0x59,0x00,0x00,  //...+*%%**....
0x07,0xff,0xe0,0x00,  //..*@@@@@@#+..
0x1f,0xff,0xf8,0x00,  //.%@@@@@@@@#+.
0x3f,0x81,0xbe,0x00,  //+@@@#***#@@#.
0x7e,0x00,0x3f,0x00,  //%@@#....+@@@+
0xbd,0x00,0x2f,0x40,  //#@@*.....%@@*
0xfc,0x00,0x1f,0x80,  //@@@+.....*@@%
0xfc,0x00,0x1f,0x80,  //@@@......*@@%
0xfc,0x00,0x1f,0x80,  //@@@+.....*@@%
0xbd,0x00,0x2f,0x40,  //#@@*.....%@@*
0x7e,0x00,0x3f,0x00,  //%@@#....*@@@+
0x3f,0x91,0xfe,0x00,  //+@@@#**%@@@%.
0x1f,0xff,0xf8,0x00,  //.*@@@@@@@@#+.
0x06,0xff,0xe0,0x00,  //..*#@@@@@%+..
0x00,0x15,0x00,0x00,  //....****+....


/* p */
0x00,0x19,0x00,  //**+.+*%%*...
0xf5,0xff,0xe0,  //@@**@@@@@#..
0xfb,0xff,0xf8,  //@@#@@@@@@@#.
0xff,0x42,0xfd,  //@@@@%**#@@@*
0xfd,0x00,0xbe,  //@@@*....#@@#
0xf8,0x00,0x3f,  //@@#.....*@@@
0xf4,0x00,0x3f,  //@@%......@@@
0xf4,0x00,0x3f,  //@@*......@@@
0xf4,0x00,0x3f,  //@@%......@@@
0xf8,0x00,0x3f,  //@@#.....*@@@
0xfd,0x00,0xbe,  //@@@*....#@@%
0xff,0x56,0xfc,  //@@@@%**#@@@*
0xfb,0xff,0xf8,  //@@#@@@@@@@%.
0xf5,0xbf,0xd0,  //@@**#@@@@%..
0xf4,0x15,0x00,  //@@*..***+...
0xf4,0x00,0x00,  //@@*.........
0xf4,0x00,0x00,  //@@*.........
0xf4,0x00,0x00,  //@@*.........
0xf4,0x00,0x00,  //@@*.........
0xf4,0x00,0x00,  //@@*.........


/* q */
0x00,0x64,0x00,0x00,  //...**%**.+**+
0x07,0xff,0x5f,0x40,  //..%@@@@@%*@@*
0x1f,0xff,0xef,0x40,  //.%@@@@@@@#@@*
0x3f,0x91,0xbf,0x40,  //*@@@#***#@@@*
0x7e,0x00,0x3f,0x40,  //%@@#....*@@@*
0xbd,0x00,0x2f,0x40,  //#@@*.....%@@*
0xfc,0x00,0x1f,0x40,  //@@@+.....*@@*
0xfc,0x00,0x1f,0x40,  //@@@......*@@*
0xfc,0x00,0x1f,0x40,  //@@@+.....*@@*
0xbd,0x00,0x2f,0x40,  //#@@*.....%@@*
0x7e,0x00,0x3f,0x40,  //%@@#+...*@@@*
0x3f,0x91,0xff,0x40,  //+@@@#%*%@@@@*
0x1f,0xff,0xef,0x40,  //.*@@@@@@@#@@*
0x07,0xff,0x5f,0x40,  //..*@@@@@**@@*
0x00,0x54,0x1f,0x40,  //...+***+.*@@*
0x00,0x00,0x1f,0x40,  //.........*@@*
0x00,0x00,0x1f,0x40,  //.........*@@*
0x00,0x00,0x1f,0x40,  //.........*@@*
0x00,0x00,0x1f,0x40,  //.........*@@*
0x00,0x00,0x1f,0x40,  //.........*@@*


/* r */
0x00,0x06,  //**+..+*%
0xf8,0xbf,  //@@%.%@@@
0xfa,0xff,  //@@%%@@@@
0xff,0xe5,  //@@@@@%**
0xfe,0x00,  //@@@#+...
0xfc,0x00,  //@@@+....
0xf8,0x00,  //@@%.....
0xf8,0x00,  //@@%.....
0xf8,0x00,  //@@%.....
0xf8,0x00,  //@@%.....
0xf8,0x00,  //@@%.....
0xf8,0x00,  //@@%.....
0xf8,0x00,  //@@%.....
0xf8,0x00,  //@@%.....


/* s */
0x01,0x64,0x00,  //..+*%%**...
0x1f,0xff,0x80,  //.%@@@@@@%..
0x7f,0xff,0xe0,  //*@@@@@@@@#.
0xbd,0x02,0xf4,  //#@@%..*#@@*
0xfc,0x00,0x80,  //@@@*...+%+.
0xbe,0x00,0x00,  //#@@#+......
0x3f,0xe4,0x00,  //*@@@@#%*...
0x0b,0xff,0x80,  //.*#@@@@@#+.
0x01,0x6f,0xe0,  //...*%#@@@#+
0x00,0x02,0xf4,  //......*#@@%
0x14,0x01,0xf8,  //+%%....*@@%
0xfe,0x02,0xf4,  //@@@%+.+#@@*
0x7f,0xff,0xe0,  //*@@@@@@@@#.
0x1b,0xff,0x80,  //.*#@@@@@#+.
0x00,0x54,0x00,  //...****+...


/* t */
0x07,0xd0,0x00,  //..*@@*...
0x07,0xd0,0x00,  //..*@@*...
0x07,0xd0,0x00,  //..*@@*...
0x07,0xd0,0x00,  //+*%@@%***
0x7f,0xff,0xc0,  //*@@@@@@@@
0x7f,0xff,0xc0,  //*@@@@@@@@
0x1b,0xe5,0x40,  //**%@@%***
0x07,0xd0,0x00,  //..*@@*...
0x07,0xd0,0x00,  //..*@@*...
0x07,0xd0,0x00,  //..*@@*...
0x07,0xd0,0x00,  //..*@@*...
0x07,0xd0,0x00,  //..*@@*...
0x07,0xd0,0x00,  //..*@@*...
0x07,0xe0,0x00,  //..*@@%...
0x03,0xf4,0x40,  //..*@@@***
0x02,0xff,0xc0,  //...#@@@@@
0x01,0xff,0xc0,  //...*@@@@@
0x00,0x19,0x40,  //....+*%%*


/* u */
0x7d,0x00,0x3f,  //*@@*.....@@@
0x7d,0x00,0x3f,  //*@@*.....@@@
0x7d,0x00,0x3f,  //*@@*.....@@@
0x7d,0x00,0x3f,  //*@@*.....@@@
0x7d,0x00,0x3f,  //*@@*.....@@@
0x7d,0x00,0x3f,  //*@@*.....@@@
0x7d,0x00,0x3f,  //*@@*.....@@@
0x7d,0x00,0x3f,  //*@@*.....@@@
0x7d,0x00,0x3f,  //*@@*.....@@@
0x7e,0x00,0x7f,  //*@@#....*@@@
0x3f,0x81,0xff,  //*@@@#**%@@@@
0x2f,0xff,0xbf,  //.#@@@@@@#@@@
0x0b,0xfe,0x3f,  //.+#@@@@#.@@@
0x01,0x50,0x00,  //...****..***


/* v */
0x7e,0x00,0x0b,0xd0,  //%@@%......#@@*
0x3f,0x00,0x0f,0x80,  //+@@@.....+@@#.
0x2f,0x40,0x1f,0x40,  //.#@@*....%@@%.
0x1f,0x80,0x2f,0x00,  //.*@@#....#@@+.
0x0f,0xc0,0x3e,0x00,  //..@@@+..*@@#..
0x07,0xd0,0x7d,0x00,  //..%@@*..%@@*..
0x03,0xe0,0xbc,0x00,  //..*@@#..#@@...
0x02,0xf0,0xf8,0x00,  //...#@@+*@@%...
0x01,0xf5,0xf0,0x00,  //...*@@*%@@*...
0x00,0xfa,0xe0,0x00,  //...+@@##@#....
0x00,0xbf,0xd0,0x00,  //....%@@@@%....
0x00,0x7f,0xc0,0x00,  //....*@@@@+....
0x00,0x2f,0x80,0x00,  //.....#@@%.....


/* w */
0x7e,0x00,0x7f,0x00,0x2f,0x40,  //%@@%....*@@@*....#@@*
0x3e,0x00,0xbf,0x40,0x3f,0x00,  //*@@#....%@@@%....@@@+
0x2f,0x00,0xbf,0x80,0x3e,0x00,  //.#@@+...#@@@#...*@@#.
0x1f,0x40,0xfb,0xc0,0x7d,0x00,  //.%@@*..+@@#@@...%@@%.
0x0f,0x81,0xf7,0xd0,0xbc,0x00,  //.*@@%..*@@*@@*..#@@+.
0x0f,0xc2,0xe2,0xd0,0xf8,0x00,  //..@@@..%@#.#@%.+@@#..
0x0b,0xc3,0xd2,0xe1,0xf4,0x00,  //..%@@*.@@%.%@#.*@@%..
0x07,0xd3,0xc1,0xf2,0xf0,0x00,  //..*@@%*@@*.*@@+%@@+..
0x03,0xe7,0xc0,0xf6,0xe0,0x00,  //...@@#%@@..+@@*#@#...
0x02,0xfb,0x80,0xbb,0xd0,0x00,  //...%@@#@%...#@#@@%...
0x01,0xff,0x40,0x7f,0xc0,0x00,  //...*@@@@*...%@@@@*...
0x00,0xff,0x00,0x3f,0x80,0x00,  //....@@@@+...*@@@#....
0x00,0xbe,0x00,0x3f,0x40,0x00,  //....#@@#.....@@@%....


/* x */
0x2f,0x80,0x2f,0x80,  //.#@@%....#@@%.
0x0b,0xc0,0x7e,0x00,  //.+#@@*..*@@#..
0x07,0xe0,0xbc,0x00,  //..*@@#.+#@@*..
0x02,0xfa,0xf4,0x00,  //...%@@%%@@%...
0x00,0xbf,0xe0,0x00,  //....#@@@@#....
0x00,0x3f,0xc0,0x00,  //....*@@@@+....
0x00,0x2f,0x80,0x00,  //.....#@@%.....
0x00,0xbf,0xd0,0x00,  //....%@@@@*....
0x01,0xfb,0xe0,0x00,  //...*@@#@@#+...
0x02,0xf1,0xf8,0x00,  //..+#@@*%@@#...
0x0b,0xe0,0xbd,0x00,  //..#@@%..#@@%..
0x1f,0x80,0x3f,0x00,  //.%@@#...*@@@*.
0x3f,0x00,0x1f,0x80,  //*@@@*....%@@#.


/* y */
0x7e,0x00,0x0b,0xd0,  //%@@#......%@@%
0x3f,0x00,0x0f,0xc0,  //+@@@+.....@@@*
0x2f,0x40,0x1f,0x80,  //.#@@%....*@@#.
0x1f,0x80,0x2f,0x40,  //.*@@#....%@@*.
0x0b,0xc0,0x3f,0x00,  //..#@@*...@@@+.
0x07,0xd0,0x7e,0x00,  //..%@@%..*@@%..
0x03,0xe0,0xbc,0x00,  //..+@@#..%@@*..
0x02,0xf4,0xf8,0x00,  //...#@@*+@@#...
0x01,0xf9,0xf4,0x00,  //...*@@%*@@%...
0x00,0xfe,0xf0,0x00,  //....@@@#@@+...
0x00,0x7f,0xe0,0x00,  //....%@@@@%....
0x00,0x3f,0xd0,0x00,  //....*@@@@*....
0x00,0x2f,0x80,0x00,  //.....#@@#.....
0x00,0x2f,0x40,0x00,  //.....%@@%.....
0x00,0x3f,0x00,0x00,  //....+@@@+.....
0x00,0x7e,0x00,0x00,  //....*@@#......
0x00,0xbd,0x00,0x00,  //....#@@*......
0x00,0xfc,0x00,0x00,  //...*@@@.......
0x02,0xf4,0x00,0x00,  //...%@@%.......


/* z */
0xff,0xff,0xf4,  //@@@@@@@@@@*
0xff,0xff,0xf4,  //@@@@@@@@@@*
0x55,0x5b,0xe0,  //******#@@#+
0x00,0x1f,0xd0,  //.....*@@@*.
0x00,0x3f,0x40,  //....*@@@%..
0x00,0xbe,0x00,  //....#@@#...
0x02,0xf8,0x00,  //...#@@#+...
0x07,0xf0,0x00,  //..%@@@*....
0x1f,0xd0,0x00,  //.*@@@*.....
0x2f,0x80,0x00,  //+#@@%......
0xbf,0x55,0x54,  //#@@@%******
0xff,0xff,0xfc,  //@@@@@@@@@@@
0xff,0xff,0xfc,  //@@@@@@@@@@@


/* { */
0x00,0x1b,0x80,  //.....%#@%
0x00,0xbf,0x80,  //....#@@@%
0x01,0xfd,0x40,  //...*@@@%*
0x01,0xf4,0x00,  //...%@@*..
0x02,0xf0,0x00,  //...%@@*..
0x02,0xf0,0x00,  //...%@@*..
0x02,0xf0,0x00,  //...%@@*..
0x02,0xf0,0x00,  //...%@@+..
0x03,0xf0,0x00,  //..+@@@...
0x6f,0xd0,0x00,  //*#@@@%...
0x7f,0x40,0x00,  //*@@@*....
0x7f,0x80,0x00,  //*@@@#+...
0x07,0xe0,0x00,  //.+*@@#...
0x02,0xf0,0x00,  //...#@@+..
0x02,0xf0,0x00,  //...%@@*..
0x02,0xf0,0x00,  //...%@@*..
0x02,0xf0,0x00,  //...%@@*..
0x02,0xf0,0x00,  //...%@@*..
0x01,0xf9,0x00,  //...*@@#*+
0x00,0xbf,0x80,  //....#@@@%
0x00,0x2f,0x80,  //....+#@@%


/* | */
0xf0,  //@@
0xf0,  //@@
0xf0,  //@@
0xf0,  //@@
0xf0,  //@@
0xf0,  //@@
0xf0,  //@@
0xf0,  //@@
0xf0,  //@@
0xf0,  //@@
0xf0,  //@@
0xf0,  //@@
0xf0,  //@@
0xf0,  //@@
0xf0,  //@@
0xf0,  //@@
0xf0,  //@@
0xf0,  //@@
0xf0,  //@@
0xf0,  //@@
0xf0,  //@@


/* } */
0x79,0x00,0x00,  //*@#%+....
0x7f,0x80,0x00,  //*@@@#....
0x1b,0xd0,0x00,  //*%#@@*...
0x03,0xe0,0x00,  //..*@@%...
0x03,0xe0,0x00,  //...@@%...
0x03,0xe0,0x00,  //...@@%...
0x03,0xe0,0x00,  //...@@%...
0x03,0xe0,0x00,  //...@@#...
0x02,0xf4,0x00,  //...#@@*..
0x01,0xfe,0x40,  //...*@@@#%
0x00,0x3f,0x80,  //....*@@@%
0x00,0xbf,0x80,  //...+#@@@%
0x02,0xf4,0x00,  //...%@@%+.
0x03,0xf0,0x00,  //...@@@...
0x03,0xe0,0x00,  //...@@%...
0x03,0xe0,0x00,  //...@@%...
0x03,0xe0,0x00,  //...@@%...
0x03,0xe0,0x00,  //..+@@%...
0x0b,0xd0,0x00,  //+*#@@%...
0x7f,0xc0,0x00,  //*@@@@+...
0x7e,0x00,0x00,  //*@@#*....


/* ~ */
0x01,0x40,0x04,  //..***+...+*.
0x2f,0xf4,0x2e,  //.%@@@@*++#@#
0x7f,0xff,0xfe,  //%@@@@@@@@@@#
0xf9,0x6f,0xf8,  //@@#*%#@@@@#+
0x20,0x06,0xe0,  //+%*...*#@%+.


/*  */
0x00,  //.


/* 世 */
0x01,0x40,0x3d,0x00,0xf8,0x00,  //...***...@@*....@@%...
0x03,0xd0,0x3d,0x00,0xf8,0x00,  //...@@*...@@*....@@%...
0x03,0xd0,0x3d,0x00,0xf8,0x00,  //...@@*...@@*....@@%...
0x03,0xd0,0x3d,0x00,0xf8,0x00,  //...@@*...@@*....@@%...
0x03,0xd0,0x3d,0x00,0xf8,0x00,  //+**@@%***@@%****@@#**+
0x7f,0xff,0xff,0xff,0xff,0xd0,  //*@@@@@@@@@@@@@@@@@@@@*
0x7f,0xff,0xff,0xff,0xff,0xd0,  //*@@@@@@@@@@@@@@@@@@@@*
0x17,0xe5,0x7e,0x55,0xf9,0x40,  //***@@%***@@%****@@#***
0x03,0xd0,0x3d,0x00,0xf8,0x00,  //...@@*...@@*....@@%...
0x03,0xd0,0x3d,0x00,0xf8,0x00,  //...@@*...@@*....@@%...
0x03,0xd0,0x3d,0x00,0xf8,0x00,  //...@@*...@@*....@@%...
0x03,0xd0,0x3d,0x00,0xf8,0x00,  //...@@*...@@*....@@%...
0x03,0xd0,0x3e,0x55,0xf8,0x00,  //...@@*...@@%****@@%...
0x03,0xd0,0x3f,0xff,0xf8,0x00,  //...@@*...@@@@@@@@@%...
0x03,0xd0,0x3f,0xff,0xf8,0x00,  //...@@*...@@@@@@@@@%...
0x03,0xd0,0x00,0x00,0x00,0x00,  //...@@*................
0x03,0xd0,0x00,0x00,0x00,0x00,  //...@@*................
0x03,0xd0,0x00,0x00,0x00,0x00,  //...@@*................
0x03,0xea,0xaa,0xaa,0xaa,0x80,  //...@@#%%%%%%%%%%%%%%%+
0x03,0xff,0xff,0xff,0xff,0xc0,  //...@@@@@@@@@@@@@@@@@@*
0x02,0xaa,0xaa,0xaa,0xaa,0x80,  //...%%%%%%%%%%%%%%%%%%+


/* 使 */
0x00,0xf4,0x00,0x3c,0x00,0x00,  //....@@*.....*@@*......
0x01,0xf0,0x00,0x3c,0x00,0x00,  //...*@@*.....*@@*......
0x02,0xe7,0xff,0xff,0xff,0xd0,  //...%@#*@@@@@@@@@@@@@@*
0x03,0xe7,0xff,0xff,0xff,0xd0,  //...@@%*@@@@@@@@@@@@@@*
0x07,0xc1,0x55,0x7d,0x55,0x40,  //..*@@*******%@@%******
0x0b,0xc0,0x00,0x3c,0x00,0x00,  //..#@@.......*@@*......
0x0f,0xc2,0xaa,0xbe,0xaa,0x40,  //.*@@@..%%%%%#@@#%%%%%.
0x1f,0xc3,0xff,0xff,0xff,0x80,  //.%@@@..@@@@@@@@@@@@@%.
0x3f,0xc3,0xd5,0x7d,0x5b,0x80,  //+@@@@..@@%**%@@%**#@%.
0xbf,0xc3,0xc0,0x3c,0x0b,0x80,  //%@@@@..@@*..*@@*..%@%.
0xbb,0xc3,0xc0,0x3c,0x0b,0x80,  //%@#@@..@@*..*@@*..%@%.
0x67,0xc3,0xff,0xff,0xff,0x80,  //%#*@@..@@@@@@@@@@@@@%.
0x07,0xc3,0xff,0xff,0xff,0x80,  //***@@..@@@@@@@@@@@@@%.
0x07,0xc0,0x10,0x7c,0x00,0x00,  //..*@@..******@@*****+.
0x07,0xc0,0xa0,0x7c,0x00,0x00,  //..*@@..+##+.*@@.......
0x07,0xc0,0xb8,0xb8,0x00,0x00,  //..*@@..+#@#*%@#.......
0x07,0xc0,0x2f,0xf4,0x00,0x00,  //..*@@...+#@@@@%.......
0x07,0xc0,0x0f,0xf8,0x00,0x00,  //..*@@....+@@@@%*......
0x07,0xc0,0x6f,0xff,0xe5,0x00,  //..*@@...*#@@@@@@@%***+
0x07,0xcb,0xfe,0x1b,0xff,0xd0,  //..*@@+%@@@@#*%#@@@@@@*
0x07,0xcb,0xe4,0x00,0x6f,0xc0,  //..*@@.#@@#*....*%#@@@+
0x06,0x81,0x00,0x00,0x00,0x40,  //..*%%.*%*..........**.


/* 发 */
0x00,0x00,0x40,0x01,0x00,0x00,  //........**+....*......
0x06,0x40,0xb8,0x07,0x80,0x00,  //..%%*...#@%...%@#*....
0x0b,0x80,0xf4,0x0b,0xf8,0x00,  //..#@#...@@%...#@@@%...
0x0f,0x40,0xf4,0x01,0xf8,0x00,  //.*@@%..+@@*....*@@#...
0x1f,0x01,0xf0,0x00,0x20,0x00,  //.*@@*..*@@*.....+%*...
0x2f,0xaa,0xfa,0xaa,0xaa,0x90,  //.%@@#%%#@@#%%%%%%%%%%*
0x2f,0xff,0xff,0xff,0xff,0xd0,  //.%@@@@@@@@@@@@@@@@@@@*
0x15,0x57,0xe5,0x55,0x55,0x40,  //.*****%@@#************
0x00,0x07,0xd0,0x00,0x00,0x00,  //......*@@*............
0x00,0x0b,0xd0,0x00,0x00,0x00,  //......%@@**********...
0x00,0x0f,0xff,0xff,0xfc,0x00,  //......@@@@@@@@@@@@@*..
0x00,0x1f,0xff,0xff,0xfc,0x00,  //.....*@@@@@@@@@@@@@*..
0x00,0x2f,0xe0,0x00,0xbc,0x00,  //.....#@@@#******#@@+..
0x00,0x7e,0xf4,0x01,0xf4,0x00,  //....*@@#@@*....*@@*...
0x00,0xb8,0xbd,0x07,0xe0,0x00,  //...+#@#+#@@*..*@@#....
0x02,0xf4,0x3f,0x5f,0x80,0x00,  //...%@@*.*@@@**@@#+....
0x07,0xe0,0x1f,0xff,0x40,0x00,  //..*@@#...*@@@@@@*.....
0x1f,0x80,0x0b,0xfd,0x00,0x00,  //.*@@#+....%@@@@%......
0x3f,0x40,0x6f,0xff,0x80,0x00,  //+@@@*...*#@@@@@@%*....
0x7d,0x06,0xfe,0x6f,0xf9,0x00,  //%@@%.+%#@@@#%#@@@@#%*.
0x38,0xbf,0xe4,0x06,0xff,0xd0,  //+@%*#@@@@#%+..*#@@@@@*
0x10,0xbe,0x40,0x00,0x6f,0x80,  //.*..#@@#*.......*%@@#.
0x00,0x50,0x00,0x00,0x01,0x40,  //....*%+...........+**.


/* 开 */
0x2f,0xff,0xff,0xff,0xff,0x80,  //.%@@@@@@@@@@@@@@@@@@%.
0x2f,0xff,0xff,0xff,0xff,0x80,  //.%@@@@@@@@@@@@@@@@@@%.
0x15,0x6f,0x55,0x5b,0xd5,0x40,  //.****%@@%*****#@@****.
0x00,0x1f,0x00,0x0b,0xc0,0x00,  //.....*@@*.....%@@.....
0x00,0x1f,0x00,0x0b,0xc0,0x00,  //.....*@@*.....%@@.....
0x00,0x1f,0x00,0x0b,0xc0,0x00,  //.....*@@*.....%@@.....
0x00,0x1f,0x00,0x0b,0xc0,0x00,  //.....*@@*.....%@@.....
0x00,0x1f,0x00,0x0b,0xc0,0x00,  //.....*@@*.....%@@.....
0x6a,0xaf,0xaa,0xab,0xea,0x90,  //%%%%%#@@#%%%%%#@@%%%%%
0xbf,0xff,0xff,0xff,0xff,0xe0,  //%@@@@@@@@@@@@@@@@@@@@%
0xbf,0xff,0xff,0xff,0xff,0xe0,  //%@@@@@@@@@@@@@@@@@@@@%
0x00,0x1f,0x00,0x0b,0xc0,0x00,  //.....%@@*.....%@@.....
0x00,0x2f,0x00,0x0b,0xc0,0x00,  //.....%@@......%@@.....
0x00,0x2e,0x00,0x0b,0xc0,0x00,  //.....#@#......%@@.....
0x00,0x3e,0x00,0x0b,0xc0,0x00,  //....*@@%......%@@.....
0x00,0xbd,0x00,0x0b,0xc0,0x00,  //....#@@*......%@@.....
0x01,0xf8,0x00,0x0b,0xc0,0x00,  //...%@@#.......%@@.....
0x07,0xf0,0x00,0x0b,0xc0,0x00,  //..%@@@*.......%@@.....
0x2f,0xd0,0x00,0x0b,0xc0,0x00,  //.%@@@*........%@@.....
0x1f,0x40,0x00,0x0b,0xc0,0x00,  //.*@@*.........%@@.....
0x05,0x00,0x00,0x05,0x40,0x00,  //..**..........***.....


/* 板 */
0x03,0xd0,0x00,0x00,0x16,0x80,  //...@@*..........***%%.
0x03,0xd0,0x15,0xab,0xff,0x80,  //...@@*..+***%%#@@@@@#.
0x03,0xd0,0x7f,0xff,0xfe,0x80,  //...@@*..*@@@@@@@@@@#%.
0x03,0xd0,0x7f,0xa9,0x40,0x00,  //+**@@%***@@@#%%***....
0x7f,0xff,0x7c,0x00,0x00,0x00,  //*@@@@@@@*@@...........
0x7f,0xff,0x7c,0x00,0x00,0x00,  //*@@@@@@@*@@...........
0x07,0xd0,0x7e,0xaa,0xaa,0x40,  //+**@@%***@@%%%%%%%%%%.
0x07,0xd0,0x7f,0xff,0xff,0x80,  //..*@@*..*@@@@@@@@@@@%.
0x0b,0xe0,0x7e,0xea,0xaf,0x80,  //..#@@%..*@@#@#%%%%@@%.
0x0f,0xf8,0x7d,0xe0,0x0f,0x40,  //.*@@@@#.*@@%@#....@@*.
0x2f,0xfe,0xbc,0xf0,0x1f,0x00,  //.%@@@@@#%@@*@@+..*@@+.
0x3f,0xef,0x78,0xb4,0x2e,0x00,  //+@@@@#@@%@#.#@%..%@#..
0xbb,0xd5,0x78,0x78,0x3d,0x00,  //%@%@@**%%@%.%@#.*@@*..
0xb3,0xd0,0xb8,0x3d,0xb8,0x00,  //%@*@@*..%@%.+@@*%@#...
0x63,0xd0,0xb4,0x2f,0xf4,0x00,  //%#.@@*..#@%..%@@@@*...
0x43,0xd0,0xf4,0x0f,0xe0,0x00,  //**.@@*.+@@*..+@@@#....
0x03,0xd1,0xf0,0x1f,0xe0,0x00,  //+..@@*.*@@+..*@@@#....
0x03,0xd2,0xe0,0x7f,0xf8,0x00,  //...@@*.#@#..%@@@@@#+..
0x03,0xd7,0xd2,0xf9,0xbf,0x40,  //...@@**@@**#@@#*%@@@*.
0x03,0xdb,0x9f,0xe0,0x1f,0xd0,  //...@@%#@#%@@@#+..%@@@%
0x03,0xd7,0x4b,0x80,0x06,0x80,  //...@@*%@*+#@%.....*##+
0x02,0x91,0x04,0x00,0x00,0x40,  //...%%*.*..**.......+*.


/* 测 */
0x14,0x00,0x00,0x00,0x02,0x40,  //.%*...............+%%
0x3d,0x1f,0xff,0xf0,0x03,0x80,  //*@@%.*@@@@@@@@....*@%
0x1f,0x9f,0xff,0xf1,0x83,0x80,  //.%@@%%@@@@@@@@.%%+*@%
0x07,0x9d,0x00,0xf2,0xc3,0x80,  //..%@#%@%****@@.%@**@%
0x01,0x1d,0x14,0xf2,0xc3,0x80,  //...%+*@*+**.@@.%@**@%
0x00,0x1d,0x38,0xf2,0xc3,0x80,  //.....*@**@%.@@.%@**@%
0x20,0x1d,0x38,0xf2,0xc3,0x80,  //.%+..*@**@%.@@.%@**@%
0x79,0x1d,0x38,0xf2,0xc3,0x80,  //%@#*.*@**@%.@@.%@**@%
0x2f,0x5d,0x38,0xf2,0xc3,0x80,  //*#@@**@**@%.@@.%@**@%
0x0b,0x5d,0x38,0xf2,0xc3,0x80,  //.+#@%*@**@%.@@.%@**@%
0x02,0x1d,0x38,0xf2,0xc3,0x80,  //..+%.*@**@%.@@.%@**@%
0x00,0x1d,0x38,0xf2,0xc3,0x80,  //.....*@**@%.@@.%@**@%
0x01,0x1d,0x38,0xf2,0xc3,0x80,  //..**.*@**@%.@@.%@**@%
0x07,0x9d,0x78,0xf2,0xc3,0x80,  //..%@#*@**@%.@@.%@**@%
0x0b,0x5d,0x74,0xf2,0xc3,0x80,  //..#@%*@*%@%.@@.%@**@%
0x0f,0x00,0xb8,0x02,0xc3,0x80,  //.+@@*...#@#+...%@**@%
0x1f,0x01,0xfe,0x00,0x03,0x80,  //.*@@...*@@@#+.....*@%
0x2e,0x03,0xeb,0x80,0x03,0x80,  //.%@%..*@@%#@#+....*@%
0x2d,0x1b,0x82,0xe0,0x07,0x80,  //.#@*.*#@#..#@#+...*@%
0x3c,0x7e,0x00,0xb6,0xff,0x80,  //*@@+*@@#+..+#@*%@@@@%
0x78,0x28,0x00,0x11,0xff,0x40,  //*@#.+##+....**.*@@@@*
0x00,0x10,0x00,0x00,0x50,0x00,  //.+*..*+........+***+.


/* 用 */
0x0b,0xff,0xff,0xff,0xff,  //..%@@@@@@@@@@@@@@@@@
0x0b,0xff,0xff,0xff,0xff,  //..%@@@@@@@@@@@@@@@@@
0x0b,0xd5,0x5f,0x95,0x5f,  //..%@@*****@@%****%@@
0x0b,0xc0,0x0f,0x40,0x0f,  //..%@@.....@@*....*@@
0x0b,0xc0,0x0f,0x40,0x0f,  //..%@@.....@@*....*@@
0x0b,0xc0,0x0f,0x40,0x1f,  //..%@@*****@@%*****@@
0x0b,0xff,0xff,0xff,0xff,  //..%@@@@@@@@@@@@@@@@@
0x0b,0xff,0xff,0xff,0xff,  //..%@@@@@@@@@@@@@@@@@
0x0b,0xc0,0x0f,0x40,0x1f,  //..%@@*****@@%*****@@
0x0b,0xc0,0x0f,0x40,0x0f,  //..%@@.....@@*....*@@
0x0b,0xc0,0x0f,0x40,0x0f,  //..%@@.....@@*....*@@
0x0b,0xd5,0x5f,0x95,0x5f,  //..%@@*****@@%****%@@
0x0b,0xff,0xff,0xff,0xff,  //..%@@@@@@@@@@@@@@@@@
0x0b,0xff,0xff,0xff,0xff,  //..%@@@@@@@@@@@@@@@@@
0x0b,0x80,0x0f,0x40,0x1f,  //..#@#*****@@%*****@@
0x0f,0x80,0x0f,0x40,0x0f,  //..@@%.....@@*....*@@
0x0f,0x40,0x0f,0x40,0x0f,  //.*@@*.....@@*....*@@
0x2f,0x00,0x0f,0x40,0x1f,  //.%@@+.....@@*....*@@
0x3e,0x00,0x0f,0x4b,0xff,  //*@@#......@@*.%@@@@@
0x7d,0x00,0x0f,0x47,0xfe,  //%@@*......@@*.%@@@@#
0x08,0x00,0x00,0x01,0x54,  //.*%...........*****.


/* 试 */
0x09,0x00,0x00,0x0f,0x49,0x00,  //.+#*..........@@*+#*..
0x2f,0x00,0x00,0x0f,0x9f,0x40,  //.#@@*.........@@%%@@*.
0x0f,0x80,0x00,0x0f,0x87,0x80,  //.*@@#+........@@%.%@#.
0x07,0xe0,0x00,0x0f,0x81,0x00,  //..*@@#........@@%..%*.
0x02,0xd3,0xff,0xff,0xff,0xd0,  //...%@**@@@@@@@@@@@@@@*
0x00,0x03,0xff,0xff,0xff,0xd0,  //....+.*@@@@@@@@@@@@@@*
0x00,0x01,0x55,0x5b,0x95,0x40,  //......+*******#@#*****
0xbf,0x80,0x00,0x0b,0x80,0x00,  //%@@@%.........%@%.....
0xbf,0x80,0x00,0x0b,0x80,0x00,  //%@@@%.........%@#.....
0x6b,0x82,0xaa,0x97,0xc0,0x00,  //%%#@%..%%%%%%%*@@.....
0x0b,0x83,0xff,0xe7,0xc0,0x00,  //..%@%..@@@@@@%*@@.....
0x0b,0x82,0xae,0x97,0xc0,0x00,  //..%@%..%%#@#%%*@@.....
0x0b,0x80,0x2e,0x03,0xc0,0x00,  //..%@%....%@%..*@@+....
0x0b,0x80,0x2e,0x03,0xc0,0x00,  //..%@%....%@%..*@@*....
0x0b,0x84,0x2e,0x03,0xd0,0x00,  //..%@%.*..%@%...@@*....
0x0b,0x9c,0x2e,0x03,0xd0,0xd0,  //..%@%%@+.%@%...@@*.+@%
0x0b,0xbd,0x2e,0x02,0xe0,0xe0,  //..%@#@@*.%@%.+.%@#.*@%
0x0b,0xf4,0x2e,0xf5,0xf1,0xd0,  //..%@@@%.*#@#@@**@@+*@%
0x0b,0xe7,0xff,0xf4,0xfa,0xd0,  //..#@@%*@@@@@@@*+@@%#@*
0x0b,0x83,0xfa,0x50,0xbf,0xc0,  //.+#@#.*@@@#%%*+.#@@@@+
0x02,0x01,0x00,0x00,0x3f,0x80,  //..+#..+**+......*@@@%.
0x00,0x00,0x00,0x00,0x09,0x00,  //.................*%%..


/* 酷 */
0x00,0x00,0x00,0x00,0xf0,0x00,  //+**********.**+*@@....
0xbf,0xff,0xfc,0x74,0xf0,0x00,  //%@@@@@@@@@@.%@**@@....
0xbf,0xff,0xfc,0xb0,0xf0,0x00,  //%@@@@@@@@@@.#@**@@....
0x02,0xcb,0x00,0xff,0xff,0xc0,  //...%@*%@*...@@@@@@@@@*
0x02,0xcb,0x01,0xff,0xff,0xc0,  //...%@*%@*..*@@@@@@@@@*
0x2a,0xeb,0xa6,0xe5,0xf5,0x40,  //.%%#@##@#%*%@%*%@@***+
0x3f,0xff,0xf7,0xc0,0xf0,0x00,  //.@@@@@@@@@%@@+.*@@....
0x39,0xda,0x74,0x00,0xf0,0x00,  //.@#%@%##%@*+*..*@@....
0x38,0xca,0x36,0xaa,0xfa,0x90,  //.@%*@*%%*@*%%%%#@@%%%%
0x38,0xca,0x37,0xff,0xff,0xe0,  //.@%*@*%%*@*@@@@@@@@@@%
0x39,0xca,0x35,0x55,0x55,0x50,  //.@%*@+%%*@************
0x3a,0x8a,0xb4,0x00,0x00,0x00,  //.@%##.%##@*...........
0x3f,0x47,0xf4,0x55,0x55,0x40,  //.@@@*.*@@@*.*********.
0x3d,0x00,0x74,0xff,0xff,0xc0,  //.@@*....*@*.@@@@@@@@@.
0x3d,0x55,0xb4,0xfa,0xab,0xc0,  //.@@*****%@*.@@#%%%#@@.
0x3f,0xff,0xf4,0xf0,0x03,0xc0,  //.@@@@@@@@@*.@@*...*@@.
0x3d,0x55,0xb4,0xf0,0x03,0xc0,  //.@@*****%@*.@@*...*@@.
0x3c,0x00,0x74,0xf0,0x03,0xc0,  //.@@.....*@*.@@*...*@@.
0x3d,0x55,0xb4,0xff,0xff,0xc0,  //.@@*****%@*.@@@@@@@@@.
0x3f,0xff,0xf4,0xff,0xff,0xc0,  //.@@@@@@@@@*.@@@@@@@@@.
0x3d,0x55,0x50,0xf5,0x57,0xc0,  //.@@********.@@%***%@@.
0x28,0x00,0x00,0xa0,0x02,0x80,  //.%%.........%%+...+%%.


/*  */
0x6a,0xaa,0xaa,0xaa,0xaa,0x90,  //*%%%%%%%%%%%%%%%%%%%%*
0x7f,0xff,0xff,0xff,0xff,0xd0,  //%@@@@@@@@@@@@@@@@@@@@%
0x1f,0xff,0xff,0xff,0xff,0x40,  //.%@@@@@@@@@@@@@@@@@@%.
0x07,0xff,0xff,0xff,0xfd,0x00,  //..%@@@@@@@@@@@@@@@@%..
0x01,0xff,0xff,0xff,0xf4,0x00,  //...%@@@@@@@@@@@@@@%...
0x00,0x7f,0xff,0xff,0xd0,0x00,  //....%@@@@@@@@@@@@%....
0x00,0x1f,0xff,0xff,0x40,0x00,  //.....%@@@@@@@@@@%.....
0x00,0x07,0xff,0xfd,0x00,0x00,  //......%@@@@@@@@%......
0x00,0x01,0xff,0xf4,0x00,0x00,  //.......%@@@@@@%.......
0x00,0x00,0x7f,0xd0,0x00,0x00,  //........%@@@@%........
0x00,0x00,0x2f,0x80,0x00,0x00,  //.........#@@#.........
0x00,0x00,0x2f,0x80,0x00,0x00,  //.........%@@%.........
0x00,0x00,0x2f,0x80,0x00,0x00,  //.........%@@%.........
0x00,0x00,0x2f,0x80,0x00,0x00,  //.........%@@%.........
0x00,0x00,0x2f,0x80,0x00,0x00,  //.........%@@%.........
0x00,0x00,0x2f,0x80,0x00,0x00,  //.........%@@%.........
0x00,0x00,0x2f,0x80,0x00,0x00,  //.........%@@%.........
0x00,0x00,0x2f,0x80,0x00,0x00,  //.........%@@%.........
0x00,0x00,0x2f,0x80,0x00,0x00,  //.........%@@%.........
0x00,0x00,0x2f,0x80,0x00,0x00,  //.........%@@%.........
0x00,0x00,0x2f,0x80,0x00,0x00,  //....+****#@@#****+....
0x00,0xbf,0xff,0xff,0xe0,0x00,  //....%@@@@@@@@@@@@%....


/*  */
0x00,0x00,0x00,0x00,0x1a,0x00,  //.................*%%+
0x00,0x00,0x00,0x06,0xff,0x40,  //.............+*%@@@@*
0x00,0x00,0x01,0xbf,0xff,0x40,  //..........+%#@@@@@@@*
0x00,0x00,0x6f,0xff,0xff,0x40,  //.......*%#@@@@@@@@@@*
0x00,0x03,0xff,0xff,0xff,0x40,  //.......@@@@@@@@@@@@@*
0x00,0x03,0xff,0xff,0xff,0x40,  //......*@@@@@@@@@@@@@*
0x00,0x03,0xff,0xff,0xff,0x40,  //......*@@@@@@@@@@@@@*
0x00,0x03,0xff,0xff,0x97,0x40,  //......*@@@@@@@@@#%*@*
0x00,0x03,0xff,0xe4,0x03,0x40,  //......*@@@@@@#%+..*@*
0x00,0x03,0xf9,0x00,0x03,0x40,  //......*@@@#*+.....*@*
0x00,0x03,0x40,0x00,0x03,0x40,  //......*@%.........*@*
0x00,0x03,0x40,0x00,0x03,0x40,  //......*@*.........*@*
0x00,0x03,0x40,0x00,0x03,0x40,  //......*@*.........*@*
0x00,0x03,0x40,0x00,0x03,0x40,  //......*@*.......+.*@*
0x00,0x03,0x40,0x1b,0xfb,0x40,  //......*@*....*#@@@#@*
0x00,0x03,0x40,0xbf,0xff,0x40,  //......*@*...%@@@@@@@*
0x00,0x03,0x40,0xff,0xff,0x40,  //......*@*...@@@@@@@@*
0x06,0x97,0x40,0x7f,0xfe,0x00,  //.+*%%%%@*...%@@@@@@#+
0x7f,0xff,0x40,0x1b,0xe4,0x00,  //*@@@@@@@*....*%@@#%+.
0xbf,0xff,0x40,0x00,0x00,0x00,  //#@@@@@@@*............
0xbf,0xff,0x40,0x00,0x00,0x00,  //#@@@@@@@*............
0x2f,0xfd,0x00,0x00,0x00,0x00,  //+%@@@@@%.............


/*  */
0x00,0x06,0xa9,0x40,0x00,0x00,  //......*%%%%%*.........
0x00,0x6f,0xff,0xe4,0x00,0x00,  //....*#@@@@@@@#*.......
0x02,0xff,0xff,0xfd,0x00,0x00,  //...#@@@@@@@@@@@%......
0x0b,0xfe,0x9a,0xff,0x40,0x00,  //..#@@@@#%*%#@@@@%.....
0x1f,0xe4,0x00,0x6f,0xd0,0x00,  //.*@@@#*.....*#@@@*....
0x3f,0x80,0x00,0x0b,0xe0,0x00,  //+@@@#+.......+#@@#....
0x7f,0x00,0x00,0x07,0xf4,0x00,  //*@@@*.........*@@@*...
0xbe,0x00,0x00,0x02,0xf4,0x00,  //%@@#...........#@@%...
0xfd,0x00,0x00,0x02,0xf8,0x00,  //@@@*...........%@@%...
0xfd,0x00,0x00,0x01,0xf8,0x00,  //@@@*...........*@@%...
0xfd,0x00,0x00,0x02,0xf8,0x00,  //@@@*...........%@@%...
0xbe,0x00,0x00,0x02,0xf8,0x00,  //%@@%...........#@@%...
0x7f,0x00,0x00,0x07,0xf4,0x00,  //%@@@+.........*@@@*...
0x3f,0x80,0x00,0x0b,0xe0,0x00,  //+@@@#........+#@@#....
0x1f,0xe0,0x00,0x2f,0xd0,0x00,  //.%@@@#+.....*#@@@*....
0x0b,0xfe,0x56,0xff,0xe0,0x00,  //..#@@@@%***#@@@@@#....
0x02,0xff,0xff,0xff,0xf8,0x00,  //...#@@@@@@@@@@@@@@#...
0x00,0x7f,0xff,0xf6,0xfe,0x00,  //....%@@@@@@@@@%#@@@#..
0x00,0x06,0xfe,0x40,0xbf,0x80,  //.....+%%@@@%*+.+#@@@#.
0x00,0x00,0x00,0x00,0x2f,0xe0,  //................+#@@@#
0x00,0x00,0x00,0x00,0x0b,0xf0,  //.................+#@@@
0x00,0x00,0x00,0x00,0x02,0xe0,  //..................+#@#


/*  */
0x7f,0xff,0xff,0xff,0xff,0xfd,  //*@@@@@@@@@@@@@@@@@@@@@@*
0xa5,0x55,0x55,0x55,0x55,0x5a,  //##********************##
0xe0,0x00,0x00,0x00,0x00,0x0b,  //@%....................%@
0xe0,0x00,0x00,0x00,0x00,0x0b,  //@#....................#@
0xf4,0x00,0x00,0x00,0x00,0x1f,  //@@*..................*@@
0xfd,0x00,0x00,0x00,0x00,0x7f,  //@@@*................*@@@
0xeb,0x40,0x00,0x00,0x01,0xeb,  //@##@%..............%@##@
0xe2,0xe0,0x00,0x00,0x0b,0x8b,  //@%+#@%............%@#+%@
0xe0,0x78,0x00,0x00,0x2d,0x0b,  //@%..%@#+........+#@%..%@
0xe0,0x1f,0x40,0x01,0xf4,0x0b,  //@%...*@@*......*@@*...%@
0xe0,0x02,0xd0,0x07,0x80,0x0b,  //@%....+#@%....%@#+....%@
0xe0,0x00,0xb8,0x2e,0x00,0x0b,  //@%......#@%**%@#......%@
0xe0,0x00,0x1f,0xf4,0x00,0x0b,  //@%.......%@@@@%.......%@
0xe0,0x00,0x01,0x40,0x00,0x0b,  //@%........+**+........%@
0xe0,0x00,0x00,0x00,0x00,0x0b,  //@%....................%@
0xe0,0x00,0x00,0x00,0x00,0x0b,  //@%....................%@
0xe0,0x00,0x00,0x00,0x00,0x0b,  //@%....................%@
0xbf,0xff,0xff,0xff,0xff,0xfe,  //%@@@@@@@@@@@@@@@@@@@@@@%
0x1a,0xaa,0xaa,0xaa,0xaa,0xa4,  //.%%%%%%%%%%%%%%%%%%%%%%.


/*  */
0x01,0xaa,0x40,0x01,0xaa,0x40,  //...*%%%%*......*%%%%*...
0x0b,0xff,0xe0,0x0b,0xff,0xe0,  //..#@@@@@@#*..*#@@@@@@#..
0x2f,0xff,0xfd,0x7f,0xff,0xf8,  //.#@@@@@@@@@**@@@@@@@@@#.
0x7f,0xff,0xff,0xff,0xff,0xfd,  //*@@@@@@@@@@@@@@@@@@@@@@*
0xbf,0xff,0xff,0xff,0xff,0xfe,  //%@@@@@@@@@@@@@@@@@@@@@@%
0xff,0xff,0xff,0xff,0xff,0xff,  //@@@@@@@@@@@@@@@@@@@@@@@@
0xff,0xff,0xff,0xff,0xff,0xff,  //@@@@@@@@@@@@@@@@@@@@@@@@
0xbf,0xff,0xff,0xff,0xff,0xfe,  //#@@@@@@@@@@@@@@@@@@@@@@#
0x7f,0xff,0xff,0xff,0xff,0xfd,  //%@@@@@@@@@@@@@@@@@@@@@@%
0x3f,0xff,0xff,0xff,0xff,0xfc,  //+@@@@@@@@@@@@@@@@@@@@@@+
0x1f,0xff,0xff,0xff,0xff,0xf4,  //.%@@@@@@@@@@@@@@@@@@@@%.
0x0b,0xff,0xff,0xff,0xff,0xe0,  //..#@@@@@@@@@@@@@@@@@@#..
0x02,0xff,0xff,0xff,0xff,0x80,  //...#@@@@@@@@@@@@@@@@#...
0x00,0xbf,0xff,0xff,0xfe,0x00,  //....#@@@@@@@@@@@@@@#....
0x00,0x2f,0xff,0xff,0xf8,0x00,  //.....#@@@@@@@@@@@@#.....
0x00,0x0b,0xff,0xff,0xe0,0x00,  //......%@@@@@@@@@@%......
0x00,0x01,0xff,0xff,0x40,0x00,  //.......%@@@@@@@@%.......
0x00,0x00,0x7f,0xfd,0x00,0x00,  //........%@@@@@@%........
0x00,0x00,0x1f,0xf4,0x00,0x00,  //.........%@@@@%.........
0x00,0x00,0x07,0xd0,0x00,0x00,  //..........%@@%..........
0x00,0x00,0x01,0x40,0x00,0x00,  //...........%%...........


/*  */
0x00,0x00,0x06,0x00,0x00,0x00,  //..........*#..........
0x00,0x00,0x0b,0x40,0x00,0x00,  //..........#@*.........
0x00,0x00,0x1f,0x80,0x00,0x00,  //.........*@@#.........
0x00,0x00,0x2f,0xd0,0x00,0x00,  //.........#@@@*........
0x00,0x00,0x7f,0xe0,0x00,0x00,  //........*@@@@#........
0x00,0x00,0xbf,0xf4,0x00,0x00,  //........#@@@@@*.......
0x00,0x06,0xff,0xf9,0x00,0x00,  //.....**%@@@@@@#**.....
0x5a,0xff,0xff,0xff,0xfe,0x90,  //*%%#@@@@@@@@@@@@@@@%%*
0xbf,0xff,0xff,0xff,0xff,0xe0,  //#@@@@@@@@@@@@@@@@@@@@#
0x2f,0xff,0xff,0xff,0xff,0x80,  //.#@@@@@@@@@@@@@@@@@@#+
0x0b,0xff,0xff,0xff,0xfe,0x00,  //..#@@@@@@@@@@@@@@@@#+.
0x02,0xff,0xff,0xff,0xf8,0x00,  //...#@@@@@@@@@@@@@@#+..
0x00,0xbf,0xff,0xff,0xe0,0x00,  //....#@@@@@@@@@@@@#+...
0x00,0x2f,0xff,0xff,0xc0,0x00,  //.....#@@@@@@@@@@@*....
0x00,0x3f,0xff,0xff,0xc0,0x00,  //.....@@@@@@@@@@@@*....
0x00,0x3f,0xff,0xff,0xd0,0x00,  //....+@@@@@@@@@@@@*....
0x00,0x3f,0xff,0xff,0xd0,0x00,  //....*@@@@@@@@@@@@%....
0x00,0x7f,0xfe,0xff,0xe0,0x00,  //....*@@@@@@#@@@@@%....
0x00,0xbf,0xd0,0x6f,0xf0,0x00,  //....%@@@@%+.*#@@@@....
0x00,0xbe,0x00,0x07,0xf0,0x00,  //....#@@%+.....%@@@+...
0x00,0xa0,0x00,0x00,0x70,0x00,  //....#%*........+%@+...


/*  */
0x00,0x00,0x06,0x00,0x00,0x00,  //..........*#..........
0x00,0x00,0x0b,0x40,0x00,0x00,  //..........#@*.........
0x00,0x00,0x1f,0x80,0x00,0x00,  //.........*@@#.........
0x00,0x00,0x29,0xd0,0x00,0x00,  //.........##%@*........
0x00,0x00,0x74,0xe0,0x00,0x00,  //........*@*+@#........
0x00,0x00,0xa0,0x74,0x00,0x00,  //........##..%@*.......
0x00,0x06,0xd0,0x39,0x00,0x00,  //.....**%@*..+@#**.....
0x5a,0xff,0x80,0x1f,0xfe,0x90,  //*%%#@@@@#....%@@@@@%%*
0xbe,0x94,0x00,0x00,0x5a,0xe0,  //#@@%%***......***%%#@#
0x2d,0x00,0x00,0x00,0x07,0x80,  //.#@%..............*@#+
0x0b,0x40,0x00,0x00,0x1e,0x00,  //..#@%............*@#+.
0x02,0xd0,0x00,0x00,0x78,0x00,  //...#@%..........*@#+..
0x00,0xb4,0x00,0x01,0xe0,0x00,  //....#@%........*@#+...
0x00,0x2c,0x00,0x02,0xc0,0x00,  //.....#@........%@*....
0x00,0x38,0x00,0x01,0xc0,0x00,  //.....@%........*@*....
0x00,0x34,0x00,0x00,0xd0,0x00,  //....+@%........*@*....
0x00,0x34,0x0a,0x40,0xd0,0x00,  //....*@*..*##*..+@%....
0x00,0x70,0xbe,0xe4,0xe0,0x00,  //....*@**%@@#@#*.@%....
0x00,0xbb,0xd0,0x6e,0xb0,0x00,  //....%@#@@%+.*#@##@....
0x00,0xbe,0x00,0x07,0xf0,0x00,  //....#@@%+.....%@@@+...
0x00,0xa0,0x00,0x00,0x70,0x00,  //....#%*........+%@*...


/*  */
0x00,0x06,0xa4,0x00,0x00,  //......*%%%*......
0x00,0x2f,0xfe,0x00,0x00,  //.....#@@@@@#+....
0x00,0xbf,0xff,0x80,0x00,  //....%@@@@@@@#....
0x00,0xff,0xff,0xd0,0x00,  //...*@@@@@@@@@*...
0x01,0xff,0xff,0xe0,0x00,  //...*@@@@@@@@@%...
0x01,0xff,0xff,0xe0,0x00,  //...*@@@@@@@@@%...
0x01,0xff,0xff,0xd0,0x00,  //...*@@@@@@@@@%...
0x00,0xff,0xff,0xc0,0x00,  //...+@@@@@@@@@*...
0x00,0x7f,0xff,0x40,0x00,  //....*@@@@@@@%....
0x00,0x1b,0xfd,0x10,0x00,  //...***#@@@@*+*...
0x0b,0xd0,0x41,0xb8,0x00,  //.+#@@%+***+*#@#+.
0x2f,0xfe,0xaf,0xfe,0x00,  //.#@@@@@#%%@@@@@#.
0x3f,0xff,0xff,0xff,0x40,  //*@@@@@@@@@@@@@@@*
0x7f,0xff,0xff,0xff,0x80,  //%@@@@@@@@@@@@@@@%
0xbf,0xff,0xff,0xff,0xc0,  //%@@@@@@@@@@@@@@@@
0xff,0xff,0xff,0xff,0xc0,  //@@@@@@@@@@@@@@@@@
0xff,0xff,0xff,0xff,0xc0,  //@@@@@@@@@@@@@@@@@
0xff,0xff,0xff,0xff,0xc0,  //@@@@@@@@@@@@@@@@@
0xbf,0xff,0xff,0xff,0x80,  //#@@@@@@@@@@@@@@@#
0x3f,0xff,0xff,0xff,0x40,  //*@@@@@@@@@@@@@@@*
0x0a,0xaa,0xaa,0xa8,0x00,  //.*%%%%%%%%%%%%%*.


/*  */
0x2a,0xaa,0xaa,0xaa,0xaa,0xaa,0x40,  //+%%%%%%%%%%%%%%%%%%%%%%%%.
0xba,0xbe,0xaa,0xaa,0xab,0xea,0xd0,  //#@#%#@@#%%%%%%%%%%#@@#%#@%
0xe0,0x28,0x00,0x00,0x03,0x40,0xe0,  //@#...##...........*@%...@%
0xe0,0x28,0x00,0x00,0x03,0x40,0xe0,  //@%...%%...........*@*...@%
0xe0,0x28,0x00,0x00,0x03,0x40,0xe0,  //@%...#%...........*@%...@%
0xfa,0xb8,0x00,0x00,0x03,0xea,0xe0,  //@@%%#@%...........*@@%%#@%
0xff,0xf8,0x00,0x00,0x03,0xff,0xe0,  //@@@@@@%...........*@@@@@@%
0xe0,0x28,0x00,0x00,0x03,0x80,0xe0,  //@#...#%...........*@%..+@%
0xe0,0x28,0x00,0x00,0x03,0x40,0xe0,  //@%...%%...........*@*...@%
0xe0,0x28,0x00,0x00,0x03,0x40,0xe0,  //@%...##...........*@%...@%
0xf5,0x7d,0x55,0x55,0x5b,0x96,0xe0,  //@@%*%@@%**********%@#%*%@%
0xff,0xff,0xff,0xff,0xff,0xff,0xe0,  //@@@@@@@@@@@@@@@@@@@@@@@@@%
0xe0,0x28,0x00,0x00,0x07,0x80,0xe0,  //@#***##************@%***@%
0xe0,0x28,0x00,0x00,0x03,0x40,0xe0,  //@%...%%...........*@*...@%
0xe0,0x28,0x00,0x00,0x03,0x40,0xe0,  //@%...%%...........*@*...@%
0xe5,0x78,0x00,0x00,0x03,0x95,0xe0,  //@#**%@%...........*@#**%@%
0xff,0xf8,0x00,0x00,0x03,0xff,0xe0,  //@@@@@@%...........*@@@@@@%
0xe0,0x38,0x00,0x00,0x03,0x81,0xe0,  //@#***@%...........*@#***@%
0xe0,0x28,0x00,0x00,0x03,0x40,0xe0,  //@%...%%...........*@*...@%
0xe0,0x28,0x00,0x00,0x03,0x40,0xe0,  //@%...%%...........*@*...@%
0xe0,0x3c,0x00,0x00,0x07,0x81,0xe0,  //@#***@@************@#***@%
0x7f,0xff,0xff,0xff,0xff,0xff,0xc0,  //%@@@@@@@@@@@@@@@@@@@@@@@@*


/*  */
0x6a,0xaa,0x90,0x6a,0xaa,0x90,  //*%%%%%%%%%..*%%%%%%%%%
0xbf,0xff,0xf0,0xbf,0xff,0xf0,  //#@@@@@@@@@+.#@@@@@@@@@
0xff,0xff,0xf0,0xff,0xff,0xf0,  //@@@@@@@@@@*.@@@@@@@@@@
0xff,0xff,0xf0,0xff,0xff,0xf0,  //@@@@@@@@@@*.@@@@@@@@@@
0xff,0xff,0xf0,0xff,0xff,0xf0,  //@@@@@@@@@@*.@@@@@@@@@@
0xff,0xff,0xf0,0xff,0xff,0xf0,  //@@@@@@@@@@*.@@@@@@@@@@
0xff,0xff,0xf0,0xff,0xff,0xf0,  //@@@@@@@@@@*.@@@@@@@@@@
0xbf,0xff,0xf0,0xbf,0xff,0xf0,  //#@@@@@@@@@+.#@@@@@@@@@
0x2a,0xaa,0x90,0x2a,0xaa,0x90,  //+%%%%%%%%*..+%%%%%%%%*
0x00,0x00,0x00,0x00,0x00,0x00,  //......................
0x15,0x55,0x40,0x15,0x55,0x40,  //+*********..+*********
0xbf,0xff,0xf0,0xbf,0xff,0xf0,  //#@@@@@@@@@+.#@@@@@@@@@
0xff,0xff,0xf0,0xff,0xff,0xf0,  //@@@@@@@@@@*.@@@@@@@@@@
0xff,0xff,0xf0,0xff,0xff,0xf0,  //@@@@@@@@@@*.@@@@@@@@@@
0xff,0xff,0xf0,0xff,0xff,0xf0,  //@@@@@@@@@@*.@@@@@@@@@@
0xff,0xff,0xf0,0xff,0xff,0xf0,  //@@@@@@@@@@*.@@@@@@@@@@
0xff,0xff,0xf0,0xff,0xff,0xf0,  //@@@@@@@@@@*.@@@@@@@@@@
0xff,0xff,0xf0,0xff,0xff,0xf0,  //@@@@@@@@@@*.@@@@@@@@@@
0x7f,0xff,0xe0,0x7f,0xff,0xe0,  //*@@@@@@@@%..*@@@@@@@@%


/*  */
0x6a,0xa4,0x2a,0xa8,0x1a,0xa9,  //%%%%%%*.+%%%%%%+.*%%%%%%
0xff,0xf8,0x7f,0xfd,0x2f,0xff,  //@@@@@@%.*@@@@@@*.%@@@@@@
0xff,0xf8,0x7f,0xfd,0x2f,0xff,  //@@@@@@%.*@@@@@@*.%@@@@@@
0xff,0xf8,0x7f,0xfd,0x2f,0xff,  //@@@@@@%.*@@@@@@*.%@@@@@@
0xbf,0xf8,0x3f,0xfc,0x2f,0xfe,  //#@@@@@%.*@@@@@@*.%@@@@@#
0x00,0x00,0x00,0x00,0x00,0x00,  //.*****...+****+...*****.
0x00,0x00,0x00,0x00,0x00,0x00,  //........................
0xbf,0xf4,0x2f,0xf8,0x1f,0xfe,  //%@@@@@%.+#@@@@#+.%@@@@@%
0xff,0xf8,0x7f,0xfd,0x2f,0xff,  //@@@@@@%.*@@@@@@*.%@@@@@@
0xff,0xf8,0x7f,0xfd,0x2f,0xff,  //@@@@@@%.*@@@@@@*.%@@@@@@
0xff,0xf8,0x7f,0xfd,0x2f,0xff,  //@@@@@@%.*@@@@@@*.%@@@@@@
0xbf,0xf4,0x3f,0xfc,0x1f,0xfe,  //#@@@@@%.*@@@@@@*.%@@@@@#
0x00,0x00,0x00,0x00,0x00,0x00,  //.****+....****....+****.
0x00,0x00,0x00,0x00,0x00,0x00,  //.****+....****....+****.
0xbf,0xf4,0x3f,0xfc,0x1f,0xfe,  //#@@@@@%.*@@@@@@*.%@@@@@#
0xff,0xf8,0x7f,0xfd,0x2f,0xff,  //@@@@@@%.*@@@@@@*.%@@@@@@
0xff,0xf8,0x7f,0xfd,0x2f,0xff,  //@@@@@@%.*@@@@@@*.%@@@@@@
0xff,0xf8,0x7f,0xfd,0x2f,0xff,  //@@@@@@%.*@@@@@@*.%@@@@@@
0xbf,0xf4,0x2f,0xf8,0x1f,0xfe,  //%@@@@@%.+#@@@@#+.%@@@@@%


/*  */
0x6a,0xa4,0x2a,0xaa,0xaa,0xa9,  //%%%%%%*.+%%%%%%%%%%%%%%%
0xff,0xf8,0x7f,0xff,0xff,0xff,  //@@@@@@%.*@@@@@@@@@@@@@@@
0xff,0xf8,0x7f,0xff,0xff,0xff,  //@@@@@@%.*@@@@@@@@@@@@@@@
0xff,0xf8,0x7f,0xff,0xff,0xff,  //@@@@@@%.*@@@@@@@@@@@@@@@
0xbf,0xf8,0x3f,0xff,0xff,0xfe,  //#@@@@@%.*@@@@@@@@@@@@@@#
0x00,0x00,0x00,0x00,0x00,0x00,  //.*****...+*************.
0x00,0x00,0x00,0x00,0x00,0x00,  //........................
0xbf,0xf4,0x2f,0xff,0xff,0xfe,  //%@@@@@%.+#@@@@@@@@@@@@@%
0xff,0xf8,0x7f,0xff,0xff,0xff,  //@@@@@@%.*@@@@@@@@@@@@@@@
0xff,0xf8,0x7f,0xff,0xff,0xff,  //@@@@@@%.*@@@@@@@@@@@@@@@
0xff,0xf8,0x7f,0xff,0xff,0xff,  //@@@@@@%.*@@@@@@@@@@@@@@@
0xbf,0xf4,0x3f,0xff,0xff,0xfe,  //#@@@@@%.*@@@@@@@@@@@@@@#
0x00,0x00,0x00,0x00,0x00,0x00,  //.****+....*************.
0x00,0x00,0x00,0x00,0x00,0x00,  //.****+....*************.
0xbf,0xf4,0x3f,0xff,0xff,0xfe,  //#@@@@@%.*@@@@@@@@@@@@@@#
0xff,0xf8,0x7f,0xff,0xff,0xff,  //@@@@@@%.*@@@@@@@@@@@@@@@
0xff,0xf8,0x7f,0xff,0xff,0xff,  //@@@@@@%.*@@@@@@@@@@@@@@@
0xff,0xf8,0x7f,0xff,0xff,0xff,  //@@@@@@%.*@@@@@@@@@@@@@@@
0xbf,0xf4,0x2f,0xff,0xff,0xfe,  //%@@@@@%.+#@@@@@@@@@@@@@%


/*  */
0x00,0x00,0x00,0x00,0xb4,  //................#@*.
0x00,0x00,0x00,0x02,0xfd,  //...............#@@@*
0x00,0x00,0x00,0x0b,0xff,  //..............#@@@@@
0x00,0x00,0x00,0x2f,0xff,  //.............#@@@@@@
0x00,0x00,0x00,0xbf,0xfd,  //..+.........#@@@@@@*
0x1e,0x00,0x02,0xff,0xf4,  //.%@#+......#@@@@@@*.
0x7f,0x80,0x0b,0xff,0xd0,  //%@@@#+....#@@@@@@*..
0xff,0xe0,0x2f,0xff,0x40,  //@@@@@#+..#@@@@@@*...
0xff,0xf8,0xbf,0xfd,0x00,  //@@@@@@#*#@@@@@@*....
0x7f,0xff,0xff,0xf4,0x00,  //*@@@@@@@@@@@@@*.....
0x1f,0xff,0xff,0xd0,0x00,  //.*@@@@@@@@@@@*......
0x07,0xff,0xff,0x40,0x00,  //..*@@@@@@@@@*.......
0x01,0xff,0xfd,0x00,0x00,  //...*@@@@@@@*........
0x00,0x7f,0xf4,0x00,0x00,  //....*@@@@@*.........
0x00,0x1f,0xd0,0x00,0x00,  //.....*@@@*..........
0x00,0x02,0x40,0x00,0x00,  //......*%*...........


/*  */
0x02,0x00,0x00,0x20,  //..+%*.......*%..
0x0b,0xd0,0x01,0xf8,  //.+#@@*.....*@@#.
0x2f,0xf4,0x07,0xfe,  //+#@@@@*...*@@@@#
0x7f,0xfd,0x1f,0xff,  //*@@@@@@*.*@@@@@@
0x2f,0xff,0x7f,0xfe,  //+#@@@@@@%@@@@@@#
0x0b,0xff,0xff,0xf8,  //.+#@@@@@@@@@@@#.
0x02,0xff,0xff,0xe0,  //..+#@@@@@@@@@#..
0x00,0xbf,0xff,0x80,  //...+#@@@@@@@#...
0x00,0x7f,0xff,0x40,  //....*@@@@@@@*...
0x01,0xff,0xff,0xd0,  //...*@@@@@@@@@*..
0x07,0xff,0xff,0xf4,  //..*@@@@@@@@@@@*.
0x1f,0xff,0xff,0xfd,  //.*@@@@@@@@@@@@@*
0x3f,0xfe,0x2f,0xff,  //*@@@@@@#*#@@@@@@
0x7f,0xf8,0x0b,0xff,  //*@@@@@#..+#@@@@@
0x1f,0xe0,0x02,0xfd,  //.%@@@#....+#@@@%
0x07,0x80,0x00,0xb4,  //..%@#......+#@%.


/*  */
0x00,0x06,0xa9,0x40,0x00,0x00,  //......*%%%%%*.........
0x00,0x6f,0xff,0xe4,0x00,0x00,  //....*#@@@@@@@#*.......
0x02,0xff,0xff,0xfd,0x00,0x00,  //...#@@@@@@@@@@@%......
0x0b,0xfe,0x9a,0xff,0x40,0x00,  //..#@@@@#%*%#@@@@%.....
0x1f,0xe4,0x00,0x6f,0xd0,0x00,  //.*@@@#*.....*#@@@*....
0x3f,0x80,0x20,0x0b,0xe0,0x00,  //+@@@#+..*%+..+#@@#....
0x7f,0x00,0x70,0x07,0xf4,0x00,  //*@@@*...*@*...*@@@*...
0xbe,0x00,0x70,0x02,0xf4,0x00,  //%@@#....*@*....#@@%...
0xfd,0x00,0x74,0x02,0xf8,0x00,  //@@@*.+**%@***+.%@@%...
0xfd,0x2f,0xff,0xe1,0xf8,0x00,  //@@@*.%@@@@@@@%.*@@%...
0xfd,0x15,0xb5,0x42,0xf8,0x00,  //@@@*.***%@%***.%@@%...
0xbe,0x00,0x70,0x02,0xf8,0x00,  //%@@%....*@*....#@@%...
0x7f,0x00,0x70,0x07,0xf4,0x00,  //%@@@+...*@*...*@@@*...
0x3f,0x80,0x60,0x0b,0xe0,0x00,  //+@@@#...*%+..+#@@#....
0x1f,0xe0,0x00,0x2f,0xd0,0x00,  //.%@@@#+.....*#@@@*....
0x0b,0xfe,0x56,0xff,0xe0,0x00,  //..#@@@@%***#@@@@@#....
0x02,0xff,0xff,0xff,0xf8,0x00,  //...#@@@@@@@@@@@@@@#...
0x00,0x7f,0xff,0xf6,0xfe,0x00,  //....%@@@@@@@@@%#@@@#..
0x00,0x06,0xfe,0x40,0xbf,0x80,  //.....+%%@@@%*+.+#@@@#.
0x00,0x00,0x00,0x00,0x2f,0xe0,  //................+#@@@#
0x00,0x00,0x00,0x00,0x0b,0xf0,  //.................+#@@@
0x00,0x00,0x00,0x00,0x02,0xe0,  //..................+#@#


/*  */
0x00,0x06,0xa9,0x40,0x00,0x00,  //......*%%%%%*.........
0x00,0x6f,0xff,0xe4,0x00,0x00,  //....*#@@@@@@@#*.......
0x02,0xff,0xff,0xfd,0x00,0x00,  //...#@@@@@@@@@@@%......
0x0b,0xfe,0x9a,0xff,0x40,0x00,  //..#@@@@#%*%#@@@@%.....
0x1f,0xe4,0x00,0x6f,0xd0,0x00,  //.*@@@#*.....*#@@@*....
0x3f,0x80,0x00,0x0b,0xe0,0x00,  //+@@@#+.......+#@@#....
0x7f,0x00,0x00,0x07,0xf4,0x00,  //*@@@*.........*@@@*...
0xbe,0x00,0x00,0x02,0xf4,0x00,  //%@@#...........#@@%...
0xfd,0x00,0x00,0x02,0xf8,0x00,  //@@@*.+*******+.%@@%...
0xfd,0x2f,0xff,0xe1,0xf8,0x00,  //@@@*.%@@@@@@@%.*@@%...
0xfd,0x15,0x55,0x42,0xf8,0x00,  //@@@*.*********.%@@%...
0xbe,0x00,0x00,0x02,0xf8,0x00,  //%@@%...........#@@%...
0x7f,0x00,0x00,0x07,0xf4,0x00,  //%@@@+.........*@@@*...
0x3f,0x80,0x00,0x0b,0xe0,0x00,  //+@@@#........+#@@#....
0x1f,0xe0,0x00,0x2f,0xd0,0x00,  //.%@@@#+.....*#@@@*....
0x0b,0xfe,0x56,0xff,0xe0,0x00,  //..#@@@@%***#@@@@@#....
0x02,0xff,0xff,0xff,0xf8,0x00,  //...#@@@@@@@@@@@@@@#...
0x00,0x7f,0xff,0xf6,0xfe,0x00,  //....%@@@@@@@@@%#@@@#..
0x00,0x06,0xfe,0x40,0xbf,0x80,  //.....+%%@@@%*+.+#@@@#.
0x00,0x00,0x00,0x00,0x2f,0xe0,  //................+#@@@#
0x00,0x00,0x00,0x00,0x0b,0xf0,  //.................+#@@@
0x00,0x00,0x00,0x00,0x02,0xe0,  //..................+#@#


/*  */
0x00,0x00,0x04,0x00,0x00,0x00,  //.........**+.........
0x00,0x00,0x3e,0x00,0x00,0x00,  //........*@@#.........
0x00,0x00,0x7f,0x00,0x00,0x00,  //........*@@@.........
0x00,0x00,0x7f,0x00,0x00,0x00,  //........*@@@.........
0x00,0xb4,0x7f,0x0b,0x80,0x00,  //...*#@*.*@@@..#@%....
0x07,0xf8,0x7f,0x0f,0xe0,0x00,  //..*@@@%.*@@@.*@@@#...
0x0b,0xf4,0x7f,0x0b,0xf8,0x00,  //.+#@@@%.*@@@..#@@@%..
0x2f,0xd0,0x7f,0x02,0xfc,0x00,  //.%@@@%..*@@@..+#@@@*.
0x3f,0x80,0x7f,0x00,0xbe,0x00,  //*@@@%...*@@@...+#@@#.
0x7f,0x00,0x7f,0x00,0x7f,0x00,  //%@@@+...*@@@....*@@@+
0xbe,0x00,0x7f,0x00,0x3f,0x40,  //#@@%....*@@@....+@@@*
0xfd,0x00,0x3e,0x00,0x3f,0x40,  //@@@*....+@@%.....@@@*
0xfd,0x00,0x04,0x00,0x2f,0x40,  //@@@*.....+*......%@@*
0xfd,0x00,0x00,0x00,0x3f,0x40,  //@@@*.............@@@*
0xbe,0x00,0x00,0x00,0x3f,0x40,  //%@@#............+@@@*
0x7f,0x00,0x00,0x00,0x7f,0x00,  //%@@@+...........%@@@+
0x3f,0x80,0x00,0x00,0xfe,0x00,  //+@@@%..........+@@@%.
0x1f,0xd0,0x00,0x02,0xfc,0x00,  //.%@@@%........+#@@@*.
0x0b,0xf8,0x00,0x1f,0xf4,0x00,  //..#@@@#*....+*@@@@%..
0x02,0xff,0xaa,0xff,0xe0,0x00,  //..+#@@@@#%%#@@@@@%...
0x00,0xbf,0xff,0xff,0x40,0x00,  //...+#@@@@@@@@@@@%....
0x00,0x1b,0xff,0xf8,0x00,0x00,  //.....*#@@@@@@@%*.....
0x00,0x00,0x6a,0x40,0x00,0x00,  //.......**%%%*+.......


/*  */
0x00,0x00,0x00,0x00,0x00,0x6a,  //....................*%%%
0x00,0x00,0x00,0x00,0x00,0x7f,  //....................*@@@
0x00,0x00,0x00,0x00,0x00,0x7f,  //....................*@@@
0x00,0x00,0x00,0x00,0x00,0x7f,  //....................*@@@
0x00,0x00,0x00,0x00,0x00,0x7f,  //....................*@@@
0x00,0x00,0x00,0x00,0x00,0x7f,  //....................*@@@
0x00,0x00,0x00,0x00,0x00,0x7f,  //....................*@@@
0x00,0x00,0x00,0x01,0xf8,0x7f,  //...............*@@%.*@@@
0x00,0x00,0x00,0x01,0xf8,0x7f,  //...............*@@%.*@@@
0x00,0x00,0x00,0x01,0xf8,0x7f,  //...............*@@%.*@@@
0x00,0x00,0x00,0x01,0xf8,0x7f,  //...............*@@%.*@@@
0x00,0x00,0x00,0x01,0xf8,0x7f,  //...............*@@%.*@@@
0x00,0x00,0x06,0x91,0xf8,0x7f,  //..........%%%%.*@@%.*@@@
0x00,0x00,0x0b,0xe1,0xf8,0x7f,  //..........%@@%.*@@%.*@@@
0x00,0x00,0x0b,0xe1,0xf8,0x7f,  //..........%@@%.*@@%.*@@@
0x00,0x15,0x0b,0xe1,0xf8,0x7f,  //.....***+.%@@%.*@@%.*@@@
0x00,0x2f,0x4b,0xe1,0xf8,0x7f,  //.....%@@*.%@@%.*@@%.*@@@
0xa8,0x2f,0x4b,0xe1,0xf8,0x7f,  //%%%*.%@@*.%@@%.*@@%.*@@@
0xfd,0x2f,0x4b,0xe1,0xf8,0x7f,  //@@@*.%@@*.%@@%.*@@%.*@@@
0xfd,0x2f,0x4b,0xe1,0xf8,0x7f,  //@@@*.%@@*.%@@%.*@@%.*@@@
0xa8,0x1a,0x46,0x91,0xa4,0x2a,  //%%%*.%%%*.*%%*.*%%%.*%%%


/*  */
0x00,0x00,0x6a,0x00,0x00,0x00,  //........%%%%+........
0x00,0x00,0xbf,0x40,0x00,0x00,  //........#@@@*........
0x01,0x90,0xff,0x42,0x80,0x00,  //...*#*..@@@@*..%#....
0x07,0xfa,0xff,0xdb,0xe0,0x00,  //..*@@@%#@@@@@%#@@#...
0x0f,0xff,0xff,0xff,0xf4,0x00,  //.+@@@@@@@@@@@@@@@@%..
0x07,0xff,0xff,0xff,0xf0,0x00,  //..%@@@@@@@@@@@@@@@+..
0x02,0xff,0xff,0xff,0xd0,0x00,  //...#@@@@@@@@@@@@@*...
0x02,0xff,0x40,0xbf,0xd0,0x00,  //...#@@@@*..*#@@@@*...
0x6b,0xfd,0x00,0x2f,0xe9,0x00,  //%%#@@@@*.....#@@@#%%*
0xff,0xfc,0x00,0x1f,0xff,0x40,  //@@@@@@@......*@@@@@@*
0xff,0xf8,0x00,0x0f,0xff,0x40,  //@@@@@@#......*@@@@@@*
0xff,0xfc,0x00,0x1f,0xff,0x40,  //@@@@@@@......*@@@@@@*
0x5b,0xfd,0x00,0x2f,0xe9,0x00,  //**%@@@@%.....#@@@#%*+
0x02,0xff,0x81,0xbf,0xd0,0x00,  //...#@@@@%***#@@@@*...
0x02,0xff,0xff,0xff,0xd0,0x00,  //...#@@@@@@@@@@@@@%...
0x0b,0xff,0xff,0xff,0xf4,0x00,  //..%@@@@@@@@@@@@@@@*..
0x0b,0xff,0xff,0xff,0xf4,0x00,  //..#@@@@@@@@@@@@@@@%..
0x02,0xf6,0xff,0x9b,0xe0,0x00,  //..+#@@%%@@@@#*#@@#...
0x00,0x80,0xff,0x41,0x80,0x00,  //...+#*..@@@@*..%%....
0x00,0x00,0xbf,0x40,0x00,0x00,  //........%@@@*........
0x00,0x00,0x6a,0x00,0x00,0x00,  //........*%%%+........


/*  */
0x00,0x06,0xaa,0x40,0x00,  //......%%%%%%%......
0x00,0x1e,0xaa,0xd0,0x00,  //.....%@#%%%#@*.....
0x00,0x28,0x00,0xa0,0x00,  //.....##.....##.....
0x55,0x79,0x55,0xb5,0x54,  //****%@%*****#@%****
0xff,0xff,0xff,0xff,0xf8,  //@@@@@@@@@@@@@@@@@@%
0x1d,0x00,0x00,0x01,0xd0,  //**@%***********%@*+
0x0d,0x00,0x00,0x01,0xc0,  //.*@*...........*@*.
0x0d,0x00,0x00,0x01,0xc0,  //.*@*.++..*..++.*@*.
0x0d,0x28,0x70,0xe1,0xc0,  //.*@*.%%.*@*.@%.*@*.
0x0d,0x28,0x70,0xe1,0xc0,  //.*@*.%%.*@*.@%.*@*.
0x0d,0x28,0x70,0xe1,0xc0,  //.*@*.%%.*@*.@%.*@*.
0x0d,0x28,0x70,0xe1,0xc0,  //.*@*.%%.*@*.@%.*@*.
0x0d,0x28,0x70,0xe1,0xc0,  //.*@*.%%.*@*.@%.*@*.
0x0d,0x28,0x70,0xe1,0xc0,  //.*@*.%%.*@*.@%.*@*.
0x0d,0x28,0x70,0xe1,0xc0,  //.*@*.%%.*@*.@%.*@*.
0x0d,0x28,0x70,0xe1,0xc0,  //.*@*.%%.*@*.@%.*@*.
0x0d,0x14,0x10,0x41,0xc0,  //.*@*.**.+*..**.*@*.
0x0d,0x00,0x00,0x01,0xc0,  //.*@*...........*@*.
0x0d,0x00,0x00,0x01,0xc0,  //.*@%...........%@..
0x0b,0xff,0xff,0xff,0x80,  //..#@@@@@@@@@@@@@%..
0x02,0xaa,0xaa,0xa9,0x00,  //..+%%%%%%%%%%%%%...


/*  */
0x00,0x00,0x0b,0x41,0xf8,0x00,  //.........*#@%..*@@%...
0x00,0x00,0x7f,0xe1,0xf8,0x00,  //........*@@@@%.*@@%...
0x00,0x01,0xf5,0xf9,0xf8,0x00,  //.......%@@%*@@#%@@%...
0x00,0x0b,0xd1,0x2f,0xf8,0x00,  //......#@@*+**#@@@@%...
0x00,0x2e,0x1f,0x4b,0xf8,0x00,  //....+#@#**@@%+#@@@%...
0x00,0xb8,0x7f,0xe2,0xf8,0x00,  //...*#@#+%@@@@%+%@@#...
0x07,0xe2,0xff,0xf8,0x7e,0x00,  //..*@@#+%@@@@@@#+%@@%..
0x1f,0x4b,0xff,0xfe,0x1f,0x80,  //.%@@%+#@@@@@@@@#**@@#+
0x7d,0x2f,0xff,0xff,0xd2,0xe0,  //%@@**#@@@@@@@@@@@**#@#
0x20,0xff,0xff,0xff,0xf4,0x80,  //.%**@@@@@@@@@@@@@@%+#*
0x01,0xff,0xff,0xff,0xf8,0x00,  //...*@@@@@@@@@@@@@@%...
0x01,0xff,0xea,0xbf,0xf8,0x00,  //...*@@@@@#%%#@@@@@%...
0x01,0xff,0xd0,0x3f,0xf8,0x00,  //...*@@@@@*..*@@@@@%...
0x01,0xff,0xd0,0x3f,0xf8,0x00,  //...*@@@@@*..*@@@@@%...
0x01,0xff,0xd0,0x3f,0xf8,0x00,  //...*@@@@@*..*@@@@@%...
0x01,0xff,0xd0,0x3f,0xf8,0x00,  //...*@@@@@*..*@@@@@%...
0x01,0xff,0xd0,0x3f,0xf8,0x00,  //...*@@@@@*..*@@@@@%...


/*  */
0x15,0x55,0x55,0x50,0x00,0x00,  //***************......
0xbf,0xff,0xff,0xfd,0x00,0x00,  //#@@@@@@@@@@@@@@%.....
0xe0,0x00,0x00,0xeb,0x40,0x00,  //@#**********@##@%....
0xe0,0x00,0x00,0xe2,0xd0,0x00,  //@%..........@%.#@%...
0xe0,0x00,0x00,0xe0,0xb4,0x00,  //@%..........@%..#@%..
0xe0,0x00,0x00,0xe0,0x2d,0x00,  //@%..........@%...#@%.
0xe0,0x00,0x00,0xe0,0x0b,0x00,  //@%..........@%....#@*
0xe0,0x00,0x00,0xea,0xab,0x40,  //@%..........@#%%%%#@*
0xe0,0x00,0x00,0xbf,0xff,0x40,  //@%..........%@@@@@@@*
0xe0,0x00,0x00,0x00,0x03,0x40,  //@%................*@*
0xe0,0x00,0x00,0x00,0x03,0x40,  //@%................*@*
0xe0,0x00,0x00,0x00,0x03,0x40,  //@%................*@*
0xe0,0x00,0x00,0x00,0x03,0x40,  //@%................*@*
0xe0,0x00,0x00,0x00,0x03,0x40,  //@%................*@*
0xe0,0x00,0x00,0x00,0x03,0x40,  //@%................*@*
0xe0,0x00,0x00,0x00,0x03,0x40,  //@%................*@*
0xe0,0x00,0x00,0x00,0x03,0x40,  //@%................*@*
0xe0,0x00,0x00,0x00,0x03,0x40,  //@%................*@*
0xe0,0x00,0x00,0x00,0x03,0x40,  //@%................*@*
0xe0,0x00,0x00,0x00,0x03,0x40,  //@%................*@*
0xe0,0x00,0x00,0x00,0x03,0x40,  //@%................*@*
0xe0,0x00,0x00,0x00,0x03,0x40,  //@%................*@*
0xe0,0x00,0x00,0x00,0x07,0x40,  //@#*****************@*
0xbf,0xff,0xff,0xff,0xff,0x40,  //#@@@@@@@@@@@@@@@@@@@*


/*  */
0x00,0x01,0xaa,0x50,0x00,0x00,  //......+*%%%%%*.......
0x00,0x2f,0xff,0xf9,0x00,0x00,  //....+%@@@@@@@@#*.....
0x00,0xbf,0xff,0xff,0x80,0x00,  //...*#@@@@@@@@@@@%....
0x07,0xfe,0x40,0x6f,0xe0,0x00,  //..*@@@@%*****#@@@#...
0x0b,0xe0,0x00,0x07,0xf8,0x00,  //.+#@@#+.......*@@@%..
0x2f,0x80,0x06,0x01,0xfc,0x00,  //.%@@#.....*%...*@@@*.
0x3f,0x00,0x0b,0x00,0x7e,0x00,  //*@@@+.....%@....%@@#.
0x7d,0x00,0x0b,0x00,0x3f,0x00,  //%@@%......%@.....@@@+
0xbc,0x00,0x0b,0x00,0x2f,0x40,  //#@@*......%@.....%@@*
0xfc,0x00,0x0b,0x00,0x1f,0x40,  //@@@.......%@.....*@@*
0xfc,0x01,0x5b,0x00,0x1f,0x40,  //@@@....***#@.....*@@*
0xfc,0x03,0xff,0x00,0x1f,0x40,  //@@@...+@@@@@.....*@@*
0xbc,0x00,0x00,0x00,0x2f,0x40,  //%@@*...+***+.....%@@*
0x7d,0x00,0x00,0x00,0x3f,0x00,  //%@@%............+@@@+
0x3f,0x00,0x00,0x00,0xbe,0x00,  //+@@@*...........%@@%.
0x2f,0x80,0x00,0x01,0xfc,0x00,  //.%@@#+.........*@@@*.
0x0b,0xe0,0x00,0x07,0xf4,0x00,  //..#@@#*.......%@@@%..
0x02,0xfe,0x41,0x6f,0xe0,0x00,  //..+#@@@#****%#@@@#...
0x00,0xbf,0xff,0xff,0x40,0x00,  //...+#@@@@@@@@@@@%....
0x00,0x1b,0xff,0xf8,0x00,0x00,  //.....*#@@@@@@@#*.....
0x00,0x01,0x6a,0x40,0x00,0x00,  //.......*%%%%*+.......


/*  */
0x00,0x1f,0xf4,0x2f,0xe0,0x00,  //.....*@@@@*..%@@@#+.....
0x00,0x2f,0xf4,0x2f,0xf4,0x00,  //.....#@@@@*..%@@@@*.....
0x00,0x3f,0xf4,0x2f,0xf8,0x00,  //....+@@@@@*..%@@@@#.....
0x00,0x7f,0xfa,0xaf,0xfc,0x00,  //....%@@@@@#%%#@@@@@*....
0x00,0xbf,0xff,0xff,0xfe,0x00,  //....#@@@@@@@@@@@@@@%....
0x01,0xff,0xf0,0x1f,0xff,0x00,  //...*@@@@@@+..*@@@@@@+...
0x02,0xff,0xf0,0x0f,0xff,0x40,  //...#@@@@@@...*@@@@@@*...
0x03,0xff,0xf0,0x0f,0xff,0x80,  //..+@@@@@@@...*@@@@@@#...
0x07,0xff,0xf0,0x0f,0xff,0xc0,  //..%@@@@@@@...*@@@@@@@*..
0x0b,0xff,0xe0,0x0f,0xff,0xe0,  //..#@@@@@@%...*@@@@@@@%..
0x1f,0xff,0xfa,0xaf,0xff,0xf0,  //.*@@@@@@@@%%%#@@@@@@@@+.
0x2f,0xff,0xff,0xff,0xff,0xf4,  //.#@@@@@@@@@@@@@@@@@@@@*.
0x3f,0xff,0xea,0xaf,0xff,0xf8,  //+@@@@@@@@#%%%%@@@@@@@@#.
0x7f,0xff,0xd0,0x0b,0xff,0xfc,  //%@@@@@@@@*....%@@@@@@@@*
0xbf,0xff,0xd0,0x0b,0xff,0xfe,  //#@@@@@@@@*....%@@@@@@@@%
0xff,0xff,0xd0,0x0b,0xff,0xff,  //@@@@@@@@@*....%@@@@@@@@@
0xff,0xff,0xd0,0x0b,0xff,0xfe,  //@@@@@@@@@*....%@@@@@@@@#


/*  */
0x00,0x00,0x15,0x40,0x00,0x00,  //.........*****........
0x00,0x00,0x7f,0xe0,0x00,0x00,  //........*@@@@%........
0x00,0x00,0x7f,0xe0,0x00,0x00,  //........*@@@@%........
0x00,0x00,0x7f,0xe0,0x00,0x00,  //........*@@@@%........
0x00,0x00,0x7f,0xe0,0x00,0x00,  //........*@@@@%........
0x00,0x00,0x7f,0xe0,0x00,0x00,  //........*@@@@%........
0x00,0x00,0x7f,0xe0,0x00,0x00,  //........*@@@@%........
0x00,0x6a,0xbf,0xea,0x90,0x00,  //....*%%%#@@@@#%%%%....
0x00,0x7f,0xff,0xff,0xe0,0x00,  //....%@@@@@@@@@@@@#....
0x00,0x1f,0xff,0xff,0x80,0x00,  //.....%@@@@@@@@@@#+....
0x00,0x07,0xff,0xfe,0x00,0x00,  //......%@@@@@@@@#+.....
0x00,0x01,0xff,0xf8,0x00,0x00,  //.......%@@@@@@#+......
0x00,0x00,0x7f,0xe0,0x00,0x00,  //........%@@@@#+.......
0x00,0x00,0x1f,0x80,0x00,0x00,  //.........%@@#+........
0x6a,0xaa,0x06,0x06,0xaa,0xa0,  //%%%%%%%%..%#+.%%%%%%%%
0xff,0xff,0x80,0x1f,0xff,0xf0,  //@@@@@@@@#....%@@@@@@@@
0xff,0xff,0xe4,0xbf,0xff,0xf0,  //@@@@@@@@@#**%@@@@@@@@@
0xff,0xff,0xff,0xfe,0x7d,0xb0,  //@@@@@@@@@@@@@@@#%@@%#@
0xff,0xff,0xff,0xfd,0x28,0x70,  //@@@@@@@@@@@@@@@*.##.*@
0xff,0xff,0xff,0xfe,0xbe,0xb0,  //@@@@@@@@@@@@@@@##@@##@
0xbf,0xff,0xff,0xff,0xff,0xe0,  //%@@@@@@@@@@@@@@@@@@@@#


/*  */
0x00,0x01,0xaa,0x50,0x00,0x00,  //......+*%%%%%*.......
0x00,0x2f,0xff,0xf9,0x00,0x00,  //....+%@@@@@@@@#*.....
0x00,0xbf,0xff,0xff,0x80,0x00,  //...*#@@@@@@@@@@@%....
0x07,0xfe,0x40,0x6f,0xe0,0x00,  //..*@@@@%*****#@@@#...
0x0b,0xe0,0x00,0x07,0xf8,0x00,  //.+#@@#+.......*@@@%..
0x2f,0x80,0x2a,0x01,0xfc,0x00,  //.%@@#...*%%%...*@@@*.
0x3f,0x00,0x7f,0x00,0x7e,0x00,  //*@@@+...*@@@....%@@#.
0x7d,0x00,0x7f,0x00,0x3f,0x00,  //%@@%....*@@@.....@@@+
0xbc,0x00,0x7f,0x00,0x2f,0x40,  //#@@*....*@@@.....%@@*
0xfc,0x00,0x7f,0x00,0x1f,0x40,  //@@@.....*@@@.....*@@*
0xfc,0x05,0xbf,0x54,0x1f,0x40,  //@@@..+**%@@@***..*@@*
0xfc,0x0b,0xff,0xf4,0x1f,0x40,  //@@@...#@@@@@@@%..*@@*
0xbc,0x02,0xff,0xd0,0x2f,0x40,  //%@@*...#@@@@@%...%@@*
0x7d,0x00,0xbf,0x40,0x3f,0x00,  //%@@%....#@@@%...+@@@+
0x3f,0x00,0x2d,0x00,0xbe,0x00,  //+@@@*....#@%....%@@%.
0x2f,0x80,0x04,0x01,0xfc,0x00,  //.%@@#+....*....*@@@*.
0x0b,0xe0,0x00,0x07,0xf4,0x00,  //..#@@#*.......%@@@%..
0x02,0xfe,0x41,0x6f,0xe0,0x00,  //..+#@@@#****%#@@@#...
0x00,0xbf,0xff,0xff,0x40,0x00,  //...+#@@@@@@@@@@@%....
0x00,0x1b,0xff,0xf8,0x00,0x00,  //.....*#@@@@@@@#*.....
0x00,0x01,0x6a,0x40,0x00,0x00,  //.......*%%%%*+.......


/*  */
0x00,0x01,0xaa,0x50,0x00,0x00,  //......+*%%%%%*.......
0x00,0x2f,0xff,0xf9,0x00,0x00,  //....+%@@@@@@@@#*.....
0x00,0xbf,0xff,0xff,0x80,0x00,  //...*#@@@@@@@@@@@%....
0x07,0xfe,0x40,0x6f,0xe0,0x00,  //..*@@@@%*****#@@@#...
0x0b,0xe0,0x00,0x07,0xf8,0x00,  //.+#@@#+.......*@@@%..
0x2f,0x80,0x04,0x01,0xfc,0x00,  //.%@@#....+%....*@@@*.
0x3f,0x00,0x2d,0x00,0x7e,0x00,  //*@@@+...+#@%....%@@#.
0x7d,0x00,0xbf,0x40,0x3f,0x00,  //%@@%...+#@@@%....@@@+
0xbc,0x02,0xff,0xd0,0x2f,0x40,  //#@@*..+#@@@@@%...%@@*
0xfc,0x0b,0xff,0xf4,0x1f,0x40,  //@@@..+#@@@@@@@%..*@@*
0xfc,0x05,0xbf,0x54,0x1f,0x40,  //@@@..+**%@@@***..*@@*
0xfc,0x00,0x7f,0x00,0x1f,0x40,  //@@@.....*@@@.....*@@*
0xbc,0x00,0x7f,0x00,0x2f,0x40,  //%@@*....*@@@.....%@@*
0x7d,0x00,0x7f,0x00,0x3f,0x00,  //%@@%....*@@@....+@@@+
0x3f,0x00,0x7f,0x00,0xbe,0x00,  //+@@@*...*@@@....%@@%.
0x2f,0x80,0x15,0x01,0xfc,0x00,  //.%@@#+..+***...*@@@*.
0x0b,0xe0,0x00,0x07,0xf4,0x00,  //..#@@#*.......%@@@%..
0x02,0xfe,0x41,0x6f,0xe0,0x00,  //..+#@@@#****%#@@@#...
0x00,0xbf,0xff,0xff,0x40,0x00,  //...+#@@@@@@@@@@@%....
0x00,0x1b,0xff,0xf8,0x00,0x00,  //.....*#@@@@@@@#*.....
0x00,0x01,0x6a,0x40,0x00,0x00,  //.......*%%%%*+.......


/*  */
0x00,0xff,0xff,0xff,0x80,0x00,  //...*@@@@@@@@@@@@#....
0x02,0xff,0xff,0xff,0xd0,0x00,  //...#@@@@@@@@@@@@@*...
0x03,0xe5,0x55,0x56,0xe0,0x00,  //..*@@%*********#@#...
0x0b,0xc0,0x00,0x01,0xf0,0x00,  //..%@@+.........*@@*..
0x0f,0x40,0x00,0x00,0xf8,0x00,  //.+@@%..........+@@%..
0x1f,0x00,0x00,0x00,0x7c,0x00,  //.%@@*...........%@@+.
0x2e,0x00,0x00,0x00,0x3d,0x00,  //.#@#............*@@%.
0x7d,0x00,0x00,0x00,0x2e,0x00,  //*@@*.............#@#.
0xb8,0x00,0x00,0x00,0x1f,0x40,  //#@#..............*@@*
0xfa,0xa8,0x00,0x0a,0xaf,0x40,  //@@#%%%%......*%%%%@@*
0xff,0xfd,0x00,0x2f,0xff,0x40,  //@@@@@@@*.....#@@@@@@*
0xff,0xfe,0x00,0x7f,0xff,0x40,  //@@@@@@@#*****@@@@@@@*
0xff,0xff,0xff,0xff,0xff,0x40,  //@@@@@@@@@@@@@@@@@@@@*
0xff,0xff,0xff,0xff,0xff,0x40,  //@@@@@@@@@@@@@@@@@@@@*
0xff,0xff,0xff,0xff,0xff,0x40,  //@@@@@@@@@@@@@@@@@@@@*
0xff,0xff,0xff,0xff,0xff,0x40,  //@@@@@@@@@@@@@@@@@@@@*
0xbf,0xff,0xff,0xff,0xff,0x40,  //#@@@@@@@@@@@@@@@@@@@*


/*  */
0x00,0x01,0xaa,0x50,0x00,0x00,  //......+*%%%%%*.......
0x00,0x2f,0xff,0xf9,0x00,0x00,  //....+%@@@@@@@@#*.....
0x00,0xbf,0xff,0xff,0x80,0x00,  //...*#@@@@@@@@@@@%....
0x07,0xfe,0x40,0x6f,0xe0,0x00,  //..*@@@@%*****#@@@#...
0x0b,0xe0,0x00,0x07,0xf8,0x00,  //.+#@@#+.......*@@@%..
0x2f,0x82,0x40,0x01,0xfc,0x00,  //.%@@#..%*......*@@@*.
0x3f,0x03,0xe0,0x00,0x7e,0x00,  //*@@@+.*@@%*.....%@@#.
0x7d,0x03,0xfd,0x00,0x3f,0x00,  //%@@%..*@@@@%.....@@@+
0xbc,0x03,0xff,0x90,0x2f,0x40,  //#@@*..*@@@@@#*...%@@*
0xfc,0x03,0xff,0xf8,0x1f,0x40,  //@@@...*@@@@@@@#*.*@@*
0xfc,0x03,0xff,0xfe,0x1f,0x40,  //@@@...*@@@@@@@@%.*@@*
0xfc,0x03,0xff,0xf8,0x1f,0x40,  //@@@...*@@@@@@@%+.*@@*
0xbc,0x03,0xff,0x80,0x2f,0x40,  //%@@*..*@@@@@#*...%@@*
0x7d,0x03,0xf9,0x00,0x3f,0x00,  //%@@%..*@@@#*....+@@@+
0x3f,0x03,0xd0,0x00,0xbe,0x00,  //+@@@*.*@@%+.....%@@%.
0x2f,0x81,0x00,0x01,0xfc,0x00,  //.%@@#+.**......*@@@*.
0x0b,0xe0,0x00,0x07,0xf4,0x00,  //..#@@#*.......%@@@%..
0x02,0xfe,0x41,0x6f,0xe0,0x00,  //..+#@@@#****%#@@@#...
0x00,0xbf,0xff,0xff,0x40,0x00,  //...+#@@@@@@@@@@@%....
0x00,0x1b,0xff,0xf8,0x00,0x00,  //.....*#@@@@@@@#*.....
0x00,0x01,0x6a,0x40,0x00,0x00,  //.......*%%%%*+.......


/*  */
0x00,0x01,0xaa,0x50,0x00,0x00,  //......+*%%%%%*.......
0x00,0x1f,0xff,0xf9,0x02,0x40,  //....+%@@@@@@@@#*..+#*
0x00,0xbf,0xff,0xff,0x8b,0x40,  //...*#@@@@@@@@@@@%*#@*
0x07,0xff,0x96,0xbf,0xff,0x40,  //..*@@@@@#%*%#@@@@@@@*
0x0b,0xf8,0x00,0x1b,0xff,0x40,  //.+#@@@%+.....*#@@@@@*
0x2f,0xd0,0x00,0x03,0xff,0x40,  //.%@@@%........*@@@@@*
0x3f,0x80,0x00,0x0b,0xff,0x40,  //+@@@%........+#@@@@@*
0x7f,0x00,0x00,0x2f,0xff,0x40,  //%@@@+.......+#@@@@@@*
0xbe,0x00,0x00,0x2a,0xaa,0x00,  //#@@%.........%%%%%%%*
0xfd,0x00,0x00,0x00,0x00,0x00,  //@@@*.................
0xfd,0x00,0x00,0x00,0x00,0x00,  //@@@*.................
0xfd,0x00,0x00,0x00,0x00,0x00,  //@@@*.................
0xbe,0x00,0x00,0x00,0x00,0x00,  //%@@#.................
0x7f,0x00,0x00,0x00,0x00,0x00,  //%@@@+................
0x3f,0x80,0x00,0x00,0x00,0x00,  //+@@@%..........+*....
0x1f,0xd0,0x00,0x02,0xd0,0x00,  //.%@@@%........+#@*...
0x0b,0xf8,0x00,0x1f,0xf0,0x00,  //..#@@@#*....+*@@@@+..
0x02,0xff,0xaa,0xff,0xe0,0x00,  //..+#@@@@#%%#@@@@@#...
0x00,0xbf,0xff,0xff,0x40,0x00,  //...+#@@@@@@@@@@@%....
0x00,0x1b,0xff,0xf8,0x00,0x00,  //.....*#@@@@@@@#*.....
0x00,0x00,0x6a,0x40,0x00,0x00,  //.......**%%%*+.......


/*  */
0x00,0x01,0xaa,0x40,0x00,0x00,  //......+*%%%%%*.......
0x00,0x2f,0xff,0xf9,0x02,0x40,  //....+%@@@@@@@@#*..+#*
0x01,0xbf,0xff,0xff,0x8b,0x40,  //...*#@@@@@@@@@@@%*#@*
0x07,0xff,0x96,0xbf,0xff,0x40,  //..*@@@@@#%*%#@@@@@@@*
0x0b,0xf8,0x00,0x1b,0xff,0x40,  //.+#@@@%+.....*#@@@@@*
0x2f,0xd0,0x00,0x03,0xff,0x40,  //.%@@@%........*@@@@@*
0x3f,0x80,0x00,0x0b,0xff,0x40,  //+@@@%........+#@@@@@*
0x7f,0x00,0x00,0x2f,0xff,0x40,  //%@@@+........#@@@@@@*
0x69,0x00,0x00,0x2a,0xaa,0x00,  //*%%*.........%%%%%%%*
0x00,0x00,0x00,0x00,0x00,0x00,  //.....................
0x00,0x00,0x00,0x00,0x00,0x00,  //.....................
0x00,0x00,0x00,0x00,0x00,0x00,  //.....................
0xaa,0xa9,0x00,0x00,0x2a,0x00,  //%%%%%%%*........+%%%+
0xff,0xfd,0x00,0x00,0x7e,0x00,  //@@@@@@@%........%@@#.
0xff,0xf4,0x00,0x00,0xfd,0x00,  //@@@@@@%........+@@@%.
0xff,0xe0,0x00,0x02,0xfc,0x00,  //@@@@@#........+#@@@+.
0xff,0xf8,0x00,0x1f,0xf4,0x00,  //@@@@@@#*.....*@@@@*..
0xff,0xff,0xaa,0xff,0xd0,0x00,  //@@@@@@@@#%%#@@@@@%...
0xf4,0xbf,0xff,0xff,0x40,0x00,  //@@%+#@@@@@@@@@@@%....
0x90,0x1b,0xff,0xf8,0x00,0x00,  //%%...*#@@@@@@@#*.....
0x00,0x00,0x6a,0x40,0x00,0x00,  //.......*%%%%*+.......


/*  */
0x2a,0xaa,0xaa,0xaa,0xaa,0xa8,  //+%%%%%%%%%%%%%%%%%%%%%%+
0xbf,0xff,0xff,0xff,0xff,0xfe,  //#@@@@@@@@@@@@@@@@@@@@@@#
0xff,0xff,0xff,0xff,0xff,0xff,  //@@@@@@@@@@@@@@@@@@@@@@@@
0xff,0xff,0xff,0xff,0xff,0xff,  //@@@@@@@@@@@@@@@@@@@@@@@@
0xff,0xff,0xff,0xff,0xff,0xff,  //@@@@@@@@@@@@@@@@@@@@@@@@
0xe0,0x00,0x00,0x00,0x00,0x0b,  //@#********************#@
0xe0,0x00,0x00,0x00,0x00,0x0b,  //@%....................%@
0xe1,0xc3,0xff,0xff,0xff,0x4b,  //@%.*@++@@@@@@@@@@@@@*.%@
0xe1,0x82,0xaa,0xaa,0xaa,0x4b,  //@%.*%++%%%%%%%%%%%%%*.%@
0xe0,0x00,0x00,0x00,0x00,0x0b,  //@%....................%@
0xe0,0x41,0x55,0x55,0x55,0x0b,  //@%.**..**************.%@
0xe1,0xc3,0xff,0xff,0xff,0x4b,  //@%.*@++@@@@@@@@@@@@@*.%@
0xe0,0x00,0x00,0x00,0x00,0x0b,  //@%..+..+************..%@
0xe0,0x00,0x00,0x00,0x00,0x0b,  //@%..+..+************..%@
0xe1,0xc3,0xff,0xff,0xff,0x4b,  //@%.*@++@@@@@@@@@@@@@*.%@
0xe0,0x41,0x55,0x55,0x55,0x0b,  //@%.**..**************.%@
0xe0,0x00,0x00,0x00,0x00,0x0b,  //@%....................%@
0xaa,0xaa,0xaa,0xaa,0xaa,0xaa,  //##%%%%%%%%%%%%%%%%%%%%##
0x2f,0xff,0xff,0xff,0xff,0xf8,  //+#@@@@@@@@@@@@@@@@@@@@#+


/*  */
0x00,0x1a,0x90,0x00,  //.....*%%%%+....
0x00,0xbf,0xfd,0x00,  //...+#@@@@@@*...
0x02,0xfa,0xbf,0x40,  //..+#@@#%#@@@*..
0x07,0xd0,0x0b,0xc0,  //..%@@%...*#@@+.
0x0f,0x80,0x03,0xd0,  //..@@%.....*@@*.
0x0f,0x00,0x02,0xe0,  //.*@@*......#@%.
0x0f,0x00,0x02,0xe0,  //.*@@*......%@%.
0x0f,0x00,0x02,0xe0,  //.*@@*......%@%.
0x1f,0x40,0x02,0xe0,  //.*@@*******#@#+
0xbf,0xff,0xff,0xfc,  //#@@@@@@@@@@@@@@
0xff,0xff,0xff,0xfc,  //@@@@@@@@@@@@@@@
0xff,0xff,0xff,0xfc,  //@@@@@@@@@@@@@@@
0xff,0xff,0xff,0xfc,  //@@@@@@@@@@@@@@@
0xff,0xff,0xff,0xfc,  //@@@@@@@@@@@@@@@
0xff,0xff,0xff,0xfc,  //@@@@@@@@@@@@@@@
0xff,0xff,0xff,0xfc,  //@@@@@@@@@@@@@@@
0xff,0xff,0xff,0xfc,  //@@@@@@@@@@@@@@@
0xff,0xff,0xff,0xfc,  //@@@@@@@@@@@@@@@
0xbf,0xff,0xff,0xf8,  //%@@@@@@@@@@@@@#


/*  */
0x64,0x00,0x00,0x00,0x00,0x00,  //*%%....................
0xfc,0x00,0x00,0x00,0x00,0x00,  //@@@*......*............
0xbc,0x01,0xbf,0x90,0x00,0x68,  //#@@+..*%#@@@#%*.....*##
0x34,0x6f,0xff,0xfe,0x46,0xfc,  //*@%.*#@@@@@@@@@#**%#@@@
0x35,0xff,0xff,0xff,0xff,0xfc,  //*@*%@@@@@@@@@@@@@@@@@@@
0x36,0xff,0xff,0xff,0xff,0xfc,  //*@*%@@@@@@@@@@@@@@@@@@@
0x36,0xff,0xff,0xff,0xff,0xfc,  //*@*%@@@@@@@@@@@@@@@@@@@
0x36,0xff,0xff,0xff,0xff,0xfc,  //*@*%@@@@@@@@@@@@@@@@@@@
0x36,0xff,0xff,0xff,0xff,0xfc,  //*@*%@@@@@@@@@@@@@@@@@@@
0x36,0xff,0xff,0xff,0xff,0xfc,  //*@*%@@@@@@@@@@@@@@@@@@@
0x36,0xff,0xff,0xff,0xff,0xfc,  //*@*%@@@@@@@@@@@@@@@@@@@
0x36,0xff,0xff,0xff,0xff,0xfc,  //*@*%@@@@@@@@@@@@@@@@@@@
0x36,0xff,0xff,0xff,0xff,0xfc,  //*@*%@@@@@@@@@@@@@@@@@@@
0x36,0xff,0x95,0xbf,0xff,0xf8,  //*@*%@@@@#%**%@@@@@@@@@%
0x36,0xe4,0x00,0x06,0xff,0x40,  //*@*%@#%+......*#@@@@%*.
0x34,0x40,0x00,0x00,0x00,0x00,  //*@***...........***....
0x34,0x00,0x00,0x00,0x00,0x00,  //*@*....................
0x34,0x00,0x00,0x00,0x00,0x00,  //*@*....................
0x34,0x00,0x00,0x00,0x00,0x00,  //*@*....................
0x34,0x00,0x00,0x00,0x00,0x00,  //*@*....................
0x20,0x00,0x00,0x00,0x00,0x00,  //+%*....................


/*  */
0x00,0x00,0x6a,0x94,0x00,0x00,  //.......*%%%%%%*.......
0x00,0x1b,0xff,0xfe,0x40,0x00,  //.....*#@@@@@@@@#*.....
0x00,0xbf,0xea,0xbf,0xe0,0x00,  //...+#@@@@#%%#@@@@#*...
0x02,0xf9,0x00,0x06,0xfd,0x00,  //..+#@@#*+.....*#@@@*..
0x0b,0xe0,0x00,0x00,0x7f,0x00,  //..#@@%..........*@@@*.
0x1f,0x40,0x00,0x00,0x1f,0x80,  //.%@@%............*@@#.
0x3e,0x00,0x00,0x00,0x07,0xd0,  //+@@%..............*@@*
0x7c,0x00,0x00,0x00,0x02,0xe0,  //%@@*...............#@#
0xb8,0x00,0x00,0x00,0x01,0xf0,  //#@#................%@@
0xf4,0x00,0x00,0x00,0x00,0xf0,  //@@%................*@@
0xf4,0x01,0x00,0x04,0x00,0xf0,  //@@*....**....+*+...*@@
0xf8,0x1b,0x40,0x0e,0x41,0xf0,  //@@%..*#@*....*@#%..*@@
0xb8,0xbf,0x40,0x0f,0xe1,0xf0,  //%@#.%@@@*....*@@@#+%@@
0x7f,0xff,0x40,0x0f,0xff,0xe0,  //%@@@@@@@*....*@@@@@@@#
0x3f,0xff,0x40,0x0f,0xff,0xd0,  //+@@@@@@@*....*@@@@@@@*
0x06,0xff,0x40,0x0f,0xf9,0x00,  //.**%@@@@*....*@@@@#**.
0x00,0xbf,0x40,0x0f,0xf0,0x00,  //...+#@@@*....*@@@@*...
0x00,0x2f,0x40,0x0f,0x90,0x00,  //....+#@@*....*@@#*....
0x00,0x03,0x40,0x0d,0x00,0x00,  //......*@*....*@*......


/*  */
0x00,0x00,0x20,  //........+%
0x00,0x00,0xb0,  //.......+#@
0x00,0x02,0xf0,  //......+#@@
0x00,0x0b,0xf0,  //.....+#@@@
0x00,0x2f,0xf0,  //....+#@@@@
0xbf,0xff,0xf0,  //#@@@@@@@@@
0xff,0xff,0xf0,  //@@@@@@@@@@
0xff,0xff,0xf0,  //@@@@@@@@@@
0xff,0xff,0xf0,  //@@@@@@@@@@
0xff,0xff,0xf0,  //@@@@@@@@@@
0xff,0xff,0xf0,  //@@@@@@@@@@
0xaa,0xbf,0xf0,  //%%%%#@@@@@
0x00,0x2f,0xf0,  //.....#@@@@
0x00,0x0b,0xf0,  //......#@@@
0x00,0x02,0xf0,  //.......#@@
0x00,0x00,0xb0,  //........#@
0x00,0x00,0x10,  //.........*


/*  */
0x00,0x00,0x20,0x00,  //........+%.....
0x00,0x00,0xb0,0x00,  //.......+#@*....
0x00,0x02,0xf0,0x00,  //......+#@@*....
0x00,0x0b,0xf0,0x00,  //.....+#@@@*....
0x00,0x2f,0xf0,0x00,  //....+#@@@@*....
0xbf,0xff,0xf0,0x50,  //#@@@@@@@@@*.*%.
0xff,0xff,0xf0,0x78,  //@@@@@@@@@@*.%@#
0xff,0xff,0xf0,0x1c,  //@@@@@@@@@@*..%@
0xff,0xff,0xf0,0x0c,  //@@@@@@@@@@*..*@
0xff,0xff,0xf0,0x2c,  //@@@@@@@@@@*..%@
0xff,0xff,0xf0,0xb8,  //@@@@@@@@@@*.%@%
0xaa,0xbf,0xf0,0x50,  //%%%%#@@@@@*.**.
0x00,0x2f,0xf0,0x00,  //.....#@@@@*....
0x00,0x0b,0xf0,0x00,  //......#@@@*....
0x00,0x02,0xf0,0x00,  //.......#@@*....
0x00,0x00,0xb0,0x00,  //........#@*....
0x00,0x00,0x10,0x00,  //.........*.....


/*  */
0x00,0x00,0x00,0x02,0x80,0x00,  //..............+##*....
0x00,0x00,0x20,0x01,0xf4,0x00,  //........+%.....%@@%...
0x00,0x00,0xb0,0x00,0x2d,0x00,  //.......+#@*.....+#@%..
0x00,0x02,0xf0,0x09,0x0b,0x40,  //......+#@@*..*#*..#@*.
0x00,0x0b,0xf0,0x0b,0x82,0x80,  //.....+#@@@*..+#@%..##.
0x00,0x2f,0xf0,0x01,0xd1,0xd0,  //....+#@@@@*....%@%.*@*
0xbf,0xff,0xf0,0x50,0xb0,0xa0,  //#@@@@@@@@@*.*%..%@+.##
0xff,0xff,0xf0,0x78,0x34,0x70,  //@@@@@@@@@@*.%@#.*@%.%@
0xff,0xff,0xf0,0x1c,0x38,0x70,  //@@@@@@@@@@*..%@*.@%.*@
0xff,0xff,0xf0,0x0d,0x28,0x70,  //@@@@@@@@@@*..*@*.#%.*@
0xff,0xff,0xf0,0x2c,0x38,0x70,  //@@@@@@@@@@*..%@+.@%.*@
0xff,0xff,0xf0,0xb8,0x34,0xb0,  //@@@@@@@@@@*.%@%.*@%.%@
0xaa,0xbf,0xf0,0x50,0xb0,0xa0,  //%%%%#@@@@@*.**..#@+.##
0x00,0x2f,0xf0,0x02,0xd1,0xd0,  //.....#@@@@*...+#@*.*@*
0x00,0x0b,0xf0,0x0f,0x42,0x80,  //......#@@@*..*@@%.+##.
0x00,0x02,0xf0,0x08,0x0b,0x00,  //.......#@@*..*%*..#@*.
0x00,0x00,0xb0,0x00,0x2d,0x00,  //........#@*.....*#@*..
0x00,0x00,0x10,0x02,0xf4,0x00,  //.........*.....%@@*...
0x00,0x00,0x00,0x02,0x80,0x00,  //...............#%+....


/*  */
0xaa,0xaa,0x46,0xaa,0xa4,  //%%%%%%%%*.%%%%%%%%%
0xea,0xab,0x4b,0xaa,0xa8,  //@#%%%%#@*.%@%%%%%#%
0xe0,0x03,0x4b,0x00,0x28,  //@%....*@*.%@.....%%
0xe0,0x43,0x4b,0x04,0x28,  //@%.**+*@*.%@.+**.%%
0xe1,0xc3,0x4b,0x0d,0x28,  //@%.*@**@*.%@.*@*.%%
0xe0,0x03,0x4b,0x00,0x28,  //@%.+*.*@*.%@..*+.%%
0xe0,0x03,0x4b,0x00,0x28,  //@%....*@*.%@.....%%
0xff,0xff,0x4b,0xff,0xf8,  //@@@@@@@@*.%@@@@@@@%
0xaa,0xaa,0x46,0xaa,0xa4,  //%%%%%%%%*.%%%%%%%%%
0x00,0x00,0x00,0x00,0x00,  //...................
0x55,0x55,0x05,0x54,0x14,  //*********.******.**
0xff,0xff,0x4b,0xfd,0x28,  //@@@@@@@@*.%@@@@*.%%
0xe0,0x07,0x4b,0xfe,0xa8,  //@#*****@*.%@@@@#%#%
0xe0,0x03,0x4b,0xaf,0xf8,  //@%.+*.*@*.%@%#@@@@%
0xe1,0xc3,0x4b,0x0f,0xf8,  //@%.*@**@*.%@.*@@@@%
0xe0,0x43,0x4b,0x05,0x54,  //@%.**+*@*.%@.+*****
0xe0,0x03,0x4b,0x00,0x00,  //@%....*@*.%@.......
0xea,0xab,0x4b,0x09,0x14,  //@#%%%%#@*.%@.+%*.%%
0xff,0xff,0x4b,0x0d,0x28,  //@@@@@@@@*.%@.*@*.%%


/*  */
0x54,0x04,0x14,0x45,0x54,0x25,  //%**.+.%++**+%.%**%*++%*%
0x94,0x08,0x14,0x89,0x64,0x36,  //%**.*.%*****%.%**%***@*%
0x94,0x08,0x14,0x89,0x64,0x36,  //%**.*.%*****%.%**%***@*%
0x94,0x08,0x14,0x89,0x64,0x36,  //%**.*.%*****%.%**%***@*%
0x94,0x08,0x14,0x89,0x64,0x36,  //%**.*.%*****%.%**%***@*%
0x94,0x08,0x14,0x89,0x64,0x36,  //%**.*.%*****%.%**%***@*%
0x94,0x08,0x14,0x89,0x64,0x36,  //%**.*.%*****%.%**%***@*%
0x94,0x08,0x14,0x89,0x64,0x36,  //%**.*.%*****%.%**%***@*%
0x94,0x08,0x14,0x89,0x64,0x36,  //%**.*.%*****%.%**%***@*%
0x94,0x08,0x14,0x89,0x64,0x36,  //%**.*.%*****%.%**%***@*%
0x94,0x08,0x14,0x89,0x64,0x36,  //%**.*.%*****%.%**%***@*%
0x94,0x08,0x14,0x89,0x64,0x36,  //%**.*.%*****%.%**%***@*%
0x94,0x08,0x14,0x89,0x64,0x36,  //%**.*.%*****%.%**%***@*%
0x94,0x08,0x14,0x89,0x64,0x36,  //%**.*.%*****%.%**%***@*%
0x94,0x08,0x14,0x89,0x64,0x36,  //%**.*.%*****%.%**%***@*%
0x94,0x08,0x14,0x89,0x64,0x36,  //%**.*.%*****%.%**%***@*%
0x94,0x08,0x14,0x89,0x64,0x36,  //%**.*.%*****%.%**%***@*%
0x94,0x08,0x14,0x89,0x64,0x36,  //%**.*.%*****%.%**%***@*%
0x94,0x08,0x14,0x89,0x64,0x36,  //%**.*.%*****%.%**%***@*%


/*  */
0x6a,0xaa,0x40,0x00,0x00,  //*%%%%%%%%+..........
0xbf,0xff,0xf4,0x00,0x00,  //#@@@@@@@@@*.........
0xfe,0xbf,0xfd,0x00,0x00,  //@@@#%@@@@@@*........
0xf8,0x0f,0xff,0x40,0x00,  //@@#..*@@@@@@*.......
0xf4,0x0f,0xff,0xd0,0x00,  //@@%...@@@@@@@*......
0xf8,0x1f,0xff,0xf4,0x00,  //@@#..*@@@@@@@@*.....
0xff,0xbf,0xff,0xfd,0x00,  //@@@@#@@@@@@@@@@*....
0xff,0xff,0xff,0xff,0x40,  //@@@@@@@@@@@@@@@@*...
0xbf,0xff,0xff,0xff,0xd0,  //#@@@@@@@@@@@@@@@@*..
0x7f,0xff,0xff,0xff,0xf4,  //*@@@@@@@@@@@@@@@@@*.
0x1f,0xff,0xff,0xff,0xfd,  //.%@@@@@@@@@@@@@@@@@*
0x07,0xff,0xff,0xff,0xff,  //..%@@@@@@@@@@@@@@@@@
0x01,0xff,0xff,0xff,0xff,  //...%@@@@@@@@@@@@@@@@
0x00,0x7f,0xff,0xff,0xfd,  //....%@@@@@@@@@@@@@@%
0x00,0x1f,0xff,0xff,0xf4,  //.....%@@@@@@@@@@@@%.
0x00,0x07,0xff,0xff,0xd0,  //......%@@@@@@@@@@%..
0x00,0x01,0xff,0xff,0x40,  //.......%@@@@@@@@%...
0x00,0x00,0x7f,0xfd,0x00,  //........%@@@@@@%....
0x00,0x00,0x1f,0xf4,0x00,  //.........%@@@@%.....
0x00,0x00,0x07,0xd0,0x00,  //..........%@@%......


/*  */
0x6a,0xaa,0x41,0xa0,0x00,0x00,0x00,  //*%%%%%%%%***%%*..........
0xbf,0xff,0xf4,0x7d,0x00,0x00,0x00,  //#@@@@@@@@@*.*@@%.........
0xfe,0xbf,0xfd,0x1f,0x40,0x00,0x00,  //@@@#%@@@@@@*.*@@%........
0xf8,0x0f,0xff,0x47,0xd0,0x00,0x00,  //@@#..*@@@@@@*.*@@%.......
0xf4,0x0f,0xff,0xd1,0xf4,0x00,0x00,  //@@%...@@@@@@@*.*@@%......
0xf8,0x1f,0xff,0xf4,0x7d,0x00,0x00,  //@@#..*@@@@@@@@*.*@@%.....
0xff,0xbf,0xff,0xfd,0x1f,0x40,0x00,  //@@@@#@@@@@@@@@@*.*@@%....
0xff,0xff,0xff,0xff,0x47,0xd0,0x00,  //@@@@@@@@@@@@@@@@*.*@@%...
0xbf,0xff,0xff,0xff,0xd1,0xf4,0x00,  //#@@@@@@@@@@@@@@@@*.*@@%..
0x7f,0xff,0xff,0xff,0xf4,0x7d,0x00,  //*@@@@@@@@@@@@@@@@@*.*@@%.
0x1f,0xff,0xff,0xff,0xfd,0x1f,0x40,  //.%@@@@@@@@@@@@@@@@@*.*@@%
0x07,0xff,0xff,0xff,0xff,0x0b,0xc0,  //..%@@@@@@@@@@@@@@@@@+.%@@
0x01,0xff,0xff,0xff,0xff,0x07,0xc0,  //...%@@@@@@@@@@@@@@@@*.%@@
0x00,0x7f,0xff,0xff,0xfd,0x0b,0x80,  //....%@@@@@@@@@@@@@@%.+#@#
0x00,0x1f,0xff,0xff,0xf4,0x2e,0x00,  //.....%@@@@@@@@@@@@%.+#@#.
0x00,0x07,0xff,0xff,0xd0,0xb8,0x00,  //......%@@@@@@@@@@%.+#@#..
0x00,0x01,0xff,0xff,0x42,0xe0,0x00,  //.......%@@@@@@@@%.+#@#...
0x00,0x00,0x7f,0xfd,0x0b,0x80,0x00,  //........%@@@@@@%.+#@#....
0x00,0x00,0x1f,0xf4,0x2e,0x00,0x00,  //.........%@@@@%.+#@#.....
0x00,0x00,0x07,0xd0,0xb8,0x00,0x00,  //..........%@@%..#@#......


/*  */
0x00,0x0a,0xaa,0xaa,0xa9,0x00,  //......%%%%%%%%%%%%%*..
0x00,0x1f,0xff,0xff,0xff,0x00,  //.....*@@@@@@@@@@@@@@+.
0x00,0x2f,0xff,0xff,0xff,0x00,  //.....#@@@@@@@@@@@@@@+.
0x00,0x7f,0x55,0x55,0x7e,0x00,  //....*@@@%********@@#..
0x00,0x7e,0x00,0x00,0x3d,0x10,  //....%@@#........+@@%.*
0x00,0xbe,0xaa,0xaa,0xbc,0x30,  //....#@@#%%%%%%%%#@@+.@
0x01,0xff,0xff,0xff,0xf8,0x70,  //...%@@@@@@@@@@@@@@#.*@
0x03,0xf8,0x00,0x00,0xf4,0x60,  //...@@@#........+@@%.%#
0x03,0xf8,0x00,0x01,0xf0,0x90,  //...@@@%********%@@*.#%
0x07,0xff,0xff,0xff,0xf0,0xc0,  //..*@@@@@@@@@@@@@@@.*@*
0x0b,0xff,0xff,0xff,0xe1,0xc0,  //..#@@@@@@@@@@@@@@%.%@.
0x0f,0xff,0xff,0xff,0xd2,0x80,  //.*@@@@@@@@@@@@@@@*.#%.
0x1f,0xff,0xff,0xff,0xc3,0x40,  //.%@@@@@@@@@@@@@@@++@*.
0x2f,0xff,0xff,0xff,0x87,0x00,  //.#@@@@@@@@@@@@@@#.*@..
0x7f,0xff,0xff,0xff,0x4a,0x00,  //*@@@@@@@@@@@@@@@*.##..
0xbf,0xff,0xff,0xff,0x0d,0x00,  //%@@@@@@@@@@@@@@@++@*..
0xbf,0xff,0xff,0xfe,0x1c,0x00,  //#@@@@@@@@@@@@@@%.*@+..
0xe0,0x00,0x00,0x00,0x28,0x00,  //@%*************..%#...
0xa0,0x00,0x00,0x00,0x34,0x00,  //%#+.............+@%...
0x2f,0xff,0xff,0xff,0xe0,0x00,  //+#@@@@@@@@@@@@@@@#+...
0x06,0xaa,0xaa,0xaa,0x40,0x00,  //..%%%%%%%%%%%%%%%+....


/*  */
0x6a,0xaa,0xaa,0xaa,0x40,  //*%%%%%%%%%%%%%%%%
0xff,0xff,0xff,0xff,0xc0,  //@@@@@@@@@@@@@@@@@
0xff,0xff,0xff,0xff,0xc0,  //@@@@@@@@@@@@@@@@@
0xff,0xff,0xff,0xff,0xc0,  //@@@@@@@@@@@@@@@@@
0xff,0xff,0xff,0xff,0xc0,  //@@@@@@@@@@@@@@@@@
0xff,0xff,0xff,0xff,0xc0,  //@@@@@@@@@@@@@@@@@
0xff,0xff,0xff,0xff,0xc0,  //@@@@@@@@@@@@@@@@@
0xff,0xff,0xff,0xff,0xc0,  //@@@@@@@@@@@@@@@@@
0xff,0xff,0xff,0xff,0xc0,  //@@@@@@@@@@@@@@@@@
0xff,0xff,0xff,0xff,0xc0,  //@@@@@@@@@@@@@@@@@
0xff,0xff,0xff,0xff,0xc0,  //@@@@@@@@@@@@@@@@@
0xff,0xff,0xff,0xff,0xc0,  //@@@@@@@@@@@@@@@@@
0xff,0xff,0xff,0xff,0xc0,  //@@@@@@@@@@@@@@@@@
0xff,0xff,0xff,0xff,0xc0,  //@@@@@@@@@@@@@@@@@
0xff,0xff,0x6f,0xff,0xc0,  //@@@@@@@@*#@@@@@@@
0xff,0xfd,0x0b,0xff,0xc0,  //@@@@@@@*.+#@@@@@@
0xff,0xf4,0x02,0xff,0xc0,  //@@@@@@*...+#@@@@@
0xff,0x80,0x00,0xbf,0xc0,  //@@@@#*.....+#@@@@
0xfe,0x00,0x00,0x2f,0xc0,  //@@@#+.......+#@@@
0xb8,0x00,0x00,0x0b,0x80,  //#@#+.........+#@#


/*  */
0x00,0xaa,0xaa,0xa8,0x00,0x00,  //...+%%%%%%%%%%%*......
0x01,0xea,0xaa,0xaf,0x40,0x00,  //...*@#%%%%%%%#@@*.....
0x01,0xc0,0x00,0x0f,0xd0,0x00,  //...*@*.......*@@@*....
0x01,0xc0,0x00,0x0f,0xf0,0x00,  //...*@*.......*@@@@*...
0x01,0xc0,0x00,0x0f,0xf8,0x00,  //...*@*.......+@@@@%...
0x01,0xc0,0x00,0x00,0x28,0x00,  //...*@*........+**#%...
0x01,0xc0,0x00,0x00,0x28,0x00,  //...*@*...........%%...
0x01,0xc0,0x00,0x00,0x28,0x00,  //...*@*...........%%...
0x01,0xc0,0x00,0x00,0x28,0x00,  //..*%@*...........%#*+.
0x2f,0xc0,0x00,0x00,0x2f,0xd0,  //*#@@@*...........%@@@*
0xbf,0xd5,0x55,0x55,0x6d,0xb0,  //#@@@@%***********#@%#@
0xff,0xff,0xff,0xff,0xf8,0x70,  //@@@@@@@@@@@@@@@@@@#.%@
0xff,0xff,0xff,0xff,0xfe,0xf0,  //@@@@@@@@@@@@@@@@@@@#@@
0xff,0xff,0xff,0xff,0xff,0xf0,  //@@@@@@@@@@@@@@@@@@@@@@
0xff,0xff,0xff,0xff,0xff,0xf0,  //@@@@@@@@@@@@@@@@@@@@@@
0xff,0xd5,0x55,0x55,0x6f,0xf0,  //@@@@@%***********#@@@@
0xff,0xc0,0x00,0x00,0x2f,0xf0,  //@@@@@*...........%@@@@
0x01,0xc0,0x00,0x00,0x28,0x00,  //***%@*...........%#***
0x01,0xc0,0x00,0x00,0x28,0x00,  //...*@*...........%%...
0x01,0xff,0xff,0xff,0xf8,0x00,  //...*@@@@@@@@@@@@@@%...
0x00,0xaa,0xaa,0xaa,0xa0,0x00,  //...+%%%%%%%%%%%%%%*...


/*  */
0x00,0x00,0x55,0x55,0x40,0x00,0x00,  //........**********........
0x00,0x01,0xff,0xff,0xf0,0x00,0x00,  //.......%@@@@@@@@@@*.......
0x00,0x03,0xff,0xff,0xf8,0x00,0x00,  //.......@@@@@@@@@@@#.......
0x00,0x07,0xff,0xff,0xfc,0x00,0x00,  //...***%@@@@@@@@@@@@***+...
0x1f,0xff,0xff,0xff,0xff,0xfe,0x00,  //.%@@@@@@@@@@@@@@@@@@@@@#*.
0x7f,0xff,0xff,0xff,0xff,0xff,0xc0,  //*@@@@@@@@@@@@@@@@@@@@@@@@*
0xbf,0xff,0xff,0xff,0xff,0xff,0xd0,  //#@@@@@@@@@@@@@@@@@@@@@@@@%
0xff,0xff,0xf9,0x06,0xff,0xff,0xe0,  //@@@@@@@@@@%****#@@@@@@@@@%
0xff,0xff,0x80,0x00,0x7f,0xff,0xe0,  //@@@@@@@@#*......*@@@@@@@@%
0xff,0xff,0x01,0x50,0x1f,0xff,0xe0,  //@@@@@@@@+..****..*@@@@@@@%
0xff,0xfd,0x0b,0xfd,0x0b,0xff,0xe0,  //@@@@@@@*..%@@@@%..#@@@@@@%
0xff,0xfc,0x1f,0xff,0x07,0xff,0xe0,  //@@@@@@@+.%@@@@@@*.*@@@@@@%
0xff,0xf8,0x2f,0xff,0x43,0xff,0xe0,  //@@@@@@#..#@@@@@@%.*@@@@@@%
0xff,0xf8,0x3f,0xff,0x83,0xff,0xe0,  //@@@@@@#..@@@@@@@%.*@@@@@@%
0xff,0xfc,0x2f,0xff,0x43,0xff,0xe0,  //@@@@@@@..#@@@@@@%.*@@@@@@%
0xff,0xfc,0x0f,0xfe,0x07,0xff,0xe0,  //@@@@@@@*.*@@@@@#..%@@@@@@%
0xff,0xfe,0x02,0xf8,0x0b,0xff,0xe0,  //@@@@@@@%..*#@@%+.+#@@@@@@%
0xff,0xff,0x40,0x00,0x2f,0xff,0xe0,  //@@@@@@@@%...+....#@@@@@@@%
0xff,0xff,0xe0,0x01,0xbf,0xff,0xe0,  //@@@@@@@@@%+....*#@@@@@@@@%
0xff,0xff,0xfe,0xab,0xff,0xff,0xe0,  //@@@@@@@@@@@#%%#@@@@@@@@@@%
0xbf,0xff,0xff,0xff,0xff,0xff,0xd0,  //%@@@@@@@@@@@@@@@@@@@@@@@@*
0x2f,0xff,0xff,0xff,0xff,0xff,0x80,  //+#@@@@@@@@@@@@@@@@@@@@@@#.
0x06,0xaa,0xaa,0xaa,0xaa,0xa9,0x00,  //.+%%%%%%%%%%%%%%%%%%%%%*..


/*  */
0x00,0x00,0x0a,0x00,0x00,0x00,  //..........%%..........
0x00,0x00,0x1f,0x40,0x00,0x00,  //.........*@@*.........
0x00,0x00,0x2f,0x80,0x00,0x00,  //.........#@@#.........
0x00,0x00,0x3f,0xc0,0x00,0x00,  //........+@@@@*........
0x00,0x00,0x7f,0xe0,0x00,0x00,  //........%@@@@%........
0x00,0x00,0xbf,0xf0,0x00,0x00,  //........#@@@@@+.......
0x00,0x00,0xdb,0xf4,0x00,0x00,  //.......*@%#@@@%.......
0x00,0x02,0xc7,0xf8,0x00,0x00,  //.......%@+%@@@#.......
0x00,0x03,0x83,0xfd,0x00,0x00,  //......+@%.+@@@@*......
0x00,0x07,0x42,0xfe,0x00,0x00,  //......*@*..%@@@#......
0x00,0x0a,0x01,0xff,0x00,0x00,  //......##...*@@@@*.....
0x00,0x0d,0x00,0xbf,0x40,0x00,  //.....*@%....#@@@%.....
0x00,0x1f,0xff,0xff,0xc0,0x00,  //.....%@@@@@@@@@@@.....
0x00,0x29,0x55,0x7f,0xd0,0x00,  //.....##*****%@@@@*....
0x00,0x74,0x00,0x2f,0xe0,0x00,  //....*@*......%@@@#....
0x00,0xb0,0x00,0x1f,0xf0,0x00,  //....#@.......*@@@@*...
0x00,0xe0,0x00,0x0b,0xf8,0x00,  //...+@%........#@@@%...
0x01,0xc0,0x00,0x07,0xfc,0x00,  //...%@*........%@@@@+..
0x02,0xc0,0x00,0x03,0xfd,0x00,  //...#@+........*@@@@%..
0x5b,0xe5,0x00,0x6b,0xff,0x90,  //*%#@@#%*....*%#@@@@@#%
0xa5,0x55,0x00,0xa5,0x55,0xa0,  //%%****%%....%%******%%


/*  */
0x5a,0xaa,0xaa,0x90,0x00,  //*%%%%%%%%%%%%%*....
0x6b,0xfe,0x5b,0xfe,0x00,  //*%#@@@@%**%@@@@#+..
0x03,0xfc,0x00,0xbf,0x80,  //..*@@@@*....%@@@#..
0x03,0xfc,0x00,0x2f,0xd0,  //..*@@@@*.....#@@@*.
0x03,0xfc,0x00,0x1f,0xe0,  //..+@@@@*.....%@@@%.
0x03,0xfc,0x00,0x1f,0xe0,  //...@@@@*.....*@@@%.
0x03,0xfc,0x00,0x2f,0xd0,  //...@@@@*.....#@@@*.
0x03,0xfc,0x00,0x3f,0x80,  //...@@@@*....*@@@#..
0x03,0xfd,0x01,0xf9,0x00,  //...@@@@*.+*%@@#*...
0x03,0xff,0xff,0xf8,0x00,  //...@@@@@@@@@@@%*...
0x03,0xfd,0x01,0xbf,0x80,  //...@@@@****%#@@@%..
0x03,0xfc,0x00,0x2f,0xe0,  //...@@@@*.....#@@@#.
0x03,0xfc,0x00,0x0f,0xf4,  //...@@@@*.....+@@@@*
0x03,0xfc,0x00,0x0b,0xf8,  //...@@@@*......%@@@%
0x03,0xfc,0x00,0x0b,0xf8,  //...@@@@*......%@@@%
0x03,0xfc,0x00,0x0b,0xf8,  //...@@@@*......%@@@%
0x03,0xfc,0x00,0x0b,0xf4,  //...@@@@*......#@@@*
0x03,0xfc,0x00,0x1f,0xe0,  //...@@@@*.....*@@@#.
0x03,0xfd,0x00,0x7f,0x80,  //..*@@@@*....*@@@#+.
0x6f,0xff,0xab,0xf9,0x00,  //%#@@@@@@#%#@@@#*...
0xa5,0x55,0x55,0x40,0x00,  //%%************.....


/*  */
0x00,0x6a,0xaa,0x90,  //....%%%%%%%%%*
0x00,0x6b,0xfe,0x40,  //....*%#@@@@#%+
0x00,0x07,0xf4,0x00,  //......%@@@%...
0x00,0x0b,0xf0,0x00,  //......%@@@*...
0x00,0x0b,0xf0,0x00,  //......#@@@+...
0x00,0x0f,0xf0,0x00,  //.....+@@@@....
0x00,0x0f,0xe0,0x00,  //.....*@@@%....
0x00,0x1f,0xd0,0x00,  //.....*@@@*....
0x00,0x2f,0xc0,0x00,  //.....%@@@*....
0x00,0x2f,0xc0,0x00,  //.....#@@@+....
0x00,0x3f,0x80,0x00,  //....+@@@#.....
0x00,0x7f,0x80,0x00,  //....*@@@%.....
0x00,0x7f,0x40,0x00,  //....%@@@*.....
0x00,0xbf,0x00,0x00,  //....#@@@*.....
0x00,0xff,0x00,0x00,  //....@@@@......
0x00,0xfe,0x00,0x00,  //...*@@@#......
0x01,0xfd,0x00,0x00,  //...*@@@%......
0x02,0xfd,0x00,0x00,  //...%@@@*......
0x02,0xfc,0x00,0x00,  //..+#@@@*......
0x6f,0xff,0x90,0x00,  //*#@@@@@@#%....
0x95,0x55,0x90,0x00,  //%******%%*....


/*  */
0x95,0x55,0x55,0x55,0x80,0x20,  //%%**************%...+%+.
0xff,0xff,0xff,0xff,0xc0,0xb8,  //@@@@@@@@@@@@@@@@@+..#@#.
0xf4,0x07,0xf4,0x03,0xc2,0xfd,  //@@%****@@@*****@@*.%@@@%
0xe0,0x03,0xf0,0x02,0xc1,0xb5,  //@#....*@@@*....#@*.*%@%*
0xd0,0x03,0xf0,0x01,0xc0,0x70,  //@%....*@@@*....%@*..*@*.
0x80,0x03,0xf0,0x00,0xc0,0x70,  //%+....*@@@*....*@+..*@*.
0x00,0x03,0xf0,0x00,0x00,0x70,  //......*@@@*.....*...*@*.
0x00,0x03,0xf0,0x00,0x00,0x70,  //......*@@@*.........*@*.
0x00,0x03,0xf0,0x00,0x00,0x70,  //......*@@@*.........*@*.
0x00,0x03,0xf0,0x00,0x00,0x70,  //......*@@@*.........*@*.
0x00,0x03,0xf0,0x00,0x00,0x70,  //......*@@@*.........*@*.
0x00,0x03,0xf0,0x00,0x00,0x70,  //......*@@@*.........*@*.
0x00,0x03,0xf0,0x00,0x00,0x70,  //......*@@@*.........*@*.
0x00,0x03,0xf0,0x00,0x00,0x70,  //......*@@@*.........*@*.
0x00,0x03,0xf0,0x00,0x00,0x70,  //......*@@@*.........*@*.
0x00,0x03,0xf0,0x00,0x00,0x70,  //......*@@@*.........*@*.
0x00,0x03,0xf0,0x00,0x00,0x70,  //......*@@@*.........*@*.
0x00,0x03,0xf0,0x00,0x02,0xba,  //......*@@@*........%#@#%
0x00,0x07,0xf4,0x00,0x01,0xfd,  //......*@@@*........%@@@*
0x00,0xbf,0xff,0x80,0x00,0xb8,  //...+#@@@@@@@%*......#@%.
0x01,0x95,0x56,0x90,0x00,0x10,  //...*%%****%%%%......+%..


/*  */
0x95,0x55,0x55,0x55,0x55,0x40,  //%%*****************%*
0xff,0xff,0xff,0xff,0xff,0x40,  //@@@@@@@@@@@@@@@@@@@@*
0xf5,0x00,0x7f,0x00,0x0b,0x40,  //@@%*****%@@@******%@*
0xe0,0x00,0x7f,0x00,0x07,0x40,  //@#......*@@@......*@*
0xd0,0x00,0x7f,0x00,0x03,0x40,  //@%......*@@@......+@*
0x80,0x00,0x7f,0x00,0x02,0x40,  //%+......*@@@.......#*
0x00,0x00,0x7f,0x00,0x00,0x00,  //........*@@@.......++
0x00,0x00,0x7f,0x00,0x00,0x00,  //........*@@@.........
0x00,0x00,0x7f,0x00,0x00,0x00,  //........*@@@.........
0x00,0x00,0x7f,0x00,0x00,0x00,  //........*@@@.........
0x00,0x00,0x7f,0x00,0x00,0x00,  //........*@@@.........
0x00,0x00,0x7f,0x00,0x00,0x00,  //........*@@@.........
0x00,0x00,0x7f,0x00,0x00,0x00,  //........*@@@.........
0x00,0x00,0x7f,0x00,0x00,0x00,  //........*@@@.........
0x00,0x00,0x7f,0x00,0x00,0x00,  //........*@@@.........
0x00,0x01,0xbf,0x90,0x00,0x00,  //......*%#@@@%*.......
0x00,0x2f,0xff,0xfd,0x00,0x00,  //.....%@@@@@@@@@*.....
0x04,0x00,0x00,0x00,0x10,0x00,  //..**.+*+...+***+.*+..
0x2d,0x00,0x00,0x00,0x29,0x00,  //.%@*.............##*.
0xbf,0xff,0xff,0xff,0xff,0x00,  //#@@@@@@@@@@@@@@@@@@@*
0x7e,0xaa,0xaa,0xaa,0xae,0x00,  //%@@#%%%%%%%%%%%%%#@#+
0x1d,0x00,0x00,0x00,0x28,0x00,  //.*@*.............##+.


/*  */
0xaa,0xaa,0xaa,0xaa,0x80,0x00,  //%%%%%%%%%%%%%%%%%.......
0xff,0xff,0xff,0xff,0xc0,0x00,  //@@@@@@@@@@@@@@@@@*......
0xff,0xff,0xff,0xff,0xc0,0x00,  //@@@@@@@@@@@@@@@@@*......
0x55,0x55,0x55,0x55,0x40,0x00,  //*****************.......
0x00,0x00,0x00,0x00,0x00,0x00,  //........................
0x6a,0xaa,0xaa,0xaa,0xaa,0xa0,  //%%%%%%%%%%%%%%%%%%%%%%..
0xff,0xff,0xff,0xff,0xff,0xf0,  //@@@@@@@@@@@@@@@@@@@@@@*.
0xff,0xff,0xff,0xff,0xff,0xf0,  //@@@@@@@@@@@@@@@@@@@@@@*.
0x6a,0xaa,0xaa,0xaa,0xaa,0xa0,  //%%%%%%%%%%%%%%%%%%%%%%..
0x00,0x00,0x00,0x00,0x00,0x00,  //........................
0x55,0x55,0x55,0x55,0x50,0x00,  //*******************.....
0xff,0xff,0xff,0xff,0xf8,0x00,  //@@@@@@@@@@@@@@@@@@%.....
0xff,0xff,0xff,0xff,0xf8,0x00,  //@@@@@@@@@@@@@@@@@@%.....
0xaa,0xaa,0xaa,0xaa,0xa4,0x00,  //%%%%%%%%%%%%%%%%%%*.....
0x00,0x00,0x00,0x00,0x00,0x00,  //........................
0x15,0x55,0x55,0x55,0x55,0x54,  //************************
0xff,0xff,0xff,0xff,0xff,0xff,  //@@@@@@@@@@@@@@@@@@@@@@@@
0xff,0xff,0xff,0xff,0xff,0xff,  //@@@@@@@@@@@@@@@@@@@@@@@@
0xbf,0xff,0xff,0xff,0xff,0xfe,  //#@@@@@@@@@@@@@@@@@@@@@@#


/*  */
0x00,0x02,0xaa,0xaa,0x80,0x00,  //.......%%%%%%%%%%.......
0x00,0x03,0xff,0xff,0xc0,0x00,  //......*@@@@@@@@@@*......
0x00,0x03,0xff,0xff,0xc0,0x00,  //......*@@@@@@@@@@*......
0x00,0x01,0x55,0x55,0x40,0x00,  //.......**********.......
0x00,0x00,0x00,0x00,0x00,0x00,  //........................
0x0a,0xaa,0xaa,0xaa,0xaa,0xa0,  //..%%%%%%%%%%%%%%%%%%%%..
0x0f,0xff,0xff,0xff,0xff,0xf0,  //.*@@@@@@@@@@@@@@@@@@@@*.
0x0f,0xff,0xff,0xff,0xff,0xf0,  //.*@@@@@@@@@@@@@@@@@@@@*.
0x0a,0xaa,0xaa,0xaa,0xaa,0xa0,  //..%%%%%%%%%%%%%%%%%%%%..
0x00,0x00,0x00,0x00,0x00,0x00,  //........................
0x00,0x05,0x55,0x55,0x50,0x00,  //.....**************.....
0x00,0x2f,0xff,0xff,0xf8,0x00,  //.....%@@@@@@@@@@@@%.....
0x00,0x2f,0xff,0xff,0xf8,0x00,  //.....%@@@@@@@@@@@@%.....
0x00,0x1a,0xaa,0xaa,0xa4,0x00,  //.....*%%%%%%%%%%%%*.....
0x00,0x00,0x00,0x00,0x00,0x00,  //........................
0x15,0x55,0x55,0x55,0x55,0x54,  //************************
0xff,0xff,0xff,0xff,0xff,0xff,  //@@@@@@@@@@@@@@@@@@@@@@@@
0xff,0xff,0xff,0xff,0xff,0xff,  //@@@@@@@@@@@@@@@@@@@@@@@@
0xbf,0xff,0xff,0xff,0xff,0xfe,  //#@@@@@@@@@@@@@@@@@@@@@@#


/*  */
0x00,0x02,0xaa,0xaa,0xaa,0xaa,  //.......%%%%%%%%%%%%%%%%%
0x00,0x03,0xff,0xff,0xff,0xff,  //......*@@@@@@@@@@@@@@@@@
0x00,0x03,0xff,0xff,0xff,0xff,  //......*@@@@@@@@@@@@@@@@@
0x00,0x01,0x55,0x55,0x55,0x55,  //.......*****************
0x00,0x00,0x00,0x00,0x00,0x00,  //........................
0x0a,0xaa,0xaa,0xaa,0xaa,0xa9,  //..%%%%%%%%%%%%%%%%%%%%%%
0x0f,0xff,0xff,0xff,0xff,0xff,  //.*@@@@@@@@@@@@@@@@@@@@@@
0x0f,0xff,0xff,0xff,0xff,0xff,  //.*@@@@@@@@@@@@@@@@@@@@@@
0x0a,0xaa,0xaa,0xaa,0xaa,0xa9,  //..%%%%%%%%%%%%%%%%%%%%%%
0x00,0x00,0x00,0x00,0x00,0x00,  //........................
0x00,0x05,0x55,0x55,0x55,0x55,  //.....*******************
0x00,0x2f,0xff,0xff,0xff,0xff,  //.....%@@@@@@@@@@@@@@@@@@
0x00,0x2f,0xff,0xff,0xff,0xff,  //.....%@@@@@@@@@@@@@@@@@@
0x00,0x1a,0xaa,0xaa,0xaa,0xaa,  //.....*%%%%%%%%%%%%%%%%%%
0x00,0x00,0x00,0x00,0x00,0x00,  //........................
0x15,0x55,0x55,0x55,0x55,0x54,  //************************
0xff,0xff,0xff,0xff,0xff,0xff,  //@@@@@@@@@@@@@@@@@@@@@@@@
0xff,0xff,0xff,0xff,0xff,0xff,  //@@@@@@@@@@@@@@@@@@@@@@@@
0xbf,0xff,0xff,0xff,0xff,0xfe,  //#@@@@@@@@@@@@@@@@@@@@@@#


/*  */
0xaa,0xaa,0xaa,0xaa,0xaa,0xaa,  //%%%%%%%%%%%%%%%%%%%%%%%%
0xff,0xff,0xff,0xff,0xff,0xff,  //@@@@@@@@@@@@@@@@@@@@@@@@
0xff,0xff,0xff,0xff,0xff,0xff,  //@@@@@@@@@@@@@@@@@@@@@@@@
0x55,0x55,0x55,0x55,0x55,0x55,  //************************
0x00,0x00,0x00,0x00,0x00,0x00,  //........................
0x6a,0xaa,0xaa,0xaa,0xaa,0xa9,  //%%%%%%%%%%%%%%%%%%%%%%%%
0xff,0xff,0xff,0xff,0xff,0xff,  //@@@@@@@@@@@@@@@@@@@@@@@@
0xff,0xff,0xff,0xff,0xff,0xff,  //@@@@@@@@@@@@@@@@@@@@@@@@
0x6a,0xaa,0xaa,0xaa,0xaa,0xa9,  //%%%%%%%%%%%%%%%%%%%%%%%%
0x00,0x00,0x00,0x00,0x00,0x00,  //........................
0x55,0x55,0x55,0x55,0x55,0x55,  //************************
0xff,0xff,0xff,0xff,0xff,0xff,  //@@@@@@@@@@@@@@@@@@@@@@@@
0xff,0xff,0xff,0xff,0xff,0xff,  //@@@@@@@@@@@@@@@@@@@@@@@@
0xaa,0xaa,0xaa,0xaa,0xaa,0xaa,  //%%%%%%%%%%%%%%%%%%%%%%%%
0x00,0x00,0x00,0x00,0x00,0x00,  //........................
0x15,0x55,0x55,0x55,0x55,0x54,  //************************
0xff,0xff,0xff,0xff,0xff,0xff,  //@@@@@@@@@@@@@@@@@@@@@@@@
0xff,0xff,0xff,0xff,0xff,0xff,  //@@@@@@@@@@@@@@@@@@@@@@@@
0xbf,0xff,0xff,0xff,0xff,0xfe,  //#@@@@@@@@@@@@@@@@@@@@@@#


/*  */
0xa9,0x1a,0xaa,0xaa,0xaa,0xaa,  //%%%*.%%%%%%%%%%%%%%%%%%%
0xfd,0x2f,0xff,0xff,0xff,0xff,  //@@@*.%@@@@@@@@@@@@@@@@@@
0xfd,0x2f,0xff,0xff,0xff,0xff,  //@@@*.%@@@@@@@@@@@@@@@@@@
0x54,0x15,0x55,0x55,0x55,0x55,  //***+.*******************
0x00,0x00,0x00,0x00,0x00,0x00,  //........................
0xa8,0x1a,0xaa,0xaa,0xaa,0xaa,  //%%%*.%%%%%%%%%%%%%%%%%%%
0xfd,0x2f,0xff,0xff,0xff,0xff,  //@@@*.%@@@@@@@@@@@@@@@@@@
0xfd,0x2f,0xff,0xff,0xff,0xff,  //@@@*.%@@@@@@@@@@@@@@@@@@
0xa8,0x1a,0xaa,0xaa,0xaa,0xaa,  //%%%*.%%%%%%%%%%%%%%%%%%%
0x00,0x00,0x00,0x00,0x00,0x00,  //........................
0x54,0x15,0x55,0x55,0x55,0x55,  //***+.*******************
0xfd,0x2f,0xff,0xff,0xff,0xff,  //@@@*.%@@@@@@@@@@@@@@@@@@
0xfd,0x2f,0xff,0xff,0xff,0xff,  //@@@*.%@@@@@@@@@@@@@@@@@@
0xa9,0x1a,0xaa,0xaa,0xaa,0xaa,  //%%%*.%%%%%%%%%%%%%%%%%%%
0x00,0x00,0x00,0x00,0x00,0x00,  //........................
0x54,0x15,0x55,0x55,0x55,0x55,  //***+.*******************
0xfd,0x2f,0xff,0xff,0xff,0xff,  //@@@*.%@@@@@@@@@@@@@@@@@@
0xfd,0x2f,0xff,0xff,0xff,0xff,  //@@@*.%@@@@@@@@@@@@@@@@@@
0xfd,0x2f,0xff,0xff,0xff,0xff,  //@@@*.%@@@@@@@@@@@@@@@@@@


/*  */
0xaa,0xaa,0xaa,0xaa,0xaa,0xaa,  //%%%%%%%%%%%%%%%%%%%%%%%%
0xff,0xff,0xff,0xff,0xff,0xff,  //@@@@@@@@@@@@@@@@@@@@@@@@
0xff,0xff,0xff,0xff,0xff,0xff,  //@@@@@@@@@@@@@@@@@@@@@@@@
0x55,0x55,0x55,0x55,0x55,0x55,  //************************
0x00,0x00,0x00,0x00,0x00,0x00,  //........................
0x00,0x40,0x2a,0xaa,0xaa,0xaa,  //....%+..*%%%%%%%%%%%%%%%
0x01,0xc0,0x7f,0xff,0xff,0xff,  //...%@*..*@@@@@@@@@@@@@@@
0x07,0xc0,0x7f,0xff,0xff,0xff,  //..%@@*..*@@@@@@@@@@@@@@@
0x1f,0xc0,0x2a,0xaa,0xaa,0xaa,  //.%@@@*..*%%%%%%%%%%%%%%%
0x7f,0xc0,0x00,0x00,0x00,0x00,  //*@@@@*..................
0x2f,0xc0,0x15,0x55,0x55,0x55,  //.#@@@*..+***************
0x0b,0xc0,0x7f,0xff,0xff,0xff,  //..#@@*..*@@@@@@@@@@@@@@@
0x02,0xc0,0x7f,0xff,0xff,0xff,  //...#@*..*@@@@@@@@@@@@@@@
0x00,0x80,0x6a,0xaa,0xaa,0xaa,  //....%+..*%%%%%%%%%%%%%%%
0x00,0x00,0x00,0x00,0x00,0x00,  //........................
0x55,0x55,0x55,0x55,0x55,0x55,  //************************
0xff,0xff,0xff,0xff,0xff,0xff,  //@@@@@@@@@@@@@@@@@@@@@@@@
0xff,0xff,0xff,0xff,0xff,0xff,  //@@@@@@@@@@@@@@@@@@@@@@@@
0xff,0xff,0xff,0xff,0xff,0xff,  //@@@@@@@@@@@@@@@@@@@@@@@@


/*  */
0xaa,0xaa,0xaa,0xaa,0xaa,0xaa,  //%%%%%%%%%%%%%%%%%%%%%%%%
0xff,0xff,0xff,0xff,0xff,0xff,  //@@@@@@@@@@@@@@@@@@@@@@@@
0xff,0xff,0xff,0xff,0xff,0xff,  //@@@@@@@@@@@@@@@@@@@@@@@@
0x55,0x55,0x55,0x55,0x55,0x55,  //************************
0x00,0x00,0x00,0x00,0x00,0x00,  //........................
0x40,0x00,0x2a,0xaa,0xaa,0xaa,  //%.......*%%%%%%%%%%%%%%%
0xe0,0x00,0x7f,0xff,0xff,0xff,  //@#......*@@@@@@@@@@@@@@@
0xf8,0x00,0x7f,0xff,0xff,0xff,  //@@#.....*@@@@@@@@@@@@@@@
0xfe,0x00,0x2a,0xaa,0xaa,0xaa,  //@@@#....*%%%%%%%%%%%%%%%
0xff,0x40,0x00,0x00,0x00,0x00,  //@@@@%...................
0xfe,0x00,0x15,0x55,0x55,0x55,  //@@@#....+***************
0xf8,0x00,0x7f,0xff,0xff,0xff,  //@@#.....*@@@@@@@@@@@@@@@
0xe0,0x00,0x7f,0xff,0xff,0xff,  //@#......*@@@@@@@@@@@@@@@
0x80,0x00,0x6a,0xaa,0xaa,0xaa,  //%.......*%%%%%%%%%%%%%%%
0x00,0x00,0x00,0x00,0x00,0x00,  //........................
0x55,0x55,0x55,0x55,0x55,0x55,  //************************
0xff,0xff,0xff,0xff,0xff,0xff,  //@@@@@@@@@@@@@@@@@@@@@@@@
0xff,0xff,0xff,0xff,0xff,0xff,  //@@@@@@@@@@@@@@@@@@@@@@@@
0xff,0xff,0xff,0xff,0xff,0xff,  //@@@@@@@@@@@@@@@@@@@@@@@@


/*  */
0x0b,0xff,0xff,0xf9,0x00,0x05,  //.*#@@@@@@@@@@@#*......*%
0x3f,0xff,0xff,0xff,0x40,0x1f,  //*@@@@@@@@@@@@@@@*....*@@
0xbf,0xff,0xff,0xff,0x80,0x7f,  //#@@@@@@@@@@@@@@@#...*@@@
0xff,0xff,0xff,0xff,0xc1,0xff,  //@@@@@@@@@@@@@@@@@+.*@@@@
0xff,0xff,0xff,0xff,0xc7,0xff,  //@@@@@@@@@@@@@@@@@**@@@@@
0xff,0xff,0xff,0xff,0xdf,0xff,  //@@@@@@@@@@@@@@@@@%@@@@@@
0xff,0xff,0xff,0xff,0xff,0xff,  //@@@@@@@@@@@@@@@@@@@@@@@@
0xff,0xff,0xff,0xff,0xff,0xff,  //@@@@@@@@@@@@@@@@@@@@@@@@
0xff,0xff,0xff,0xff,0xff,0xff,  //@@@@@@@@@@@@@@@@@@@@@@@@
0xff,0xff,0xff,0xff,0xff,0xff,  //@@@@@@@@@@@@@@@@@@@@@@@@
0xff,0xff,0xff,0xff,0xff,0xff,  //@@@@@@@@@@@@@@@@@@@@@@@@
0xff,0xff,0xff,0xff,0xdf,0xff,  //@@@@@@@@@@@@@@@@@%@@@@@@
0xff,0xff,0xff,0xff,0xc7,0xff,  //@@@@@@@@@@@@@@@@@**@@@@@
0xff,0xff,0xff,0xff,0xc1,0xff,  //@@@@@@@@@@@@@@@@@+.*@@@@
0xbf,0xff,0xff,0xff,0x80,0x7f,  //%@@@@@@@@@@@@@@@#...*@@@
0x2f,0xff,0xff,0xff,0x00,0x1f,  //+#@@@@@@@@@@@@@@*....*@@
0x0b,0xff,0xff,0xf8,0x00,0x01,  //.+%@@@@@@@@@@@#*......**


/*  */
0x2a,0xaa,0xaa,0xaa,0xaa,0xaa,0x40,  //+%%%%%%%%%%%%%%%%%%%%%%%%.
0xba,0xaa,0xaa,0xaa,0xaa,0xaa,0xd0,  //#@%%%%%%%%%%%%%%%%%%%%%#@%
0xe0,0x00,0x00,0x00,0x00,0x00,0xe0,  //@%......................@%
0xe0,0x14,0x00,0x00,0x00,0x00,0xe0,  //@%...**.................@%
0xe0,0xbe,0x00,0x00,0x00,0x00,0xe0,  //@%..#@@#................@%
0xe1,0xff,0x40,0x00,0x00,0x00,0xe0,  //@%.*@@@@*.......+.......@%
0xe1,0xff,0x40,0x00,0x90,0x00,0xe0,  //@%.*@@@@*......+#%......@%
0xe0,0xff,0x00,0x02,0xf4,0x00,0xe0,  //@%.+@@@@+.....+#@@%.....@%
0xe0,0x28,0x00,0x0b,0xfd,0x00,0xe0,  //@%..*%%*.....+#@@@@%....@%
0xe0,0x00,0x00,0x2f,0xff,0x40,0xe0,  //@%..........+#@@@@@@%...@%
0xe0,0x00,0x00,0xbf,0xff,0xd0,0xe0,  //@%.....*...+#@@@@@@@@%..@%
0xe0,0x07,0x82,0xff,0xff,0xf0,0xe0,  //@%....*@#.+#@@@@@@@@@@*.@%
0xe0,0x1f,0xeb,0xff,0xff,0xf0,0xe0,  //@%...*@@@##@@@@@@@@@@@*.@%
0xe0,0x7f,0xff,0xff,0xff,0xf0,0xe0,  //@%..*@@@@@@@@@@@@@@@@@*.@%
0xe0,0xff,0xff,0xff,0xff,0xf0,0xe0,  //@%.*@@@@@@@@@@@@@@@@@@*.@%
0xe1,0xff,0xff,0xff,0xff,0xf0,0xe0,  //@%.*@@@@@@@@@@@@@@@@@@*.@%
0xe1,0xff,0xff,0xff,0xff,0xf0,0xe0,  //@%.*@@@@@@@@@@@@@@@@@@*.@%
0xe0,0x00,0x00,0x00,0x00,0x00,0xe0,  //@%.+******************..@%
0xe0,0x00,0x00,0x00,0x00,0x00,0xe0,  //@%......................@%
0xbf,0xff,0xff,0xff,0xff,0xff,0xd0,  //%@@@@@@@@@@@@@@@@@@@@@@@@*
0x1a,0xaa,0xaa,0xaa,0xaa,0xaa,0x40,  //.%%%%%%%%%%%%%%%%%%%%%%%*.


/*  */
0x00,0x00,0x00,0x01,0x00,  //..............**+...
0x00,0x00,0x00,0x1f,0x80,  //.............*@@#+..
0x00,0x00,0x00,0x7f,0xe0,  //............*@@@@#+.
0x00,0x00,0x00,0x7f,0xf8,  //............%@@@@@#+
0x00,0x00,0x05,0x1f,0xfe,  //..........*%.%@@@@@#
0x00,0x00,0x1f,0x47,0xff,  //.........*@@%.%@@@@@
0x00,0x00,0x79,0xd1,0xfe,  //........*@#*@%.%@@@#
0x00,0x01,0xe2,0xf4,0x78,  //.......*@#*#@@%.%@#.
0x00,0x07,0x8b,0xfd,0x10,  //......*@#*#@@@@%.*..
0x00,0x1e,0x2f,0xff,0x40,  //.....*@#*#@@@@@@*...
0x00,0x78,0xbf,0xfe,0x00,  //....*@#*#@@@@@@#....
0x01,0xe2,0xff,0xf8,0x00,  //...*@#*#@@@@@@#.....
0x07,0x8b,0xff,0xe0,0x00,  //..*@#*#@@@@@@#......
0x1f,0x2f,0xff,0x80,0x00,  //.*@@*#@@@@@@#.......
0x7a,0xbf,0xfe,0x00,0x00,  //*@###@@@@@@#........
0xe0,0xbf,0xf8,0x00,0x00,  //@#++#@@@@@#.........
0xe0,0x2f,0xe0,0x00,0x00,  //@%..+#@@@#..........
0xe9,0x0f,0x80,0x00,0x00,  //@#%*.+@@#...........
0xfd,0x1e,0x00,0x00,0x00,  //@@@*.%@#............
0xff,0xf8,0x00,0x00,0x00,  //@@@@@@#.............
0xaa,0xa0,0x00,0x00,0x00,  //%%%%%%..............


/*  */
0x00,0x6a,0x90,0x00,  //....*%%%%*....
0x02,0xff,0xf8,0x00,  //..*#@@@@@@#+..
0x1f,0xff,0xfe,0x00,  //.*@@@@@@@@@#+.
0x2f,0xe5,0xbf,0x80,  //+#@@@#%%#@@@%.
0x7f,0x40,0x2f,0xc0,  //%@@@%....#@@@*
0xbe,0x00,0x0f,0xd0,  //#@@%......@@@%
0xfd,0x00,0x0b,0xe0,  //@@@*......%@@%
0xfd,0x00,0x0b,0xe0,  //@@@*......%@@%
0xbe,0x00,0x0f,0xd0,  //#@@%......@@@%
0x7f,0x40,0x2f,0xc0,  //*@@@%....#@@@*
0x2f,0xe5,0xbf,0x80,  //.#@@@#%%#@@@%.
0x1f,0xff,0xff,0x00,  //.%@@@@@@@@@@*.
0x0f,0xff,0xfe,0x00,  //.+@@@@@@@@@#..
0x07,0xff,0xfd,0x00,  //..%@@@@@@@@*..
0x03,0xff,0xf8,0x00,  //..+@@@@@@@#...
0x01,0xff,0xf4,0x00,  //...%@@@@@@*...
0x00,0xff,0xe0,0x00,  //...*@@@@@#....
0x00,0xbf,0xd0,0x00,  //....%@@@@*....
0x00,0x3f,0x80,0x00,  //....*@@@#.....
0x00,0x2f,0x40,0x00,  //.....%@@*.....
0x00,0x09,0x00,0x00,  //.....+%%......


/*  */
0x00,0x01,0xaa,0x50,0x00,0x00,  //......+*%%%%%*.......
0x00,0x2f,0xff,0xf9,0x00,0x00,  //....+%@@@@@@@@#*.....
0x00,0xbf,0xff,0xff,0x80,0x00,  //...*#@@@@@@@@@@@%....
0x07,0xfe,0x4b,0xff,0xe0,0x00,  //..*@@@@%**#@@@@@@#...
0x0b,0xe0,0x0b,0xff,0xf8,0x00,  //.+#@@#+...%@@@@@@@%..
0x2f,0x80,0x0b,0xff,0xfc,0x00,  //.%@@#.....%@@@@@@@@*.
0x3f,0x00,0x0b,0xff,0xfe,0x00,  //*@@@+.....%@@@@@@@@#.
0x7d,0x00,0x0b,0xff,0xff,0x00,  //%@@%......%@@@@@@@@@+
0xbc,0x00,0x0b,0xff,0xff,0x40,  //#@@*......%@@@@@@@@@*
0xfc,0x00,0x0b,0xff,0xff,0x40,  //@@@.......%@@@@@@@@@*
0xfc,0x00,0x0b,0xff,0xff,0x40,  //@@@.......%@@@@@@@@@*
0xfc,0x00,0x0b,0xff,0xff,0x40,  //@@@.......%@@@@@@@@@*
0xbc,0x00,0x0b,0xff,0xff,0x40,  //%@@*......%@@@@@@@@@*
0x7d,0x00,0x0b,0xff,0xff,0x00,  //%@@%......%@@@@@@@@@+
0x3f,0x00,0x0b,0xff,0xfe,0x00,  //+@@@*.....%@@@@@@@@%.
0x2f,0x80,0x0b,0xff,0xfc,0x00,  //.%@@#+....%@@@@@@@@*.
0x0b,0xe0,0x0b,0xff,0xf4,0x00,  //..#@@#*...%@@@@@@@%..
0x02,0xfe,0x4b,0xff,0xe0,0x00,  //..+#@@@#**#@@@@@@#...
0x00,0xbf,0xff,0xff,0x40,0x00,  //...+#@@@@@@@@@@@%....
0x00,0x1b,0xff,0xf8,0x00,0x00,  //.....*#@@@@@@@#*.....
0x00,0x01,0x6a,0x40,0x00,0x00,  //.......*%%%%*+.......


/*  */
0x00,0x05,0x00,0x00,  //......%*......
0x00,0x1f,0x00,0x00,  //.....*@@+.....
0x00,0x2f,0x40,0x00,  //.....%@@*.....
0x00,0x3f,0x80,0x00,  //....*@@@#.....
0x00,0xbf,0xd0,0x00,  //....%@@@@*....
0x00,0xff,0xe0,0x00,  //...*@@@@@#....
0x02,0xff,0xf4,0x00,  //...#@@@@@@%...
0x07,0xff,0xfc,0x00,  //..%@@@@@@@@*..
0x0f,0xff,0xfe,0x00,  //.*@@@@@@@@@#..
0x2f,0xff,0xff,0x80,  //.#@@@@@@@@@@%.
0x7f,0xff,0xff,0xc0,  //*@@@@@@@@@@@@+
0xbf,0xaf,0xff,0xd0,  //#@@@##@@@@@@@*
0xff,0x4f,0xff,0xe0,  //@@@@%*@@@@@@@%
0xfe,0x0b,0xff,0xe0,  //@@@#..%@@@@@@%
0xbd,0x03,0xff,0xd0,  //#@@*..*@@@@@@%
0x7d,0x03,0xff,0xc0,  //%@@%..*@@@@@@*
0x3f,0x5b,0xff,0x80,  //+@@@%*#@@@@@#.
0x1f,0xff,0xfe,0x00,  //.*@@@@@@@@@#+.
0x07,0xff,0xf8,0x00,  //..*@@@@@@@#+..
0x00,0x6f,0x90,0x00,  //...+%#@@#*....


/*  */
0x06,0xaa,0xaa,0xaa,0x40,0x90,  //.+%%%%%%%%%%%%%%*..+%*..
0x2e,0xaa,0xaa,0xaa,0x42,0xf4,  //+#@#%%%%%%%%%%%#*.+#@@*.
0xb4,0x00,0x00,0x00,0x02,0xfd,  //%@*................#@@@*
0xe0,0x00,0x00,0x00,0x24,0xbe,  //@#..............+#*.#@@#
0xe0,0x00,0x00,0x00,0xad,0x2d,  //@%.............+#%@*.#@*
0xe0,0x00,0x00,0x02,0x5f,0x44,  //@%............+#%%@@*.*.
0xe0,0x00,0x00,0x09,0x7f,0xc0,  //@%...........+#%%@@@@*..
0xe0,0x00,0x00,0x25,0xff,0x40,  //@%..........+#%%@@@@%...
0xe0,0x00,0x00,0x97,0xfd,0x00,  //@%.........+#%%@@@@%....
0xe0,0x00,0x02,0x9f,0xf4,0x00,  //@%........+#%%@@@@%.....
0xe0,0x00,0x0a,0xff,0xd0,0x00,  //@%.......+##@@@@@%......
0xe0,0x00,0x24,0xbf,0x40,0x00,  //@%......+#%.#@@@%.......
0xe0,0x00,0x60,0x2d,0x04,0x00,  //@%......*#...#@%.+%.....
0xe0,0x00,0x7c,0x74,0x28,0x00,  //@%......*@@**@%..%%.....
0xe0,0x00,0x7e,0xd0,0x28,0x00,  //@%......*@@#@%...%%.....
0xe0,0x00,0x15,0x40,0x28,0x00,  //@%......*****....#%.....
0xb0,0x00,0x00,0x00,0x74,0x00,  //%@+.............*@%.....
0x2e,0xaa,0xaa,0xaa,0xe0,0x00,  //+#@%%%%%%%%%%%%#@#+.....
0x0b,0xff,0xff,0xff,0x80,0x00,  //.+%@@@@@@@@@@@@@%+......


/*  */
0x00,0x00,0x00,0x00,0x40,0x00,  //...............+*.....
0x00,0x00,0x00,0x01,0xd0,0x00,  //...............*@%....
0x06,0xa9,0x00,0x01,0xf4,0x00,  //.+%%%%%*.......*@@%...
0x2e,0xa4,0x00,0x01,0xfd,0x00,  //+#@#%%*.....+**%@@@%..
0xb4,0x00,0x6f,0xff,0xff,0x40,  //%@*....*%#@@@@@@@@@@%.
0xe0,0x0b,0xff,0xff,0xff,0xd0,  //@#...+%@@@@@@@@@@@@@@%
0xe0,0x2f,0xff,0xff,0xff,0xf0,  //@%..+#@@@@@@@@@@@@@@@@
0xe0,0xbf,0xff,0xff,0xff,0xd0,  //@%..%@@@@@@@@@@@@@@@@%
0xe0,0xff,0xff,0xff,0xff,0x40,  //@%.+@@@@@@@@@@@@@@@@%.
0xe1,0xff,0x90,0x01,0xfd,0x00,  //@%.*@@@@#**....*@@@%..
0xe1,0xfd,0x00,0x01,0xf4,0x00,  //@%.*@@@%.......*@@%...
0xe1,0xf8,0x00,0x01,0xd0,0x00,  //@%.*@@#........*@%....
0xe1,0xf4,0x00,0x00,0x40,0x00,  //@%.*@@%........+*.....
0xe0,0xf0,0x00,0x00,0x04,0x00,  //@%.*@@*..........+*...
0xe0,0xb0,0x00,0x00,0x28,0x00,  //@%..#@*..........%%...
0xe0,0x70,0x00,0x00,0x28,0x00,  //@%..*@*..........%%...
0xe0,0x20,0x00,0x00,0x28,0x00,  //@%...#*..........%%...
0xe0,0x00,0x00,0x00,0x28,0x00,  //@%...++..........#%...
0xb0,0x00,0x00,0x00,0x74,0x00,  //%@+.............*@%...
0x2e,0xaa,0xaa,0xaa,0xe0,0x00,  //+#@%%%%%%%%%%%%#@#+...
0x0b,0xff,0xff,0xff,0x80,0x00,  //.+%@@@@@@@@@@@@@%+....


/*  */
0x06,0xaa,0xaa,0xaa,0x40,0x00,  //.+%%%%%%%%%%%%%%*.....
0x2e,0xaa,0xaa,0xaa,0x42,0x40,  //+#@#%%%%%%%%%%%#*.+#%.
0xb4,0x00,0x00,0x00,0x0b,0xd0,  //%@*..............+#@@%
0xe0,0x00,0x00,0x00,0x2f,0xf0,  //@#..............+#@@@@
0xe0,0x00,0x00,0x00,0xbf,0xe0,  //@%.............+#@@@@#
0xe0,0x00,0x00,0x02,0xff,0x80,  //@%............+#@@@@#.
0xe0,0x28,0x00,0x0b,0xfe,0x00,  //@%...%%......+#@@@@#..
0xe0,0xbe,0x00,0x2f,0xf8,0x00,  //@%..#@@#....+#@@@@#...
0xe1,0xff,0x80,0xbf,0xe0,0x00,  //@%.*@@@@#..+#@@@@#....
0xe0,0xbf,0xe2,0xff,0x80,0x00,  //@%.+#@@@@#*#@@@@#.....
0xe0,0x2f,0xff,0xfe,0x04,0x00,  //@%..+#@@@@@@@@@#..*...
0xe0,0x0b,0xff,0xf8,0x28,0x00,  //@%...+#@@@@@@@#..%%...
0xe0,0x02,0xff,0xe0,0x28,0x00,  //@%....+#@@@@@#...%%...
0xe0,0x00,0xbf,0x80,0x28,0x00,  //@%.....+#@@@#....%%...
0xe0,0x00,0x2e,0x00,0x28,0x00,  //@%......+#@#.....%%...
0xe0,0x00,0x04,0x00,0x28,0x00,  //@%.......+*......#%...
0xb0,0x00,0x00,0x00,0x74,0x00,  //%@+.............*@%...
0x2e,0xaa,0xaa,0xaa,0xe0,0x00,  //+#@%%%%%%%%%%%%#@#+...
0x0b,0xff,0xff,0xff,0x80,0x00,  //.+%@@@@@@@@@@@@@%+....


/*  */
0x00,0x00,0x00,0x00,0x00,0x00,  //...........**...........
0x00,0x00,0x07,0xd0,0x00,0x00,  //..........*@@*..........
0x00,0x00,0x1f,0xf4,0x00,0x00,  //.........*@@@@*.........
0x00,0x00,0x7f,0xfd,0x00,0x00,  //........*@@@@@@*........
0x00,0x00,0xff,0xff,0x00,0x00,  //.......+@@@@@@@@+.......
0x00,0x00,0x5b,0xe5,0x00,0x00,  //........**#@@#**........
0x00,0x00,0x0b,0xe0,0x00,0x00,  //..........%@@%..........
0x00,0x00,0x0b,0xe0,0x00,0x00,  //..........%@@%..........
0x01,0x80,0x0b,0xe0,0x02,0x40,  //...*%.....%@@%.....%*...
0x07,0xc0,0x0b,0xe0,0x03,0xd0,  //..*@@*....%@@%....*@@*..
0x1f,0xd0,0x0b,0xe0,0x07,0xf4,  //.*@@@*****#@@#*****@@@*.
0x7f,0xff,0xff,0xff,0xff,0xfd,  //*@@@@@@@@@@@@@@@@@@@@@@*
0xff,0xff,0xff,0xff,0xff,0xff,  //@@@@@@@@@@@@@@@@@@@@@@@@
0x7f,0xff,0xff,0xff,0xff,0xfd,  //*@@@@@@@@@@@@@@@@@@@@@@*
0x1f,0xd0,0x0b,0xe0,0x07,0xf4,  //.*@@@*****#@@#*****@@@*.
0x07,0xc0,0x0b,0xe0,0x03,0xd0,  //..*@@*....%@@%....*@@*..
0x00,0x80,0x0b,0xe0,0x02,0x00,  //...*%.....%@@%.....%*...
0x00,0x00,0x0b,0xe0,0x00,0x00,  //..........%@@%..........
0x00,0x00,0x0b,0xe0,0x00,0x00,  //..........%@@%..........
0x00,0x00,0xab,0xea,0x00,0x00,  //........%%#@@#%%........
0x00,0x00,0xff,0xff,0x00,0x00,  //.......+@@@@@@@@+.......
0x00,0x00,0x7f,0xfd,0x00,0x00,  //........*@@@@@@*........
0x00,0x00,0x1f,0xf4,0x00,0x00,  //.........*@@@@*.........
0x00,0x00,0x07,0xd0,0x00,0x00,  //..........*@@*..........


/*  */
0xa8,0x00,0x00,0x10,  //%%%*........+%
0xfd,0x00,0x00,0xa0,  //@@@*.......+#%
0xfd,0x00,0x02,0xe0,  //@@@*......+#@%
0xfd,0x00,0x0b,0xe0,  //@@@*.....+#@@%
0xfd,0x00,0x2f,0xe0,  //@@@*....+#@@@%
0xfd,0x00,0xbf,0xe0,  //@@@*...+#@@@@%
0xfd,0x02,0xff,0xe0,  //@@@*..+#@@@@@%
0xfd,0x0b,0xff,0xe0,  //@@@*.+#@@@@@@%
0xfd,0x2f,0xff,0xe0,  //@@@*+#@@@@@@@%
0xfe,0xbf,0xff,0xe0,  //@@@%#@@@@@@@@%
0xff,0xff,0xff,0xe0,  //@@@@@@@@@@@@@%
0xfd,0xbf,0xff,0xe0,  //@@@%#@@@@@@@@%
0xfd,0x2f,0xff,0xe0,  //@@@*.#@@@@@@@%
0xfd,0x0b,0xff,0xe0,  //@@@*..#@@@@@@%
0xfd,0x02,0xff,0xe0,  //@@@*...#@@@@@%
0xfd,0x00,0xbf,0xe0,  //@@@*....#@@@@%
0xfd,0x00,0x2f,0xe0,  //@@@*.....#@@@%
0xfd,0x00,0x0b,0xe0,  //@@@*......#@@%
0xfd,0x00,0x02,0xe0,  //@@@*.......#@%
0xfd,0x00,0x00,0xa0,  //@@@*........#%
0x68,0x00,0x00,0x10,  //%%%+.........*


/*  */
0xa8,0x00,0x00,0x10,0x00,0x02,  //%%%*........+%.........%
0xfd,0x00,0x00,0xa0,0x00,0x0b,  //@@@*.......+#%........#@
0xfd,0x00,0x02,0xe0,0x00,0x2f,  //@@@*......+#@%.......#@@
0xfd,0x00,0x0b,0xe0,0x00,0xbf,  //@@@*.....+#@@%......#@@@
0xfd,0x00,0x2f,0xe0,0x02,0xff,  //@@@*....+#@@@%.....#@@@@
0xfd,0x00,0xbf,0xe0,0x0b,0xff,  //@@@*...+#@@@@%....#@@@@@
0xfd,0x02,0xff,0xe0,0x2f,0xff,  //@@@*..+#@@@@@%...#@@@@@@
0xfd,0x0b,0xff,0xe0,0xbf,0xff,  //@@@*.+#@@@@@@%..#@@@@@@@
0xfd,0x2f,0xff,0xe2,0xff,0xff,  //@@@*+#@@@@@@@%.#@@@@@@@@
0xfe,0xbf,0xff,0xeb,0xff,0xff,  //@@@%#@@@@@@@@##@@@@@@@@@
0xff,0xff,0xff,0xff,0xff,0xff,  //@@@@@@@@@@@@@@@@@@@@@@@@
0xfd,0xbf,0xff,0xe7,0xff,0xff,  //@@@%#@@@@@@@@%%@@@@@@@@@
0xfd,0x2f,0xff,0xe1,0xff,0xff,  //@@@*.#@@@@@@@%.%@@@@@@@@
0xfd,0x0b,0xff,0xe0,0x7f,0xff,  //@@@*..#@@@@@@%..%@@@@@@@
0xfd,0x02,0xff,0xe0,0x1f,0xff,  //@@@*...#@@@@@%...%@@@@@@
0xfd,0x00,0xbf,0xe0,0x07,0xff,  //@@@*....#@@@@%....%@@@@@
0xfd,0x00,0x2f,0xe0,0x01,0xff,  //@@@*.....#@@@%.....%@@@@
0xfd,0x00,0x0b,0xe0,0x00,0x7f,  //@@@*......#@@%......%@@@
0xfd,0x00,0x02,0xe0,0x00,0x1f,  //@@@*.......#@%.......%@@
0xfd,0x00,0x00,0xa0,0x00,0x07,  //@@@*........#%........%@
0x68,0x00,0x00,0x10,0x00,0x01,  //%%%+.........*.........%


/*  */
0x00,0x00,0x20,0x00,0x01,  //.........%.........%
0x00,0x00,0xb0,0x00,0x07,  //........#@........%@
0x00,0x02,0xf0,0x00,0x1f,  //.......#@@.......%@@
0x00,0x0b,0xf0,0x00,0x7f,  //......#@@@......%@@@
0x00,0x2f,0xf0,0x01,0xff,  //.....#@@@@.....%@@@@
0x00,0xbf,0xf0,0x07,0xff,  //....#@@@@@....%@@@@@
0x02,0xff,0xf0,0x1f,0xff,  //...#@@@@@@...%@@@@@@
0x0b,0xff,0xf0,0x7f,0xff,  //..#@@@@@@@..%@@@@@@@
0x2f,0xff,0xf1,0xff,0xff,  //.#@@@@@@@@.%@@@@@@@@
0xbf,0xff,0xf7,0xff,0xff,  //#@@@@@@@@@%@@@@@@@@@
0xff,0xff,0xff,0xff,0xff,  //@@@@@@@@@@@@@@@@@@@@
0x7f,0xff,0xf7,0xff,0xff,  //%@@@@@@@@@*@@@@@@@@@
0x1f,0xff,0xf1,0xff,0xff,  //.%@@@@@@@@.*@@@@@@@@
0x07,0xff,0xf0,0x7f,0xff,  //..%@@@@@@@..*@@@@@@@
0x01,0xff,0xf0,0x1f,0xff,  //...%@@@@@@...*@@@@@@
0x00,0x7f,0xf0,0x07,0xff,  //....%@@@@@....*@@@@@
0x00,0x1f,0xf0,0x01,0xff,  //.....%@@@@.....*@@@@
0x00,0x07,0xf0,0x00,0x7f,  //......%@@@......*@@@
0x00,0x01,0xf0,0x00,0x1f,  //.......%@@.......*@@
0x00,0x00,0x70,0x00,0x07,  //........%@........*@
0x00,0x00,0x10,0x00,0x01,  //.........%.........*


/*  */
0x90,0x00,0x00,0x00,0x00,  //#*.................
0xf9,0x00,0x00,0x00,0x00,  //@@#*...............
0xff,0x80,0x00,0x00,0x00,  //@@@@%*.............
0xff,0xf8,0x00,0x00,0x00,  //@@@@@@%+...........
0xff,0xff,0x40,0x00,0x00,  //@@@@@@@@%..........
0xff,0xff,0xe4,0x00,0x00,  //@@@@@@@@@#*........
0xff,0xff,0xfe,0x40,0x00,  //@@@@@@@@@@@#*......
0xff,0xff,0xff,0xe0,0x00,  //@@@@@@@@@@@@@%*....
0xff,0xff,0xff,0xfe,0x00,  //@@@@@@@@@@@@@@@%+..
0xff,0xff,0xff,0xff,0xd0,  //@@@@@@@@@@@@@@@@@%.
0xff,0xff,0xff,0xff,0xf8,  //@@@@@@@@@@@@@@@@@@%
0xff,0xff,0xff,0xff,0x90,  //@@@@@@@@@@@@@@@@#*.
0xff,0xff,0xff,0xfd,0x00,  //@@@@@@@@@@@@@@@*...
0xff,0xff,0xff,0xd0,0x00,  //@@@@@@@@@@@@@%+....
0xff,0xff,0xfe,0x00,0x00,  //@@@@@@@@@@@%*......
0xff,0xff,0xe0,0x00,0x00,  //@@@@@@@@@#*........
0xff,0xfe,0x40,0x00,0x00,  //@@@@@@@#*..........
0xff,0xf4,0x00,0x00,0x00,  //@@@@@@*............
0xff,0x40,0x00,0x00,0x00,  //@@@@%+.............
0xf8,0x00,0x00,0x00,0x00,  //@@%*...............
0x80,0x00,0x00,0x00,0x00,  //%*.................


/*  */
0xaa,0xaa,0x00,0xaa,0xaa,0x00,  //%%%%%%%%*...%%%%%%%%*
0xff,0xff,0x40,0xff,0xff,0x40,  //@@@@@@@@*...@@@@@@@@*
0xff,0xff,0x40,0xff,0xff,0x40,  //@@@@@@@@*...@@@@@@@@*
0xff,0xff,0x40,0xff,0xff,0x40,  //@@@@@@@@*...@@@@@@@@*
0xff,0xff,0x40,0xff,0xff,0x40,  //@@@@@@@@*...@@@@@@@@*
0xff,0xff,0x40,0xff,0xff,0x40,  //@@@@@@@@*...@@@@@@@@*
0xff,0xff,0x40,0xff,0xff,0x40,  //@@@@@@@@*...@@@@@@@@*
0xff,0xff,0x40,0xff,0xff,0x40,  //@@@@@@@@*...@@@@@@@@*
0xff,0xff,0x40,0xff,0xff,0x40,  //@@@@@@@@*...@@@@@@@@*
0xff,0xff,0x40,0xff,0xff,0x40,  //@@@@@@@@*...@@@@@@@@*
0xff,0xff,0x40,0xff,0xff,0x40,  //@@@@@@@@*...@@@@@@@@*
0xff,0xff,0x40,0xff,0xff,0x40,  //@@@@@@@@*...@@@@@@@@*
0xff,0xff,0x40,0xff,0xff,0x40,  //@@@@@@@@*...@@@@@@@@*
0xff,0xff,0x40,0xff,0xff,0x40,  //@@@@@@@@*...@@@@@@@@*
0xff,0xff,0x40,0xff,0xff,0x40,  //@@@@@@@@*...@@@@@@@@*
0xff,0xff,0x40,0xff,0xff,0x40,  //@@@@@@@@*...@@@@@@@@*
0xff,0xff,0x40,0xff,0xff,0x40,  //@@@@@@@@*...@@@@@@@@*
0xff,0xff,0x40,0xff,0xff,0x40,  //@@@@@@@@*...@@@@@@@@*
0xff,0xff,0x40,0xff,0xff,0x40,  //@@@@@@@@*...@@@@@@@@*
0xff,0xff,0x40,0xff,0xff,0x40,  //@@@@@@@@*...@@@@@@@@*
0x6a,0xaa,0x00,0x6a,0xaa,0x00,  //%%%%%%%%*...%%%%%%%%*


/*  */
0xaa,0xaa,0xaa,0xaa,0xaa,0x00,  //%%%%%%%%%%%%%%%%%%%%*
0xff,0xff,0xff,0xff,0xff,0x40,  //@@@@@@@@@@@@@@@@@@@@*
0xff,0xff,0xff,0xff,0xff,0x40,  //@@@@@@@@@@@@@@@@@@@@*
0xff,0xff,0xff,0xff,0xff,0x40,  //@@@@@@@@@@@@@@@@@@@@*
0xff,0xff,0xff,0xff,0xff,0x40,  //@@@@@@@@@@@@@@@@@@@@*
0xff,0xff,0xff,0xff,0xff,0x40,  //@@@@@@@@@@@@@@@@@@@@*
0xff,0xff,0xff,0xff,0xff,0x40,  //@@@@@@@@@@@@@@@@@@@@*
0xff,0xff,0xff,0xff,0xff,0x40,  //@@@@@@@@@@@@@@@@@@@@*
0xff,0xff,0xff,0xff,0xff,0x40,  //@@@@@@@@@@@@@@@@@@@@*
0xff,0xff,0xff,0xff,0xff,0x40,  //@@@@@@@@@@@@@@@@@@@@*
0xff,0xff,0xff,0xff,0xff,0x40,  //@@@@@@@@@@@@@@@@@@@@*
0xff,0xff,0xff,0xff,0xff,0x40,  //@@@@@@@@@@@@@@@@@@@@*
0xff,0xff,0xff,0xff,0xff,0x40,  //@@@@@@@@@@@@@@@@@@@@*
0xff,0xff,0xff,0xff,0xff,0x40,  //@@@@@@@@@@@@@@@@@@@@*
0xff,0xff,0xff,0xff,0xff,0x40,  //@@@@@@@@@@@@@@@@@@@@*
0xff,0xff,0xff,0xff,0xff,0x40,  //@@@@@@@@@@@@@@@@@@@@*
0xff,0xff,0xff,0xff,0xff,0x40,  //@@@@@@@@@@@@@@@@@@@@*
0xff,0xff,0xff,0xff,0xff,0x40,  //@@@@@@@@@@@@@@@@@@@@*
0xff,0xff,0xff,0xff,0xff,0x40,  //@@@@@@@@@@@@@@@@@@@@*
0xff,0xff,0xff,0xff,0xff,0x40,  //@@@@@@@@@@@@@@@@@@@@*
0x6a,0xaa,0xaa,0xaa,0xaa,0x00,  //%%%%%%%%%%%%%%%%%%%%*


/*  */
0x80,0x00,0x04,0x00,0x00,0x00,  //%.........%+.........
0xe0,0x00,0x0a,0x00,0x00,0x00,  //@#........%#+........
0xf8,0x00,0x0b,0x80,0x00,0x00,  //@@#.......%@#+.......
0xfe,0x00,0x0b,0xe0,0x00,0x00,  //@@@#......%@@#+......
0xff,0x80,0x0b,0xf8,0x00,0x00,  //@@@@#.....%@@@#+.....
0xff,0xe0,0x0b,0xfe,0x00,0x00,  //@@@@@#....%@@@@#+....
0xff,0xf8,0x0b,0xff,0x80,0x00,  //@@@@@@#...%@@@@@#+...
0xff,0xfe,0x0b,0xff,0xe0,0x00,  //@@@@@@@#..%@@@@@@#+..
0xff,0xff,0x8b,0xff,0xf8,0x00,  //@@@@@@@@#.%@@@@@@@#+.
0xff,0xff,0xeb,0xff,0xfe,0x00,  //@@@@@@@@@##@@@@@@@@#+
0xff,0xff,0xff,0xff,0xff,0x40,  //@@@@@@@@@@@@@@@@@@@@%
0xff,0xff,0xdb,0xff,0xfe,0x00,  //@@@@@@@@@%%@@@@@@@@#.
0xff,0xff,0x4b,0xff,0xf8,0x00,  //@@@@@@@@%.%@@@@@@@#..
0xff,0xfd,0x0b,0xff,0xe0,0x00,  //@@@@@@@%..%@@@@@@#...
0xff,0xf4,0x0b,0xff,0x80,0x00,  //@@@@@@%...%@@@@@#....
0xff,0xd0,0x0b,0xfe,0x00,0x00,  //@@@@@%....%@@@@#.....
0xff,0x40,0x0b,0xf8,0x00,0x00,  //@@@@%.....%@@@#......
0xfd,0x00,0x0b,0xe0,0x00,0x00,  //@@@%......%@@#.......
0xf4,0x00,0x0b,0x80,0x00,0x00,  //@@%.......%@#........
0xd0,0x00,0x0a,0x00,0x00,0x00,  //@%........%#.........
0x40,0x00,0x04,0x00,0x00,0x00,  //%.........*..........


/*  */
0x80,0x00,0x04,0x00,0x00,0x2a,  //%.........%+........*%%%
0xe0,0x00,0x0a,0x00,0x00,0x7f,  //@#........%#+.......*@@@
0xf8,0x00,0x0b,0x80,0x00,0x7f,  //@@#.......%@#+......*@@@
0xfe,0x00,0x0b,0xe0,0x00,0x7f,  //@@@#......%@@#+.....*@@@
0xff,0x80,0x0b,0xf8,0x00,0x7f,  //@@@@#.....%@@@#+....*@@@
0xff,0xe0,0x0b,0xfe,0x00,0x7f,  //@@@@@#....%@@@@#+...*@@@
0xff,0xf8,0x0b,0xff,0x80,0x7f,  //@@@@@@#...%@@@@@#+..*@@@
0xff,0xfe,0x0b,0xff,0xe0,0x7f,  //@@@@@@@#..%@@@@@@#+.*@@@
0xff,0xff,0x8b,0xff,0xf8,0x7f,  //@@@@@@@@#.%@@@@@@@#+*@@@
0xff,0xff,0xeb,0xff,0xfe,0xbf,  //@@@@@@@@@##@@@@@@@@#%@@@
0xff,0xff,0xff,0xff,0xff,0xff,  //@@@@@@@@@@@@@@@@@@@@@@@@
0xff,0xff,0xdb,0xff,0xfe,0x7f,  //@@@@@@@@@%%@@@@@@@@#%@@@
0xff,0xff,0x4b,0xff,0xf8,0x7f,  //@@@@@@@@%.%@@@@@@@#.*@@@
0xff,0xfd,0x0b,0xff,0xe0,0x7f,  //@@@@@@@%..%@@@@@@#..*@@@
0xff,0xf4,0x0b,0xff,0x80,0x7f,  //@@@@@@%...%@@@@@#...*@@@
0xff,0xd0,0x0b,0xfe,0x00,0x7f,  //@@@@@%....%@@@@#....*@@@
0xff,0x40,0x0b,0xf8,0x00,0x7f,  //@@@@%.....%@@@#.....*@@@
0xfd,0x00,0x0b,0xe0,0x00,0x7f,  //@@@%......%@@#......*@@@
0xf4,0x00,0x0b,0x80,0x00,0x7f,  //@@%.......%@#.......*@@@
0xd0,0x00,0x0a,0x00,0x00,0x7f,  //@%........%#........*@@@
0x40,0x00,0x04,0x00,0x00,0x29,  //%.........*.........+%%%


/*  */
0x80,0x00,0x06,0x90,  //%.........*%%*
0xe0,0x00,0x0b,0xe0,  //@#........%@@%
0xf8,0x00,0x0b,0xe0,  //@@#.......%@@%
0xfe,0x00,0x0b,0xe0,  //@@@#......%@@%
0xff,0x80,0x0b,0xe0,  //@@@@#.....%@@%
0xff,0xe0,0x0b,0xe0,  //@@@@@#....%@@%
0xff,0xf8,0x0b,0xe0,  //@@@@@@#...%@@%
0xff,0xfe,0x0b,0xe0,  //@@@@@@@#..%@@%
0xff,0xff,0x8b,0xe0,  //@@@@@@@@#.%@@%
0xff,0xff,0xeb,0xe0,  //@@@@@@@@@##@@%
0xff,0xff,0xff,0xe0,  //@@@@@@@@@@@@@%
0xff,0xff,0xdb,0xe0,  //@@@@@@@@@%%@@%
0xff,0xff,0x4b,0xe0,  //@@@@@@@@%.%@@%
0xff,0xfd,0x0b,0xe0,  //@@@@@@@%..%@@%
0xff,0xf4,0x0b,0xe0,  //@@@@@@%...%@@%
0xff,0xd0,0x0b,0xe0,  //@@@@@%....%@@%
0xff,0x40,0x0b,0xe0,  //@@@@%.....%@@%
0xfd,0x00,0x0b,0xe0,  //@@@%......%@@%
0xf4,0x00,0x0b,0xe0,  //@@%.......%@@%
0xd0,0x00,0x0b,0xe0,  //@%........%@@%
0x40,0x00,0x06,0x90,  //%.........*%%*


/*  */
0x00,0x00,0x2d,0x00,0x00,0x00,  //.........#@*.........
0x00,0x00,0xbf,0x40,0x00,0x00,  //........#@@@*........
0x00,0x02,0xff,0xd0,0x00,0x00,  //.......#@@@@@*.......
0x00,0x0b,0xff,0xf4,0x00,0x00,  //......#@@@@@@@*......
0x00,0x2f,0xff,0xfd,0x00,0x00,  //.....#@@@@@@@@@*.....
0x00,0xbf,0xff,0xff,0x40,0x00,  //....#@@@@@@@@@@@*....
0x02,0xff,0xff,0xff,0xd0,0x00,  //...#@@@@@@@@@@@@@*...
0x0b,0xff,0xff,0xff,0xf4,0x00,  //..#@@@@@@@@@@@@@@@*..
0x2f,0xff,0xff,0xff,0xfd,0x00,  //.#@@@@@@@@@@@@@@@@@*.
0xbf,0xff,0xff,0xff,0xff,0x00,  //#@@@@@@@@@@@@@@@@@@@*
0x00,0x00,0x00,0x00,0x00,0x00,  //+*******************.
0x00,0x00,0x00,0x00,0x00,0x00,  //.*******************.
0xbf,0xff,0xff,0xff,0xff,0x40,  //#@@@@@@@@@@@@@@@@@@@*
0xff,0xff,0xff,0xff,0xff,0x40,  //@@@@@@@@@@@@@@@@@@@@*
0xff,0xff,0xff,0xff,0xff,0x40,  //@@@@@@@@@@@@@@@@@@@@*
0xff,0xff,0xff,0xff,0xff,0x40,  //@@@@@@@@@@@@@@@@@@@@*
0xbf,0xff,0xff,0xff,0xff,0x40,  //#@@@@@@@@@@@@@@@@@@@*


/*  */
0x00,0x00,0x0a,0x00,  //.........+##..
0x00,0x00,0x2f,0x80,  //........+#@@#.
0x00,0x00,0xbf,0xe0,  //.......+#@@@@#
0x00,0x02,0xff,0xd0,  //......+#@@@@@%
0x00,0x0b,0xff,0x40,  //.....+#@@@@@%.
0x00,0x2f,0xfd,0x00,  //....+#@@@@@%..
0x00,0xbf,0xf4,0x00,  //...+#@@@@@%...
0x02,0xff,0xd0,0x00,  //..+#@@@@@%....
0x0b,0xff,0x40,0x00,  //.+#@@@@@%.....
0x2f,0xfd,0x00,0x00,  //+#@@@@@%......
0xbf,0xf8,0x00,0x00,  //#@@@@@#.......
0x7f,0xfd,0x00,0x00,  //*@@@@@@%......
0x1f,0xff,0x40,0x00,  //.*@@@@@@%.....
0x07,0xff,0xd0,0x00,  //..*@@@@@@%....
0x01,0xff,0xf4,0x00,  //...*@@@@@@%...
0x00,0x7f,0xfd,0x00,  //....*@@@@@@%..
0x00,0x1f,0xff,0x40,  //.....*@@@@@@%.
0x00,0x07,0xff,0xd0,  //......*@@@@@@%
0x00,0x01,0xff,0xe0,  //.......*@@@@@#
0x00,0x00,0x7f,0x80,  //........*@@@#+
0x00,0x00,0x1e,0x00,  //.........*@#+.


/*  */
0x0b,0x40,0x00,0x00,  //..#@*.........
0x2f,0xd0,0x00,0x00,  //.#@@@*........
0xbf,0xf4,0x00,0x00,  //%@@@@@*.......
0x7f,0xfd,0x00,0x00,  //*@@@@@@*......
0x1f,0xff,0x40,0x00,  //.%@@@@@@*.....
0x07,0xff,0xd0,0x00,  //..%@@@@@@*....
0x01,0xff,0xf4,0x00,  //...%@@@@@@*...
0x00,0x7f,0xfd,0x00,  //....%@@@@@@*..
0x00,0x1f,0xff,0x40,  //.....%@@@@@@*.
0x00,0x07,0xff,0xd0,  //......%@@@@@@*
0x00,0x02,0xff,0xf0,  //.......%@@@@@@
0x00,0x07,0xff,0xd0,  //......*@@@@@@%
0x00,0x1f,0xff,0x40,  //.....*@@@@@@%.
0x00,0x7f,0xfd,0x00,  //....*@@@@@@%..
0x01,0xff,0xf4,0x00,  //...*@@@@@@%...
0x07,0xff,0xd0,0x00,  //..*@@@@@@%....
0x1f,0xff,0x40,0x00,  //.*@@@@@@%.....
0x7f,0xfd,0x00,0x00,  //*@@@@@@%......
0xbf,0xf4,0x00,0x00,  //%@@@@@%.......
0x2f,0xd0,0x00,0x00,  //.#@@@%........
0x0b,0x40,0x00,0x00,  //..#@%.........


/*  */
0x00,0x01,0xaa,0x50,0x00,0x00,  //......+*%%%%%*.......
0x00,0x2f,0xff,0xf9,0x00,0x00,  //....+%@@@@@@@@#*.....
0x00,0xbf,0xff,0xff,0x80,0x00,  //...*#@@@@@@@@@@@%....
0x07,0xff,0xff,0xff,0xe0,0x00,  //..*@@@@@@@@@@@@@@#...
0x0b,0xff,0x95,0xff,0xf8,0x00,  //.+#@@@@@#**%@@@@@@%..
0x2f,0xff,0x40,0xff,0xfc,0x00,  //.%@@@@@@*...@@@@@@@*.
0x3f,0xff,0x40,0xff,0xfe,0x00,  //*@@@@@@@*...@@@@@@@#.
0x7f,0xff,0x40,0xff,0xff,0x00,  //%@@@@@@@*...@@@@@@@@+
0xbf,0xaa,0x40,0xaa,0xff,0x40,  //#@@@#%%%*...%%%%@@@@*
0xff,0x00,0x00,0x00,0xbf,0x40,  //@@@@*...........%@@@*
0xff,0x00,0x00,0x00,0xbf,0x40,  //@@@@*...........%@@@*
0xff,0x00,0x00,0x00,0xbf,0x40,  //@@@@*...........#@@@*
0xbf,0xea,0x40,0xaa,0xff,0x40,  //%@@@@%%%*...%%%#@@@@*
0x7f,0xff,0x40,0xff,0xff,0x00,  //%@@@@@@@*...@@@@@@@@+
0x3f,0xff,0x40,0xff,0xfe,0x00,  //+@@@@@@@*...@@@@@@@%.
0x2f,0xff,0x40,0xff,0xfc,0x00,  //.%@@@@@@%...@@@@@@@*.
0x0b,0xff,0x96,0xff,0xf4,0x00,  //..#@@@@@#%*%@@@@@@%..
0x02,0xff,0xff,0xff,0xe0,0x00,  //..+#@@@@@@@@@@@@@#...
0x00,0xbf,0xff,0xff,0x40,0x00,  //...+#@@@@@@@@@@@%....
0x00,0x1b,0xff,0xf8,0x00,0x00,  //.....*#@@@@@@@#*.....
0x00,0x01,0x6a,0x40,0x00,0x00,  //.......*%%%%*+.......


/*  */
0x00,0x01,0xaa,0x50,0x00,0x00,  //......+*%%%%%*.......
0x00,0x2f,0xff,0xf9,0x00,0x00,  //....+%@@@@@@@@#*.....
0x00,0xbf,0xff,0xff,0x80,0x00,  //...*#@@@@@@@@@@@%....
0x07,0xff,0xff,0xff,0xe0,0x00,  //..*@@@@@@@@@@@@@@#...
0x0b,0xff,0xff,0xff,0xf8,0x00,  //.+#@@@@@@@@@@@@@@@%..
0x2f,0xff,0xff,0xff,0xfc,0x00,  //.%@@@@@@@@@@@@@@@@@*.
0x3f,0xff,0xff,0xff,0xfe,0x00,  //*@@@@@@@@@@@@@@@@@@#.
0x7f,0xff,0xff,0xff,0xff,0x00,  //%@@@@@@@@@@@@@@@@@@@+
0xbf,0xaa,0xaa,0xaa,0xff,0x40,  //#@@@#%%%%%%%%%%%@@@@*
0xff,0x00,0x00,0x00,0xbf,0x40,  //@@@@*...........%@@@*
0xff,0x00,0x00,0x00,0xbf,0x40,  //@@@@*...........%@@@*
0xff,0x00,0x00,0x00,0xbf,0x40,  //@@@@*...........#@@@*
0xbf,0xea,0xaa,0xaa,0xff,0x40,  //%@@@@%%%%%%%%%%#@@@@*
0x7f,0xff,0xff,0xff,0xff,0x00,  //%@@@@@@@@@@@@@@@@@@@+
0x3f,0xff,0xff,0xff,0xfe,0x00,  //+@@@@@@@@@@@@@@@@@@%.
0x2f,0xff,0xff,0xff,0xfc,0x00,  //.%@@@@@@@@@@@@@@@@@*.
0x0b,0xff,0xff,0xff,0xf4,0x00,  //..#@@@@@@@@@@@@@@@%..
0x02,0xff,0xff,0xff,0xe0,0x00,  //..+#@@@@@@@@@@@@@#...
0x00,0xbf,0xff,0xff,0x40,0x00,  //...+#@@@@@@@@@@@%....
0x00,0x1b,0xff,0xf8,0x00,0x00,  //.....*#@@@@@@@#*.....
0x00,0x01,0x6a,0x40,0x00,0x00,  //.......*%%%%*+.......


/*  */
0x00,0x01,0xaa,0x50,0x00,0x00,  //......+*%%%%%*.......
0x00,0x2f,0xff,0xf9,0x00,0x00,  //....+%@@@@@@@@#*.....
0x00,0xbf,0xff,0xff,0x80,0x00,  //...*#@@@@@@@@@@@%....
0x07,0xff,0xff,0xff,0xe0,0x00,  //..*@@@@@@@@@@@@@@#...
0x0b,0xff,0xff,0xff,0xf8,0x00,  //.+#@@@@@@@@@@@@@@@%..
0x2f,0xf9,0xbf,0x9b,0xfc,0x00,  //.%@@@@%*#@@@#*#@@@@*.
0x3f,0xd0,0x2e,0x02,0xfe,0x00,  //*@@@@%..+#@#..+#@@@#.
0x7f,0xc0,0x08,0x02,0xff,0x00,  //%@@@@*...+%....%@@@@+
0xbf,0xe0,0x00,0x07,0xff,0x40,  //#@@@@#........*@@@@@*
0xff,0xf8,0x00,0x1f,0xff,0x40,  //@@@@@@#......*@@@@@@*
0xff,0xfd,0x00,0x2f,0xff,0x40,  //@@@@@@@%.....#@@@@@@*
0xff,0xf8,0x00,0x0b,0xff,0x40,  //@@@@@@#......+#@@@@@*
0xbf,0xe0,0x00,0x02,0xff,0x40,  //%@@@@#........+#@@@@*
0x7f,0xc0,0x18,0x01,0xff,0x00,  //%@@@@*...*#....%@@@@+
0x3f,0xe0,0x7e,0x07,0xfe,0x00,  //+@@@@#..*@@#..*@@@@%.
0x2f,0xf9,0xff,0x9f,0xfc,0x00,  //.%@@@@#%@@@@#%@@@@@*.
0x0b,0xff,0xff,0xff,0xf4,0x00,  //..#@@@@@@@@@@@@@@@%..
0x02,0xff,0xff,0xff,0xe0,0x00,  //..+#@@@@@@@@@@@@@#...
0x00,0xbf,0xff,0xff,0x40,0x00,  //...+#@@@@@@@@@@@%....
0x00,0x1b,0xff,0xf8,0x00,0x00,  //.....*#@@@@@@@#*.....
0x00,0x01,0x6a,0x40,0x00,0x00,  //.......*%%%%*+.......


/*  */
0x00,0x01,0xaa,0x50,0x00,0x00,  //......+*%%%%%*.......
0x00,0x2f,0xff,0xf9,0x00,0x00,  //....+%@@@@@@@@#*.....
0x00,0xbf,0xff,0xff,0x80,0x00,  //...*#@@@@@@@@@@@%....
0x07,0xff,0xff,0xff,0xe0,0x00,  //..*@@@@@@@@@@@@@@#...
0x0b,0xff,0xff,0xff,0xf8,0x00,  //.+#@@@@@@@@@@@@@@@%..
0x2f,0xff,0xff,0xff,0xfc,0x00,  //.%@@@@@@@@@@@@@@@@@*.
0x3f,0xff,0xff,0xf4,0xbe,0x00,  //*@@@@@@@@@@@@@**#@@#.
0x7f,0xff,0xff,0xd0,0x3f,0x00,  //%@@@@@@@@@@@@*..+@@@+
0xbf,0xaf,0xff,0x40,0x2f,0x40,  //#@@@#%@@@@@@*....#@@*
0xfe,0x07,0xfd,0x00,0x7f,0x40,  //@@@#+.*@@@@*....%@@@*
0xfd,0x01,0xf4,0x01,0xff,0x40,  //@@@*...*@@*....%@@@@*
0xfe,0x00,0x50,0x07,0xff,0x40,  //@@@#....**....%@@@@@*
0xbf,0x80,0x00,0x1f,0xff,0x40,  //%@@@#........%@@@@@@*
0x7f,0xe0,0x00,0x7f,0xff,0x00,  //%@@@@#......%@@@@@@@+
0x3f,0xf8,0x01,0xff,0xfe,0x00,  //+@@@@@#....%@@@@@@@%.
0x2f,0xfe,0x07,0xff,0xfc,0x00,  //.%@@@@@#..%@@@@@@@@*.
0x0b,0xff,0xaf,0xff,0xf4,0x00,  //..#@@@@@#%@@@@@@@@%..
0x02,0xff,0xff,0xff,0xe0,0x00,  //..+#@@@@@@@@@@@@@#...
0x00,0xbf,0xff,0xff,0x40,0x00,  //...+#@@@@@@@@@@@%....
0x00,0x1b,0xff,0xf8,0x00,0x00,  //.....*#@@@@@@@#*.....
0x00,0x01,0x6a,0x40,0x00,0x00,  //.......*%%%%*+.......


/*  */
0x00,0x01,0xaa,0x50,0x00,0x00,  //......+*%%%%%*.......
0x00,0x2f,0xff,0xf9,0x00,0x00,  //....+%@@@@@@@@#*.....
0x00,0xbf,0xff,0xff,0x80,0x00,  //...*#@@@@@@@@@@@%....
0x07,0xff,0xa6,0xbf,0xe0,0x00,  //..*@@@@@#%*%#@@@@#...
0x0b,0xf9,0x00,0x1f,0xf8,0x00,  //.+#@@@#*.....*@@@@%..
0x2f,0xf0,0x00,0x07,0xfc,0x00,  //.%@@@@*.......*@@@@*.
0x3f,0xd0,0x00,0x02,0xfe,0x00,  //*@@@@%...+*....#@@@#.
0x7f,0xe4,0x7e,0x01,0xff,0x00,  //%@@@@#*.*@@#...%@@@@+
0xbf,0xfe,0xbe,0x01,0xff,0x40,  //#@@@@@@%#@@#...%@@@@*
0xff,0xff,0xe4,0x02,0xff,0x40,  //@@@@@@@@@#*....#@@@@*
0xff,0xff,0xc0,0x0b,0xff,0x40,  //@@@@@@@@@+....#@@@@@*
0xff,0xff,0x80,0x6f,0xff,0x40,  //@@@@@@@@%...*#@@@@@@*
0xbf,0xff,0x40,0xbf,0xff,0x40,  //%@@@@@@@%...#@@@@@@@*
0x7f,0xff,0xaa,0xff,0xff,0x00,  //%@@@@@@@#%%#@@@@@@@@+
0x3f,0xff,0x40,0xff,0xfe,0x00,  //+@@@@@@@*...@@@@@@@%.
0x2f,0xff,0x40,0xff,0xfc,0x00,  //.%@@@@@@*...@@@@@@@*.
0x0b,0xff,0x40,0xff,0xf4,0x00,  //..#@@@@@*...@@@@@@%..
0x02,0xff,0xaa,0xff,0xe0,0x00,  //..+#@@@@#%%%@@@@@#...
0x00,0xbf,0xff,0xff,0x40,0x00,  //...+#@@@@@@@@@@@%....
0x00,0x1b,0xff,0xf8,0x00,0x00,  //.....*#@@@@@@@#*.....
0x00,0x01,0x6a,0x40,0x00,0x00,  //.......*%%%%*+.......


/*  */
0x00,0x01,0xaa,0x50,0x00,0x00,  //......+*%%%%%*.......
0x00,0x2f,0xff,0xf9,0x00,0x00,  //....+%@@@@@@@@#*.....
0x00,0xbf,0x80,0xff,0x80,0x00,  //...*#@@@%***@@@@%....
0x07,0xff,0x40,0xff,0xe0,0x00,  //..*@@@@@*...@@@@@#...
0x0b,0xff,0x40,0xff,0xf8,0x00,  //.+#@@@@@*...@@@@@@%..
0x2f,0xff,0xaa,0xff,0xfc,0x00,  //.%@@@@@@#%%%@@@@@@@*.
0x3f,0xff,0xff,0xff,0xfe,0x00,  //*@@@@@@@@@@@@@@@@@@#.
0x7f,0xf8,0x00,0xff,0xff,0x00,  //%@@@@@#.....@@@@@@@@+
0xbf,0xf8,0x00,0xff,0xff,0x40,  //#@@@@@%.....@@@@@@@@*
0xff,0xf8,0x00,0xff,0xff,0x40,  //@@@@@@#.....@@@@@@@@*
0xff,0xff,0x40,0xff,0xff,0x40,  //@@@@@@@@*...@@@@@@@@*
0xff,0xff,0x40,0xff,0xff,0x40,  //@@@@@@@@*...@@@@@@@@*
0xbf,0xff,0x40,0xff,0xff,0x40,  //%@@@@@@@*...@@@@@@@@*
0x7f,0xff,0x40,0xff,0xff,0x00,  //%@@@@@@@*...@@@@@@@@+
0x3f,0xf8,0x00,0x1f,0xfe,0x00,  //+@@@@@#*+...**@@@@@%.
0x2f,0xf8,0x00,0x0f,0xfc,0x00,  //.%@@@@%......*@@@@@*.
0x0b,0xf8,0x00,0x0f,0xf4,0x00,  //..#@@@%......*@@@@%..
0x02,0xfe,0xaa,0xaf,0xe0,0x00,  //..+#@@@%%%%%%#@@@#...
0x00,0xbf,0xff,0xff,0x40,0x00,  //...+#@@@@@@@@@@@%....
0x00,0x1b,0xff,0xf8,0x00,0x00,  //.....*#@@@@@@@#*.....
0x00,0x01,0x6a,0x40,0x00,0x00,  //.......*%%%%*+.......


/*  */
0x00,0x00,0x2a,0x00,0x00,0x00,  //........*%%%.........
0x00,0x00,0x7f,0x00,0x00,0x00,  //........*@@@.........
0x00,0x00,0x7f,0x00,0x00,0x00,  //........*@@@.........
0x00,0x02,0xff,0x90,0x00,0x00,  //......*%@@@@#%.......
0x00,0x1f,0xbf,0xb8,0x00,0x00,  //.....%@@#@@@#@#+.....
0x00,0x78,0x7f,0x1a,0x00,0x00,  //....%@#+*@@@.*##+....
0x00,0xe0,0x3e,0x03,0x80,0x00,  //...*@%..*@@#..+@#....
0x02,0x80,0x00,0x01,0xd0,0x00,  //...##..........*@*...
0x07,0x80,0x00,0x00,0xe0,0x00,  //+**@%*+.......**@#**.
0xbf,0xf8,0x00,0x0f,0xff,0x40,  //#@@@@@%......*@@@@@@*
0xff,0xf8,0x00,0x0f,0xff,0x40,  //@@@@@@%......*@@@@@@*
0xbf,0xf8,0x00,0x0f,0xff,0x40,  //#@@@@@%......+@@@@@@*
0x03,0x80,0x00,0x01,0xe0,0x00,  //.**@%*........+*@%**.
0x02,0xc0,0x00,0x01,0xd0,0x00,  //...%@+...+*....%@*...
0x00,0xe0,0x7e,0x07,0x80,0x00,  //...*@#..*@@#..*@#....
0x00,0x78,0x7f,0x1e,0x00,0x00,  //....*@#**@@@.*@#+....
0x00,0x1f,0xff,0xb8,0x00,0x00,  //.....*@@@@@@#@#+.....
0x00,0x01,0xbf,0x90,0x00,0x00,  //......+%#@@@#*.......
0x00,0x00,0x7f,0x00,0x00,0x00,  //........*@@@.........
0x00,0x00,0x7f,0x00,0x00,0x00,  //........*@@@.........
0x00,0x00,0x29,0x00,0x00,0x00,  //........+%%%.........


/*  */
0x00,0x01,0xaa,0x50,0x00,0x00,  //......+*%%%%%*.......
0x00,0x2f,0xff,0xf9,0x00,0x00,  //....+%@@@@@@@@#*.....
0x00,0xbf,0xff,0xff,0x80,0x00,  //...*#@@@@@@@@@@@%....
0x07,0xfe,0x40,0x6f,0xe0,0x00,  //..*@@@@%*****#@@@#...
0x0b,0xe0,0x00,0x07,0xf8,0x00,  //.+#@@#+.......*@@@%..
0x2f,0x80,0x00,0x01,0xfc,0x00,  //.%@@#..........*@@@*.
0x3f,0x01,0x81,0x80,0x7e,0x00,  //*@@@+..%#..*#+..%@@#.
0x7d,0x07,0xe7,0xe0,0x3f,0x00,  //%@@%..%@@#*@@#+..@@@+
0xbc,0x0b,0xff,0xf8,0x2f,0x40,  //#@@*.+#@@@@@@@%..%@@*
0xfc,0x02,0xff,0xe0,0x1f,0x40,  //@@@...+#@@@@@#...*@@*
0xfc,0x01,0xff,0xc0,0x1f,0x40,  //@@@....*@@@@@+...*@@*
0xfc,0x07,0xff,0xe0,0x1f,0x40,  //@@@...*@@@@@@#...*@@*
0xbc,0x0f,0xff,0xf8,0x2f,0x40,  //%@@*.+@@@@@@@@%..%@@*
0x7d,0x07,0xe2,0xe0,0x3f,0x00,  //%@@%..%@@#*#@#+.+@@@+
0x3f,0x01,0x80,0x80,0xbe,0x00,  //+@@@*..%#..+#+..%@@%.
0x2f,0x80,0x00,0x01,0xfc,0x00,  //.%@@#+.........*@@@*.
0x0b,0xe0,0x00,0x07,0xf4,0x00,  //..#@@#*.......%@@@%..
0x02,0xfe,0x41,0x6f,0xe0,0x00,  //..+#@@@#****%#@@@#...
0x00,0xbf,0xff,0xff,0x40,0x00,  //...+#@@@@@@@@@@@%....
0x00,0x1b,0xff,0xf8,0x00,0x00,  //.....*#@@@@@@@#*.....
0x00,0x01,0x6a,0x40,0x00,0x00,  //.......*%%%%*+.......


/*  */
0x00,0x01,0xaa,0x50,0x00,0x00,  //......+*%%%%%*.......
0x00,0x2f,0xff,0xf9,0x00,0x00,  //....+%@@@@@@@@#*.....
0x00,0xbf,0xff,0xff,0x80,0x00,  //...*#@@@@@@@@@@@%....
0x07,0xfe,0x40,0x6f,0xe0,0x00,  //..*@@@@%*****#@@@#...
0x0b,0xe0,0x00,0x07,0xf8,0x00,  //.+#@@#+.......*@@@%..
0x2f,0x80,0x00,0x01,0xfc,0x00,  //.%@@#..........*@@@*.
0x3f,0x00,0x00,0x10,0x7e,0x00,  //*@@@+........*+.%@@#.
0x7d,0x00,0x00,0x78,0x3f,0x00,  //%@@%........%@#+.@@@+
0xbc,0x09,0x01,0xfe,0x2f,0x40,  //#@@*..%*...%@@@#.%@@*
0xfc,0x2f,0x47,0xfd,0x1f,0x40,  //@@@..#@@%.%@@@@%.*@@*
0xfc,0x3f,0xef,0xf4,0x1f,0x40,  //@@@.*@@@@#@@@@%..*@@*
0xfc,0x1f,0xff,0xd0,0x1f,0x40,  //@@@..%@@@@@@@%...*@@*
0xbc,0x07,0xff,0x40,0x2f,0x40,  //%@@*..%@@@@@%....%@@*
0x7d,0x01,0xfd,0x00,0x3f,0x00,  //%@@%...%@@@%....+@@@+
0x3f,0x00,0x74,0x00,0xbe,0x00,  //+@@@*...%@%.....%@@%.
0x2f,0x80,0x00,0x01,0xfc,0x00,  //.%@@#+...+.....*@@@*.
0x0b,0xe0,0x00,0x07,0xf4,0x00,  //..#@@#*.......%@@@%..
0x02,0xfe,0x41,0x6f,0xe0,0x00,  //..+#@@@#****%#@@@#...
0x00,0xbf,0xff,0xff,0x40,0x00,  //...+#@@@@@@@@@@@%....
0x00,0x1b,0xff,0xf8,0x00,0x00,  //.....*#@@@@@@@#*.....
0x00,0x01,0x6a,0x40,0x00,0x00,  //.......*%%%%*+.......


/*  */
0x00,0x01,0xae,0x90,0x00,0x00,  //......+%%#@#%*.......
0x00,0x2f,0xff,0xf9,0x00,0x00,  //....+%@@@@@@@@#*.....
0x01,0xff,0xff,0xff,0x80,0x00,  //...*@@@@@@@@@@@@#....
0x07,0xfd,0x00,0x6f,0xe0,0x00,  //..*@@@@%*+.+*#@@@#...
0x0f,0xe0,0x00,0x0b,0xf8,0x00,  //.+@@@#+.......#@@@%..
0x2f,0x80,0x00,0x2f,0xfd,0x00,  //.%@@#........#@@@@@*.
0x3f,0x00,0x00,0xbf,0xbe,0x00,  //*@@@+.......#@@@%@@#.
0x7d,0x00,0x02,0xfd,0x2f,0x00,  //%@@%.......#@@@*.#@@+
0xbc,0x00,0x0b,0xf4,0x2f,0x40,  //#@@*......#@@@*..%@@*
0xfc,0x00,0x2f,0xd0,0x1f,0x40,  //@@@......#@@@*...*@@*
0xfc,0x00,0xbf,0x40,0x1f,0x40,  //@@@.....#@@@*....*@@*
0xfc,0x02,0xfd,0x00,0x1f,0x40,  //@@@....#@@@*.....*@@*
0xbc,0x0b,0xf4,0x00,0x2f,0x40,  //%@@*..#@@@*......%@@*
0x7e,0x2f,0xd0,0x00,0x3f,0x00,  //%@@%.#@@@*......+@@@+
0x3f,0xbf,0x40,0x00,0xbe,0x00,  //+@@@#@@@*.......%@@%.
0x1f,0xfd,0x00,0x01,0xfc,0x00,  //.%@@@@@*.......*@@@*.
0x0b,0xf8,0x00,0x0b,0xf4,0x00,  //..#@@@%.......%@@@%..
0x02,0xfe,0x41,0x6f,0xe0,0x00,  //..+#@@@#****%#@@@#...
0x00,0xbf,0xff,0xff,0x40,0x00,  //...+#@@@@@@@@@@@%....
0x00,0x1b,0xff,0xf8,0x00,0x00,  //.....*#@@@@@@@%*.....
0x00,0x00,0x6a,0x40,0x00,0x00,  //.......**%%%*+.......


/*  */
0x00,0x00,0x2d,0x00,0x00,  //........+#@%........
0x00,0x00,0xbf,0x40,0x00,  //.......+#@@@%.......
0x00,0x02,0xff,0xc0,0x00,  //......+#@@@@@.......
0x00,0x0b,0xff,0x80,0x00,  //.....+#@@@@@%.......
0x00,0x2f,0xfe,0x00,0x00,  //....+#@@@@@#........
0x00,0xbf,0xf8,0x00,0x00,  //...+#@@@@@#.........
0x02,0xff,0xe0,0x00,0x00,  //..+#@@@@@#..........
0x0b,0xff,0x80,0x00,0x00,  //.+#@@@@@#*********+.
0x2f,0xff,0xff,0xff,0xfc,  //+#@@@@@@@@@@@@@@@@@*
0xbf,0xff,0xff,0xff,0xfd,  //#@@@@@@@@@@@@@@@@@@*
0xff,0xff,0xff,0xff,0xfd,  //@@@@@@@@@@@@@@@@@@@*
0x7f,0xff,0xff,0xff,0xfd,  //%@@@@@@@@@@@@@@@@@@*
0x1f,0xff,0xaa,0xaa,0xa8,  //.%@@@@@@#%%%%%%%%%%+
0x07,0xff,0x80,0x00,0x00,  //..%@@@@@#+..........
0x01,0xff,0xe0,0x00,0x00,  //...%@@@@@#+.........
0x00,0x7f,0xf8,0x00,0x00,  //....%@@@@@#+........
0x00,0x1f,0xfe,0x00,0x00,  //.....%@@@@@#+.......
0x00,0x07,0xff,0x80,0x00,  //......%@@@@@#.......
0x00,0x01,0xff,0x80,0x00,  //.......%@@@@#.......
0x00,0x00,0x7e,0x00,0x00,  //........%@@#+.......
0x00,0x00,0x18,0x00,0x00,  //.........*%+........


/*  */
0x00,0x00,0xb4,0x00,0x00,  //.......+#@%.........
0x00,0x02,0xfd,0x00,0x00,  //......+#@@@%........
0x00,0x07,0xff,0x40,0x00,  //......*@@@@@%.......
0x00,0x02,0xff,0xd0,0x00,  //......+#@@@@@%......
0x00,0x00,0xbf,0xf4,0x00,  //.......+#@@@@@%.....
0x00,0x00,0x2f,0xfd,0x00,  //........+#@@@@@%....
0x00,0x00,0x0b,0xff,0x40,  //.........+#@@@@@%...
0x00,0x00,0x07,0xff,0xd0,  //.**********@@@@@@%..
0xbf,0xff,0xff,0xff,0xf4,  //%@@@@@@@@@@@@@@@@@%.
0xff,0xff,0xff,0xff,0xfd,  //@@@@@@@@@@@@@@@@@@@*
0xff,0xff,0xff,0xff,0xfe,  //@@@@@@@@@@@@@@@@@@@%
0xbf,0xff,0xff,0xff,0xf8,  //#@@@@@@@@@@@@@@@@@#+
0x6a,0xaa,0xab,0xff,0xe0,  //*%%%%%%%%%%@@@@@@#+.
0x00,0x00,0x07,0xff,0x80,  //..........%@@@@@#+..
0x00,0x00,0x1f,0xfe,0x00,  //.........%@@@@@#+...
0x00,0x00,0x7f,0xf8,0x00,  //........%@@@@@#+....
0x00,0x01,0xff,0xe0,0x00,  //.......%@@@@@#+.....
0x00,0x07,0xff,0x80,0x00,  //......*@@@@@#+......
0x00,0x07,0xfe,0x00,0x00,  //......*@@@@#+.......
0x00,0x01,0xf8,0x00,0x00,  //.......%@@#+........
0x00,0x00,0x60,0x00,0x00,  //........*%+.........


/*  */
0x00,0x00,0x29,0x00,0x00,0x00,  //........+##*.........
0x00,0x00,0xbf,0x40,0x00,0x00,  //.......+#@@@*........
0x00,0x02,0xff,0xd0,0x00,0x00,  //......+#@@@@@*.......
0x00,0x0b,0xff,0xf4,0x00,0x00,  //.....+#@@@@@@@*......
0x00,0x2f,0xff,0xfd,0x00,0x00,  //....+#@@@@@@@@@*.....
0x00,0xbf,0xff,0xff,0x40,0x00,  //...+#@@@@@@@@@@@*....
0x02,0xff,0xff,0xff,0xd0,0x00,  //..+#@@@@@@@@@@@@@*...
0x0b,0xff,0xff,0xff,0xf4,0x00,  //.+#@@@@@@@@@@@@@@@*..
0x2f,0xff,0xff,0xbf,0xfd,0x00,  //+#@@@@@@@@@@#@@@@@@*.
0xbf,0xf9,0xff,0x9f,0xff,0x00,  //#@@@@@#%@@@@%*@@@@@@*
0xff,0xe1,0xff,0x87,0xff,0x40,  //@@@@@#.*@@@@%.*@@@@@*
0xbf,0x81,0xff,0x81,0xfe,0x00,  //#@@@#..*@@@@%..*@@@#+
0x2e,0x01,0xff,0x80,0x78,0x00,  //.#@%...*@@@@%...*@#+.
0x00,0x01,0xff,0x80,0x00,0x00,  //..+....*@@@@%....+...
0x00,0x01,0xff,0x80,0x00,0x00,  //.......*@@@@%........
0x00,0x01,0xff,0x80,0x00,0x00,  //.......*@@@@%........
0x00,0x01,0xff,0x80,0x00,0x00,  //.......*@@@@%........
0x00,0x01,0xff,0x80,0x00,0x00,  //.......*@@@@%........
0x00,0x01,0xff,0x80,0x00,0x00,  //.......*@@@@%........
0x00,0x00,0x69,0x00,0x00,0x00,  //........*%%%.........


/*  */
0x00,0x00,0x6a,0x00,0x00,0x00,  //........%%%%+........
0x00,0x01,0xff,0x80,0x00,0x00,  //.......*@@@@%........
0x00,0x01,0xff,0x80,0x00,0x00,  //.......*@@@@%........
0x00,0x01,0xff,0x80,0x00,0x00,  //.......*@@@@%........
0x00,0x01,0xff,0x80,0x00,0x00,  //.......*@@@@%........
0x00,0x01,0xff,0x80,0x00,0x00,  //.......*@@@@%........
0x00,0x01,0xff,0x80,0x00,0x00,  //..+....*@@@@%....+...
0x2e,0x01,0xff,0x80,0x78,0x00,  //.#@%...*@@@@%...%@#+.
0xbf,0x81,0xff,0x81,0xfe,0x00,  //#@@@#..*@@@@%..%@@@#+
0xff,0xe1,0xff,0x87,0xff,0x40,  //@@@@@#.*@@@@%.%@@@@@*
0xbf,0xf9,0xff,0x9f,0xff,0x00,  //#@@@@@#%@@@@%%@@@@@@*
0x2f,0xff,0xff,0xff,0xfd,0x00,  //+#@@@@@@@@@@@@@@@@@*.
0x0b,0xff,0xff,0xff,0xf4,0x00,  //.+#@@@@@@@@@@@@@@@*..
0x02,0xff,0xff,0xff,0xd0,0x00,  //..+#@@@@@@@@@@@@@*...
0x00,0xbf,0xff,0xff,0x40,0x00,  //...+#@@@@@@@@@@@*....
0x00,0x2f,0xff,0xfd,0x00,0x00,  //....+#@@@@@@@@@*.....
0x00,0x0b,0xff,0xf4,0x00,0x00,  //.....+#@@@@@@@*......
0x00,0x02,0xff,0xd0,0x00,0x00,  //......+#@@@@@*.......
0x00,0x00,0xbf,0x40,0x00,0x00,  //.......+#@@@*........
0x00,0x00,0x29,0x00,0x00,0x00,  //........+##*.........


/*  */
0x00,0x00,0x00,0x00,0x80,0x00,  //...............*%.......
0x00,0x00,0x00,0x01,0xe0,0x00,  //...............*@#......
0x00,0x00,0x00,0x01,0xf8,0x00,  //...............*@@#.....
0x00,0x00,0x00,0x01,0xfe,0x00,  //...............*@@@#....
0x00,0x00,0x01,0x56,0xff,0x80,  //........+******%@@@@#...
0x00,0x1b,0xff,0xff,0xff,0xe0,  //.....*%@@@@@@@@@@@@@@#..
0x01,0xbf,0xff,0xff,0xff,0xf8,  //...*#@@@@@@@@@@@@@@@@@#.
0x07,0xff,0xff,0xff,0xff,0xfe,  //..%@@@@@@@@@@@@@@@@@@@@#
0x1f,0xff,0xff,0xff,0xff,0xfe,  //.*@@@@@@@@@@@@@@@@@@@@@#
0x3f,0xff,0xff,0xff,0xff,0xf8,  //+@@@@@@@@@@@@@@@@@@@@@#.
0x7f,0xff,0xff,0xff,0xff,0xe0,  //*@@@@@@@@@@@@@@@@@@@@#..
0xbf,0xfe,0x95,0x56,0xff,0x80,  //%@@@@@@#%******%@@@@#...
0xbf,0xe0,0x00,0x01,0xfe,0x00,  //#@@@@%*........*@@@#....
0xff,0x40,0x00,0x01,0xf8,0x00,  //@@@@%..........*@@#.....
0xfe,0x00,0x00,0x01,0xe0,0x00,  //@@@#...........*@#......
0xbd,0x00,0x00,0x00,0x80,0x00,  //#@@*...........*%.......
0xbc,0x00,0x00,0x00,0x00,0x00,  //%@@.....................
0x7c,0x00,0x00,0x00,0x00,0x00,  //*@@.....................
0x38,0x00,0x00,0x00,0x00,0x00,  //+@#.....................
0x28,0x00,0x00,0x00,0x00,0x00,  //.%#.....................
0x0c,0x00,0x00,0x00,0x00,0x00,  //.*@.....................
0x04,0x00,0x00,0x00,0x00,0x00,  //..%.....................


/*  */
0x00,0x00,0x00,0x2a,0xaa,0x00,  //.............%%%%%%%*
0x00,0x00,0x00,0x2f,0xff,0x40,  //.............#@@@@@@*
0x00,0x00,0x00,0x0b,0xff,0x40,  //..............#@@@@@*
0x00,0x00,0x00,0x03,0xff,0x40,  //..............+@@@@@*
0x00,0x00,0x00,0x0b,0xff,0x40,  //..............#@@@@@*
0x00,0x00,0x00,0x2f,0xef,0x40,  //.............#@@@#@@*
0x00,0x00,0x00,0xbf,0x4b,0x40,  //............#@@@*.#@*
0x00,0x00,0x02,0xfd,0x02,0x00,  //...........#@@@*...%*
0x00,0x00,0x07,0xf4,0x00,0x00,  //..........*@@@*......
0x00,0x00,0x01,0xd0,0x00,0x00,  //...........%@*.......
0x00,0x00,0x00,0x00,0x00,0x00,  //........+...+........
0x00,0x02,0x80,0x00,0x00,0x00,  //.......##+...........
0x00,0x0b,0xe0,0x00,0x00,0x00,  //......#@@#...........
0x90,0x2f,0xd0,0x00,0x00,0x00,  //#%...#@@@*...........
0xf4,0xbf,0x40,0x00,0x00,0x00,  //@@%.#@@@*............
0xfe,0xfd,0x00,0x00,0x00,0x00,  //@@@#@@@*.............
0xff,0xf4,0x00,0x00,0x00,0x00,  //@@@@@@*..............
0xff,0xe0,0x00,0x00,0x00,0x00,  //@@@@@%...............
0xff,0xf4,0x00,0x00,0x00,0x00,  //@@@@@@%..............
0xff,0xfd,0x00,0x00,0x00,0x00,  //@@@@@@@%.............
0x6a,0xa9,0x00,0x00,0x00,0x00,  //%%%%%%%*.............


/*  */
0x00,0x00,0x00,0x00,0x04,  //..................%.
0x00,0x00,0x00,0x00,0x2e,  //.................#@#
0x00,0x00,0x00,0x00,0xbf,  //...........+....#@@@
0x00,0x00,0x0b,0x42,0xfd,  //..........%@*..#@@@*
0x00,0x00,0x0b,0xdb,0xf4,  //..........%@@*#@@@*.
0x00,0x00,0x0b,0xff,0xd0,  //..........%@@@@@@*..
0x00,0x00,0x0b,0xff,0x40,  //..........%@@@@@*...
0x00,0x00,0x0b,0xff,0x40,  //..........%@@@@@*...
0x00,0x00,0x0b,0xff,0xd0,  //..........%@@@@@@*..
0x00,0x00,0x0b,0xff,0xf0,  //..........%@@@@@@@..
0x01,0x55,0x51,0x55,0x40,  //...***************..
0x07,0xff,0xf0,0x00,0x00,  //..*@@@@@@@*.........
0x01,0xff,0xf0,0x00,0x00,  //...%@@@@@@*.........
0x00,0x7f,0xf0,0x00,0x00,  //....%@@@@@*.........
0x00,0xbf,0xf0,0x00,0x00,  //....#@@@@@*.........
0x02,0xff,0xf0,0x00,0x00,  //...#@@@@@@*.........
0x0b,0xf5,0xf0,0x00,0x00,  //..#@@@*%@@*.........
0x2f,0xd0,0x70,0x00,0x00,  //.#@@@*..%@+.........
0xbf,0x40,0x00,0x00,0x00,  //%@@@*...............
0x2d,0x00,0x00,0x00,0x00,  //+#@*................
0x00,0x00,0x00,0x00,0x00,  //.+*.................


/*  */
0x00,0x01,0xa9,0x00,0x00,  //.......%%%%%.......
0x00,0x03,0xff,0x00,0x00,  //......+@@@@@.......
0x00,0x03,0xff,0x00,0x00,  //......*@@@@@.......
0x00,0x03,0xff,0x00,0x00,  //......*@@@@@.......
0x00,0x03,0xff,0x00,0x00,  //......*@@@@@.......
0x00,0x03,0xff,0x00,0x00,  //......*@@@@@.......
0x00,0x03,0xff,0x00,0x00,  //......*@@@@@.......
0xbf,0xff,0xff,0xff,0xf4,  //%@@@@@@@@@@@@@@@@@%
0xff,0xff,0xff,0xff,0xf8,  //@@@@@@@@@@@@@@@@@@%
0xff,0xff,0xff,0xff,0xf8,  //@@@@@@@@@@@@@@@@@@%
0xff,0xff,0xff,0xff,0xf8,  //@@@@@@@@@@@@@@@@@@%
0xbf,0xff,0xff,0xff,0xf4,  //#@@@@@@@@@@@@@@@@@%
0x00,0x07,0xff,0x00,0x00,  //.******@@@@@*****+.
0x00,0x03,0xff,0x00,0x00,  //......*@@@@@.......
0x00,0x03,0xff,0x00,0x00,  //......*@@@@@.......
0x00,0x03,0xff,0x00,0x00,  //......*@@@@@.......
0x00,0x03,0xff,0x00,0x00,  //......*@@@@@.......
0x00,0x03,0xff,0x00,0x00,  //......*@@@@@.......
0x00,0x02,0xfe,0x00,0x00,  //.......#@@@%.......


/*  */
0xbf,0xff,0xff,0xff,0xf4,  //%@@@@@@@@@@@@@@@@@%
0xff,0xff,0xff,0xff,0xf8,  //@@@@@@@@@@@@@@@@@@%
0xff,0xff,0xff,0xff,0xf8,  //@@@@@@@@@@@@@@@@@@%
0xff,0xff,0xff,0xff,0xf8,  //@@@@@@@@@@@@@@@@@@%
0xbf,0xff,0xff,0xff,0xf4,  //#@@@@@@@@@@@@@@@@@%


/*  */
0x00,0x00,0x6a,0x00,0x00,  //........%%%%+.......
0x00,0x01,0xff,0x80,0x00,  //.......*@@@@%.......
0x00,0x01,0xff,0x80,0x00,  //.......*@@@@%.......
0x00,0x01,0xff,0x80,0x00,  //..+*...*@@@@%...+*..
0x0f,0x81,0xff,0x81,0xf4,  //.*@@%*.*@@@@%.+%@@%.
0x2f,0xf5,0xff,0x9b,0xfc,  //.#@@@@%%@@@@%*#@@@@+
0x7f,0xff,0xff,0xff,0xfe,  //*@@@@@@@@@@@@@@@@@@%
0x3f,0xff,0xff,0xff,0xfd,  //*@@@@@@@@@@@@@@@@@@%
0x1b,0xff,0xff,0xff,0xf4,  //.*#@@@@@@@@@@@@@@@%.
0x01,0xff,0xff,0xff,0x80,  //...%@@@@@@@@@@@@%+..
0x00,0x7f,0xff,0xfe,0x00,  //....*@@@@@@@@@@%....
0x02,0xff,0xff,0xff,0x80,  //..+%@@@@@@@@@@@@#*..
0x1f,0xff,0xff,0xff,0xf8,  //.*@@@@@@@@@@@@@@@@%.
0x7f,0xff,0xff,0xff,0xfd,  //*@@@@@@@@@@@@@@@@@@%
0x3f,0xff,0xff,0xff,0xfd,  //*@@@@@@@@@@@@@@@@@@%
0x2f,0xe5,0xff,0x8b,0xfc,  //.%@@@#*%@@@@%*#@@@@+
0x0b,0x41,0xff,0x81,0xb4,  //.+#@%+.*@@@@%..*#@*.
0x00,0x01,0xff,0x80,0x00,  //...+...*@@@@%....+..
0x00,0x01,0xff,0x80,0x00,  //.......*@@@@%.......
0x00,0x01,0xff,0x40,0x00,  //.......*@@@@%.......
0x00,0x00,0x69,0x00,0x00,  //........*%%%........


/*  */
0x00,0x01,0xaa,0x50,0x00,0x00,  //......+*%%%%%*.......
0x00,0x2f,0xff,0xf9,0x00,0x00,  //....+%@@@@@@@@#*.....
0x00,0xbf,0xff,0xff,0x80,0x00,  //...*#@@@@@@@@@@@%....
0x07,0xff,0x95,0xbf,0xe0,0x00,  //..*@@@@@%***#@@@@#...
0x0b,0xff,0x40,0xbf,0xf8,0x00,  //.+#@@@@@*...%@@@@@%..
0x2f,0xff,0x40,0xbf,0xfc,0x00,  //.%@@@@@@*...%@@@@@@*.
0x3f,0xff,0x40,0xbf,0xfe,0x00,  //*@@@@@@@*...%@@@@@@#.
0x7f,0xff,0x40,0xff,0xff,0x00,  //%@@@@@@@*...@@@@@@@@+
0xbf,0xff,0x40,0xff,0xff,0x40,  //#@@@@@@@*...@@@@@@@@*
0xff,0xff,0x40,0xff,0xff,0x40,  //@@@@@@@@*...@@@@@@@@*
0xff,0xff,0x40,0xff,0xff,0x40,  //@@@@@@@@*...@@@@@@@@*
0xff,0xff,0x40,0xff,0xff,0x40,  //@@@@@@@@*...@@@@@@@@*
0xbf,0xff,0x95,0xff,0xff,0x40,  //%@@@@@@@%***@@@@@@@@*
0x7f,0xff,0xea,0xff,0xff,0x00,  //%@@@@@@@@%%#@@@@@@@@+
0x3f,0xff,0x40,0xff,0xfe,0x00,  //+@@@@@@@*...@@@@@@@%.
0x2f,0xff,0x40,0xff,0xfc,0x00,  //.%@@@@@@*...@@@@@@@*.
0x0b,0xff,0x40,0xff,0xf4,0x00,  //..#@@@@@*...@@@@@@%..
0x02,0xff,0xaa,0xff,0xe0,0x00,  //..+#@@@@#%%%@@@@@#...
0x00,0xbf,0xff,0xff,0x40,0x00,  //...+#@@@@@@@@@@@%....
0x00,0x1b,0xff,0xf8,0x00,0x00,  //.....*#@@@@@@@#*.....
0x00,0x01,0x6a,0x40,0x00,0x00,  //.......*%%%%*+.......


/*  */
0x00,0x6e,0x00,0x6e,0x00,0x00,  //....*#@%+...*#@%+....
0x00,0xeb,0x81,0xeb,0x80,0x00,  //...*@#%@#..*@##@#....
0x01,0xc1,0xe2,0x81,0xc0,0x00,  //...%@+.*@%+##+.%@*...
0x01,0xc0,0xbf,0x01,0xc0,0x00,  //...%@+..%@@@*..%@*...
0x00,0xea,0xbe,0xab,0x80,0x00,  //...*@#%%#@@#%%#@#....
0x00,0x6f,0xff,0xfe,0x00,0x00,  //....*#@@@@@@@@@%+....
0xff,0xff,0x00,0x7f,0xff,0x40,  //@@@@@@@@*...*@@@@@@@*
0xff,0xff,0x00,0x7f,0xff,0x40,  //@@@@@@@@*...*@@@@@@@*
0xff,0xff,0x00,0x7f,0xff,0x40,  //@@@@@@@@*...*@@@@@@@*
0xff,0xff,0x00,0x7f,0xff,0x40,  //@@@@@@@@*...*@@@@@@@*
0xff,0xff,0x00,0x7f,0xff,0x40,  //@@@@@@@@*...*@@@@@@@*
0x1f,0xff,0x00,0x7f,0xf8,0x00,  //+*@@@@@@*...*@@@@@#*.
0x0f,0xff,0x00,0x7f,0xf8,0x00,  //.*@@@@@@*...*@@@@@%..
0x0f,0xff,0x00,0x7f,0xf8,0x00,  //.*@@@@@@*...*@@@@@%..
0x0f,0xff,0x00,0x7f,0xf8,0x00,  //.*@@@@@@*...*@@@@@%..
0x0f,0xff,0x00,0x7f,0xf8,0x00,  //.*@@@@@@*...%@@@@@%..
0x0f,0xff,0xaa,0xbf,0xf8,0x00,  //.*@@@@@@#%%%#@@@@@%..
0x0b,0xff,0xff,0xff,0xf4,0x00,  //..#@@@@@@@@@@@@@@@%..


/*  */
0x00,0x00,0x00,0x00,0x00,0x24,  //....................*%%.
0x00,0x00,0x00,0x00,0x01,0xfd,  //...................*@@@*
0x00,0x00,0x00,0x15,0x5b,0xfd,  //..........+******%#@@@@%
0x00,0x00,0x6f,0xff,0xff,0xfe,  //.......+%#@@@@@@@@@@@@@#
0x00,0x07,0xff,0xff,0xff,0xff,  //......%@@@@@@@@@@@@@@@@@
0x00,0x2f,0xff,0xff,0xff,0xff,  //.....#@@@@@@@@@@@@@@@@@@
0x00,0xbf,0xff,0xff,0xff,0xff,  //....#@@@@@@@@@@@@@@@@@@@
0x02,0xff,0xfe,0x40,0x2f,0xfe,  //...%@@@@@@@#%*...#@@@@@%
0x03,0xff,0xe0,0x00,0x3f,0xfd,  //..+@@@@@@#*...***@@@@@@%
0x07,0xff,0x41,0xbf,0xff,0xfc,  //..%@@@@@*..*%@@@@@@@@@@*
0x0b,0xfd,0x0b,0xff,0xff,0xf8,  //..%@@@@*.+%@@@@@@@@@@@#.
0x0b,0xe0,0x2f,0xff,0xff,0xf0,  //..#@@#+.*#@@@@@@@@@@@@*.
0x0b,0xd1,0xff,0xff,0xff,0xd0,  //..%@@*.*@@@@@@@@@@@@@%..
0x07,0xd7,0xff,0xff,0xff,0x40,  //..%@@**@@@@@@@@@@@@@%...
0x07,0xff,0xff,0xff,0xfd,0x00,  //..%@@@@@@@@@@@@@@@@%....
0x1f,0xff,0xff,0xff,0xe0,0x00,  //.%@@@@@@@@@@@@@@@#*.....
0x7e,0x2f,0xff,0xfe,0x40,0x00,  //%@@#*%@@@@@@@@@#*.......
0xbc,0x01,0xaf,0x90,0x00,0x00,  //#@@*..+%%#@@%%*.........
0x74,0x00,0x00,0x00,0x00,0x00,  //*@*.....................


/*  */
0x00,0x00,0x00,0x00,0x00,  //........++.........
0x00,0x00,0x24,0x00,0x00,  //.........#%........
0x00,0x00,0x2e,0x00,0x00,  //.........%@#+......
0x00,0x00,0x1f,0x80,0x00,  //.........*@@#+.....
0x00,0x00,0x2f,0xe0,0x00,  //.........#@@@#+....
0x00,0x00,0x7f,0xf4,0x00,  //........*@@@@@%....
0x00,0x01,0xff,0xfc,0x00,  //.......%@@@@@@@....
0x00,0x0b,0xff,0xfc,0x00,  //......#@@@@@@@@*...
0x00,0x2f,0xff,0xfd,0x00,  //.....#@@@@@@@@@*...
0x00,0xbf,0xff,0xfd,0x00,  //....%@@@@@@@@@@*...
0x00,0xff,0xff,0xfc,0x00,  //...+@@@@@@@@@@@+...
0x01,0xff,0xff,0xf8,0x00,  //...*@@@@@@@@@@#....
0x01,0xff,0xff,0xe0,0x00,  //...*@@@@@@@@@#+....
0x01,0xff,0xff,0x80,0x00,  //...*@@@@@@@@#+.....
0x00,0xff,0xfe,0x00,0x00,  //...*@@@@@@@#+......
0x00,0xbf,0xf8,0x00,0x00,  //....#@@@@@%........
0x00,0x7f,0xe0,0x00,0x00,  //....*@@@@#.........
0x00,0x2f,0xd0,0x00,0x00,  //.....%@@@*.........
0x00,0x0b,0xd0,0x00,0x00,  //......%@@*.........
0x00,0x01,0xe0,0x00,0x00,  //.......*@%.........
0x00,0x00,0x10,0x00,0x00,  //........+%+........
0x00,0x00,0x00,0x00,0x00,  //...................
0x00,0x00,0x00,0x00,0x00,  //******************+
0xff,0xff,0xff,0xff,0xf8,  //@@@@@@@@@@@@@@@@@@%


/*  */
0x00,0x01,0xbf,0xfe,0x40,0x00,  //......+%#@@@@@@#%+......
0x00,0x2f,0xf9,0xbf,0xf8,0x00,  //....+%@@@@#*%@@@@@%+....
0x00,0xbb,0xd0,0x7f,0xee,0x00,  //...*#@#@@*.+%@@@@#@#*...
0x07,0x87,0x4b,0xff,0xd2,0xd0,  //..*@#*%@*.%@@@@@@%*#@*..
0x1e,0x0b,0x1f,0xff,0xe0,0xb4,  //.*@#+.#@.%@@@@@@@#.+#@*.
0x38,0x0f,0x2f,0xff,0xf0,0x2c,  //+@#+..@@.%@@@@@@@@..+#@+
0xb0,0x0b,0xbf,0xff,0xe0,0x0e,  //%@*...#@#@@@@@@@@#...*@%
0xe0,0x0b,0xff,0xff,0xe0,0x0b,  //@#....%@@@@@@@@@@%....#@
0x74,0x03,0xff,0xff,0xc0,0x1d,  //%@%...*@@@@@@@@@@*...%@%
0x2d,0x01,0xff,0xff,0x40,0x78,  //.#@*...%@@@@@@@@%...*@#.
0x0b,0x40,0x6f,0xf9,0x01,0xe0,  //..#@%...*#@@@@#*...%@#..
0x02,0xe0,0x05,0x50,0x0b,0x80,  //..+#@%+...****...+%@#+..
0x00,0x7d,0x00,0x00,0x7e,0x00,  //....%@@%*......*%@@%....
0x00,0x0b,0xfa,0xaf,0xe0,0x00,  //.....*%@@@%%%%@@@%*.....
0x00,0x00,0x6b,0xe9,0x00,0x00,  //.......+*%#@@#%*+.......


/*  */
0x00,0x00,0x00,0x01,0x00,0x00,  //...............%*.......
0x00,0x00,0x01,0x47,0xd0,0x00,  //.........+*****@@*......
0x00,0x01,0xbf,0xff,0x80,0x00,  //......*%#@@@@@@@#.......
0x00,0x2f,0xf9,0xbf,0x40,0x00,  //....+%@@@@#*%@@@*.......
0x00,0xbb,0xd0,0x7e,0x02,0x00,  //...*#@#@@*.+%@@#...#*...
0x07,0x87,0x4b,0xfd,0x02,0xd0,  //..*@#*%@*.%@@@@*..+#@*..
0x1e,0x0b,0x1f,0xf8,0x00,0xb4,  //.*@#+.#@.%@@@@#..+.+#@*.
0x28,0x0f,0x2f,0xf0,0x20,0x2c,  //+##+..@@.%@@@@*..%..+#@+
0xb0,0x0b,0xbf,0xe0,0x20,0x0e,  //%@*...#@#@@@@%..*#...*@%
0xe0,0x0b,0xff,0xc0,0xa0,0x0b,  //@#....%@@@@@@+..#%....#@
0x74,0x03,0xff,0x41,0xc0,0x1d,  //*@%...*@@@@@%..*@*...%@%
0x2d,0x01,0xfe,0x02,0x40,0x78,  //.#@*...%@@@#...#%...*@#.
0x0b,0x40,0xbd,0x05,0x01,0xe0,  //..#@%...%@@*..**...%@#..
0x02,0xe0,0xf8,0x00,0x0b,0x80,  //...#@%++@@#......+%@#...
0x00,0x7e,0xf4,0x00,0x7d,0x00,  //....%@@#@@*....*%@@%....
0x00,0x0b,0xe0,0x2f,0xe0,0x00,  //.....*#@@#..+#@@@%*.....
0x00,0x0b,0xc0,0xa9,0x00,0x00,  //......%@@*..%#%%+.......
0x00,0x06,0x80,0x00,0x00,0x00,  //......*#%...............


/*  */
0x00,0x00,0x01,0x40,0x00,0x00,  //...........**...........
0x00,0x00,0x07,0xd0,0x00,0x00,  //..........%@@%..........
0x00,0x00,0x0f,0xf0,0x00,0x00,  //.........+@@@@+.........
0x00,0x00,0x2f,0xf8,0x00,0x00,  //.........%@@@@%.........
0x00,0x00,0x3f,0xfc,0x00,0x00,  //........*@@@@@@*........
0x00,0x00,0xbf,0xfe,0x00,0x00,  //........%@@@@@@%........
0x00,0x00,0xff,0xff,0x00,0x00,  //.......*@@@@@@@@*.......
0x00,0x02,0xf0,0x0f,0x80,0x00,  //.......#@@****@@#.......
0x00,0x07,0xf0,0x0f,0xd0,0x00,  //......*@@@....@@@*......
0x00,0x0b,0xf0,0x0f,0xe0,0x00,  //......#@@@*..*@@@#......
0x00,0x1f,0xf0,0x0f,0xf4,0x00,  //.....*@@@@*..*@@@@*.....
0x00,0x2f,0xf0,0x0f,0xf8,0x00,  //.....#@@@@*..*@@@@#.....
0x00,0x7f,0xf0,0x0f,0xfd,0x00,  //....%@@@@@*..*@@@@@%....
0x00,0xff,0xf0,0x0f,0xff,0x00,  //...+@@@@@@*..*@@@@@@+...
0x02,0xff,0xfa,0xaf,0xff,0x80,  //...%@@@@@@#%%#@@@@@@%...
0x03,0xff,0xfa,0xaf,0xff,0xc0,  //..*@@@@@@@#%%#@@@@@@@*..
0x0b,0xff,0xf0,0x0f,0xff,0xe0,  //..%@@@@@@@*..*@@@@@@@%..
0x0f,0xff,0xf0,0x0f,0xff,0xf0,  //.*@@@@@@@@*..*@@@@@@@@*.
0x2f,0xff,0xf0,0x0f,0xff,0xf8,  //.#@@@@@@@@*..*@@@@@@@@#.
0x7f,0xff,0xfa,0xaf,0xff,0xfd,  //*@@@@@@@@@#%%#@@@@@@@@@*
0xbf,0xff,0xff,0xff,0xff,0xfe,  //#@@@@@@@@@@@@@@@@@@@@@@#
0xbf,0xff,0xff,0xff,0xff,0xfe,  //#@@@@@@@@@@@@@@@@@@@@@@#
0x2a,0xaa,0xaa,0xaa,0xaa,0xa8,  //+%%%%%%%%%%%%%%%%%%%%%%+


/*  */
0x00,0x00,0x00,0x00,0x60,  //...............+%%*
0x00,0x00,0x00,0x07,0xf8,  //..............*@@@%
0x0b,0x90,0x00,0x1f,0xf4,  //..#@#%*......%@@@@%
0x2f,0xff,0x94,0x7f,0xf0,  //.#@@@@@@#%*+%@@@@@+
0x1f,0xff,0xff,0xff,0xd0,  //.%@@@@@@@@@@@@@@@*.
0x02,0xff,0xff,0xff,0x40,  //..+%@@@@@@@@@@@@%..
0x00,0x2f,0xff,0xfd,0x00,  //....*%@@@@@@@@@%...
0x00,0x06,0xff,0xfc,0x00,  //......*#@@@@@@@....
0x00,0x01,0xff,0xfc,0x00,  //.......%@@@@@@@*...
0x00,0x07,0xff,0xfd,0x00,  //......%@@@@@@@@%...
0x00,0x1f,0xff,0xfe,0x00,  //.....%@@@@@@@@@%...
0x2a,0xbf,0xf6,0xff,0x00,  //+##%%@@@@@%#@@@@...
0xbf,0xff,0xd1,0xff,0x00,  //#@@@@@@@@%.*@@@@*..
0x2f,0xff,0x40,0xbf,0x40,  //+#@@@@@@%...%@@@*..
0x0b,0xfe,0x00,0x3f,0x80,  //..%@@@@%....*@@@%..
0x01,0xfe,0x00,0x2f,0x80,  //...*@@@%.....%@@#..
0x00,0xbe,0x00,0x0f,0x80,  //....%@@#.....+@@#..
0x00,0x2e,0x00,0x06,0x00,  //.....#@#......%#+..
0x00,0x08,0x00,0x00,0x00,  //.....+#+...........


/*  */
0x00,0x14,0x00,0x01,0x50,0x00,  //....****......+***....
0x00,0xff,0x00,0x0b,0xf4,0x00,  //...*@@@@*.....#@@@%...
0x01,0xd7,0x40,0x0d,0x28,0x00,  //...*@**@*....*@%*#%...
0x01,0xc3,0x40,0x1d,0x28,0x00,  //.+*%@**@%*****@*.%#*+.
0x7f,0xc3,0xff,0xfd,0x2f,0xe0,  //%@@@@**@@@@@@@@*.%@@@#
0xff,0xc3,0xff,0xfd,0x2f,0xf0,  //@@@@@**@@@@@@@@*.%@@@@
0xff,0xd7,0xff,0xfd,0x2f,0xf0,  //@@@@@**@@@@@@@@%*#@@@@
0xff,0xff,0xff,0xff,0xff,0xf0,  //@@@@@@@@@@@@@@@@@@@@@@
0xff,0xff,0xff,0xff,0xff,0xf0,  //@@@@@@@@@@@@@@@@@@@@@@
0xe0,0x14,0x01,0x00,0x80,0x70,  //@%...**...**...*%...*@
0xe0,0x14,0x01,0x00,0x80,0x70,  //@%...**...**...*%...*@
0xe0,0x14,0x01,0x00,0x80,0x70,  //@%...**...**...*%...*@
0xe0,0x14,0x05,0x01,0x80,0x70,  //@#***%%****%****#***%@
0xea,0xaa,0xaa,0xaa,0xaa,0xb0,  //@#%%%##%%%##%%%##%%%#@
0xe0,0x14,0x01,0x00,0x80,0x70,  //@%...**...**...*%...*@
0xe0,0x14,0x01,0x00,0x80,0x70,  //@%...**...**...*%...*@
0xe0,0x14,0x01,0x00,0x80,0x70,  //@%...**...**...*%...*@
0xe0,0x14,0x01,0x00,0x80,0x70,  //@%...**...**...*%...*@
0xea,0xaa,0xaa,0xaa,0xaa,0xb0,  //@#%%%##%%%##%%%##%%%#@
0xe0,0x14,0x01,0x00,0x80,0x70,  //@%...**...**...*%...*@
0xe0,0x14,0x01,0x00,0x80,0x70,  //@%...**...**...*%...*@
0xe0,0x14,0x01,0x00,0x80,0x70,  //@%...**...**...*%...*@
0xe0,0x14,0x05,0x01,0x80,0x70,  //@#***%%****%****#***%@
0xbf,0xff,0xff,0xff,0xff,0xe0,  //%@@@@@@@@@@@@@@@@@@@@#


/*  */
0x00,0x00,0x00,0x00,0x02,0x00,  //..................+#+...
0x00,0x00,0x00,0x00,0x03,0x80,  //..................*@#+..
0x00,0x00,0x00,0x00,0x07,0xe0,  //+***...........****@@#+.
0xff,0xe4,0x00,0x6f,0xff,0xf8,  //@@@@@#*.....*#@@@@@@@@#+
0xff,0xfd,0x02,0xff,0xff,0xfe,  //@@@@@@@%...#@@@@@@@@@@@#
0xff,0xff,0x4b,0xff,0xff,0xfd,  //@@@@@@@@%.%@@@@@@@@@@@@*
0x00,0x6f,0x5f,0xe4,0x07,0xf4,  //*****#@@**@@@#*****@@@*.
0x00,0x0a,0x2f,0x80,0x03,0xd0,  //.....+##+#@@#.....*@@*..
0x00,0x05,0x7f,0x00,0x03,0x40,  //......***@@@*.....*@*...
0x00,0x00,0xbe,0x00,0x00,0x00,  //.......+#@@%.......+....
0x00,0x01,0xfd,0x00,0x00,0x00,  //.......*@@@*............
0x00,0x02,0xf8,0x00,0x00,0x00,  //.......#@@#+............
0x00,0x07,0xf5,0x00,0x02,0x00,  //......*@@@*%*.....+#+...
0x00,0x0b,0xe3,0x80,0x03,0x80,  //......#@@#+@#.....*@#+..
0x00,0x2f,0xd7,0xe0,0x07,0xe0,  //+****#@@@*%@@#*****@@#+.
0xff,0xff,0x8b,0xff,0xff,0xf8,  //@@@@@@@@%.#@@@@@@@@@@@#+
0xff,0xfe,0x02,0xff,0xff,0xfe,  //@@@@@@@#..+#@@@@@@@@@@@#
0xff,0xe4,0x00,0x7f,0xff,0xfd,  //@@@@@#*.....%@@@@@@@@@@*
0x00,0x00,0x00,0x00,0x07,0xf4,  //*****.........*****@@@*.
0x00,0x00,0x00,0x00,0x03,0xd0,  //..................*@@*..
0x00,0x00,0x00,0x00,0x03,0x40,  //..................*@*...


/*  */
0x00,0x01,0xbf,0xfe,0x40,0x00,  //......+*%@@@@@@%%+......
0x00,0x2f,0xff,0xff,0xf8,0x00,  //....*%@@@@@@@@@@@@%*....
0x01,0xff,0xff,0xff,0xff,0x40,  //...%@@@@@@@@@@@@@@@@%...
0x0b,0xff,0xff,0xff,0xff,0xe0,  //..#@@@@@@@@@@@@@@@@@@#..
0x1f,0xff,0xff,0xff,0xff,0xf8,  //.%@@@@@@@@@@@@@@@@@@@@%.
0x3f,0xff,0xff,0xff,0xff,0xfc,  //*@@@@@@@@@@@@@@@@@@@@@@*
0xbf,0xff,0xff,0xff,0xff,0xfe,  //%@@@@@@@@@@@@@@@@@@@@@@%
0xbf,0xff,0xff,0xff,0xff,0xfe,  //#@@@@@@@@@@@@@@@@@@@@@@#
0xff,0xff,0xff,0xff,0xff,0xff,  //@@@@@@@@@@@@@@@@@@@@@@@@
0xbf,0xff,0xff,0xff,0xff,0xfe,  //#@@@@@@@@@@@@@@@@@@@@@@#
0x7f,0xff,0xff,0xff,0xff,0xfd,  //%@@@@@@@@@@@@@@@@@@@@@@%
0x3f,0xff,0xff,0xff,0xff,0xfc,  //*@@@@@@@@@@@@@@@@@@@@@@*
0x1f,0xff,0xff,0xff,0xff,0xf4,  //.%@@@@@@@@@@@@@@@@@@@@%.
0x07,0xff,0xff,0xff,0xff,0xd0,  //..%@@@@@@@@@@@@@@@@@@%..
0x01,0xff,0xff,0xff,0xff,0x40,  //...*@@@@@@@@@@@@@@@@*...
0x00,0x7f,0xff,0xff,0xf4,0x00,  //....%@@@@@@@@@@@@@%+....
0x00,0xbf,0xff,0xf9,0x40,0x00,  //....#@@@@@@@@@%%*.......
0x01,0xff,0x90,0x00,0x00,0x00,  //...*@@@@#*..............
0x07,0xfe,0x00,0x00,0x00,0x00,  //..*@@@@%+...............
0x0f,0x90,0x00,0x00,0x00,0x00,  //.+@@#%*.................


/*  */
0xaa,0xa4,0x00,0x0a,0xaa,0x00,  //%%%%%%*......+%%%%%%*
0xff,0xf8,0x00,0x0f,0xff,0x40,  //@@@@@@%......*@@@@@@*
0xff,0xf8,0x00,0x0f,0xff,0x40,  //@@@@@@%......*@@@@@@*
0xff,0xf8,0x00,0x0f,0xff,0x40,  //@@@@@@%......*@@@@@@*
0xff,0xf8,0x00,0x0f,0xff,0x40,  //@@@@@@%......*@@@@@@*
0xff,0xf8,0x00,0x0f,0xff,0x40,  //@@@@@@%......*@@@@@@*
0xbf,0xf8,0x00,0x0b,0xff,0x40,  //#@@@@@%......+#@@@@@*
0x00,0x00,0x00,0x00,0x00,0x00,  //.....................
0x00,0x00,0x00,0x00,0x00,0x00,  //+*****+.......******.
0xbf,0xf8,0x00,0x0f,0xff,0x40,  //#@@@@@%......*@@@@@@*
0xff,0xf8,0x00,0x0f,0xff,0x40,  //@@@@@@%......*@@@@@@*
0xff,0xf8,0x00,0x0f,0xff,0x40,  //@@@@@@#......*@@@@@@*
0xff,0xfc,0x00,0x2f,0xff,0x40,  //@@@@@@@+.....%@@@@@@*
0xbf,0xfe,0x40,0xbf,0xff,0x00,  //%@@@@@@#****%@@@@@@@*
0x7f,0xff,0xff,0xff,0xff,0x00,  //*@@@@@@@@@@@@@@@@@@@.
0x2f,0xff,0xff,0xff,0xfd,0x00,  //.#@@@@@@@@@@@@@@@@@%.
0x1f,0xff,0xff,0xff,0xf8,0x00,  //.*@@@@@@@@@@@@@@@@#..
0x07,0xff,0xff,0xff,0xf0,0x00,  //..%@@@@@@@@@@@@@@@+..
0x01,0xff,0xff,0xff,0x80,0x00,  //...%@@@@@@@@@@@@#+...
0x00,0x2f,0xff,0xf9,0x00,0x00,  //....*%@@@@@@@@#*.....
0x00,0x01,0x6a,0x40,0x00,0x00,  //......+*%%%%**.......


/*  */
0x00,0x00,0x0a,0x00,0x00,0x00,  //.........+##+.........
0x00,0x00,0x2f,0x80,0x00,0x00,  //........+#@@#+........
0x00,0x00,0xbf,0xe0,0x00,0x00,  //.......+#@@@@#+.......
0x00,0x02,0xff,0xf8,0x00,0x00,  //......+#@@@@@@#+......
0x00,0x0b,0xff,0xfe,0x00,0x00,  //.....+#@@@@@@@@#+.....
0x00,0x2f,0xff,0xff,0x80,0x00,  //....+#@@@@@@@@@@#+....
0x00,0xbf,0xfa,0xff,0xe0,0x00,  //...+#@@@@@##@@@@@#+...
0x02,0xff,0xe0,0xbf,0xf8,0x00,  //..+#@@@@@#..#@@@@@#+..
0x0b,0xff,0x80,0x2f,0xfe,0x00,  //.+#@@@@@#....#@@@@@#+.
0x2f,0xfe,0x00,0x0b,0xff,0x80,  //+#@@@@@#......#@@@@@#+
0xbf,0xf8,0x00,0x02,0xff,0xe0,  //%@@@@@#........#@@@@@%
0x7f,0xe0,0x00,0x00,0xbf,0xd0,  //*@@@@#..........#@@@@*
0x1f,0x80,0x00,0x00,0x2f,0x40,  //.*@@#............#@@*.
0x02,0x00,0x00,0x00,0x08,0x00,  //..*%..............%*..


/*  */
0x0b,0x40,0x00,0x00,0x1e,0x00,  //..#@%............%@#..
0x2f,0xd0,0x00,0x00,0x7f,0x80,  //+#@@@%..........%@@@#+
0xbf,0xf4,0x00,0x01,0xff,0xe0,  //%@@@@@%........%@@@@@%
0x7f,0xfd,0x00,0x07,0xff,0xd0,  //*@@@@@@%......%@@@@@@*
0x1f,0xff,0x40,0x1f,0xff,0x40,  //.*@@@@@@%....%@@@@@@*.
0x07,0xff,0xd0,0x7f,0xfd,0x00,  //..*@@@@@@%..%@@@@@@*..
0x01,0xff,0xf5,0xff,0xf4,0x00,  //...*@@@@@@%%@@@@@@*...
0x00,0x7f,0xff,0xff,0xd0,0x00,  //....*@@@@@@@@@@@@*....
0x00,0x1f,0xff,0xff,0x40,0x00,  //.....*@@@@@@@@@@*.....
0x00,0x07,0xff,0xfd,0x00,0x00,  //......*@@@@@@@@*......
0x00,0x01,0xff,0xf4,0x00,0x00,  //.......*@@@@@@*.......
0x00,0x00,0x7f,0xd0,0x00,0x00,  //........*@@@@*........
0x00,0x00,0x1f,0x40,0x00,0x00,  //.........*@@*.........


/*  */
0x00,0xb4,0x2f,0xff,0xff,0xf0,0x00,  //...+#@*.+#@@@@@@@@@@@@*...
0x02,0xf8,0x0f,0xff,0xff,0xf0,0x00,  //...#@@#+.*@@@@@@@@@@@@*...
0x0b,0xfe,0x07,0xff,0xff,0xf0,0x00,  //..%@@@@#..*@@@@@@@@@@@*...
0x1f,0xff,0x80,0x00,0x03,0xf0,0x00,  //.%@@@@@@#.........*@@@*...
0x7f,0xff,0xd0,0x00,0x03,0xf0,0x00,  //*@@@@@@@@%........*@@@*...
0xff,0xff,0xf0,0x00,0x03,0xf0,0x00,  //@@@@@@@@@@*.......*@@@*...
0x16,0xf9,0x50,0x00,0x03,0xf0,0x00,  //***%@@#***........*@@@*...
0x01,0xf8,0x00,0x00,0x03,0xf0,0x00,  //...*@@%...........*@@@*...
0x01,0xf8,0x00,0x00,0xab,0xfa,0x90,  //...*@@%........*%%#@@@#%%*
0x01,0xf8,0x00,0x00,0xff,0xff,0xd0,  //...*@@%........*@@@@@@@@@%
0x01,0xf8,0x00,0x00,0x7f,0xff,0x80,  //...*@@%.........%@@@@@@@%.
0x01,0xf9,0x55,0x54,0x2f,0xfe,0x00,  //...*@@#********..%@@@@@#..
0x01,0xff,0xff,0xfd,0x0b,0xf8,0x00,  //...*@@@@@@@@@@@%..#@@@#+..
0x01,0xff,0xff,0xff,0x42,0xf0,0x00,  //...*@@@@@@@@@@@@*.+#@@+...
0x01,0xff,0xff,0xff,0xc0,0x90,0x00,  //...*@@@@@@@@@@@@@..*#*....


/*  */
0xbf,0xc0,0x00,0x00,0x00,0x00,  //#@@@@+................
0x56,0xd5,0x55,0x55,0x55,0x50,  //***%@%****************
0x00,0xff,0xff,0xff,0xff,0xf0,  //...*@@@@@@@@@@@@@@@@@@
0x00,0xff,0xff,0xff,0xff,0xf0,  //....@@@@@@@@@@@@@@@@@@
0x00,0xbf,0xff,0xff,0xff,0xf0,  //....%@@@@@@@@@@@@@@@@@
0x00,0x7f,0xff,0xff,0xff,0xf0,  //....%@@@@@@@@@@@@@@@@@
0x00,0x7f,0xff,0xff,0xff,0xf0,  //....*@@@@@@@@@@@@@@@@@
0x00,0x3f,0xff,0xff,0xff,0xf0,  //....+@@@@@@@@@@@@@@@@@
0x00,0x2f,0xff,0xff,0xff,0xf0,  //.....#@@@@@@@@@@@@@@@@
0x00,0x2f,0xff,0xff,0xff,0xf0,  //.....%@@@@@@@@@@@@@@@@
0x00,0x1f,0xff,0xfe,0x95,0x00,  //.....*@@@@@@@@@#%%***+
0x00,0x0e,0x94,0x00,0x00,0x00,  //.....*@#%****.........
0x00,0x0e,0x00,0x00,0x00,0x00,  //.....+@%..............
0x00,0x1e,0x55,0x55,0x55,0x00,  //.....*@%************..
0x00,0x2f,0xff,0xff,0xff,0x40,  //.....%@@@@@@@@@@@@@@*.
0x00,0x0a,0x00,0x00,0x1a,0x00,  //.....*##**********##+.
0x00,0x2f,0x40,0x00,0x2f,0x40,  //.....%@@*........%@@*.
0x00,0x2f,0x40,0x00,0x2f,0x40,  //.....%@@*........%@@*.
0x00,0x09,0x00,0x00,0x09,0x00,  //.....+%%.........+%%..


/*  */
0x1a,0xaa,0x40,0x00,0x00,0x00,  //.*%%%%%%%.............
0x7f,0xff,0xe0,0x00,0x00,0x00,  //*@@@@@@@@%............
0xbf,0xff,0xf0,0x00,0x00,0x00,  //#@@@@@@@@@+...........
0xff,0xff,0xf5,0x55,0x55,0x00,  //@@@@@@@@@@%*********+.
0xff,0xff,0xff,0xff,0xff,0xd0,  //@@@@@@@@@@@@@@@@@@@@@*
0xff,0xff,0xff,0xff,0xff,0xf0,  //@@@@@@@@@@@@@@@@@@@@@@
0xff,0xff,0xff,0xff,0xff,0xf0,  //@@@@@@@@@@@@@@@@@@@@@@
0xff,0xff,0xff,0xff,0xff,0xf0,  //@@@@@@@@@@@@@@@@@@@@@@
0xff,0xff,0xff,0xff,0xff,0xf0,  //@@@@@@@@@@@@@@@@@@@@@@
0xff,0xff,0xff,0xff,0xff,0xf0,  //@@@@@@@@@@@@@@@@@@@@@@
0xff,0xff,0xff,0xff,0xff,0xf0,  //@@@@@@@@@@@@@@@@@@@@@@
0xff,0xff,0xff,0xff,0xff,0xf0,  //@@@@@@@@@@@@@@@@@@@@@@
0xff,0xff,0xff,0xff,0xff,0xf0,  //@@@@@@@@@@@@@@@@@@@@@@
0xff,0xff,0xff,0xff,0xff,0xf0,  //@@@@@@@@@@@@@@@@@@@@@@
0xff,0xff,0xff,0xff,0xff,0xf0,  //@@@@@@@@@@@@@@@@@@@@@@
0xff,0xff,0xff,0xff,0xff,0xf0,  //@@@@@@@@@@@@@@@@@@@@@@
0xff,0xff,0xff,0xff,0xff,0xf0,  //@@@@@@@@@@@@@@@@@@@@@@
0x7f,0xff,0xff,0xff,0xff,0xe0,  //%@@@@@@@@@@@@@@@@@@@@#
0x1f,0xff,0xff,0xff,0xff,0x80,  //.%@@@@@@@@@@@@@@@@@@%+


/*  */
0x1a,0xaa,0x40,0x00,0x00,0x00,0x00,  //.*%%%%%%%................
0x7f,0xff,0xe0,0x00,0x00,0x00,0x00,  //*@@@@@@@@%...............
0xbf,0xff,0xf0,0x00,0x00,0x00,0x00,  //#@@@@@@@@@+..............
0xff,0xff,0xf5,0x55,0x50,0x00,0x00,  //@@@@@@@@@@%********......
0xff,0xff,0xff,0xff,0xfd,0x00,0x00,  //@@@@@@@@@@@@@@@@@@@%.....
0xff,0xff,0xff,0xff,0xff,0x40,0x00,  //@@@@@@@@@@@@@@@@@@@@*....
0xff,0xff,0xff,0xff,0xff,0x40,0x00,  //@@@@@@@@@@@@@@@@@@@@*....
0xff,0xff,0xff,0xff,0xff,0x40,0x00,  //@@@@@@@@@@@@@@@@@@@@*....
0xff,0xff,0xaa,0xaa,0xaa,0x40,0x00,  //@@@@@@@@#%%%%%%%%%%%*....
0xff,0xe4,0x00,0x00,0x00,0x00,0x00,  //@@@@@#*..................
0xff,0x80,0x55,0x55,0x55,0x55,0x40,  //@@@@#+.+*****************
0xfe,0x07,0xff,0xff,0xff,0xff,0xc0,  //@@@#+.*@@@@@@@@@@@@@@@@@@
0xfc,0x1f,0xff,0xff,0xff,0xff,0x40,  //@@@*.*@@@@@@@@@@@@@@@@@@*
0xf4,0x7f,0xff,0xff,0xff,0xfd,0x00,  //@@*.*@@@@@@@@@@@@@@@@@@%.
0xd0,0xbf,0xff,0xff,0xff,0xf4,0x00,  //@%.+#@@@@@@@@@@@@@@@@@%..
0x82,0xff,0xff,0xff,0xff,0xe0,0x00,  //%.+#@@@@@@@@@@@@@@@@@#...
0x0b,0xff,0xff,0xff,0xff,0x80,0x00,  //..#@@@@@@@@@@@@@@@@@#....
0x2f,0xff,0xff,0xff,0xfe,0x00,0x00,  //.%@@@@@@@@@@@@@@@@@#+....
0x2f,0xff,0xff,0xff,0xe4,0x00,0x00,  //.#@@@@@@@@@@@@@@@#%......


/*  */
0x00,0x40,  //...**...
0x07,0xd0,  //..*@@%..
0x1f,0xf4,  //.*@@@@%.
0x7f,0xfd,  //*@@@@@@%
0xff,0xff,  //@@@@@@@@
0x5b,0xe5,  //**%@@#**
0x07,0xe0,  //..*@@%..
0x07,0xe0,  //..*@@%..
0x07,0xe0,  //..*@@%..
0x07,0xe0,  //..*@@%..
0x07,0xe0,  //..*@@%..
0x07,0xe0,  //..*@@%..
0x07,0xe0,  //..*@@%..
0x07,0xe0,  //..*@@%..
0x07,0xe0,  //..*@@%..
0x07,0xe0,  //..*@@%..
0x07,0xe0,  //..*@@%..
0x07,0xe0,  //..*@@%..
0x07,0xe0,  //..*@@%..
0xab,0xea,  //%%#@@#%%
0xbf,0xff,  //#@@@@@@@
0x2f,0xfd,  //+#@@@@@*
0x0b,0xf4,  //.+#@@@*.
0x02,0xd0,  //..+#@*..


/*  */
0x01,0x80,0x00,0x00,0x02,0x40,  //...*%..............%*...
0x07,0xc0,0x00,0x00,0x03,0xd0,  //..*@@*............*@@*..
0x1f,0xd0,0x00,0x00,0x07,0xf4,  //.*@@@**************@@@*.
0x7f,0xff,0xff,0xff,0xff,0xfd,  //*@@@@@@@@@@@@@@@@@@@@@@*
0xff,0xff,0xff,0xff,0xff,0xff,  //@@@@@@@@@@@@@@@@@@@@@@@@
0x7f,0xff,0xff,0xff,0xff,0xfd,  //*@@@@@@@@@@@@@@@@@@@@@@*
0x1f,0xd0,0x00,0x00,0x07,0xf4,  //.*@@@**************@@@*.
0x07,0xc0,0x00,0x00,0x03,0xd0,  //..*@@*............*@@*..
0x00,0x80,0x00,0x00,0x02,0x00,  //...*%..............%*...


/*  */
0x90,0x00,0x00,0x00,0x00,0x00,0x00,  //%%.........................
0xe0,0x00,0x00,0x00,0x00,0x00,0x00,  //@%..................+***...
0xe0,0x00,0x00,0x00,0x00,0x7f,0x00,  //@%..................*@@@...
0xe0,0x00,0x05,0x50,0x00,0x7f,0x00,  //@%........****......*@@@...
0xe0,0x00,0x0b,0xe0,0x00,0x7f,0x00,  //@%........%@@%......*@@@...
0xe0,0x00,0x0b,0xe0,0x00,0x7f,0x00,  //@%........%@@%......*@@@...
0xe0,0x00,0x0b,0xe0,0x00,0x7f,0x00,  //@%........%@@%......*@@@...
0xe0,0x00,0x0b,0xe1,0xf8,0x7f,0x00,  //@%........%@@%.*@@%.*@@@...
0xe0,0x00,0x0b,0xe1,0xf8,0x7f,0x00,  //@%........%@@%.*@@%.*@@@...
0xe0,0x00,0x0b,0xe1,0xf8,0x7f,0x00,  //@%........%@@%.*@@%.*@@@...
0xe0,0x15,0x0b,0xe1,0xf8,0x7f,0x00,  //@%...****.%@@%.*@@%.*@@@...
0xe0,0x2f,0x4b,0xe1,0xf8,0x7f,0x00,  //@%...%@@*.%@@%.*@@%.*@@@...
0xe0,0x2f,0x4b,0xe1,0xf8,0x7f,0x00,  //@%...%@@*.%@@%.*@@%.*@@@...
0xe0,0x2f,0x4b,0xe1,0xf8,0x7f,0x00,  //@%...%@@*.%@@%.*@@%.*@@@...
0xe0,0x2f,0x4b,0xe1,0xf8,0x7f,0x00,  //@%...%@@*.%@@%.*@@%.*@@@...
0xe0,0x2f,0x4b,0xe1,0xf8,0x7f,0x00,  //@%...%@@*.%@@%.*@@%.*@@@...
0xe0,0x2f,0x4b,0xe1,0xf8,0x7f,0x00,  //@%...%@@*.%@@%.*@@%.*@@@...
0xe0,0x00,0x00,0x00,0x00,0x00,0x00,  //@%...+**+.+**+.+**+.+***...
0xe0,0x00,0x00,0x00,0x00,0x00,0x00,  //@%.........................
0xff,0xff,0xff,0xff,0xff,0xff,0xfc,  //@@@@@@@@@@@@@@@@@@@@@@@@@@@
0xaa,0xaa,0xaa,0xaa,0xaa,0xaa,0xa8,  //%%%%%%%%%%%%%%%%%%%%%%%%%%%


/*  */
0x06,0xaa,0xaa,0xaa,0xa4,0x00,  //.+%%%%%%%%%%%%%%%%*..
0x2f,0xff,0xff,0xff,0xfd,0x00,  //+#@@@@@@@@@@@@@@@@@%.
0xbf,0xff,0xff,0xff,0xff,0x00,  //%@@@@@@@@@@@@@@@@@@@*
0xff,0xff,0xff,0xff,0xff,0x40,  //@@@@@@@@@@@@@@@@@@@@*
0xff,0xff,0xff,0xff,0xff,0x40,  //@@@@@@@@@@@@@@@@@@@@*
0xff,0xbf,0xfe,0x0b,0xbf,0x40,  //@@@@#@@@@@@%**%@#@@@*
0xff,0x2f,0xf8,0x00,0x7f,0x40,  //@@@@+#@@@@%....+%@@@*
0xff,0x07,0xf0,0x00,0x7f,0x40,  //@@@@..%@@@+.....%@@@*
0xff,0x00,0x60,0x00,0xff,0x40,  //@@@@*..+*%.....*@@@@*
0xfe,0x40,0x00,0x00,0xff,0x40,  //@@@#*..........*@@@@*
0xff,0x00,0x00,0x01,0xff,0x40,  //@@@@+..........%@@@@*
0xff,0x80,0x00,0x02,0xff,0x40,  //@@@@#*.........#@@@@*
0xff,0xc0,0x00,0x07,0xff,0x40,  //@@@@@*........*@@@@@*
0xff,0xe0,0x00,0x0b,0xff,0x40,  //@@@@@#*......+#@@@@@*
0xff,0xf4,0x00,0x2f,0xff,0x40,  //@@@@@@%+....+#@@@@@@*
0xfe,0x40,0x01,0xbf,0xff,0x40,  //@@@#*......*#@@@@@@@*
0xff,0xe9,0x6f,0xff,0xff,0x40,  //@@@@@#%*%%@@@@@@@@@@*
0xbf,0xff,0xff,0xff,0xff,0x40,  //#@@@@@@@@@@@@@@@@@@@*
0x7f,0xff,0xff,0xff,0xff,0x00,  //%@@@@@@@@@@@@@@@@@@@*
0x2f,0xff,0xff,0xff,0xfd,0x00,  //.#@@@@@@@@@@@@@@@@@%.
0x06,0xaa,0xaa,0xaa,0x90,0x00,  //..*%%%%%%%%%%%%%%%*..


/*  */
0x06,0xaa,0xaa,0xaa,0xa4,0x00,  //.+%%%%%%%%%%%%%%%%*..
0x2f,0xff,0xff,0xff,0xfd,0x00,  //+#@@@@@@@@@@@@@@@@@%.
0xbf,0xff,0xff,0xff,0xff,0x00,  //%@@@@@@@@@@@@@@@@@@@*
0xff,0xff,0xff,0x90,0x2f,0x40,  //@@@@@@@@@@@@#****#@@*
0xff,0xff,0xfe,0x00,0x2f,0x40,  //@@@@@@@@@@@#.....%@@*
0xff,0xff,0xfc,0x00,0x2f,0x40,  //@@@@@@@@@@@*.....%@@*
0xff,0xff,0xfc,0x06,0xaf,0x40,  //@@@@@@@@@@@...*%%#@@*
0xff,0xff,0xfc,0x0b,0xff,0x40,  //@@@@@@@@@@@...%@@@@@*
0xff,0xff,0xfc,0x0b,0xff,0x40,  //@@@@@@@@@@@...%@@@@@*
0xff,0xff,0xa8,0x06,0xaf,0x40,  //@@@@@@@@#%%...%%%#@@*
0xff,0xff,0x00,0x00,0x2f,0x40,  //@@@@@@@@*........#@@*
0xff,0xff,0x00,0x00,0x3f,0x40,  //@@@@@@@@*........@@@*
0xff,0xff,0x40,0x00,0x3f,0x40,  //@@@@@@@@***...+**@@@*
0xff,0xff,0xfc,0x0b,0xff,0x40,  //@@@@@@@@@@@...%@@@@@*
0xff,0xff,0xfc,0x0b,0xff,0x40,  //@@@@@@@@@@@...%@@@@@*
0xff,0xff,0xfc,0x0b,0xff,0x40,  //@@@@@@@@@@@...%@@@@@*
0xff,0xff,0xfc,0x0b,0xff,0x40,  //@@@@@@@@@@@...%@@@@@*
0xbf,0xff,0xfc,0x0b,0xff,0x40,  //#@@@@@@@@@@...%@@@@@*
0x7f,0xff,0xfc,0x0b,0xff,0x00,  //%@@@@@@@@@@...%@@@@@*
0x2f,0xff,0xfc,0x0b,0xfd,0x00,  //.#@@@@@@@@@...%@@@@%.
0x06,0xaa,0xa8,0x06,0x90,0x00,  //..*%%%%%%%%...%%%%*..


/*  */
0x6a,0xaa,0xaa,0xaa,0xaa,0xa9,  //*%%%%%%%%%%%%%%%%%%%%%%*
0xbd,0x00,0x7e,0xaa,0xaa,0xaa,  //#@@*....*@@#%%%%%%%%%%##
0xfd,0x00,0x78,0x00,0x00,0x0b,  //@@@%****%@#...........%@
0xe5,0x55,0x50,0x00,0x00,0x0b,  //@#*********...........%@
0xe0,0x00,0x00,0x00,0x00,0x0b,  //@%....................%@
0xea,0xaa,0xaa,0xaa,0xaa,0xab,  //@#%%%%%%%%%%%%%%%%%%%%#@
0xff,0xff,0xe4,0x1b,0xff,0xff,  //@@@@@@@@@#****#@@@@@@@@@
0xff,0xff,0x40,0x01,0xff,0xff,  //@@@@@@@@%......%@@@@@@@@
0xff,0xfe,0x0b,0xe0,0xbf,0xff,  //@@@@@@@%.+%@@%+.%@@@@@@@
0xff,0xfc,0x28,0xb8,0x3f,0xff,  //@@@@@@@+.##*%@#.+@@@@@@@
0xff,0xfc,0x32,0xfc,0x3f,0xff,  //@@@@@@@.*@+#@@@*.@@@@@@@
0xff,0xf8,0x67,0xfd,0x2f,0xff,  //@@@@@@#.*#*@@@@*.#@@@@@@
0xff,0xfc,0x3f,0xfc,0x3f,0xff,  //@@@@@@@.+@@@@@@+.@@@@@@@
0xff,0xfd,0x1f,0xf4,0x7f,0xff,  //@@@@@@@*.%@@@@%.*@@@@@@@
0xff,0xfe,0x06,0x90,0xbf,0xff,  //@@@@@@@#..*%%*..#@@@@@@@
0xff,0xff,0x80,0x02,0xff,0xff,  //@@@@@@@@#+....+#@@@@@@@@
0xff,0xff,0xf9,0x6f,0xff,0xff,  //@@@@@@@@@@#**#@@@@@@@@@@
0xe0,0x00,0x00,0x00,0x00,0x0b,  //@#********************#@
0xe0,0x00,0x00,0x00,0x00,0x0b,  //@%....................%@
0xbf,0xff,0xff,0xff,0xff,0xfe,  //#@@@@@@@@@@@@@@@@@@@@@@#
0x2a,0xaa,0xaa,0xaa,0xaa,0xa8,  //+%%%%%%%%%%%%%%%%%%%%%%+


/*  */
0x00,0x06,0xa4,0x00,0x00,0x00,  //.....+*%%%%+...........
0x00,0x7f,0xff,0x40,0x00,0x00,  //....*@@@@@@@*..........
0x02,0xfe,0xaf,0x80,0x00,0x00,  //...#@@@#%#@@#+.........
0x0b,0xf8,0x07,0xd0,0x00,0x00,  //..#@@@%...%@@*.........
0x1f,0xf0,0x03,0xe0,0x00,0x00,  //.%@@@@+....@@%.........
0x3f,0xf0,0x02,0xe0,0x00,0x00,  //+@@@@@.....#@%.........
0x7e,0x00,0x03,0xd0,0x00,0x00,  //%@@%**+...+@@%.........
0xb8,0x00,0x0b,0xc0,0x00,0x00,  //#@#....+**#@@*.........
0xf4,0x00,0xff,0x80,0x00,0x00,  //@@%....*@@@@#..........
0xf8,0x01,0xff,0x00,0x00,0x00,  //@@%....*@@@@*..........
0xbd,0x02,0xff,0x40,0x14,0x00,  //#@@*..+#@@@@%....%%....
0x7f,0xaf,0xff,0xd0,0x7d,0x00,  //*@@@#%@@@@@@@%..*@@%...
0x1f,0xff,0x9b,0xf4,0x2f,0x40,  //.%@@@@@@#*#@@@%..#@@%..
0x02,0xa9,0x02,0xfd,0x0f,0xd0,  //..*%%%%*...#@@@%.*@@@%.
0x00,0x00,0x00,0xbf,0xae,0xf4,  //............#@@@%#@#@@*
0x00,0x00,0x00,0x2f,0xf4,0xa0,  //.............#@@@@%.##.
0x00,0x00,0x00,0x0b,0xf4,0x00,  //..............#@@@%....
0x00,0x00,0x00,0x02,0xfd,0x00,  //...............#@@@%...
0x00,0x00,0x00,0x00,0xbf,0x40,  //................#@@@%..
0x00,0x00,0x00,0x00,0x2f,0xc0,  //.................#@@@+.
0x00,0x00,0x00,0x00,0x0b,0x80,  //..................#@#+.


/*  */
0x00,0x00,0x00,0x00,0x1d,0x1e,0x00,  //.................*@%.*@%..
0x00,0x00,0x00,0x00,0x1f,0xbe,0x00,  //.................%@@#@@%..
0x00,0x00,0x00,0x00,0x0f,0xbd,0x00,  //.......+**.......*@@#@@*..
0x00,0x03,0xf0,0x00,0xac,0x0a,0x90,  //......+@@@*....*%#@*.+##%*
0x01,0x03,0xf4,0x11,0xf8,0x0b,0xe0,  //...*+.*@@@*.+*.*@@#...%@@%
0x07,0xdb,0xf9,0xb5,0xbc,0x0b,0x90,  //..%@@*#@@@#*#@%*%@@+..#@#*
0x1f,0xff,0xff,0xfd,0x0e,0xad,0x00,  //.*@@@@@@@@@@@@@*.*@#%#@*..
0x0b,0xff,0xff,0xf8,0x1f,0xfe,0x00,  //..#@@@@@@@@@@@#..%@@@@@%..
0x07,0xf8,0x07,0xf4,0x1e,0x1e,0x00,  //..*@@@%+.+%@@@*..%@#.%@#..
0x1b,0xe0,0x01,0xf9,0x00,0x04,0x00,  //**%@@%.....%@@#**.*...*...
0xff,0xc0,0x00,0xff,0xc0,0x00,0x00,  //@@@@@*.....+@@@@@*........
0xff,0xc0,0x00,0xff,0xc0,0x00,0x00,  //@@@@@*......@@@@@*........
0xff,0xc0,0x00,0xff,0xc0,0x00,0x00,  //@@@@@*.....+@@@@@+........
0x0b,0xe0,0x02,0xf8,0x04,0x04,0x00,  //.*%@@#.....%@@#*+.*+..*...
0x03,0xf8,0x0b,0xf4,0x2e,0x2e,0x00,  //..*@@@#***%@@@*..%@#+%@#..
0x0b,0xff,0xff,0xf8,0x1f,0xfd,0x00,  //..#@@@@@@@@@@@#+.*@@@@@%..
0x0f,0xff,0xff,0xfd,0x1e,0x6d,0x00,  //.*@@@@@@@@@@@@@*.*@#%#@*..
0x07,0x9b,0xf9,0xb5,0xfc,0x0b,0xd0,  //..*@#*%@@@%*#@%*@@@+..#@@%
0x00,0x03,0xf4,0x11,0xf8,0x0b,0xe0,  //...*+.*@@@*..*.*@@#...%@@%
0x00,0x03,0xf0,0x00,0x6d,0x0e,0x40,  //.......@@@+....+*#@*.*@#**
0x00,0x00,0x00,0x00,0x0f,0xfd,0x00,  //.................*@@@@@*..
0x00,0x00,0x00,0x00,0x1f,0xbe,0x00,  //.................%@@%@@#..
0x00,0x00,0x00,0x00,0x19,0x1d,0x00,  //.................*#%.*@*..


/*  */
0x00,0x1b,0xff,0x90,0x00,0x00,  //....+%#@@@@@%*+.........
0x01,0xff,0xff,0xfd,0x00,0x00,  //...%@@@@@@@@@@@%........
0x0b,0xff,0xff,0xff,0x80,0x00,  //.+#@@@@@@@@@@@@@#.......
0x2f,0xff,0xff,0xff,0xe0,0x00,  //.#@@@@@@@@@@@@@@@%......
0x7f,0xff,0xff,0xff,0xf4,0x00,  //*@@@@@@@@@@@@@@@@@*.....
0xbf,0xff,0xff,0xff,0xf8,0x50,  //#@@@@@@@@@@@@@@@@@%.**..
0xff,0xff,0xff,0xff,0xf8,0x74,  //@@@@@@@@@@@@@@@@@@%.*@%.
0xbf,0xff,0xff,0xff,0xf8,0x7c,  //#@@@@@@@@@@@@@@@@@%.*@@*
0xbf,0xff,0xff,0xff,0xf4,0x7e,  //%@@@@@@@@@@@@@@@@@%.%@@%
0x3f,0xff,0xff,0xff,0xe0,0xbf,  //+@@@@@@@@@@@@@@@@#+.#@@@
0x1f,0xff,0xff,0xff,0xd1,0xff,  //.*@@@@@@@@@@@@@@@*.%@@@@
0x06,0xff,0xff,0xfe,0x07,0xfe,  //..*#@@@@@@@@@@@#*.*@@@@#
0x01,0xff,0xff,0xe4,0x1f,0xfd,  //...%@@@@@@@@@#*..*@@@@@*
0x03,0xf9,0x55,0x00,0xbf,0xf8,  //..*@@@%*****+..+%@@@@@#.
0x0b,0x80,0x00,0x07,0xff,0xe0,  //.+#@%*.......*%@@@@@@#..
0x00,0x00,0x2a,0xff,0xff,0x80,  //..*.....+%%#@@@@@@@@%...
0x00,0x00,0x05,0xbf,0xbf,0x80,  //..........*%#@@@#@@@#...
0x00,0x00,0x00,0x00,0x0b,0xe0,  //.................+%@@#..
0x00,0x00,0x00,0x00,0x00,0x60,  //...................+*%+.


/*  */
0x00,0x00,0x01,0x40,0x00,0x00,  //..........+**+.......
0x00,0x00,0x0b,0xf4,0x00,0x00,  //.........+#@@@*......
0x00,0x00,0x1d,0x2c,0x00,0x00,  //.........*@**#@+.....
0x00,0x00,0x2c,0x1c,0x00,0x00,  //.........%@..*@*.....
0x00,0x00,0x38,0x0d,0x00,0x00,  //.........@#..*@*.....
0x00,0x00,0x74,0x1d,0x00,0x00,  //........%@*..*@*.....
0x00,0x01,0xe0,0x2c,0x00,0x00,  //.......*@#...%@+.....
0x00,0x03,0x80,0x3a,0xa4,0x00,  //......*@#...+@#%%%*..
0x00,0x0a,0x00,0x7f,0xfd,0x00,  //.....+##+...*@@@@@@%.
0x7f,0xfd,0x00,0x00,0x0b,0x40,  //*@@@@@@*..........%@*
0xff,0xe0,0x00,0x00,0x03,0x40,  //@@@@@#*...........*@*
0xff,0xc0,0x00,0x00,0x03,0x40,  //@@@@@*............*@*
0xff,0xc0,0x00,0x00,0x0b,0x00,  //@@@@@*............#@+
0xff,0xc0,0x00,0x00,0x0b,0x00,  //@@@@@*............%@.
0xff,0xc0,0x00,0x00,0x0b,0x00,  //@@@@@*............#@.
0xff,0xc0,0x00,0x00,0x0d,0x00,  //@@@@@*...........*@%.
0xff,0xc0,0x00,0x00,0x0d,0x00,  //@@@@@*...........*@*.
0xf6,0xc0,0x00,0x00,0x1d,0x00,  //@@%#@*...........*@*.
0xe1,0xc0,0x00,0x00,0x38,0x00,  //@%.%@*...........@#..
0xfb,0xe4,0x00,0x00,0x38,0x00,  //@@%@@#%*.........@%..
0x7f,0xff,0x90,0x00,0x74,0x00,  //*@@@@@@@#%*+...+%@*..
0x00,0x01,0xbf,0xff,0xe0,0x00,  //......+%#@@@@@@@@%...
0x00,0x00,0x05,0xaa,0x40,0x00,  //.........+*%%%%%*....


/*  */
0x00,0x00,0x06,0xaa,0x40,0x00,  //.........*%%%%%%*....
0x00,0x06,0xff,0xab,0xe0,0x00,  //.+*****%@@@@#%%@@#...
0x7f,0xff,0x90,0x00,0x74,0x00,  //%@@@@@@@#*+.....%@*..
0xf6,0xd4,0x00,0x00,0x38,0x00,  //@@%#@%*+.........@%..
0xe1,0xc0,0x00,0x00,0x38,0x00,  //@%.%@*...........@#..
0xfb,0xc0,0x00,0x00,0x1d,0x00,  //@@%@@*...........*@*.
0xff,0xc0,0x00,0x00,0x0d,0x00,  //@@@@@*...........*@*.
0xff,0xc0,0x00,0x00,0x0e,0x00,  //@@@@@*...........*@%.
0xff,0xc0,0x00,0x00,0x0b,0x00,  //@@@@@*............#@.
0xff,0xc0,0x00,0x00,0x0b,0x00,  //@@@@@*............%@.
0xff,0xc0,0x00,0x00,0x0b,0x00,  //@@@@@*............#@+
0xff,0xc0,0x00,0x00,0x03,0x40,  //@@@@@*............*@*
0xbf,0xe4,0x00,0x00,0x03,0x40,  //#@@@@#*...........*@*
0x6a,0xad,0x00,0x00,0x0b,0x00,  //*%%%%#@*....+*****#@*
0x00,0x0b,0x00,0x7f,0xfd,0x00,  //......#@*...*@@@@@@%.
0x00,0x02,0x80,0x39,0x50,0x00,  //......+##+..+@#****..
0x00,0x01,0xe0,0x2c,0x00,0x00,  //.......*@#...%@+.....
0x00,0x00,0x74,0x1d,0x00,0x00,  //........*@*..*@*.....
0x00,0x00,0x28,0x0d,0x00,0x00,  //.........##..*@*.....
0x00,0x00,0x2c,0x1c,0x00,0x00,  //.........%@..*@*.....
0x00,0x00,0x1d,0x68,0x00,0x00,  //.........*@**##......
0x00,0x00,0x0b,0xe4,0x00,0x00,  //..........#@@#*......


/*  */
0x00,0x00,0x04,  //..........*
0x00,0x00,0x08,  //..........#
0x00,0x00,0x1c,  //.........*@
0x00,0x00,0x2c,  //.........#@
0x00,0x00,0x7c,  //........*@@
0x00,0x00,0xbc,  //........#@@
0x00,0x06,0xfc,  //.....**%@@@
0x5a,0xff,0xfc,  //*%%#@@@@@@@
0xbf,0xff,0xfc,  //#@@@@@@@@@@
0x2f,0xff,0xfc,  //.#@@@@@@@@@
0x0b,0xff,0xfc,  //..#@@@@@@@@
0x02,0xff,0xfc,  //...#@@@@@@@
0x00,0xbf,0xfc,  //....#@@@@@@
0x00,0x2f,0xfc,  //.....#@@@@@
0x00,0x3f,0xfc,  //.....@@@@@@
0x00,0x3f,0xfc,  //....+@@@@@@
0x00,0x3f,0xfc,  //....*@@@@@@
0x00,0x7f,0xfc,  //....*@@@@@@
0x00,0xbf,0xd0,  //....%@@@@%+
0x00,0xbe,0x00,  //....#@@%+..
0x00,0xa0,0x00,  //....#%*....


/*  */
0x01,0xaa,0x40,0x01,0xaa,0x40,  //...*%%%%*......*%%%%*...
0x0b,0xfb,0xe0,0x0b,0xef,0xe0,  //..#@@@#@@#*..*#@@#@@@#..
0x2d,0x00,0x7d,0x7d,0x00,0x78,  //.#@%+...*@@**@@*...+%@#.
0x74,0x00,0x0b,0xe0,0x00,0x1d,  //*@*......+#@@#+......*@*
0xb0,0x00,0x02,0x80,0x00,0x0e,  //%@.........##.........@%
0xe0,0x00,0x00,0x00,0x00,0x0b,  //@%....................%@
0xe0,0x00,0x00,0x00,0x00,0x0b,  //@%....................%@
0xa0,0x00,0x00,0x00,0x00,0x0a,  //##....................##
0x70,0x00,0x00,0x00,0x00,0x0d,  //%@*..................*@%
0x38,0x00,0x00,0x00,0x00,0x2c,  //+@#..................#@+
0x1d,0x00,0x00,0x00,0x00,0x74,  //.%@%................%@%.
0x0b,0x40,0x00,0x00,0x01,0xe0,  //..#@%..............%@#..
0x02,0xd0,0x00,0x00,0x07,0x80,  //...#@%............%@#...
0x00,0xb4,0x00,0x00,0x1e,0x00,  //....#@%..........%@#....
0x00,0x2d,0x00,0x00,0x78,0x00,  //.....#@%........%@#.....
0x00,0x0b,0x40,0x01,0xe0,0x00,  //......%@%......%@%......
0x00,0x01,0xe0,0x0b,0x40,0x00,  //.......%@%....%@%.......
0x00,0x00,0x78,0x2d,0x00,0x00,  //........%@#..#@%........
0x00,0x00,0x1e,0xb4,0x00,0x00,  //.........%@##@%.........
0x00,0x00,0x07,0xd0,0x00,0x00,  //..........%@@%..........
0x00,0x00,0x01,0x40,0x00,0x00,  //...........%%...........


/*  */
0x0b,0xff,0x40,0x50,0x00,0x00,  //.*#@@@@@*...%*.......
0x39,0x55,0x00,0xf4,0x00,0x00,  //*@#%*****...@@*......
0xb0,0x00,0x00,0xfd,0x00,0x00,  //#@+.........@@@*.....
0xe0,0x00,0x00,0xff,0x40,0x00,  //@%..........@@@@*....
0xe0,0x00,0x00,0xff,0xd0,0x00,  //@%..........@@@@@*...
0xe0,0x2f,0xff,0xff,0xf4,0x00,  //@%...%@@@@@@@@@@@@*..
0xe0,0x2f,0xff,0xff,0xfd,0x00,  //@%...%@@@@@@@@@@@@@*.
0xe0,0x2f,0xff,0xff,0xff,0x40,  //@%...%@@@@@@@@@@@@@@*
0xe0,0x2f,0xff,0xff,0xff,0xc0,  //@%...%@@@@@@@@@@@@@@@
0xe0,0x2f,0xff,0xff,0xff,0x40,  //@%...%@@@@@@@@@@@@@@*
0xe0,0x2f,0xff,0xff,0xfd,0x00,  //@%...%@@@@@@@@@@@@@*.
0xe0,0x1a,0xaa,0xff,0xf4,0x00,  //@%...*%%%%%%@@@@@@*..
0xe0,0x00,0x00,0xff,0xd0,0x00,  //@%..........@@@@@*...
0xe0,0x00,0x00,0xff,0x40,0x00,  //@%..........@@@@*....
0xb0,0x00,0x00,0xfd,0x00,0x00,  //%@+.........@@@*.....
0x2e,0xaa,0x40,0xf4,0x00,0x00,  //+#@%%%%%*...@@*......
0x0b,0xff,0x40,0x40,0x00,0x00,  //.+%@@@@@*...**.......


/*  */
0x06,0xaa,0xaa,0xaa,0xa4,0x00,  //.+%%%%%%%%%%%%%%%%*..
0x2f,0xff,0xff,0xff,0xfd,0x00,  //+#@@@@@@@@@@@@@@@@@%.
0xbf,0xff,0xff,0xff,0xff,0x00,  //%@@@@@@@@@@@@@@@@@@@*
0xfe,0x6f,0xff,0xff,0xff,0x40,  //@@@#%#@@@@@@@@@@@@@@*
0xfc,0x0b,0xff,0xff,0xff,0x40,  //@@@+..%@@@@@@@@@@@@@*
0xfc,0x07,0xff,0xff,0xff,0x40,  //@@@...%@@@@@@@@@@@@@*
0xfd,0x1b,0xff,0xff,0xff,0x40,  //@@@%**#@@@@@@@@@@@@@*
0xff,0xff,0xff,0xeb,0xff,0x40,  //@@@@@@@@@@@@@##@@@@@*
0xfc,0x0b,0x02,0x00,0xbf,0x40,  //@@@*..%@...#+..*#@@@*
0xfc,0x0b,0x00,0x00,0x3f,0x40,  //@@@*..%@........+@@@*
0xfc,0x0b,0x00,0x90,0x2f,0x40,  //@@@*..%@...+%*...#@@*
0xfc,0x0b,0x02,0xf0,0x1f,0x40,  //@@@*..%@...#@@+..%@@*
0xfc,0x0b,0x03,0xf0,0x1f,0x40,  //@@@*..%@...@@@*..*@@*
0xfc,0x0b,0x03,0xf0,0x1f,0x40,  //@@@*..%@...@@@*..*@@*
0xfc,0x0b,0x03,0xf0,0x1f,0x40,  //@@@*..%@...@@@*..*@@*
0xfc,0x0b,0x03,0xf0,0x1f,0x40,  //@@@*..%@...@@@*..*@@*
0xfc,0x0b,0x03,0xf0,0x1f,0x40,  //@@@*..%@...@@@*..*@@*
0xbe,0xab,0xab,0xfa,0xaf,0x40,  //#@@#%%#@%%%@@@#%%#@@*
0x7f,0xff,0xff,0xff,0xff,0x00,  //%@@@@@@@@@@@@@@@@@@@*
0x2f,0xff,0xff,0xff,0xfd,0x00,  //.#@@@@@@@@@@@@@@@@@%.
0x06,0xaa,0xaa,0xaa,0x90,0x00,  //..*%%%%%%%%%%%%%%%*..


/*  */
0x06,0xaa,0xaa,0x80,  //..%%%%%%%%%%%+.
0x0f,0xff,0xff,0xe0,  //.+@@@@@@@@@@@%.
0x0f,0xff,0xff,0xd0,  //.+@@@@@@@@@@@%.
0x02,0xeb,0xff,0x40,  //..*%@##@@@@@*..
0x01,0xd7,0xff,0x00,  //...*@**@@@@@...
0x01,0xd7,0xff,0x00,  //...*@**@@@@@...
0x01,0xd7,0xff,0x00,  //...*@**@@@@@...
0x01,0xd7,0xff,0x00,  //...*@**@@@@@...
0x01,0xd7,0xff,0x00,  //...*@**@@@@@...
0x01,0xd7,0xff,0x00,  //...*@**@@@@@...
0x06,0xeb,0xff,0x40,  //..*%@##@@@@@*+.
0x1f,0xff,0xff,0xe0,  //.%@@@@@@@@@@@#+
0x7f,0xff,0xff,0xf8,  //*@@@@@@@@@@@@@#
0xbf,0xff,0xff,0xfc,  //#@@@@@@@@@@@@@@
0xff,0xff,0xff,0xfc,  //@@@@@@@@@@@@@@@
0x55,0x5b,0x95,0x54,  //******#@#******
0x00,0x07,0x80,0x00,  //......%@%......
0x00,0x07,0x40,0x00,  //......*@%......
0x00,0x03,0x40,0x00,  //......*@*......
0x00,0x03,0x40,0x00,  //......+@*......
0x00,0x03,0x00,0x00,  //.......@*......
0x00,0x02,0x00,0x00,  //.......%*......


/*  */
0x00,0x00,0x00,0x00,0x55,0x55,  //...............+********
0x00,0x00,0x00,0x01,0xff,0xff,  //...............*@@@@@@@@
0x06,0xaa,0xaa,0x90,0x7f,0xff,  //.+%%%%%%%%%%%%..%@@@@@@@
0x2e,0xaa,0xaa,0x90,0x1f,0xff,  //+#@#%%%%%%%%%%...%@@@@@@
0xb4,0x00,0x00,0x00,0x0f,0xff,  //%@*..............+@@@@@@
0xe0,0x00,0x00,0x00,0x2f,0xff,  //@#..............+#@@@@@@
0xe0,0x00,0x00,0x00,0xbe,0xbf,  //@%.............+#@@#%@@@
0xe0,0x00,0x00,0x02,0xf8,0x1f,  //@%............+#@@#+.%@@
0xe0,0x00,0x00,0x0b,0xe0,0x06,  //@%...........+#@@#+...%#
0xe0,0x00,0x00,0x2f,0x80,0x00,  //@%..........+#@@#+......
0xe0,0x00,0x00,0xbe,0x00,0x00,  //@%.........+#@@#+.......
0xe0,0x00,0x02,0xf8,0x00,0x00,  //@%........+#@@#+........
0xe0,0x00,0x0b,0xe0,0x14,0x00,  //@%.......+#@@#+..**.....
0xe0,0x00,0x2f,0x80,0x28,0x00,  //@%.......%@@#+...%%.....
0xe0,0x00,0x0a,0x00,0x28,0x00,  //@%........##+....%%.....
0xe0,0x00,0x00,0x00,0x28,0x00,  //@%.........+.....%%.....
0xe0,0x00,0x00,0x00,0x28,0x00,  //@%...............%%.....
0xe0,0x00,0x00,0x00,0x28,0x00,  //@%...............#%.....
0xb0,0x00,0x00,0x00,0x74,0x00,  //%@+.............*@%.....
0x2e,0xaa,0xaa,0xaa,0xe0,0x00,  //+#@%%%%%%%%%%%%#@#+.....
0x0b,0xff,0xff,0xff,0x80,0x00,  //.+%@@@@@@@@@@@@@%+......


/*  */
0x00,0x02,0x00,0xff,0xf8,0x00,  //.......%*...@@@@@@%..
0x00,0x03,0xd0,0x55,0x6e,0x00,  //......*@@*..*****%@#.
0x00,0x03,0xf4,0x00,0x07,0x40,  //......*@@@*.......*@*
0x00,0x03,0xfd,0x00,0x03,0x40,  //......*@@@@*......*@*
0x00,0x03,0xff,0x40,0x03,0x40,  //......*@@@@@*.....*@*
0xbf,0xff,0xff,0xd0,0x03,0x40,  //#@@@@@@@@@@@@*....*@*
0xff,0xff,0xff,0xf4,0x03,0x40,  //@@@@@@@@@@@@@@*...*@*
0xff,0xff,0xff,0xfd,0x03,0x40,  //@@@@@@@@@@@@@@@*..*@*
0xff,0xff,0xff,0xfe,0x03,0x40,  //@@@@@@@@@@@@@@@%..*@*
0xff,0xff,0xff,0xf8,0x03,0x40,  //@@@@@@@@@@@@@@#+..*@*
0xff,0xff,0xff,0xe0,0x03,0x40,  //@@@@@@@@@@@@@#+...*@*
0xaa,0xab,0xff,0x80,0x03,0x40,  //%%%%%%#@@@@@#+....*@*
0x00,0x03,0xfe,0x00,0x03,0x40,  //......*@@@@#+.....*@*
0x00,0x03,0xf8,0x00,0x03,0x40,  //......*@@@#+......*@*
0x00,0x03,0xe0,0x00,0x07,0x40,  //......*@@#+.......%@*
0x00,0x03,0x80,0xaa,0xae,0x00,  //......*@#+..%%%%%#@%.
0x00,0x01,0x00,0xff,0xe4,0x00,  //.......*+...@@@@@#%..


/*  */
0x00,0x0a,0xaa,0xaa,0x00,0x00,  //......%%%%%%%%%%+.....
0x00,0x2f,0xff,0xff,0x80,0x00,  //.....%@@@@@@@@@@#.....
0x00,0x2f,0xff,0xff,0xc0,0x00,  //.....%@@@@@@@@@@@*....
0x15,0x6f,0xff,0xff,0xd5,0x40,  //+****#@@@@@@@@@@@%****
0xbf,0xff,0xff,0xff,0xff,0xf0,  //#@@@@@@@@@@@@@@@@@@@@@
0xe0,0x2f,0xff,0xff,0xd0,0x70,  //@#***#@@@@@@@@@@@***%@
0xe0,0x2f,0xff,0xff,0xc0,0x70,  //@%...%@@@@@@@@@@@...*@
0xa0,0x2f,0xff,0xff,0xc0,0xb0,  //##...%@@@@@@@@@@@...%@
0x78,0x1f,0xff,0xff,0x81,0xe0,  //*@%..*@@@@@@@@@@%..*@%
0x1e,0x0f,0xff,0xff,0x4b,0x80,  //.%@#*+@@@@@@@@@@*+%@#.
0x07,0xef,0xff,0xff,0xbe,0x00,  //..%@@#@@@@@@@@@@#@@%..
0x00,0x6f,0xff,0xff,0xa0,0x00,  //...+%#@@@@@@@@@@#%*...
0x00,0x01,0xff,0xf4,0x00,0x00,  //.......*@@@@@@%.......
0x00,0x00,0x7f,0xd0,0x00,0x00,  //........*@@@@%........
0x00,0x00,0x2f,0xc0,0x00,0x00,  //.........#@@@.........
0x00,0x00,0x1f,0x80,0x00,0x00,  //.........*@@#.........
0x00,0x00,0x2f,0xc0,0x00,0x00,  //.........#@@@+........
0x00,0x06,0xbf,0xe9,0x00,0x00,  //......*%#@@@@#%%......
0x00,0x1f,0xff,0xff,0x80,0x00,  //.....%@@@@@@@@@@#.....
0x00,0x2f,0xff,0xff,0xc0,0x00,  //.....%@@@@@@@@@@@+....
0x00,0x1a,0xaa,0xaa,0x80,0x00,  //.....%%%%%%%%%%%%+....


/*  */
0x06,0xaa,0xaa,0xaa,0xa4,0x00,  //.+%%%%%%%%%%%%%%%%*..
0x2f,0xff,0xff,0xff,0xfd,0x00,  //+#@@@@@@@@@@@@@@@@@%.
0xbf,0xff,0xff,0xff,0xff,0x00,  //%@@@@@@@@@@@@@@@@@@@*
0xff,0xff,0x96,0xbf,0xff,0x40,  //@@@@@@@@#%*%#@@@@@@@*
0xff,0xf8,0x00,0x1b,0xff,0x40,  //@@@@@@%+.....*#@@@@@*
0xff,0xd0,0x00,0x02,0xff,0x40,  //@@@@@%.........#@@@@*
0xff,0x81,0x00,0x10,0xbf,0x40,  //@@@@%.**....+*.+#@@@*
0xff,0x07,0xff,0xf0,0x7f,0x40,  //@@@@..*@@@@@@@..*@@@*
0xfe,0x07,0xff,0xf0,0x3f,0x40,  //@@@%..%@@@@@@@+.+@@@*
0xfd,0x0f,0xff,0xf4,0x3f,0x40,  //@@@*..@@@@@@@@%..@@@*
0xfd,0x0f,0xff,0xf8,0x2f,0x40,  //@@@*..@@@@@@@@%..%@@*
0xfd,0x0b,0xff,0xf4,0x3f,0x40,  //@@@*..#@@@@@@@*..@@@*
0xfe,0x02,0xff,0xe0,0x3f,0x40,  //@@@%..*#@@@@@#..+@@@*
0xff,0x10,0x7e,0x00,0x7f,0x40,  //@@@@+**.*@@#*...%@@@*
0xff,0x89,0xbf,0x00,0xff,0x40,  //@@@@%.%%%@@@...+@@@@*
0xff,0xd1,0xbf,0x02,0xff,0x40,  //@@@@@%.*%@@@..+#@@@@*
0xff,0xf8,0x7f,0x1f,0xff,0x40,  //@@@@@@#**@@@.*@@@@@@*
0xbf,0xff,0xff,0xff,0xff,0x40,  //#@@@@@@@@@@@@@@@@@@@*
0x7f,0xff,0xff,0xff,0xff,0x00,  //%@@@@@@@@@@@@@@@@@@@*
0x2f,0xff,0xff,0xff,0xfd,0x00,  //.#@@@@@@@@@@@@@@@@@%.
0x06,0xaa,0xaa,0xaa,0x90,0x00,  //..*%%%%%%%%%%%%%%%*..


/*  */
0x00,0x00,0x05,0x00,0x00,0x00,  //..........*%..........
0x00,0x00,0x1f,0x40,0x00,0x00,  //.........*@@%.........
0x00,0x00,0x7f,0xd0,0x00,0x00,  //........*@@@@%........
0x00,0x01,0xff,0xf4,0x00,0x00,  //.......*@@@@@@%.......
0x00,0x07,0xff,0xfd,0x00,0x00,  //......*@@@@@@@@%......
0x00,0x1f,0xff,0xff,0x40,0x00,  //.....*@@@@@@@@@@%.....
0x00,0x7f,0xff,0xff,0xd0,0x00,  //....*@@@@@@@@@@@@%....
0x00,0x7f,0xff,0xff,0xe0,0x00,  //....%@@@@@@@@@@@@#....
0x00,0x00,0x7f,0xe0,0x00,0x00,  //........*@@@@%........
0x00,0x00,0x7f,0xe0,0x00,0x00,  //........*@@@@%........
0x00,0x00,0x7f,0xe0,0x00,0x00,  //........*@@@@%........
0x00,0x00,0x7f,0xe0,0x00,0x00,  //........*@@@@%........
0x00,0x00,0x7f,0xe0,0x00,0x00,  //........*@@@@%........
0x00,0x00,0x7f,0xe0,0x00,0x00,  //........*@@@@%........
0x00,0x00,0x2a,0x90,0x00,0x00,  //.******.*%%%%*.+*****.
0xbf,0xfd,0x00,0x02,0xff,0xe0,  //#@@@@@@*......+#@@@@@#
0xff,0xff,0x55,0x5b,0xff,0xf0,  //@@@@@@@@%****%#@@@@@@@
0xff,0xff,0xff,0xff,0xff,0xf0,  //@@@@@@@@@@@@@@@@@@@@@@
0xff,0xff,0xff,0xfe,0x3c,0xb0,  //@@@@@@@@@@@@@@@%*@@*%@
0xff,0xff,0xff,0xfd,0x28,0x70,  //@@@@@@@@@@@@@@@%.##.%@
0xff,0xff,0xff,0xff,0xff,0xf0,  //@@@@@@@@@@@@@@@@@@@@@@
0x6a,0xaa,0xaa,0xaa,0xaa,0x90,  //*%%%%%%%%%%%%%%%%%%%%%


/*  */
0x00,0x00,0x1a,0x94,0x00,0x00,  //........+*%%%%*****..
0x00,0x06,0xfe,0xff,0xfd,0x00,  //......*#@@@#@@@@@@@%.
0x00,0x2e,0x40,0x01,0x5a,0x00,  //....*#@#%*....****##.
0x01,0xe4,0x00,0x00,0x0b,0x00,  //...*@#*...........%@.
0x07,0x80,0x00,0x00,0x0a,0x00,  //..*@#+............##.
0x0a,0x00,0x00,0x00,0x0a,0x00,  //.+##..............##.
0x1d,0x00,0x00,0x00,0x07,0x00,  //.%@*..............%@*
0x38,0x00,0x00,0x00,0x03,0x40,  //.@#...............*@*
0x74,0x00,0x00,0x00,0x03,0x40,  //*@*...............*@*
0x70,0x00,0x00,0x00,0x03,0x40,  //%@+...............*@*
0xa0,0x00,0x00,0x00,0x03,0x40,  //%#................*@*
0xe0,0x00,0x00,0x00,0x07,0x40,  //@%................*@*
0xe0,0x00,0x00,0x00,0x0b,0x00,  //@%................%@+
0xe0,0x00,0x00,0x00,0x0e,0x00,  //@%...............+@%.
0xa0,0x00,0x00,0x00,0x2d,0x00,  //##...............%@*.
0xb0,0x00,0x00,0x00,0x78,0x00,  //%@..............*@%..
0xb0,0x00,0x00,0x00,0xa0,0x00,  //%@.............+##+..
0xa0,0x00,0x00,0x07,0x80,0x00,  //##............*@#+...
0xe0,0x40,0x00,0x6e,0x00,0x00,  //@#*****....**#@#+....
0x7f,0xff,0xff,0xe4,0x00,0x00,  //%@@@@@@@@@@@@#%......
0x19,0x15,0xa9,0x40,0x00,0x00,  //.*%****%%%%**........


/*  */
0x06,0x40,0x00,0x00,0x00,  //..%%*..............
0x2f,0xc0,0x00,0x00,0x00,  //.#@@@+.............
0x7f,0xe0,0x00,0x00,0x00,  //*@@@@%.............
0xbf,0xf0,0x00,0x00,0x00,  //#@@@@@*............
0xff,0xf8,0x00,0x00,0x00,  //@@@@@@%............
0xbf,0xf4,0x00,0x00,0x00,  //#@@@@@*............
0xbf,0x80,0x00,0x00,0x00,  //%@@@#+.............
0x3f,0x40,0x00,0x00,0x00,  //*@@@*..............
0x2f,0x80,0x00,0x00,0x00,  //.#@@#..............
0x1f,0xd0,0x00,0x00,0x00,  //.*@@@*.............
0x0b,0xf0,0x00,0x00,0x00,  //..#@@@+............
0x03,0xf8,0x00,0x00,0x00,  //..*@@@#+...........
0x01,0xfe,0x00,0x18,0x00,  //...*@@@#+....*%*...
0x00,0x7f,0xd0,0x3f,0x80,  //....%@@@@*..+@@@%+.
0x00,0x1f,0xf9,0xbf,0xf4,  //.....%@@@@#*#@@@@@*
0x00,0x07,0xff,0xff,0xf8,  //......*@@@@@@@@@@@%
0x00,0x00,0xbf,0xff,0xf4,  //.......*#@@@@@@@@@%
0x00,0x00,0x1b,0xff,0xe0,  //.........*#@@@@@@#.
0x00,0x00,0x00,0xae,0x40,  //...........*%#@#*..


/*  */
0x06,0xaa,0xaa,0xaa,0x40,  //.+%%%%%%%%%%%%%%%..
0x2e,0xaa,0xaa,0xaa,0xe0,  //+#@#%%%%%%%%%%%#@#.
0xb4,0x00,0x00,0x00,0x74,  //%@*.............*@%
0xe0,0x00,0x00,0x00,0x28,  //@#...............#%
0xe0,0x00,0x00,0x00,0x28,  //@%...............%%
0xe0,0x00,0x00,0x00,0x28,  //@%...............%%
0xe0,0x00,0x00,0x00,0x28,  //@%...............%%
0xe0,0x00,0x00,0x00,0x28,  //@%...............%%
0xe0,0x00,0x00,0x00,0x28,  //@%...............%%
0xe0,0x00,0x00,0x00,0x28,  //@%...............%%
0xe0,0x00,0x00,0x00,0x28,  //@%...............%%
0xe0,0x00,0x00,0x00,0x28,  //@%...............%%
0xe0,0x00,0x00,0x00,0x28,  //@%...............%%
0xe0,0x00,0x00,0x00,0x28,  //@%...............%%
0xe0,0x00,0x00,0x00,0x28,  //@%...............%%
0xe0,0x00,0x00,0x00,0x28,  //@%...............#%
0xb0,0x00,0x00,0x00,0x74,  //%@+.............*@%
0x2e,0xaa,0xaa,0xaa,0xe0,  //+#@%%%%%%%%%%%%#@#+
0x0b,0xff,0xff,0xff,0x80,  //.+%@@@@@@@@@@@@@%+.


/*  */
0x6a,0xaa,0xaa,0xaa,0x40,  //*%%%%%%%%%%%%%%%%
0xea,0xaa,0xaa,0xaa,0xc0,  //@#%%%%%%%%%%%%%#@
0xe0,0x00,0x00,0x01,0xc0,  //@%.............*@
0xe0,0x00,0x00,0x01,0xc0,  //@%.............*@
0xe0,0x00,0x00,0x01,0xc0,  //@%.............*@
0xe0,0x00,0x00,0x01,0xc0,  //@%.............*@
0xe0,0x00,0x00,0x01,0xc0,  //@%.............*@
0xe0,0x00,0x00,0x01,0xc0,  //@%.............*@
0xe0,0x00,0x00,0x01,0xc0,  //@%.............*@
0xe0,0x00,0x00,0x01,0xc0,  //@%.............*@
0xe0,0x00,0x00,0x01,0xc0,  //@%.............*@
0xe0,0x00,0x00,0x01,0xc0,  //@%.............*@
0xe0,0x00,0x80,0x01,0xc0,  //@%.....+#+.....*@
0xe0,0x02,0xe0,0x01,0xc0,  //@%....+#@#*....*@
0xe0,0x0b,0x6d,0x01,0xc0,  //@%...+#@*#@*...*@
0xe0,0x2d,0x0b,0x41,0xc0,  //@%..+#@*.+#@*..*@
0xe0,0xb4,0x02,0xd1,0xc0,  //@%.+#@*...+#@*.*@
0xe6,0x80,0x00,0xb5,0xc0,  //@%*##*.....+#@**@
0xee,0x00,0x00,0x2e,0xc0,  //@#@#+.......+#@#@
0xb8,0x00,0x00,0x0b,0x80,  //#@#+.........+#@#


/*  */
0x06,0xaa,0xaa,0xaa,0xa4,0x00,  //.+%%%%%%%%%%%%%%%%*..
0x2f,0xff,0xff,0xff,0xfd,0x00,  //+#@@@@@@@@@@@@@@@@@%.
0xbf,0xff,0xff,0xff,0xff,0x00,  //%@@@@@@@@@@@@@@@@@@@*
0xff,0xeb,0xff,0xff,0xff,0x40,  //@@@@@%%@@@@@@@@@@@@@*
0xff,0x02,0xff,0xff,0xff,0x40,  //@@@@*..#@@@@@@@@@@@@*
0xfe,0x00,0xff,0xff,0xff,0x40,  //@@@%...*@@@@@@@@@@@@*
0xfd,0x00,0xbf,0xff,0xff,0x40,  //@@@*....%@@@@@@@@@@@*
0xfd,0x00,0xbf,0xff,0xff,0x40,  //@@@*...+#@@@@@@@@@@@*
0xfe,0x02,0xff,0xff,0xff,0x40,  //@@@#..+#@@@@@@@@@@@@*
0xff,0x02,0xff,0xff,0xff,0x40,  //@@@@+.+#@@@@@@@@@@@@*
0xff,0x41,0xff,0xff,0xff,0x40,  //@@@@%..*@@@@@@@@@@@@*
0xff,0xc0,0xbf,0xff,0xff,0x40,  //@@@@@+..%@@@@@@@@@@@*
0xff,0xe0,0x1f,0xd7,0xff,0x40,  //@@@@@#...%@@@*%@@@@@*
0xff,0xf8,0x06,0x40,0xbf,0x40,  //@@@@@@#...*#%..+%@@@*
0xff,0xfe,0x00,0x00,0x2f,0x40,  //@@@@@@@#.........#@@*
0xff,0xff,0x80,0x00,0x3f,0x40,  //@@@@@@@@#*.......@@@*
0xff,0xff,0xf8,0x00,0xbf,0x40,  //@@@@@@@@@@%*...+#@@@*
0xbf,0xff,0xff,0xab,0xff,0x40,  //#@@@@@@@@@@@#%#@@@@@*
0x7f,0xff,0xff,0xff,0xff,0x00,  //%@@@@@@@@@@@@@@@@@@@*
0x2f,0xff,0xff,0xff,0xfd,0x00,  //.#@@@@@@@@@@@@@@@@@%.
0x06,0xaa,0xaa,0xaa,0x90,0x00,  //..*%%%%%%%%%%%%%%%*..


/*  */
0x00,0x00,0x00,0xbe,0x41,0x00,  //...........+%@@#*.+*.
0x20,0x00,0x02,0xff,0xed,0x00,  //*#........+#@@@@@#@*.
0x78,0x00,0x0b,0xff,0xfa,0x00,  //*@#+......%@@@@@@@#%*
0x7e,0x40,0x0f,0xff,0xf9,0x00,  //*@@#*.....@@@@@@@@#*.
0x3f,0xe4,0x0f,0xff,0xf4,0x00,  //+@@@@#%+..@@@@@@@@*..
0x1f,0xff,0xef,0xff,0xf4,0x00,  //.%@@@@@@@#@@@@@@@@*..
0x6b,0xff,0xff,0xff,0xf4,0x00,  //*%#@@@@@@@@@@@@@@@*..
0x3f,0xff,0xff,0xff,0xf0,0x00,  //*@@@@@@@@@@@@@@@@@+..
0x2f,0xff,0xff,0xff,0xe0,0x00,  //.%@@@@@@@@@@@@@@@#...
0x07,0xff,0xff,0xff,0xd0,0x00,  //..%@@@@@@@@@@@@@@%...
0x0a,0xff,0xff,0xff,0x80,0x00,  //..%#@@@@@@@@@@@@#+...
0x07,0xff,0xff,0xff,0x40,0x00,  //..*@@@@@@@@@@@@@*....
0x01,0xbf,0xff,0xfe,0x00,0x00,  //...*#@@@@@@@@@@%.....
0x00,0x2f,0xff,0xf8,0x00,0x00,  //.....%@@@@@@@@#......
0x01,0xbf,0xff,0xe0,0x00,0x00,  //...*%@@@@@@@@%.......
0x7f,0xff,0xfe,0x40,0x00,0x00,  //%@@@@@@@@@@#*........
0x06,0xbf,0x90,0x00,0x00,0x00,  //..*%#@@@%%*..........


/*  */
0x00,0x01,0x55,  //......+*****
0x00,0x1f,0xfe,  //.....%@@@@@%
0x00,0x7f,0xfe,  //....*@@@@@@%
0x00,0xbf,0xfe,  //....#@@@@@@%
0x00,0xff,0x40,  //...*@@@@***+
0x00,0xfe,0x00,  //...*@@@#....
0x00,0xfe,0x00,  //...*@@@%....
0x00,0xfe,0x00,  //...*@@@%....
0x55,0xfe,0x55,  //***%@@@#****
0xbf,0xff,0xfd,  //%@@@@@@@@@@%
0xbf,0xff,0xfd,  //%@@@@@@@@@@*
0xbf,0xff,0xfc,  //%@@@@@@@@@@*
0x55,0xfe,0x54,  //***%@@@#***+
0x00,0xfe,0x00,  //...*@@@%....
0x00,0xfe,0x00,  //...*@@@%....
0x00,0xfe,0x00,  //...*@@@%....
0x00,0xfe,0x00,  //...*@@@%....
0x00,0xfe,0x00,  //...*@@@%....
0x00,0xfe,0x00,  //...*@@@%....
0x00,0xfe,0x00,  //...*@@@%....
0x00,0xfe,0x00,  //...*@@@%....
0x00,0xfe,0x00,  //...*@@@%....
0x00,0xa9,0x00,  //...+%%%%....


/*  */
0x00,0x01,0xaa,0x50,0x00,0x00,  //......+*%%%%%*.......
0x00,0x2f,0xff,0xf9,0x00,0x00,  //....+%@@@@@@@@#*.....
0x00,0xbf,0xff,0xff,0x80,0x00,  //...*#@@@@@@@@@@@%....
0x07,0xff,0xff,0xff,0xe0,0x00,  //..*@@@@@@@@@@@@@@#...
0x0b,0x9b,0xff,0xe5,0xf8,0x00,  //.+#@#*%@@@@@@#%%@@%..
0x2f,0x40,0x00,0x40,0xfc,0x00,  //.%@@%..**+.**+..@@@*.
0x3f,0x40,0x00,0x00,0xfe,0x00,  //*@@@%...........@@@#.
0x7f,0x40,0x00,0x00,0xbf,0x00,  //%@@@*...........#@@@+
0xbe,0x00,0x00,0x00,0x7f,0x40,  //#@@#............*@@@*
0xfe,0x00,0x00,0x00,0x3f,0x40,  //@@@%............*@@@*
0xfe,0x00,0x00,0x00,0x3f,0x40,  //@@@%............*@@@*
0xfe,0x00,0x00,0x00,0x3f,0x40,  //@@@#............*@@@*
0xbf,0x00,0x00,0x00,0x7f,0x40,  //%@@@*...........%@@@*
0x7f,0x80,0x00,0x01,0xff,0x00,  //%@@@#..........*@@@@+
0x3a,0xa4,0x00,0x07,0xfe,0x00,  //+@#%##*+.....*%@@@@%.
0x2d,0x7e,0x00,0x7f,0xfc,0x00,  //.%@%*@@#+...*@@@@@@*.
0x0b,0x15,0x00,0x3f,0xf4,0x00,  //..#@**%*....*@@@@@%..
0x02,0x80,0x00,0x3f,0xe0,0x00,  //..+##*++....*@@@@#...
0x00,0xbe,0x00,0x3f,0x40,0x00,  //...+#@@%....*@@@%....
0x00,0x1a,0x00,0x38,0x00,0x00,  //.....*#%....*@#*.....


/*  */
0x00,0x00,0x00,0x06,0xa4,0x00,  //.............+%%%%*...
0x00,0x00,0x00,0x7f,0xfe,0x00,  //............*@@@@@@#+.
0x00,0x00,0x01,0xfe,0xaf,0x80,  //...........*@@@#%#@@#+
0x00,0x00,0x03,0xe0,0x07,0xd0,  //..........+@@#*...%@@%
0x00,0x00,0x07,0xc0,0x02,0xf0,  //..........*@@*.....%@@
0x00,0x00,0x0b,0x80,0x00,0xf0,  //..........%@#......*@@
0x00,0x00,0x0b,0x80,0x00,0xf0,  //..........%@%......*@@
0x00,0x00,0x0b,0x80,0x00,0xf0,  //..........%@%......*@@
0x00,0x00,0x0b,0x80,0x00,0xf0,  //.*********#@#*+....*@@
0xbf,0xff,0xff,0xfc,0x00,0xf0,  //#@@@@@@@@@@@@@@*...*@@
0xff,0xff,0xff,0xfd,0x00,0x50,  //@@@@@@@@@@@@@@@*....**
0xff,0xff,0xff,0xfd,0x00,0x00,  //@@@@@@@@@@@@@@@*......
0xff,0xff,0xff,0xfd,0x00,0x00,  //@@@@@@@@@@@@@@@*......
0xff,0xff,0xff,0xfd,0x00,0x00,  //@@@@@@@@@@@@@@@*......
0xff,0xff,0xff,0xfd,0x00,0x00,  //@@@@@@@@@@@@@@@*......
0xff,0xff,0xff,0xfd,0x00,0x00,  //@@@@@@@@@@@@@@@*......
0xff,0xff,0xff,0xfd,0x00,0x00,  //@@@@@@@@@@@@@@@*......
0xff,0xff,0xff,0xfd,0x00,0x00,  //@@@@@@@@@@@@@@@*......
0xbf,0xff,0xff,0xf8,0x00,0x00,  //%@@@@@@@@@@@@@#+......


/*  */
0x2a,0xaa,0xaa,0xaa,0xaa,0xaa,0x40,  //+%%%%%%%%%%%%%%%%%%%%%%%%.
0xba,0xaa,0xaa,0xaa,0xaa,0xaa,0xd0,  //#@%%%%%%%%%%%%%%%%%%%%%#@%
0xe0,0x00,0x00,0x00,0x00,0x00,0xe0,  //@%......................@%
0xe0,0x00,0x00,0x00,0x00,0x00,0xe0,  //@%......................@%
0xe0,0x00,0x00,0x00,0x00,0x00,0xe0,  //@%......................@%
0xea,0xaa,0xaa,0xaa,0xaa,0xaa,0xe0,  //@#%%%%%%%%%%%%%%%%%%%%%%@%
0xff,0xff,0xff,0xff,0xff,0xff,0xe0,  //@@@@@@@@@@@@@@@@@@@@@@@@@%
0xff,0xff,0xff,0xff,0xff,0xff,0xe0,  //@@@@@@@@@@@@@@@@@@@@@@@@@%
0xff,0xff,0xff,0xff,0xff,0xff,0xe0,  //@@@@@@@@@@@@@@@@@@@@@@@@@%
0xff,0xff,0xff,0xff,0xff,0xff,0xe0,  //@@@@@@@@@@@@@@@@@@@@@@@@@%
0xe5,0x55,0x55,0x55,0x55,0x55,0xe0,  //@#**********************@%
0xe0,0x00,0x00,0x00,0x00,0x00,0xe0,  //@%......................@%
0xe0,0x00,0x00,0x00,0x00,0x00,0xe0,  //@%......................@%
0xe0,0x00,0x00,0x00,0x00,0x00,0xe0,  //@%......................@%
0xe0,0x00,0x00,0x00,0x00,0x00,0xe0,  //@%......................@%
0xe0,0x54,0x15,0x50,0x00,0x00,0xe0,  //@%.****.******..........@%
0xe1,0xf8,0x7f,0xe0,0x00,0x00,0xe0,  //@%.*@@%.*@@@@%..........@%
0xe0,0x00,0x00,0x00,0x00,0x00,0xe0,  //@%.+**+.+****+..........@%
0xe0,0x00,0x00,0x00,0x00,0x00,0xe0,  //@%......................@%
0xbf,0xff,0xff,0xff,0xff,0xff,0xd0,  //%@@@@@@@@@@@@@@@@@@@@@@@@*
0x1a,0xaa,0xaa,0xaa,0xaa,0xaa,0x40,  //.%%%%%%%%%%%%%%%%%%%%%%%*.


/*  */
0xa9,0x00,0x00,0x00,0x00,  //%%%**..............
0xff,0xf8,0x00,0x00,0x00,  //@@@@@@%*...........
0xff,0xff,0x80,0x00,0x00,  //@@@@@@@@#*.........
0x6f,0xff,0xf8,0x00,0x00,  //%%@@@@@@@@%........
0x00,0x6f,0xfe,0x00,0x00,  //...+*#@@@@@#+......
0x00,0x02,0xff,0x80,0x00,  //......*%@@@@#+.....
0x00,0x00,0x2f,0xe0,0x00,  //........*#@@@#+....
0xb9,0x00,0x0b,0xf8,0x00,  //#@%*+....+#@@@#....
0xff,0xd0,0x02,0xfe,0x00,  //@@@@@%+....#@@@%...
0xff,0xf9,0x00,0xbf,0x00,  //@@@@@@#*...+#@@@*..
0x5b,0xff,0x40,0x3f,0x80,  //*%#@@@@@*...*@@@#..
0x00,0xbf,0xd0,0x2f,0xc0,  //...*%@@@@*...%@@@*.
0x00,0x1f,0xe0,0x0f,0xe0,  //.....*@@@#+..*@@@%.
0x00,0x07,0xf4,0x0b,0xf0,  //..+...*@@@%...#@@@.
0x2e,0x42,0xfc,0x07,0xf0,  //+#@#*..%@@@+..*@@@*
0xbf,0x80,0xfd,0x03,0xf4,  //#@@@#..*@@@*..+@@@*
0xff,0xc0,0xbe,0x03,0xf8,  //@@@@@+..#@@%...@@@%
0xbf,0x80,0x7f,0x02,0xf8,  //%@@@#...%@@@...%@@%
0x2e,0x00,0x7e,0x01,0xf8,  //.%@#+...*@@#...%@@%


/*  */
0x01,0xff,0xff,0xff,0x80,0x00,  //...*@@@@@@@@@@@@#+...
0x03,0x95,0x55,0x55,0xe0,0x00,  //..+@#**********%@%...
0x07,0x00,0x00,0x00,0xb0,0x00,  //..*@*...........%@...
0x0a,0x00,0x00,0x00,0x74,0x00,  //..##............*@*..
0x0d,0x00,0x00,0x00,0x38,0x00,  //.+@%............+@%..
0x1d,0x00,0x00,0x00,0x2c,0x00,  //.*@*.............#@..
0x2c,0x00,0x00,0x00,0x1d,0x00,  //.#@..............*@*.
0x38,0x00,0x00,0x00,0x0e,0x00,  //+@%..............+@%.
0x79,0x55,0x55,0x55,0x5b,0x00,  //*@%***************#@.
0xbf,0xff,0xff,0xff,0xff,0x40,  //#@@@@@@@@@@@@@@@@@@@*
0xe0,0x00,0x00,0x00,0x07,0x40,  //@#*****************@*
0xe0,0x00,0x00,0x00,0x03,0x40,  //@%..........++.+*.*@*
0xe0,0x00,0x00,0xe2,0xc3,0x40,  //@%.........+@#.%@**@*
0xe0,0x00,0x00,0x91,0x83,0x40,  //@%..........%*.*%+*@*
0xe0,0x00,0x00,0x00,0x03,0x40,  //@%................*@*
0xaa,0xaa,0xaa,0xaa,0xab,0x40,  //##%%%%%%%%%%%%%%%%#@*
0x2f,0xff,0xff,0xff,0xfe,0x00,  //+#@@@@@@@@@@@@@@@@@%.


/*  */
0x00,0x00,0x00,0x00,0x00,0x90,  //....................%%..
0x00,0x00,0x00,0x00,0x02,0xf0,  //..................*#@@+.
0x00,0x00,0x00,0x00,0x1e,0xb0,  //.................%@##@*.
0x00,0x00,0x00,0x01,0xb8,0x70,  //...............*#@%+*@*.
0x00,0x00,0x00,0x1b,0x90,0x70,  //............*%#@#*..*@*.
0x1a,0xaa,0xab,0xf9,0x00,0x70,  //.%%%%%%%%%#@@@#*....*@*.
0xbf,0xff,0xfa,0x40,0x00,0x70,  //%@@@@@@@@@#%*+......*@*.
0xff,0xff,0xf0,0x00,0x00,0x7d,  //@@@@@@@@@@*.........*@@*
0xff,0xff,0xf0,0x00,0x00,0x7f,  //@@@@@@@@@@*.........*@@@
0xff,0xff,0xf0,0x00,0x00,0x7e,  //@@@@@@@@@@*.........*@@%
0xbf,0xff,0xf4,0x00,0x00,0x74,  //#@@@@@@@@@%*........*@%.
0x7f,0xff,0xff,0xe4,0x00,0x70,  //*@@@@@@@@@@@@#*.....*@*.
0x01,0xff,0x81,0xbe,0x40,0x70,  //..**@@@@#***%@@#*...*@*.
0x01,0xff,0x00,0x06,0xe0,0x70,  //...*@@@@*.....*#@#*.*@*.
0x01,0xff,0x00,0x00,0x6e,0x70,  //...*@@@@........*#@%%@*.
0x01,0xff,0x40,0x00,0x0b,0xf0,  //...*@@@@*.........%@@@*.
0x00,0xff,0x00,0x00,0x01,0xe0,  //...*@@@@*..........*@#..
0x00,0xff,0x40,0x00,0x00,0x00,  //....@@@@*...........+...
0x00,0xbf,0x80,0x00,0x00,0x00,  //....%@@@#*..............
0x00,0x7f,0xf0,0x00,0x00,0x00,  //....*@@@@@+.............
0x00,0x1a,0x40,0x00,0x00,0x00,  //.....*%%%*..............


/*  */
0x00,0x00,0x05,0x00,0x00,0x00,  //..........**..........
0x00,0x00,0x0f,0x00,0x00,0x00,  //.........*@@*.........
0x00,0x00,0x6f,0x90,0x00,0x00,  //........*#@@#*........
0x00,0x06,0xfa,0xf9,0x00,0x00,  //......*#@@##@@#*......
0x00,0x1e,0x40,0x1b,0x40,0x00,  //.....*@#*....*#@*.....
0x00,0x38,0x00,0x02,0xc0,0x00,  //....+@#........#@+....
0x00,0x70,0x00,0x00,0xd0,0x00,  //....%@*........*@%....
0x00,0xa0,0x00,0x00,0xa0,0x00,  //....%#..........#%....
0x00,0xa0,0x00,0x00,0xa0,0x00,  //....%%..........%%....
0x00,0xe0,0x00,0x00,0xb0,0x00,  //....@%..........%@....
0x00,0xe0,0x00,0x00,0xb0,0x00,  //....@%..........%@....
0x00,0xd0,0x00,0x00,0x70,0x00,  //....@%..........%@....
0x00,0xd0,0x00,0x00,0x70,0x00,  //...*@*..........*@*...
0x01,0xc0,0x00,0x00,0x34,0x00,  //...*@*..........*@*...
0x02,0x80,0x00,0x00,0x28,0x00,  //...##............##...
0x03,0x40,0x00,0x00,0x1c,0x00,  //..*@%............%@*..
0x0b,0x00,0x00,0x00,0x0e,0x00,  //..%@+............+@%..
0x1d,0x00,0x00,0x00,0x07,0x40,  //.*@%..............%@*.
0x78,0x00,0x00,0x00,0x02,0xd0,  //*@#................#@*
0xfa,0xaa,0xaa,0xaa,0xaa,0xf0,  //@@#%%%%%%%%%%%%%%%%#@@
0x7f,0xff,0xbf,0xff,0xff,0xd0,  //%@@@@@@@#@@@@@@@@@@@@%
0x00,0x01,0xaf,0xf4,0x00,0x00,  //.......*%#@@@@*.......
0x00,0x00,0x9b,0xe0,0x00,0x00,  //.......+#*#@@#+.......
0x00,0x00,0x6a,0x90,0x00,0x00,  //........*#%##*........


/*  */
0x00,0x02,0x40,0x90,0x00,0x00,  //.......%%...%*.......
0x00,0x03,0xd2,0xe0,0x00,0x00,  //......*@@%.#@#.......
0x00,0x07,0xfb,0xf0,0x00,0x00,  //...*+.%@@@#@@@+.++...
0x07,0xeb,0xff,0xfa,0xf0,0x00,  //..*@@##@@@@@@@%#@@...
0x03,0xff,0xff,0xff,0xe0,0x00,  //..*@@@@@@@@@@@@@@#...
0x03,0xff,0xff,0xff,0xd0,0x00,  //...@@@@@@@@@@@@@@%...
0x06,0xff,0xff,0xff,0xe0,0x00,  //.+*#@@@@@@@@@@@@@%*..
0xbf,0xff,0xff,0xff,0xff,0x40,  //#@@@@@@@@@@@@@@@@@@@*
0xbf,0xff,0xff,0xff,0xff,0x00,  //#@@@@@@@@@@@@@@@@@@@*
0x2f,0xff,0xff,0xff,0xfd,0x00,  //.#@@@@@@@@@@@@@@@@@*.
0x0f,0xff,0xff,0xff,0xf8,0x00,  //.+@@@@@@@@@@@@@@@@%..
0x2f,0xff,0xff,0xff,0xfd,0x00,  //.#@@@@@@@@@@@@@@@@@%.
0xbf,0xff,0xff,0xff,0xff,0x40,  //#@@@@@@@@@@@@@@@@@@@*
0xbf,0xff,0xff,0xff,0xfe,0x00,  //%@@@@@@@@@@@@@@@@@@#*
0x02,0xff,0xff,0xff,0xd0,0x00,  //..*#@@@@@@@@@@@@@%+..
0x03,0xff,0xff,0xff,0xd0,0x00,  //...@@@@@@@@@@@@@@%...
0x03,0xff,0xff,0xff,0xe0,0x00,  //..*@@@@@@@@@@@@@@#...
0x07,0xab,0xff,0xf6,0xe0,0x00,  //..*@#%#@@@@@@@%#@#...
0x00,0x07,0xfb,0xf0,0x00,0x00,  //...*..*@@@#@@@+..+...
0x00,0x03,0xd2,0xe0,0x00,0x00,  //......*@@*.#@#.......
0x00,0x02,0x40,0x90,0x00,0x00,  //.......%*...%*.......


/*  */
0x00,0x00,0x02,0x90,0x00,0x00,  //..........+%%%+.........
0x00,0x00,0x0b,0xb8,0x00,0x00,  //..........#@#@#+........
0x00,0x00,0x1d,0x0e,0x00,0x00,  //.........*@*.*@%........
0x00,0x00,0x28,0x0a,0x00,0x00,  //.........##...#%........
0x00,0x00,0xb0,0x0e,0x00,0x00,  //........%@*...@%........
0x00,0x01,0xd0,0x1e,0xaa,0x90,  //.......%@%...*@#%%%%%%+.
0x00,0x07,0x80,0x2f,0xff,0xf8,  //......%@#....#@@@@@@@@#+
0x7f,0xfe,0x00,0x00,0x00,0x1e,  //*@@@@@@#.............*@%
0xff,0xe4,0x00,0x00,0x00,0x0b,  //@@@@@#*...............%@
0xff,0xc0,0x00,0x00,0x00,0x0a,  //@@@@@*................##
0xff,0xc0,0x00,0x00,0x15,0x6d,  //@@@@@*..........*****#@*
0xff,0xc0,0x00,0x00,0x7f,0xf4,  //@@@@@*..........*@@@@@%.
0xff,0xc0,0x00,0x00,0x74,0x00,  //@@@@@*..........%@***...
0xff,0xc0,0x00,0x00,0xa0,0x00,  //@@@@@*..........##......
0xff,0xc0,0x00,0x00,0xa0,0x00,  //@@@@@*..........#%......
0xf6,0xc0,0x00,0x00,0xe0,0x00,  //@@%#@*.........*@%......
0xe1,0xc0,0x00,0x02,0xc0,0x00,  //@%.%@*.........%@+......
0xfb,0xe5,0x00,0x02,0xc0,0x00,  //@@%@@#%*.......#@.......
0x7f,0xff,0xe4,0x07,0x80,0x00,  //*@@@@@@@@%*+..*@%.......
0x00,0x01,0xbf,0xfe,0x00,0x00,  //......+*#@@@@@@#+.......
0x00,0x00,0x05,0xa4,0x00,0x00,  //.........+*%%%*.........


/*  */
0x00,0x00,0x06,0x80,0x00,0x00,  //.........+%%%+..........
0x00,0x00,0x2e,0xe0,0x00,0x00,  //........+#@#@#..........
0x00,0x00,0xb0,0x74,0x00,0x00,  //........%@*.*@*.........
0x00,0x00,0xa0,0x28,0x00,0x00,  //........%#...##.........
0x00,0x00,0xb0,0x0e,0x00,0x00,  //........%@...*@%........
0x06,0xaa,0xb4,0x07,0x40,0x00,  //.+%%%%%%#@*...%@%.......
0x2f,0xff,0xf8,0x02,0xd0,0x00,  //+#@@@@@@@@#....#@%......
0xb4,0x00,0x00,0x00,0xbf,0xfd,  //%@*.............#@@@@@@*
0xe0,0x00,0x00,0x00,0x1b,0xff,  //@%...............*#@@@@@
0xa0,0x00,0x00,0x00,0x03,0xff,  //##................*@@@@@
0x79,0x54,0x00,0x00,0x03,0xff,  //*@#*****..........*@@@@@
0x1f,0xfd,0x00,0x00,0x03,0xff,  //.%@@@@@*..........*@@@@@
0x00,0x1d,0x00,0x00,0x03,0xff,  //...***@%..........*@@@@@
0x00,0x0a,0x00,0x00,0x03,0xff,  //......##..........*@@@@@
0x00,0x0a,0x00,0x00,0x03,0xff,  //......%#..........*@@@@@
0x00,0x0b,0x00,0x00,0x03,0x9f,  //......%@*.........*@#%@@
0x00,0x03,0x80,0x00,0x03,0x4b,  //......+@%.........*@%.%@
0x00,0x03,0x80,0x00,0x5b,0xef,  //.......@#.......*%#@@%@@
0x00,0x02,0xd0,0x1b,0xff,0xfd,  //.......%@*..+*%@@@@@@@@*
0x00,0x00,0xbf,0xfe,0x40,0x00,  //.......+#@@@@@@#*+......
0x00,0x00,0x1a,0x50,0x00,0x00,  //.........*%%%*+.........


/*  */
0x00,0x01,0x50,0x00,0x00,0x00,  //.......***...........
0x00,0x0b,0xf8,0x00,0x00,0x00,  //......#@@@#+.........
0x00,0x1d,0x1e,0x00,0x00,0x00,  //.....%@%**@%.........
0x00,0x28,0x0b,0x00,0x00,0x00,  //.....%#...#@.........
0x00,0x28,0x0b,0x00,0x00,0x00,  //.....%%...%@.........
0x00,0x28,0x0b,0x00,0x00,0x00,  //.....%%...%@.........
0x00,0x28,0x0b,0x94,0x00,0x00,  //.....%%...%@%**+.....
0x00,0x28,0x0a,0xbf,0x90,0x00,  //.....%%...%##@@@%**..
0x01,0x28,0x00,0x12,0xfd,0x00,  //..***#%......**%@@@*.
0x2f,0xf8,0x00,0x00,0x0b,0x00,  //.#@@@@%..........*#@+
0x74,0x68,0x00,0x00,0x03,0x40,  //%@%**#%...........*@*
0xa0,0x00,0x00,0x00,0x03,0x40,  //##....*...........*@*
0xe0,0x00,0x00,0x00,0x03,0x40,  //@#................*@*
0x79,0x00,0x00,0x00,0x07,0x40,  //%@#*..............*@*
0x1b,0x80,0x00,0x00,0x0b,0x00,  //.*#@#+............%@+
0x01,0xe0,0x00,0x00,0x0e,0x00,  //...%@#*...........@#.
0x00,0x2d,0x00,0x00,0x1d,0x00,  //....*#@*.........*@*.
0x00,0x0b,0x00,0x00,0x2c,0x00,  //.....+#@+........%@+.
0x00,0x03,0x40,0x00,0x28,0x00,  //......*@*........%#..
0x00,0x03,0xaa,0xaa,0xa8,0x00,  //......*@#%%%%%%%%#%..
0x00,0x03,0xff,0xff,0xf8,0x00,  //......*@@@@@@@@@@@%..
0x00,0x03,0xff,0xfd,0x28,0x00,  //......*@@@@@@@@%.#%..
0x00,0x03,0xff,0xfe,0x38,0x00,  //......*@@@@@@@@%*@%..
0x00,0x02,0xff,0xff,0xf4,0x00,  //.......#@@@@@@@@@@%..


/*  */
0x00,0x00,0x55,0x55,0x50,0x00,  //.......+**********...
0x00,0x02,0xff,0xff,0xf8,0x00,  //.......#@@@@@@@@@@%..
0x00,0x03,0xff,0xfe,0x28,0x00,  //......*@@@@@@@@%*#%..
0x00,0x03,0xff,0xfe,0x28,0x00,  //......*@@@@@@@@%*#%..
0x00,0x03,0xff,0xff,0xf8,0x00,  //......*@@@@@@@@@@@%..
0x00,0x03,0x95,0x55,0x68,0x00,  //......*@%********#%..
0x00,0x07,0x40,0x00,0x28,0x00,  //......*@*........%#..
0x00,0x0a,0x00,0x00,0x1c,0x00,  //.....*##+........%@+.
0x00,0x78,0x00,0x00,0x1d,0x00,  //....*@#+.........*@*.
0x02,0xe0,0x00,0x00,0x0e,0x00,  //..+%@#+...........@#.
0x1f,0x80,0x00,0x00,0x0b,0x00,  //.%@@%.............%@+
0xb8,0x00,0x00,0x00,0x07,0x40,  //%@%*..............*@*
0xe0,0x00,0x00,0x00,0x03,0x40,  //@#................*@*
0xa0,0x04,0x00,0x00,0x03,0x40,  //##...+*...........*@*
0x79,0x68,0x00,0x00,0x07,0x40,  //*@%*%#%...........*@*
0x2f,0xf8,0x00,0x00,0x1a,0x00,  //.%@@@@%.........**##+
0x00,0x28,0x00,0x16,0xfd,0x00,  //..+*+%%...+.+%*#@@@*.
0x00,0x28,0x0b,0xff,0x50,0x00,  //.....%%...%@@@@@%*+..
0x00,0x28,0x0b,0x40,0x00,0x00,  //.....%%...%@%**......
0x00,0x28,0x0b,0x00,0x00,0x00,  //.....%%...%@.........
0x00,0x28,0x0b,0x00,0x00,0x00,  //.....%%...%@.........
0x00,0x28,0x0b,0x00,0x00,0x00,  //.....%#...#@.........
0x00,0x1e,0x1d,0x00,0x00,0x00,  //.....*@%*%@%.........
0x00,0x07,0xf8,0x00,0x00,0x00,  //......%@@@#..........


/*  */
0x00,0x01,0xaa,0x50,0x00,0x00,  //......+*%%%%%*.......
0x00,0x2f,0xff,0xf9,0x00,0x00,  //....+%@@@@@@@@#*.....
0x00,0xbf,0xff,0xff,0x80,0x00,  //...*#@@@@@@@@@@@%....
0x07,0xff,0xe7,0xff,0xe0,0x00,  //..*@@@@@@#%@@@@@@#...
0x0b,0xff,0x81,0xff,0xf8,0x00,  //.+#@@@@@#..*@@@@@@%..
0x2f,0xfe,0x00,0xbf,0xfc,0x00,  //.%@@@@@#....%@@@@@@*.
0x3f,0xf8,0x00,0xbf,0xfe,0x00,  //*@@@@@#....+#@@@@@@#.
0x7f,0xe0,0x02,0xff,0xff,0x00,  //%@@@@#....+#@@@@@@@@+
0xbf,0x80,0x0a,0xaa,0xbf,0x40,  //#@@@#....+%%%%%%#@@@*
0xfe,0x00,0x00,0x00,0x2f,0x40,  //@@@#.............#@@*
0xfd,0x00,0x00,0x00,0x2f,0x40,  //@@@*.............%@@*
0xfe,0x00,0x00,0x00,0x2f,0x40,  //@@@#+............#@@*
0xbf,0x80,0x0a,0xaa,0xbf,0x40,  //%@@@#+...+%%%%%%#@@@*
0x7f,0xe0,0x02,0xff,0xff,0x00,  //%@@@@#+...+#@@@@@@@@+
0x3f,0xf8,0x00,0xbf,0xfe,0x00,  //+@@@@@#+...+#@@@@@@%.
0x2f,0xfe,0x00,0xbf,0xfc,0x00,  //.%@@@@@#+...#@@@@@@*.
0x0b,0xff,0x81,0xff,0xf4,0x00,  //..#@@@@@#+.%@@@@@@%..
0x02,0xff,0xeb,0xff,0xe0,0x00,  //..+#@@@@@##@@@@@@#...
0x00,0xbf,0xff,0xff,0x40,0x00,  //...+#@@@@@@@@@@@%....
0x00,0x1b,0xff,0xf8,0x00,0x00,  //.....*#@@@@@@@#*.....
0x00,0x01,0x6a,0x40,0x00,0x00,  //.......*%%%%*+.......


/*  */
0x00,0x01,0xaa,0x50,0x00,0x00,  //......+*%%%%%*.......
0x00,0x2f,0xff,0xf9,0x00,0x00,  //....+%@@@@@@@@#*.....
0x00,0xbf,0xff,0xff,0x80,0x00,  //...*#@@@@@@@@@@@%....
0x07,0xff,0xe7,0xff,0xe0,0x00,  //..*@@@@@@#%@@@@@@#...
0x0b,0xff,0x81,0xff,0xf8,0x00,  //.+#@@@@@#..*@@@@@@%..
0x2f,0xff,0x00,0x7f,0xfc,0x00,  //.%@@@@@@*...*@@@@@@*.
0x3f,0xff,0x80,0x1f,0xfe,0x00,  //*@@@@@@@#....*@@@@@#.
0x7f,0xff,0xe0,0x07,0xff,0x00,  //%@@@@@@@@#....*@@@@@+
0xbe,0xaa,0xa4,0x01,0xff,0x40,  //#@@#%%%%%%%....*@@@@*
0xfd,0x00,0x00,0x00,0x7f,0x40,  //@@@*............*@@@*
0xfd,0x00,0x00,0x00,0x2f,0x40,  //@@@*.............#@@*
0xfd,0x00,0x00,0x00,0x7f,0x40,  //@@@%............%@@@*
0xbf,0xaa,0xa4,0x01,0xff,0x40,  //%@@@%%%%%%*....%@@@@*
0x7f,0xff,0xd0,0x07,0xff,0x00,  //%@@@@@@@@%....%@@@@@+
0x3f,0xff,0x40,0x1f,0xfe,0x00,  //+@@@@@@@%....%@@@@@%.
0x2f,0xff,0x00,0x7f,0xfc,0x00,  //.%@@@@@@*...%@@@@@@*.
0x0b,0xff,0x81,0xff,0xf4,0x00,  //..#@@@@@#+.%@@@@@@%..
0x02,0xff,0xeb,0xff,0xe0,0x00,  //..+#@@@@@##@@@@@@#...
0x00,0xbf,0xff,0xff,0x40,0x00,  //...+#@@@@@@@@@@@%....
0x00,0x1b,0xff,0xf8,0x00,0x00,  //.....*#@@@@@@@#*.....
0x00,0x01,0x6a,0x40,0x00,0x00,  //.......*%%%%*+.......


/*  */
0x00,0x01,0xaa,0x50,0x00,0x00,  //......+*%%%%%*.......
0x00,0x2f,0xff,0xf9,0x00,0x00,  //....+%@@@@@@@@#*.....
0x00,0xbf,0xff,0xff,0x80,0x00,  //...*#@@@@@@@@@@@%....
0x07,0xff,0xe7,0xff,0xe0,0x00,  //..*@@@@@@#%@@@@@@#...
0x0b,0xff,0x81,0xff,0xf8,0x00,  //.+#@@@@@#..*@@@@@@%..
0x2f,0xfe,0x00,0x7f,0xfc,0x00,  //.%@@@@@#....*@@@@@@*.
0x3f,0xf8,0x00,0x1f,0xfe,0x00,  //*@@@@@#......*@@@@@#.
0x7f,0xe0,0x00,0x07,0xff,0x00,  //%@@@@#........*@@@@@+
0xbf,0x80,0x00,0x01,0xff,0x40,  //#@@@#..........*@@@@*
0xfe,0x00,0x00,0x00,0x7f,0x40,  //@@@#............*@@@*
0xfd,0x00,0x40,0x80,0x2f,0x40,  //@@@*...+*...#....#@@*
0xfe,0x02,0x40,0xe0,0x7f,0x40,  //@@@#+.+#*...@#..%@@@*
0xbf,0x9b,0x40,0xfa,0xff,0x40,  //%@@@#%#@*...@@#%@@@@*
0x7f,0xff,0x40,0xff,0xff,0x00,  //%@@@@@@@*...@@@@@@@@+
0x3f,0xff,0x40,0xff,0xfe,0x00,  //+@@@@@@@*...@@@@@@@%.
0x2f,0xff,0x40,0xff,0xfc,0x00,  //.%@@@@@@*...@@@@@@@*.
0x0b,0xff,0x40,0xff,0xf4,0x00,  //..#@@@@@%...@@@@@@%..
0x02,0xff,0xea,0xff,0xe0,0x00,  //..+#@@@@@%%#@@@@@#...
0x00,0xbf,0xff,0xff,0x40,0x00,  //...+#@@@@@@@@@@@%....
0x00,0x1b,0xff,0xf8,0x00,0x00,  //.....*#@@@@@@@#*.....
0x00,0x01,0x6a,0x40,0x00,0x00,  //.......*%%%%*+.......


/*  */
0x00,0x01,0xaa,0x50,0x00,0x00,  //......+*%%%%%*.......
0x00,0x2f,0xff,0xf9,0x00,0x00,  //....+%@@@@@@@@#*.....
0x00,0xbf,0xff,0xff,0x80,0x00,  //...*#@@@@@@@@@@@%....
0x07,0xff,0x96,0xff,0xe0,0x00,  //..*@@@@@#%*%@@@@@#...
0x0b,0xff,0x40,0xff,0xf8,0x00,  //.+#@@@@@%...@@@@@@%..
0x2f,0xff,0x40,0xff,0xfc,0x00,  //.%@@@@@@*...@@@@@@@*.
0x3f,0xff,0x40,0xff,0xfe,0x00,  //*@@@@@@@*...@@@@@@@#.
0x7f,0xff,0x40,0xff,0xff,0x00,  //%@@@@@@@*...@@@@@@@@+
0xbf,0x9b,0x40,0xf9,0xff,0x40,  //#@@@#*#@*...@@%%@@@@*
0xfe,0x02,0x40,0xd0,0x7f,0x40,  //@@@#..+#*...@%..*@@@*
0xfd,0x00,0x40,0x40,0x2f,0x40,  //@@@*...+*...%....#@@*
0xfe,0x00,0x00,0x00,0x7f,0x40,  //@@@#+...........%@@@*
0xbf,0x80,0x00,0x01,0xff,0x40,  //%@@@#+.........%@@@@*
0x7f,0xe0,0x00,0x07,0xff,0x00,  //%@@@@#+.......%@@@@@+
0x3f,0xf8,0x00,0x1f,0xfe,0x00,  //+@@@@@#+.....%@@@@@%.
0x2f,0xfe,0x00,0x7f,0xfc,0x00,  //.%@@@@@#+...%@@@@@@*.
0x0b,0xff,0x81,0xff,0xf4,0x00,  //..#@@@@@#+.%@@@@@@%..
0x02,0xff,0xeb,0xff,0xe0,0x00,  //..+#@@@@@##@@@@@@#...
0x00,0xbf,0xff,0xff,0x40,0x00,  //...+#@@@@@@@@@@@%....
0x00,0x1b,0xff,0xf8,0x00,0x00,  //.....*#@@@@@@@#*.....
0x00,0x01,0x6a,0x40,0x00,0x00,  //.......*%%%%*+.......


/*  */
0x00,0x01,0xaa,0x50,0x00,0x00,  //......+*%%%%%*.......
0x00,0x2f,0xff,0xf9,0x00,0x00,  //....+%@@@@@@@@#*.....
0x00,0xba,0xda,0xff,0x80,0x00,  //...*#@##@*#%@@@@%....
0x07,0x80,0x06,0xff,0xe0,0x00,  //..*@#*...+*#@@@@@#...
0x0a,0x00,0x1f,0x1b,0xf8,0x00,  //.+##+....*@@**#@@@%..
0x2c,0x00,0x06,0x01,0xfc,0x00,  //.%@*.....+*#*..%@@@*.
0x3d,0x00,0x00,0x00,0xbe,0x00,  //*@@%.......++.**#@@#.
0x7f,0x00,0x00,0x07,0xff,0x00,  //%@@@+........+*@@@@@+
0xbf,0x00,0x00,0x1f,0xff,0x40,  //#@@@.........%@@@@@@*
0xff,0x00,0x00,0x7f,0xff,0x40,  //@@@@*.......*@@@@@@@*
0xff,0x80,0x00,0xbf,0xff,0x40,  //@@@@#*.....+#@@@@@@@*
0xff,0xe0,0x2d,0xff,0xff,0x40,  //@@@@@#*.+#@%@@@@@@@@*
0xbf,0xf8,0x3f,0xff,0xff,0x40,  //%@@@@@#+*@@@@@@@@@@@*
0x7f,0xfd,0x17,0xff,0xff,0x00,  //%@@@@@@%+**@@@@@@@@@+
0x3f,0xff,0xe2,0xff,0xfe,0x00,  //+@@@@@@@@#*%@@@@@@@%.
0x2f,0xff,0xf9,0x46,0xfc,0x00,  //.%@@@@@@@@#%%+*%@@@*.
0x0b,0xff,0xff,0x00,0xb4,0x00,  //..#@@@@@@@@@*...#@%..
0x02,0xff,0xfe,0x02,0xe0,0x00,  //..+#@@@@@@@#..+#@#...
0x00,0xbf,0xfe,0x1f,0x40,0x00,  //...+#@@@@@@#*%@@%....
0x00,0x1b,0xff,0xf8,0x00,0x00,  //.....*#@@@@@@@#*.....
0x00,0x01,0x6a,0x40,0x00,0x00,  //.......*%%%%*+.......


/*  */
0x00,0x00,0x00,0x06,0xa4,0x00,  //.............+%%%%*...
0x00,0x00,0x00,0x7f,0xfd,0x00,  //............*@@@@@@*..
0x00,0x00,0x01,0xff,0xe0,0x00,  //...........*@@@@@#*...
0x00,0x00,0x03,0xfe,0x40,0x00,  //..........+@@@@#*.....
0x00,0x00,0x07,0xfd,0x00,0x00,  //..........*@@@@*......
0x00,0x00,0x0b,0xfd,0x00,0x00,  //..........%@@@@*......
0x00,0x00,0x0b,0xfd,0x00,0x10,  //..........%@@@@*....+%
0x00,0x00,0x07,0xfe,0x41,0xb0,  //..........%@@@@#*..*#@
0x00,0x00,0x03,0xff,0xeb,0xe0,  //..........*@@@@@@##@@#
0x00,0x00,0x22,0xff,0xff,0xc0,  //.........#*%@@@@@@@@@*
0x00,0x00,0xb8,0xbf,0xff,0x40,  //........#@#+#@@@@@@@*.
0x00,0x02,0xfe,0x1b,0xf8,0x00,  //.......#@@@#+*#@@@%+..
0x00,0x0b,0xff,0xd0,0x00,0x00,  //......#@@@@@@*..+.....
0x00,0x2f,0xff,0x80,0x00,0x00,  //.....#@@@@@@#.........
0x00,0xbf,0xfe,0x00,0x00,0x00,  //....#@@@@@@#..........
0x02,0xff,0xf8,0x00,0x00,0x00,  //...#@@@@@@#...........
0x0b,0xff,0xe0,0x00,0x00,0x00,  //..#@@@@@@#............
0x2e,0x3f,0x80,0x00,0x00,0x00,  //.#@%*@@@#.............
0x7d,0x2e,0x00,0x00,0x00,0x00,  //%@@%.#@#..............
0x7f,0xf8,0x00,0x00,0x00,0x00,  //%@@@@@#...............
0x2f,0xe0,0x00,0x00,0x00,0x00,  //.#@@@#................
0x0b,0x80,0x00,0x00,0x00,0x00,  //..#@%.................


/*  */
0xaa,0xaa,0xaa,0xaa,0xaa,0xaa,  //%%%%%%%%%%%%%%%%%%%%%%%%
0xff,0xff,0xff,0xff,0xea,0xab,  //@@@@@@@@@@@@@@@@@#%%%%#@
0xff,0xff,0xff,0xff,0xc0,0x0b,  //@@@@@@@@@@@@@@@@@*....%@
0xff,0xff,0xff,0xff,0xd5,0x5b,  //@@@@@@@@@@@@@@@@@%****#@
0xbf,0xff,0xff,0xff,0xff,0xfe,  //#@@@@@@@@@@@@@@@@@@@@@@#
0x00,0x00,0x00,0x00,0x00,0x00,  //+**********************+
0x00,0x00,0x00,0x00,0x00,0x00,  //........................
0xbf,0xff,0xff,0xff,0xff,0xfe,  //#@@@@@@@@@@@@@@@@@@@@@@#
0xff,0xff,0xaa,0xaa,0xaa,0xab,  //@@@@@@@@#%%%%%%%%%%%%%#@
0xff,0xff,0x40,0x00,0x00,0x0b,  //@@@@@@@@*.............%@
0xff,0xff,0x95,0x55,0x55,0x5b,  //@@@@@@@@%*************#@
0xbf,0xff,0xff,0xff,0xff,0xfe,  //#@@@@@@@@@@@@@@@@@@@@@@#
0x00,0x00,0x00,0x00,0x00,0x00,  //.**********************.
0x00,0x00,0x00,0x00,0x00,0x00,  //.**********************.
0xbf,0xff,0xff,0xff,0xff,0xfe,  //#@@@@@@@@@@@@@@@@@@@@@@#
0xff,0xff,0xff,0xe5,0x55,0x5b,  //@@@@@@@@@@@@@#********#@
0xff,0xff,0xff,0xe0,0x00,0x0b,  //@@@@@@@@@@@@@%........%@
0xff,0xff,0xff,0xea,0xaa,0xab,  //@@@@@@@@@@@@@#%%%%%%%%#@
0xbf,0xff,0xff,0xff,0xff,0xfe,  //#@@@@@@@@@@@@@@@@@@@@@@#


/*  */
0xbf,0xff,0xff,0xff,0xf8,  //#@@@@@@@@@@@@@@@@@#
0x7f,0xff,0xff,0xff,0xf4,  //%@@@@@@@@@@@@@@@@@*
0x1f,0xff,0xff,0xff,0xd0,  //.%@@@@@@@@@@@@@@@*.
0x07,0xff,0xff,0xff,0x40,  //..%@@@@@@@@@@@@@*..
0x01,0xff,0xff,0xfd,0x00,  //...%@@@@@@@@@@@*...
0x00,0x7f,0xff,0xf4,0x00,  //....%@@@@@@@@@*....
0x00,0x1f,0xff,0xd0,0x00,  //.....%@@@@@@@*.....
0x00,0x07,0xff,0x40,0x00,  //......%@@@@@*......
0x00,0x03,0xff,0x00,0x00,  //......*@@@@@.......
0x00,0x03,0xff,0x00,0x00,  //......*@@@@@.......
0x00,0x03,0xff,0x00,0x00,  //......*@@@@@.......
0x00,0x03,0xff,0x00,0x00,  //......*@@@@@.......
0x00,0x03,0xff,0x00,0x00,  //......*@@@@@.......
0x00,0x03,0xff,0x00,0x00,  //......*@@@@@.......
0x00,0x03,0xff,0x00,0x00,  //......+@@@@@.......
0x00,0x01,0xff,0x00,0x00,  //.......*@@@@.......
0x00,0x00,0x7f,0x00,0x00,  //........*@@@.......
0x00,0x00,0x1f,0x00,0x00,  //.........*@@.......
0x00,0x00,0x05,0x00,0x00,  //..........*%.......


/*  */
0x00,0x00,0x55,0x55,0x00,0x00,  //.......**********.......
0x00,0x03,0xff,0xff,0xc0,0x00,  //......+@@@@@@@@@@+......
0x00,0x03,0x40,0x01,0xc0,0x00,  //......*@%******%@*......
0x00,0x07,0x40,0x01,0xd0,0x00,  //..*****@%******%@*****..
0x7f,0xff,0xff,0xff,0xff,0xfd,  //*@@@@@@@@@@@@@@@@@@@@@@*
0xbf,0xff,0xff,0xff,0xff,0xfe,  //#@@@@@@@@@@@@@@@@@@@@@@#
0xff,0xff,0xff,0xff,0xff,0xff,  //@@@@@@@@@@@@@@@@@@@@@@@@
0xff,0xff,0xff,0xff,0xff,0xff,  //@@@@@@@@@@@@@@@@@@@@@@@@
0xff,0xff,0xff,0xff,0xff,0xff,  //@@@@@@@@@@@@@@@@@@@@@@@@
0xff,0xff,0xff,0xff,0xff,0xff,  //@@@@@@@@@@@@@@@@@@@@@@@@
0xff,0xff,0xff,0xff,0xff,0xff,  //@@@@@@@@@@@@@@@@@@@@@@@@
0x00,0x00,0x00,0x00,0x00,0x00,  //************************
0x55,0x55,0x45,0x51,0x55,0x55,  //*********.****.*********
0xff,0xff,0xcb,0xe3,0xff,0xff,  //@@@@@@@@@.%@@%.@@@@@@@@@
0xff,0xff,0xc0,0x03,0xff,0xff,  //@@@@@@@@@.+**+.@@@@@@@@@
0xff,0xff,0xe5,0x5b,0xff,0xff,  //@@@@@@@@@%****%@@@@@@@@@
0xff,0xff,0xff,0xff,0xff,0xff,  //@@@@@@@@@@@@@@@@@@@@@@@@
0xff,0xff,0xff,0xff,0xff,0xff,  //@@@@@@@@@@@@@@@@@@@@@@@@
0xff,0xff,0xff,0xff,0xff,0xff,  //@@@@@@@@@@@@@@@@@@@@@@@@
0xbf,0xff,0xff,0xff,0xff,0xfe,  //#@@@@@@@@@@@@@@@@@@@@@@#
0x2f,0xff,0xff,0xff,0xff,0xf8,  //+#@@@@@@@@@@@@@@@@@@@@#+


/*  */
0xaa,0xa9,0x00,0x2a,0xaa,0x00,  //%%%%%%%*.....%%%%%%%*
0xff,0xfd,0x00,0x2f,0xff,0x40,  //@@@@@@@%.....#@@@@@@*
0xff,0xf4,0x00,0x0b,0xff,0x40,  //@@@@@@%.......#@@@@@*
0xff,0xe0,0x00,0x03,0xff,0x40,  //@@@@@#........+@@@@@*
0xff,0xf4,0x00,0x0b,0xff,0x40,  //@@@@@@%.......#@@@@@*
0xfe,0xfd,0x00,0x2f,0xef,0x40,  //@@@#@@@%.....#@@@#@@*
0xf4,0xbf,0x40,0xbf,0x4b,0x40,  //@@%.#@@@%...#@@@*.#@*
0x90,0x2f,0xd2,0xfd,0x02,0x00,  //%%...#@@@%.#@@@*...%*
0x00,0x0b,0xfb,0xf4,0x00,0x00,  //......#@@@#@@@*......
0x00,0x02,0xff,0xd0,0x00,0x00,  //.......#@@@@@*.......
0x00,0x00,0xff,0x80,0x00,0x00,  //.......+@@@@%........
0x00,0x02,0xff,0xd0,0x00,0x00,  //.......#@@@@@%.......
0x00,0x0b,0xfb,0xf4,0x00,0x00,  //......#@@@#@@@%......
0x90,0x2f,0xd2,0xfd,0x02,0x40,  //#%...#@@@*.#@@@%..+#*
0xf4,0xbf,0x40,0xbf,0x4b,0x40,  //@@%.#@@@*...#@@@%+#@*
0xfe,0xfd,0x00,0x2f,0xff,0x40,  //@@@#@@@*.....#@@@@@@*
0xff,0xf4,0x00,0x0b,0xff,0x40,  //@@@@@@*.......#@@@@@*
0xff,0xe0,0x00,0x03,0xff,0x40,  //@@@@@%........*@@@@@*
0xff,0xf4,0x00,0x0b,0xff,0x40,  //@@@@@@%......+#@@@@@*
0xff,0xfd,0x00,0x2f,0xff,0x40,  //@@@@@@@%....+#@@@@@@*
0x6a,0xa9,0x00,0x2a,0xaa,0x00,  //%%%%%%%*.....%%%%%%%*


/*  */
0x00,0x50,0x00,0x00,0x01,0x50,0x00,  //...+***............***....
0x07,0xfd,0x00,0x00,0x0b,0xf8,0x00,  //..*@@@@%..........#@@@#+..
0x0b,0xff,0x00,0x00,0x1f,0xfe,0x00,  //..#@@@@@*........%@@@@@%..
0x0f,0xff,0x40,0x00,0x2f,0xff,0x00,  //.*@@@@@@*...+....%@@@@@@..
0x0f,0xff,0x46,0xf9,0x2f,0xfe,0x00,  //.*@@@@@@*.%#@@#*.%@@@@@#..
0x0b,0xff,0x2f,0xff,0x5f,0xfd,0x00,  //..#@@@@@+#@@@@@@%*@@@@@%..
0x02,0xf9,0x7f,0xff,0xd7,0xf8,0x00,  //..+#@@#*%@@@@@@@@*%@@@%...
0x20,0x00,0xff,0xff,0xe0,0x01,0x40,  //.%*.**..@@@@@@@@@#.+*+.*%.
0x7e,0x58,0xff,0xff,0xf2,0x6b,0xc0,  //%@@#%%%*@@@@@@@@@@*%*%#@@*
0xbf,0xf8,0xff,0xff,0xf3,0xff,0xd0,  //#@@@@@#*@@@@@@@@@@*@@@@@@*
0xff,0xfc,0xff,0xff,0xe3,0xff,0xe0,  //@@@@@@@+@@@@@@@@@#*@@@@@@%
0xff,0xfd,0x7f,0xff,0xdb,0xff,0xe0,  //@@@@@@@*%@@@@@@@@*%@@@@@@%
0xbf,0xf9,0x2f,0xff,0x46,0xff,0xe0,  //#@@@@@%*.#@@@@@@%.*#@@@@@%
0x6f,0x86,0x46,0xf9,0x14,0x7f,0x80,  //*#@@#+*%*.%#@@#*+%%**@@@#+
0x00,0x2f,0xe4,0x01,0xbf,0x40,0x00,  //..+*+#@@@#*.+.+*#@@@%+*+..
0x00,0x7f,0xff,0xaf,0xff,0xc0,0x00,  //....*@@@@@@@##@@@@@@@*....
0x00,0xbf,0xff,0xff,0xff,0xd0,0x00,  //....#@@@@@@@@@@@@@@@@%....
0x00,0xff,0xff,0xff,0xff,0xe0,0x00,  //...+@@@@@@@@@@@@@@@@@#....
0x01,0xff,0xff,0xff,0xff,0xf0,0x00,  //...*@@@@@@@@@@@@@@@@@@+...
0x01,0xff,0xff,0xff,0xff,0xf0,0x00,  //...*@@@@@@@@@@@@@@@@@@*...
0x01,0xff,0xff,0xff,0xff,0xf0,0x00,  //...*@@@@@@@@@@@@@@@@@@*...
0x01,0xff,0xff,0xff,0xff,0xf0,0x00,  //...*@@@@@@@@@@@@@@@@@@*...
0x00,0xff,0xff,0xff,0xff,0xe0,0x00,  //...*@@@@@@@@@@@@@@@@@#....
0x00,0x7f,0xff,0xff,0xff,0x90,0x00,  //....%@@@@@@@@@@@@@@@#*....


/*  */
0x01,0xbf,0x40,0x00,0x00,0x00,  //...*#@@@*.............
0x07,0xff,0xd0,0x00,0x00,0x00,  //..*@@@@@@*............
0x1f,0x92,0xf4,0x00,0x00,0x00,  //.*@@#**#@@*...........
0x3e,0x00,0xbd,0x00,0x00,0x00,  //*@@#+..+#@@*..........
0xbc,0x00,0x2f,0x00,0x00,0x00,  //%@@+....+#@@*.........
0xb8,0x00,0x0f,0x40,0x00,0x00,  //%@%......+@@*.........
0x7d,0x01,0x8f,0x80,0x00,0x00,  //%@@*...*%.@@%.........
0x3f,0x43,0xef,0x40,0x00,0x00,  //+@@@*.+@@#@@*.........
0x1f,0xd2,0xfe,0x00,0x00,0x00,  //.*@@@*.%@@@#..........
0x07,0xf6,0xfe,0x1b,0x80,0x00,  //..*@@@%%@@@#.*#@%*....
0x01,0xff,0xff,0xbf,0xf4,0x00,  //...*@@@@@@@@#@@@@@*...
0x00,0x2f,0x8b,0xfa,0xbd,0x00,  //....*#@@%+#@@@#%#@@*..
0x00,0x00,0x07,0xf8,0x2f,0x40,  //..........%@@@#.+#@@*.
0x00,0x00,0x0f,0xfd,0x0b,0xd0,  //.........+@@@@@*.+#@@*
0x00,0x00,0x0f,0x58,0x02,0xe0,  //.........*@@*%%+..+#@#
0x00,0x00,0x0f,0x40,0x01,0xf0,  //.........*@@*......%@@
0x00,0x00,0x0b,0xd0,0x02,0xf0,  //..........#@@*.....#@@
0x00,0x00,0x07,0xf4,0x0b,0xd0,  //..........*@@@*...#@@%
0x00,0x00,0x01,0xfd,0x2f,0x80,  //...........*@@@*+#@@#.
0x00,0x00,0x00,0x7f,0xfe,0x00,  //............*@@@@@@#..
0x00,0x00,0x00,0x1b,0xf8,0x00,  //.............*#@@@#...
0x00,0x00,0x00,0x01,0x40,0x00,  //..............+***....


/*  */
0x00,0x00,0x6a,0x40,0x00,0x00,0x00,  //.......*%%%%*+............
0x00,0x0b,0xff,0xe4,0x00,0x00,0x00,  //......%@@@@@@#*...........
0x00,0x2f,0xff,0xfd,0x00,0x00,0x00,  //.....#@@@@@@@@@*..........
0x00,0x7f,0xff,0xff,0x05,0x00,0x00,  //....%@@@@@@@@@@@++**......
0x00,0xff,0xff,0xff,0xbf,0x80,0x00,  //...+@@@@@@@@@@@@#@@@#+....
0x01,0xff,0xff,0xff,0xff,0xe0,0x00,  //...*@@@@@@@@@@@@@@@@@#....
0x01,0xff,0xff,0xff,0xff,0xf0,0x00,  //...*@@@@@@@@@@@@@@@@@@*...
0x02,0xff,0xff,0xff,0xff,0xf0,0x00,  //...%@@@@@@@@@@@@@@@@@@*...
0x0b,0xff,0xff,0xff,0xff,0xe0,0x00,  //..#@@@@@@@@@@@@@@@@@@#....
0x2f,0xff,0xff,0xff,0xff,0xf8,0x00,  //.#@@@@@@@@@@@@@@@@@@@@#*..
0x7f,0xff,0xff,0xff,0xff,0xff,0x40,  //*@@@@@@@@@@@@@@@@@@@@@@@*.
0xbf,0xff,0xff,0xff,0xff,0xff,0xc0,  //#@@@@@@@@@@@@@@@@@@@@@@@@+
0xff,0xff,0xff,0xff,0xff,0xff,0xd0,  //@@@@@@@@@@@@@@@@@@@@@@@@@%
0xff,0xff,0xff,0xff,0xff,0xff,0xe0,  //@@@@@@@@@@@@@@@@@@@@@@@@@%
0xbf,0xff,0xff,0xff,0xff,0xff,0xe0,  //#@@@@@@@@@@@@@@@@@@@@@@@@%
0x7f,0xff,0xff,0xff,0xff,0xff,0xd0,  //*@@@@@@@@@@@@@@@@@@@@@@@@*
0x2f,0xff,0xff,0xff,0xff,0xff,0x80,  //.#@@@@@@@@@@@@@@@@@@@@@@#.
0x0b,0xff,0xff,0xff,0xff,0xfe,0x00,  //..#@@@@@@@@@@@@@@@@@@@@#+.
0x01,0xbf,0xff,0xff,0xff,0xe4,0x00,  //...*#@@@@@@@@@@@@@@@@#%+..


/*  */
0x00,0x0a,0xaa,0xa0,0x00,  //......%%%%%%%%*.....
0x00,0x0a,0xeb,0xa0,0x00,  //......%#@#%@#%*.....
0x00,0x01,0xc3,0x80,0x00,  //.......*@*.@%.......
0x00,0x01,0xc3,0x80,0x00,  //.......*@*.@%.......
0x00,0x01,0xc3,0x80,0x00,  //.......*@*.@%.......
0x00,0x01,0xc3,0x80,0x00,  //.......*@*.@%.......
0x00,0x01,0xc3,0x80,0x00,  //.......*@*.@%.......
0x00,0x01,0xc3,0x80,0x00,  //.......%@*.@#.......
0x00,0x03,0x81,0xd0,0x00,  //......*@%..*@*......
0x00,0x0b,0x00,0xb0,0x00,  //......#@+...#@+.....
0x00,0x1d,0x00,0x38,0x00,  //.....*@*....*@#.....
0x00,0x38,0x00,0x1d,0x00,  //....+@#......%@*....
0x00,0xb0,0x00,0x0a,0x00,  //....%@*.......##+...
0x01,0xe0,0x00,0x07,0x80,  //...*@%********%@%...
0x02,0xff,0xff,0xff,0xc0,  //..+#@@@@@@@@@@@@@*..
0x0b,0xff,0xff,0xff,0xe0,  //..%@@@@@@@@@@@@@@#..
0x0f,0xff,0xff,0xff,0xf4,  //.*@@@@@@@@@@@@@@@@%.
0x2f,0xff,0xff,0xff,0xfc,  //.#@@@@@@@@@@@@@@@@@*
0x7f,0xff,0xff,0xff,0xfe,  //*@@@@@@@@@@@@@@@@@@%
0x7f,0xff,0xff,0xff,0xfe,  //%@@@@@@@@@@@@@@@@@@#
0x1a,0xaa,0xaa,0xaa,0xa8,  //.%%%%%%%%%%%%%%%%%%+


/*  */
0x1b,0xf4,0x00,0x00,0x00,0x00,  //.*#@@@%+................
0x7f,0xff,0x40,0x00,0x00,0x10,  //*@@@@@@@*............*..
0xb4,0x0b,0xd0,0x00,0x01,0x99,  //#@%..*%@@*.........*#%#*
0xf0,0x01,0xe0,0x00,0x19,0x02,  //@@*....%@#.......*#*..*#
0xb4,0x00,0xb0,0x00,0x90,0x18,  //#@%.....#@*....*%%+..*#+
0x3e,0x00,0xb0,0x0a,0x00,0x50,  //*@@%....#@*..+%%+...%%..
0x1f,0xea,0xe8,0x60,0x02,0x40,  //.*@@@%%#@##**#*...+#*...
0x02,0xff,0xc6,0x40,0x08,0x00,  //..*#@@@@@**#*....*#*....
0x00,0x14,0x28,0x40,0x60,0x00,  //....+****##***..*#......
0x00,0x00,0x0c,0xa2,0x80,0x00,  //.........*@+#%.%#*......
0x00,0x6a,0xa0,0x49,0x24,0x00,  //...*%%%%%%++*+#*+#*.....
0x0b,0xff,0xd6,0xe0,0x05,0x00,  //..%@@@@@@%*#@#+...%%....
0x2f,0x42,0xf4,0x28,0x01,0x80,  //.#@@%**%@@%.+%%+...*#+..
0x78,0x00,0xb0,0x02,0x40,0x20,  //%@#+....#@*...*%%+..+#*.
0xb0,0x00,0xf0,0x00,0x64,0x09,  //#@*....+@@+.....*#*...#*
0xf0,0x02,0xe0,0x00,0x06,0x46,  //@@*...+#@%........*#*.*#
0xb9,0x6f,0x80,0x00,0x00,0x74,  //%@#**%@@#+..........%@%+
0x2f,0xfe,0x00,0x00,0x00,0x00,  //+#@@@@@%+...............
0x06,0x90,0x00,0x00,0x00,0x00,  //..*%%%*.................


/*  */
0x00,0x01,0x55,0x54,0x00,0x00,  //.......********.........
0x00,0x0b,0xff,0xfd,0x00,0x00,  //......%@@@@@@@@*........
0x00,0x2f,0x40,0x1d,0x00,0x00,  //.....#@@%*****@*........
0x00,0xbb,0x40,0x0d,0x00,0x00,  //....#@#@*....*@*........
0x02,0xd3,0x40,0x0d,0x00,0x00,  //...#@%*@*....*@*........
0x0b,0x43,0x40,0x0d,0x15,0x54,  //..#@%.*@*....*@********+
0x2d,0x03,0x40,0x0f,0xff,0xfe,  //.#@%..*@*....*@@@@@@@@@#
0x7e,0xab,0x40,0x0f,0xd0,0x0b,  //%@@%%%#@*....*@@@*****#@
0xbf,0xfe,0x00,0x2e,0xc0,0x0b,  //#@@@@@@#*...+#@#@*....%@
0xe0,0x00,0x00,0xb5,0xc0,0x0b,  //@%.........+#@**@*....%@
0xe0,0x00,0x02,0xd1,0xc0,0x0b,  //@%........+#@*.*@*....%@
0xe0,0x00,0x0b,0x41,0xc0,0x0b,  //@%.......+#@*..*@*....%@
0xe0,0x00,0x2e,0x56,0xc0,0x0b,  //@%.......#@#***%@*....%@
0xe0,0x00,0x3f,0xff,0x80,0x0b,  //@%......*@@@@@@@#.....%@
0xe0,0x00,0x74,0x00,0x00,0x0b,  //@%......*@******......%@
0xe0,0x00,0x70,0x00,0x00,0x0b,  //@%......*@*...........%@
0xe0,0x00,0x70,0x00,0x00,0x0b,  //@%......*@*...........%@
0xe5,0x55,0xb0,0x00,0x00,0x0b,  //@#******%@*...........%@
0xbf,0xff,0xf0,0x00,0x00,0x0b,  //#@@@@@@@@@*...........%@
0x00,0x00,0x70,0x00,0x00,0x0b,  //.*******%@*...........%@
0x00,0x00,0x70,0x00,0x00,0x0b,  //........*@*...........%@
0x00,0x00,0x70,0x00,0x00,0x0b,  //........*@*...........%@
0x00,0x00,0x74,0x00,0x00,0x0b,  //........*@************#@
0x00,0x00,0x7f,0xff,0xff,0xfe,  //........*@@@@@@@@@@@@@@#


/*  */
0x01,0xa4,0x00,0x00,0x00,  //..+%%%%*...........
0x1b,0xaf,0x40,0x00,0x00,  //.*#@##@@%..........
0x28,0x02,0xd0,0x00,0x00,  //+##*..+#@%.........
0x70,0x00,0xb4,0x00,0x00,  //%@*.....#@%........
0xa0,0x00,0x2d,0x00,0x00,  //##.......#@%.......
0xe0,0x06,0x8b,0x40,0x00,  //@%....*%%*#@%......
0xa0,0x1f,0xe2,0xd0,0x00,  //##...%@@@#*#@%.....
0x74,0x28,0x78,0xb4,0x00,  //*@%..##.*@#*#@%....
0x2d,0x28,0x1e,0x2d,0x00,  //.#@%.##..*@#*#@%...
0x0b,0x5e,0x07,0x8b,0x40,  //..#@%*@#..*@#*#@%..
0x02,0xd7,0x81,0xe2,0x80,  //...#@%*@#..*@#*##..
0x00,0xb5,0xe0,0x78,0x00,  //....#@%*@#..*@#*...
0x00,0x2d,0x78,0x1e,0x00,  //.....#@%*@#..*@#+..
0x00,0x0b,0x5e,0x07,0x80,  //......#@%*@#..*@#+.
0x00,0x02,0xd7,0x41,0xe0,  //.......#@%*@%..*@#.
0x00,0x00,0xb4,0x00,0x74,  //........#@%*....*@%
0x00,0x00,0x2d,0x00,0x38,  //.........#@%.....@%
0x00,0x00,0x0b,0x40,0x38,  //..........#@%....@%
0x00,0x00,0x02,0xd0,0x74,  //...........#@%+.%@*
0x00,0x00,0x00,0xbf,0xe0,  //............#@@@@#.
0x00,0x00,0x00,0x16,0x40,  //.............*%%*..


/*  */
0x6a,0xaa,0xaa,0xa8,0x00,0x00,  //%%%%%%%%%%%%%%%*.....
0xea,0xff,0xea,0xff,0x40,0x00,  //@#%#@@@@@%%#@@@@*....
0xe1,0xff,0x40,0xe2,0xd0,0x00,  //@%.*@@@@*...@%+#@*...
0xe1,0xff,0x40,0xe0,0xb4,0x00,  //@%.*@@@@*...@%.+#@*..
0xe1,0xff,0x40,0xe0,0x2d,0x00,  //@%.*@@@@*...@%..+#@*.
0xe1,0xff,0x40,0xe0,0x0b,0x00,  //@%.*@@@@*...@%...+#@+
0xe1,0xff,0x40,0xe0,0x03,0x40,  //@%.*@@@@%...@%....*@*
0xe1,0xff,0xff,0xe0,0x03,0x40,  //@%.*@@@@@@@@@%....*@*
0xe0,0xaa,0xaa,0x80,0x03,0x40,  //@%.+%%%%%%%%%+....*@*
0xe0,0x00,0x00,0x00,0x03,0x40,  //@%................*@*
0xe0,0x00,0x00,0x00,0x03,0x40,  //@%................*@*
0xe0,0x00,0x00,0x00,0x03,0x40,  //@%................*@*
0xe0,0xaa,0xaa,0xaa,0x43,0x40,  //@%.+%%%%%%%%%%%%%.*@*
0xe1,0xea,0xaa,0xaa,0xc3,0x40,  //@%.*@#%%%%%%%%%#@+*@*
0xe1,0xc0,0x00,0x01,0xc3,0x40,  //@%.*@*.........*@**@*
0xe1,0xc0,0x00,0x01,0xc3,0x40,  //@%.*@*.........*@**@*
0xe1,0xc0,0x00,0x01,0xc3,0x40,  //@%.*@*.........*@**@*
0xe1,0xc0,0x00,0x01,0xc3,0x40,  //@%.*@*.........*@**@*
0xe1,0xc0,0x00,0x01,0xc3,0x40,  //@%.*@*.........*@**@*
0xff,0xff,0xff,0xff,0xff,0x40,  //@@@@@@@@@@@@@@@@@@@@*
0x6a,0xaa,0xaa,0xaa,0xaa,0x00,  //*%%%%%%%%%%%%%%%%%%%+


/*  */
0x06,0xaa,0xaa,0xaa,0xa4,0x00,  //.+%%%%%%%%%%%%%%%%*..
0x2f,0xff,0xff,0xff,0xfd,0x00,  //+#@@@@@@@@@@@@@@@@@%.
0xbf,0xff,0xff,0xff,0xff,0x00,  //%@@@@@@@@@@@@@@@@@@@*
0xff,0xff,0xff,0xff,0xff,0x40,  //@@@@@@@@@@@@@@@@@@@@*
0xff,0xff,0xff,0xff,0xff,0x40,  //@@@@@@@@@@@@@@@@@@@@*
0xff,0xff,0xff,0xff,0xff,0x40,  //@@@@@@@@@@@@@@@@@@@@*
0xff,0xff,0xff,0xff,0xff,0x40,  //@@@@@@@@@@@@@@@@@@@@*
0xff,0xff,0xff,0xff,0xff,0x40,  //@@@@@@@@@@@@@@@@@@@@*
0xff,0xff,0xff,0xff,0xff,0x40,  //@@@@@@@@@@@@@@@@@@@@*
0xff,0xff,0xff,0xff,0xff,0x40,  //@@@@@@@@@@@@@@@@@@@@*
0xff,0xff,0xff,0xff,0xff,0x40,  //@@@@@@@@@@@@@@@@@@@@*
0xff,0xff,0xff,0xff,0xff,0x40,  //@@@@@@@@@@@@@@@@@@@@*
0xff,0xff,0xff,0xff,0xff,0x40,  //@@@@@@@@@@@@@@@@@@@@*
0xff,0xff,0xff,0xff,0xff,0x40,  //@@@@@@@@@@@@@@@@@@@@*
0xff,0xff,0xff,0xff,0xff,0x40,  //@@@@@@@@@@@@@@@@@@@@*
0xff,0xff,0xff,0xff,0xff,0x40,  //@@@@@@@@@@@@@@@@@@@@*
0xff,0xff,0xff,0xff,0xff,0x40,  //@@@@@@@@@@@@@@@@@@@@*
0xbf,0xff,0xff,0xff,0xff,0x40,  //#@@@@@@@@@@@@@@@@@@@*
0x7f,0xff,0xff,0xff,0xff,0x00,  //%@@@@@@@@@@@@@@@@@@@*
0x2f,0xff,0xff,0xff,0xfd,0x00,  //.#@@@@@@@@@@@@@@@@@%.
0x06,0xaa,0xaa,0xaa,0x90,0x00,  //..*%%%%%%%%%%%%%%%*..


/*  */
0xbf,0xff,0xff,0xff,0xff,0x40,  //#@@@@@@@@@@@@@@@@@@@*
0xff,0xff,0xff,0xff,0xff,0x40,  //@@@@@@@@@@@@@@@@@@@@*
0xbf,0xff,0xff,0xff,0xff,0x40,  //#@@@@@@@@@@@@@@@@@@@*
0x00,0x00,0x00,0x00,0x00,0x00,  //+*******************.
0x00,0x00,0x00,0x00,0x00,0x00,  //.....................
0x00,0x00,0x00,0x00,0x00,0x00,  //.....................
0x00,0x00,0x00,0x00,0x00,0x00,  //+*******************.
0xbf,0xff,0xff,0xff,0xff,0x40,  //#@@@@@@@@@@@@@@@@@@@*
0xff,0xff,0xff,0xff,0xff,0x40,  //@@@@@@@@@@@@@@@@@@@@*
0xbf,0xff,0xff,0xff,0xff,0x40,  //#@@@@@@@@@@@@@@@@@@@*
0x00,0x00,0x00,0x00,0x00,0x00,  //.*******************.
0x00,0x00,0x00,0x00,0x00,0x00,  //.....................
0x00,0x00,0x00,0x00,0x00,0x00,  //.....................
0x15,0x55,0x55,0x55,0x55,0x00,  //********************.
0xff,0xff,0xff,0xff,0xff,0x40,  //@@@@@@@@@@@@@@@@@@@@*
0xff,0xff,0xff,0xff,0xff,0x40,  //@@@@@@@@@@@@@@@@@@@@*
0xbf,0xff,0xff,0xff,0xff,0x40,  //#@@@@@@@@@@@@@@@@@@@*


/*  */
0x2e,0x00,0x00,0x00,0x00,0x00,  //.%@#+..+***************+
0xbf,0x83,0xff,0xff,0xff,0xff,  //%@@@#.+@@@@@@@@@@@@@@@@@
0xff,0xc3,0xff,0xff,0xff,0xff,  //@@@@@+*@@@@@@@@@@@@@@@@@
0xbf,0x83,0xff,0xff,0xff,0xff,  //#@@@#.*@@@@@@@@@@@@@@@@@
0x2e,0x40,0x00,0x00,0x00,0x00,  //+#@#*..*****************
0x00,0x00,0x00,0x00,0x00,0x00,  //..+.....................
0x00,0x00,0x00,0x00,0x00,0x00,  //..+.....................
0x2e,0x40,0x00,0x00,0x00,0x00,  //+#@#*..*****************
0xbf,0x83,0xff,0xff,0xff,0xff,  //#@@@#.*@@@@@@@@@@@@@@@@@
0xff,0xc3,0xff,0xff,0xff,0xff,  //@@@@@+*@@@@@@@@@@@@@@@@@
0xbf,0x83,0xff,0xff,0xff,0xff,  //%@@@#.+@@@@@@@@@@@@@@@@@
0x2e,0x00,0x00,0x00,0x00,0x00,  //.%@#+..+***************+
0x00,0x00,0x00,0x00,0x00,0x00,  //........................
0x00,0x00,0x00,0x00,0x00,0x00,  //..*+....................
0x2f,0x41,0x55,0x55,0x55,0x55,  //*#@@*..*****************
0xbf,0x83,0xff,0xff,0xff,0xff,  //#@@@#.*@@@@@@@@@@@@@@@@@
0xff,0xc3,0xff,0xff,0xff,0xff,  //@@@@@+*@@@@@@@@@@@@@@@@@
0xbf,0x83,0xff,0xff,0xff,0xff,  //%@@@#.+@@@@@@@@@@@@@@@@@
0x1a,0x00,0x00,0x00,0x00,0x00,  //.%%%....................


/*  */
0x2e,0x00,0x00,0x00,0x00,0x00,  //.%@%....................
0x2e,0x00,0x00,0x00,0x00,0x00,  //*#@%....................
0x0e,0x00,0x00,0x00,0x00,0x00,  //..@%...+***************+
0x0e,0x03,0xff,0xff,0xff,0xff,  //..@%..+@@@@@@@@@@@@@@@@@
0x0e,0x03,0xff,0xff,0xff,0xff,  //..@%..*@@@@@@@@@@@@@@@@@
0x3f,0xc3,0xff,0xff,0xff,0xff,  //*@@@@**@@@@@@@@@@@@@@@@@
0x00,0x00,0x00,0x00,0x00,0x00,  //.****..*****************
0x00,0x00,0x00,0x00,0x00,0x00,  //........................
0x2e,0x00,0x00,0x00,0x00,0x00,  //.%@#*...................
0x66,0x80,0x00,0x00,0x00,0x00,  //*#*##..*****************
0x02,0x83,0xff,0xff,0xff,0xff,  //...##.*@@@@@@@@@@@@@@@@@
0x0b,0x43,0xff,0xff,0xff,0xff,  //.+#@*.*@@@@@@@@@@@@@@@@@
0x38,0x03,0xff,0xff,0xff,0xff,  //*@#+*.+@@@@@@@@@@@@@@@@@
0xb5,0xc0,0x00,0x00,0x00,0x00,  //%@%%@*.+***************+
0x6a,0x80,0x00,0x00,0x00,0x00,  //%%%%%+..................
0x00,0x00,0x00,0x00,0x00,0x00,  //........................
0x15,0x41,0x55,0x55,0x55,0x55,  //*****..*****************
0x7f,0x83,0xff,0xff,0xff,0xff,  //*@@@#.*@@@@@@@@@@@@@@@@@
0x17,0x03,0xff,0xff,0xff,0xff,  //***@*.*@@@@@@@@@@@@@@@@@
0x0e,0x03,0xff,0xff,0xff,0xff,  //.+@#*.+@@@@@@@@@@@@@@@@@
0x06,0x80,0x00,0x00,0x00,0x00,  //..*##...................
0x02,0xc0,0x00,0x00,0x00,0x00,  //+*.%@...................
0x7f,0x40,0x00,0x00,0x00,0x00,  //%@@@%...................


/*  */
0x00,0x00,0x1a,0xa5,0x00,0x00,  //........+%%%%%%*........
0x00,0x01,0xfa,0xbf,0x80,0x00,  //.......%@@%%%@@@#.......
0x00,0x07,0x80,0x0b,0xc0,0x00,  //......%@#+...+#@@.......
0x00,0x0f,0x40,0x03,0xc0,0x00,  //.....*@@*.....+@@*......
0x00,0x2f,0x00,0x02,0xc0,0x00,  //.....%@@*......%@*......
0x00,0x2f,0x40,0x00,0x80,0x00,  //.....%@@*......*%+......
0x00,0x2f,0xd0,0x00,0x00,0x00,  //.....%@@@*..............
0x00,0x1f,0xf9,0x00,0x00,0x00,  //.....%@@@@#*+...........
0x00,0x0f,0xff,0xe4,0x00,0x00,  //.....*@@@@@@@#*.........
0x00,0x05,0x55,0x55,0x00,0x00,  //......**********+.......
0x55,0x55,0x55,0x55,0x55,0x55,  //************************
0xff,0xff,0xff,0xff,0xff,0xff,  //@@@@@@@@@@@@@@@@@@@@@@@@
0x00,0x00,0x00,0x00,0x00,0x00,  //+**********************+
0x00,0x00,0x00,0x07,0xf8,0x00,  //.............+%@@@%.....
0x00,0x00,0x00,0x01,0xf8,0x00,  //...............*@@%.....
0x00,0x1c,0x00,0x00,0xb8,0x00,  //.....*@+........#@%.....
0x00,0x1d,0x00,0x00,0xb4,0x00,  //.....*@%........#@*.....
0x00,0x1f,0x00,0x00,0xe0,0x00,  //.....*@@+......*@#+.....
0x00,0x1f,0x90,0x06,0x90,0x00,  //.....*@@#*....*##*......
0x00,0x0b,0xfa,0xae,0x00,0x00,  //.....*#@@@#%%#@%+.......
0x00,0x00,0x5a,0x90,0x00,0x00,  //.......+*%%%%*+.........


/*  */
0xaa,0xaa,0x90,0x0a,0xaa,0x40,  //%%%%%%%%%*...+%%%%%%*
0x5b,0xf9,0x40,0x00,0xb9,0x00,  //**#@@@#***....**#@%*+
0x03,0xf8,0x00,0x00,0x70,0x00,  //..*@@@%.........*@*..
0x03,0xf8,0x00,0x00,0x30,0x00,  //..*@@@%.........*@*..
0x03,0xf8,0x00,0x00,0x30,0x00,  //..*@@@%.........*@*..
0x03,0xf8,0x00,0x00,0x30,0x00,  //..*@@@%.........*@*..
0x03,0xf8,0x00,0x00,0x34,0x00,  //..*@@@%..........@*..
0x03,0xf8,0x00,0x00,0x34,0x00,  //..*@@@%..........@*..
0x03,0xf8,0x00,0x00,0x34,0x00,  //..*@@@%..........@*..
0x03,0xf8,0x00,0x00,0x34,0x00,  //..*@@@#..........@*..
0x03,0xfc,0x00,0x00,0x34,0x00,  //..+@@@@..........@*..
0x03,0xfc,0x00,0x00,0x34,0x00,  //...@@@@..........@*..
0x02,0xfc,0x00,0x00,0x30,0x00,  //...#@@@+........*@*..
0x01,0xfd,0x00,0x00,0xa0,0x00,  //...%@@@*........%#...
0x00,0xfe,0x00,0x01,0xd0,0x00,  //...+@@@#+......%@*...
0x00,0x7f,0xd0,0x1b,0x40,0x00,  //....*@@@@%***%#@*....
0x00,0x06,0xff,0xe4,0x00,0x00,  //.....+%#@@@@@#%+.....
0x00,0x00,0x00,0x00,0x00,0x00,  //........+***+........
0x00,0x00,0x00,0x00,0x00,0x00,  //.....................
0xff,0xff,0xff,0xff,0xff,0x40,  //@@@@@@@@@@@@@@@@@@@@*
0xaa,0xaa,0xaa,0xaa,0xaa,0x40,  //%%%%%%%%%%%%%%%%%%%%*


/*  */
0x2a,0xaa,0xaa,0xaa,0xaa,0x90,  //+%%%%%%%%%%%%%%%%%%%%*
0xbf,0xff,0xff,0xff,0xff,0xf0,  //#@@@@@@@@@@@@@@@@@@@@@
0xff,0xff,0xff,0xff,0xff,0xf0,  //@@@@@@@@@@@@@@@@@@@@@@
0xe5,0x57,0x95,0x6e,0x55,0xb0,  //@#****%@#****%@#****#@
0xe0,0x03,0x40,0x0d,0x00,0x70,  //@%....*@*....*@*....*@
0xe0,0x03,0x40,0x0d,0x00,0x70,  //@%....*@*....*@*....*@
0xe0,0x03,0x40,0x0d,0x00,0x70,  //@%....*@%....*@*....*@
0xff,0xff,0xff,0xff,0xff,0xf0,  //@@@@@@@@@@@@@@@@@@@@@@
0xea,0xab,0xaa,0xae,0xaa,0xb0,  //@#%%%%#@#%%%%#@#%%%%#@
0xe0,0x03,0x40,0x0d,0x00,0x70,  //@%....*@*....*@*....*@
0xe0,0x03,0x40,0x0d,0x00,0x70,  //@%....*@*....*@*....*@
0xe0,0x03,0x40,0x0d,0x00,0x70,  //@%....*@*....*@*....*@
0xfa,0xab,0xaa,0xae,0xaa,0xb0,  //@@%%%%#@#%%%%#@#%%%%#@
0xfa,0xab,0xaa,0xae,0xaa,0xb0,  //@@%%%%#@#%%%%#@#%%%%#@
0xe0,0x03,0x40,0x0d,0x00,0x70,  //@%....*@*....*@*....*@
0xe0,0x03,0x40,0x0d,0x00,0x70,  //@%....*@*....*@*....*@
0xe0,0x03,0x40,0x0d,0x00,0x70,  //@%....*@*....*@*....*@
0xaa,0xab,0xaa,0xae,0xaa,0xb0,  //##%%%%#@#%%%%#@#%%%%#@
0x2f,0xff,0xff,0xff,0xff,0xd0,  //+#@@@@@@@@@@@@@@@@@@@*


/*  */
0x00,0x00,0x00,0x00,0x00,0x00,  //...+.......+......+...
0x02,0x00,0x01,0x40,0x1d,0x00,  //..+%...*...**....%@%..
0x06,0x41,0x02,0x80,0x7f,0x40,  //..*#*..%+.+%%+..%@@@%.
0x00,0x02,0x40,0x01,0xe2,0xd0,  //...*...#*..++..%@#+#@%
0x00,0x1b,0xe4,0x07,0x81,0xe0,  //....*%#@@#*...%@#..*@#
0x00,0x07,0x80,0x1e,0x07,0x80,  //.....+*@%+...%@#..*@#+
0x00,0x02,0x00,0x78,0x1e,0x00,  //.......#+...%@#..*@#+.
0x00,0x01,0x01,0xf8,0x78,0x00,  //.......*...%@@#+*@#+..
0x00,0x00,0x07,0xfe,0xe0,0x00,  //..........%@@@@#@#+...
0x00,0x00,0x1f,0xff,0x80,0x00,  //.........%@@@@@@#+..*.
0x00,0x00,0x7f,0xfe,0x01,0x90,  //........%@@@@@@#+..*#*
0x00,0x01,0xff,0xf8,0x00,0x40,  //.......%@@@@@@#+....%.
0x00,0x07,0xff,0xe0,0x00,0x00,  //......%@@@@@@#+.....+.
0x00,0x1f,0xff,0x80,0x00,0x00,  //.....%@@@@@@#+........
0x00,0x7f,0xfe,0x00,0x00,0x00,  //....%@@@@@@#+.........
0x01,0xff,0xf8,0x00,0x00,0x00,  //...%@@@@@@#+..........
0x07,0xff,0xe0,0x00,0x00,0x00,  //..%@@@@@@#+...........
0x1f,0xff,0x80,0x00,0x00,0x00,  //.%@@@@@@#+............
0x7f,0xfe,0x00,0x00,0x00,0x00,  //*@@@@@@#+.............
0x3f,0xf8,0x00,0x00,0x00,0x00,  //*@@@@@#+..............
0x1f,0xe0,0x00,0x00,0x00,0x00,  //.*@@@#+...............
0x07,0x80,0x00,0x00,0x00,0x00,  //..*@#+................


/*  */
0x00,0x01,0xff,0xff,0xff,0xf8,  //.......*@@@@@@@@@@@@@@#
0x00,0x01,0xff,0xff,0xff,0xfc,  //.......*@@@@@@@@@@@@@@@
0x00,0x01,0xff,0xff,0xff,0xfc,  //.......*@@@@@@@@@@@@@@@
0x00,0x6a,0xff,0xff,0xff,0xfc,  //....*%%#@@@@@@@@@@@@@@@
0x01,0xff,0xff,0xff,0xff,0xfc,  //...%@@@@@@@@@@@@@@@@@@@
0x07,0x81,0xff,0xff,0xff,0xfc,  //..%@#..*@@@@@@@@@@@@@@@
0x1e,0x01,0xff,0xff,0xff,0xfc,  //.%@#...*@@@@@@@@@@@@@@@
0x38,0x01,0xff,0xff,0xff,0xfc,  //+@#....*@@@@@@@@@@@@@@@
0x39,0x56,0xff,0xff,0xff,0xfc,  //*@%****%@@@@@@@@@@@@@@@
0x3f,0xff,0xff,0xff,0xff,0xfc,  //*@@@@@@@@@@@@@@@@@@@@@@
0x3f,0xff,0xff,0xff,0xff,0xfc,  //*@@@@@@@@@@@@@@@@@@@@@@
0x3f,0xff,0xff,0xff,0xff,0xfc,  //*@@@@@@@@@@@@@@@@@@@@@@
0x3f,0xff,0xff,0xff,0xff,0xfc,  //*@@@@@@@@@@@@@@@@@@@@@@
0x7f,0xdb,0xff,0xff,0xdb,0xfc,  //*@@@@%%@@@@@@@@@@%%@@@@
0xff,0x42,0xff,0xff,0x42,0xfc,  //@@@@*..%@@@@@@@@*..%@@@
0x07,0x01,0xd0,0x07,0x01,0xd0,  //+*%@*..*@*****%@*..*@*+
0x07,0x42,0xc0,0x07,0x42,0xc0,  //..*@%.+#@.....*@%.+#@..
0x02,0xff,0x40,0x02,0xff,0x40,  //...%@@@@*......%@@@@*..
0x00,0x68,0x00,0x00,0x68,0x00,  //....*%%*........*%%*...


/*  */
0x00,0x01,0xaa,0x50,0x00,0x00,  //......+*%%%%%*.......
0x00,0x2f,0xff,0xf9,0x00,0x00,  //....+%@@@@@@@@#*.....
0x00,0xbf,0xff,0xff,0x80,0x00,  //...*#@@@@@@@@@@@%....
0x07,0xff,0xa5,0xbf,0xe0,0x00,  //..*@@@@@#%*%#@@@@#...
0x0b,0xf8,0x00,0x0b,0xf8,0x00,  //.+#@@@%+.....+%@@@%..
0x2f,0xd0,0x59,0x01,0xfc,0x00,  //.%@@@*..**%**..*@@@*.
0x3f,0x42,0xff,0xd0,0xbe,0x00,  //*@@@*..#@@@@@%..%@@#.
0x7e,0x0b,0x9b,0xf0,0x3f,0x00,  //%@@#..#@#%#@@@*.+@@@+
0xbd,0x1e,0x07,0xf4,0x2f,0x40,  //#@@%.*@#..*@@@%..#@@*
0xfc,0x1d,0x03,0xf8,0x2f,0x40,  //@@@*.%@*..*@@@%..%@@*
0xfc,0x2c,0x07,0xf4,0x2f,0x40,  //@@@*.%@*..%@@@%..#@@*
0xfd,0x1d,0x0b,0xf4,0x3f,0x40,  //@@@*.*@%..#@@@*..@@@*
0xbe,0x09,0x0f,0xf0,0x3f,0x40,  //%@@#..#*.+@@@@+.*@@@*
0x7f,0x4c,0x0f,0xd0,0xbf,0x00,  //%@@@%.@*.+@@@%..%@@@+
0x3f,0xfc,0x06,0x40,0xfe,0x00,  //+@@@@@@...*%*..*@@@%.
0x1f,0xf8,0x10,0x06,0xfc,0x00,  //.%@@@@#..*....*#@@@*.
0x0b,0xf4,0x35,0x6f,0xf4,0x00,  //..#@@@%.+@%**#@@@@%..
0x02,0xf0,0x7f,0xff,0xe0,0x00,  //..+#@@*.*@@@@@@@@#...
0x00,0xb0,0xbf,0xff,0x40,0x00,  //...+#@*.%@@@@@@@%....
0x00,0x10,0xff,0xf8,0x00,0x00,  //.....*++@@@@@@#*.....
0x00,0x00,0x6a,0x40,0x00,0x00,  //.......**%%%*+.......


/*  */
0x06,0xaa,0xaa,0xaa,0xa4,0x00,  //.+%%%%%%%%%%%%%%%%*..
0x2f,0xff,0xff,0xff,0xfd,0x00,  //+#@@@@@@@@@@@@@@@@@%.
0xbf,0xff,0xff,0xff,0xff,0x00,  //%@@@@@@@@@@@@@@@@@@@*
0xff,0xff,0xa5,0xbf,0xff,0x40,  //@@@@@@@@#%*%#@@@@@@@*
0xff,0xf8,0x00,0x0b,0xff,0x40,  //@@@@@@%+.....+%@@@@@*
0xff,0xd0,0x59,0x01,0xff,0x40,  //@@@@@*..*%%%*..*@@@@*
0xff,0x42,0xff,0xd0,0xbf,0x40,  //@@@@%..#@@@@@%..%@@@*
0xfe,0x0b,0x9b,0xf0,0x3f,0x40,  //@@@#..#@%*#@@@*.+@@@*
0xfd,0x0e,0x07,0xf4,0x3f,0x40,  //@@@%.*@#..*@@@%..@@@*
0xfd,0x1d,0x03,0xf8,0x2f,0x40,  //@@@*.*@*..*@@@%..%@@*
0xfd,0x1d,0x07,0xf4,0x3f,0x40,  //@@@*.*@*..%@@@*..@@@*
0xfd,0x1d,0x0b,0xf4,0x3f,0x40,  //@@@%.*@%..#@@@*..@@@*
0xfe,0x09,0x0f,0xe0,0x7f,0x40,  //@@@#..#%.+@@@#..*@@@*
0xff,0x88,0x0f,0xd0,0xbf,0x40,  //@@@@#*#*.+@@@*..%@@@*
0xff,0xfc,0x01,0x01,0xff,0x40,  //@@@@@@@...*%*..*@@@@*
0xff,0xf8,0x10,0x07,0xff,0x40,  //@@@@@@#..*....*@@@@@*
0xff,0xf4,0x3a,0xaf,0xff,0x40,  //@@@@@@%.+@#%%#@@@@@@*
0xbf,0xf4,0x7f,0xff,0xff,0x40,  //#@@@@@*.*@@@@@@@@@@@*
0x7f,0xf0,0xbf,0xff,0xff,0x00,  //%@@@@@*.%@@@@@@@@@@@*
0x2f,0xf0,0xff,0xff,0xfd,0x00,  //.#@@@@**@@@@@@@@@@@%.
0x06,0xa1,0xaa,0xaa,0x90,0x00,  //..*%%%+%%%%%%%%%%%*..


/*  */
0x06,0xaa,0xaa,0xaa,0xa4,0x00,  //.+%%%%%%%%%%%%%%%%*..
0x2f,0xff,0xff,0xff,0xfd,0x00,  //+#@@@@@@@@@@@@@@@@@%.
0xbf,0xff,0xff,0xff,0xff,0x00,  //%@@@@@@@@@@@@@@@@@@@*
0xff,0xff,0xff,0xff,0xff,0x40,  //@@@@@@@@@@@@@@@@@@@@*
0xff,0xff,0xff,0xff,0xff,0x40,  //@@@@@@@@@@@@@@@@@@@@*
0xff,0xd0,0x6f,0xff,0xff,0x40,  //@@@@@%***%@@@@@@@@@@*
0xfe,0x00,0x07,0xff,0xff,0x40,  //@@@#+.....*@@@@@@@@@*
0xf8,0x0a,0x4b,0xff,0xff,0x40,  //@@#+.+%%%*#@@@@@@@@@*
0xf4,0x3f,0xff,0xfd,0x3f,0x40,  //@@%.+@@@@@@@@@@%*@@@*
0xf0,0xbe,0xaa,0xb9,0x2b,0x40,  //@@*.%@@#%%%%#@%*.%#@*
0xf0,0xbc,0x00,0xb0,0x0b,0x40,  //@@*.%@@*....%@....%@*
0xf0,0xbd,0x50,0xb9,0x2b,0x40,  //@@*.%@@%**+.%@%*.%#@*
0xf4,0x2f,0xe0,0xfd,0x3f,0x40,  //@@%.+#@@@#..@@@%*@@@*
0xfc,0x06,0x41,0xff,0xff,0x40,  //@@@+.+%%*..*@@@@@@@@*
0xfe,0x00,0x07,0xff,0xff,0x40,  //@@@#*.....*@@@@@@@@@*
0xff,0xe5,0x6f,0xff,0xff,0x40,  //@@@@@%***#@@@@@@@@@@*
0xff,0xff,0xff,0xff,0xff,0x40,  //@@@@@@@@@@@@@@@@@@@@*
0xbf,0xff,0xff,0xff,0xff,0x40,  //#@@@@@@@@@@@@@@@@@@@*
0x7f,0xff,0xff,0xff,0xff,0x00,  //%@@@@@@@@@@@@@@@@@@@*
0x2f,0xff,0xff,0xff,0xfd,0x00,  //.#@@@@@@@@@@@@@@@@@%.
0x06,0xaa,0xaa,0xaa,0x90,0x00,  //..*%%%%%%%%%%%%%%%*..


/*  */
0x00,0x1b,0xff,0xe0,0x00,0x00,0x00,0x00,  //.....*#@@@@@@%*................
0x00,0xbf,0xff,0xfd,0x00,0x00,0x00,0x00,  //...+#@@@@@@@@@@%...............
0x02,0xff,0xff,0xfe,0x00,0x00,0x00,0x00,  //..+#@@@@@@@@@@@#+..............
0x0b,0xfe,0x41,0xb8,0x00,0x00,0x00,0x00,  //..#@@@@%****#@#+...............
0x2f,0xe0,0x00,0x10,0x00,0x00,0x00,0x00,  //.%@@@#*......*.................
0x3f,0x80,0x00,0x00,0x00,0x00,0x1a,0x00,  //+@@@#+...................%%%...
0x7f,0x40,0x00,0x00,0x00,0x00,0x2f,0x00,  //%@@@*....................%@@...
0xbf,0x00,0x00,0x00,0x00,0x00,0x2f,0x00,  //#@@@.....................%@@...
0xfe,0x00,0x0f,0xff,0xfc,0x07,0xff,0xf8,  //@@@%.....*@@@@@@@@@+..*@@@@@@@%
0xfe,0x00,0x0f,0xff,0xfc,0x07,0xff,0xf8,  //@@@%.....*@@@@@@@@@*..*@@@@@@@%
0xfe,0x00,0x0f,0xff,0xfc,0x06,0xaf,0xa4,  //@@@#.....*@@@@@@@@@*..*%%#@@%%%
0xbf,0x00,0x05,0x56,0xfc,0x00,0x2f,0x00,  //%@@@.....+*****#@@@+.....%@@...
0x7f,0x40,0x00,0x02,0xf8,0x00,0x2f,0x00,  //*@@@*..........#@@#......%@@...
0x3f,0xc0,0x00,0x07,0xf4,0x00,0x1a,0x00,  //+@@@@+........%@@@%......%%%...
0x1f,0xe4,0x00,0x1f,0xf0,0x00,0x00,0x00,  //.%@@@#*......%@@@@+............
0x0b,0xfe,0x55,0xbf,0xd0,0x00,0x00,0x00,  //..#@@@@#***%#@@@@%.............
0x02,0xff,0xff,0xff,0x40,0x00,0x00,0x00,  //..+#@@@@@@@@@@@@%..............
0x00,0xbf,0xff,0xfd,0x00,0x00,0x00,0x00,  //....%@@@@@@@@@@%...............
0x00,0x06,0xff,0x90,0x00,0x00,0x00,0x00,  //.....*%#@@@@#%+................


/*  */
0xbf,0xff,0xff,0xff,0xff,0xff,0xe0,  //#@@@@@@@@@@@@@@@@@@@@@@@@%
0xff,0xd5,0x55,0x55,0x55,0xbf,0xe0,  //@@@@@%**************%@@@@%
0xff,0xc0,0x00,0x00,0x00,0x3f,0xe0,  //@@@@@.......+.......*@@@@%
0xff,0x40,0x02,0xf8,0x00,0x2f,0xe0,  //@@@@%.....*#@@%......#@@@%
0xf9,0x00,0x0e,0x5e,0x00,0x07,0xe0,  //@@#*.....+@#%%@#......%@@%
0xe0,0x00,0x28,0x0f,0x40,0x00,0xe0,  //@%.......%#+.*@@*.......@%
0xe0,0x00,0x34,0x0f,0x80,0x00,0xe0,  //@%......+@*..*@@#.......@%
0xe0,0x00,0x3e,0x0f,0xc0,0x00,0xe0,  //@%......*@@#.*@@@.......@%
0xe0,0x00,0x7f,0x0f,0xc0,0x00,0xe0,  //@%......*@@@.*@@@+......@%
0xe0,0x00,0x3f,0x0f,0xc0,0x00,0xe0,  //@%......*@@@.*@@@.......@%
0xe0,0x00,0x35,0x06,0x80,0x00,0xe0,  //@%......+@%*.+*%#.......@%
0xe0,0x00,0x24,0x01,0x40,0x00,0xe0,  //@#.......%*****%*.......@%
0xfd,0x00,0x0b,0xfe,0x00,0x0b,0xe0,  //@@@%.....+#@@@@#.....+%@@%
0xff,0x40,0x02,0xe4,0x00,0x2f,0xe0,  //@@@@%.....+%@#%......#@@@%
0xff,0xc0,0x00,0x00,0x00,0x3f,0xe0,  //@@@@@...............*@@@@%
0xff,0xea,0xaa,0xaa,0xaa,0xbf,0xe0,  //@@@@@#%%%%%%%%%%%%%%#@@@@%
0xbf,0xff,0xff,0xff,0xff,0xff,0xd0,  //#@@@@@@@@@@@@@@@@@@@@@@@@%


/*  */
0xbf,0xff,0xff,0xd0,  //#@@@@@@@@@@@@%
0x7f,0xff,0xff,0xd0,  //%@@@@@@@@@@@@*
0x1f,0xff,0xff,0x40,  //.%@@@@@@@@@@*.
0x07,0xff,0xfd,0x00,  //..%@@@@@@@@*..
0x01,0xff,0xf4,0x00,  //...%@@@@@@*...
0x00,0x7f,0xd0,0x00,  //....%@@@@*....
0x00,0x1f,0x40,0x00,  //.....%@@*.....
0x00,0x05,0x00,0x00,  //......%*......


/*  */
0x00,0x0a,0x00,0x00,  //.....+##......
0x00,0x2f,0x80,0x00,  //....+#@@#.....
0x00,0xbf,0xe0,0x00,  //...+#@@@@#....
0x02,0xff,0xf8,0x00,  //..+#@@@@@@#...
0x0b,0xff,0xfe,0x00,  //.+#@@@@@@@@#..
0x2f,0xff,0xff,0x80,  //+#@@@@@@@@@@#.
0xbf,0xff,0xff,0xe0,  //#@@@@@@@@@@@@%
0x55,0x55,0x55,0x40,  //**************


/*  */
0x00,0x1d,  //.....%@*
0x00,0x7d,  //....%@@*
0x01,0xfd,  //...%@@@*
0x07,0xfd,  //..%@@@@*
0x1f,0xfd,  //.%@@@@@*
0x7f,0xfd,  //%@@@@@@*
0xff,0xfd,  //@@@@@@@*
0x7f,0xfd,  //*@@@@@@*
0x1f,0xfd,  //.*@@@@@*
0x07,0xfd,  //..*@@@@*
0x01,0xfd,  //...*@@@*
0x00,0x7d,  //....*@@*
0x00,0x1d,  //.....*@*


/*  */
0xe0,0x00,  //@#+.....
0xf8,0x00,  //@@#+....
0xfe,0x00,  //@@@#+...
0xff,0x80,  //@@@@#+..
0xff,0xe0,  //@@@@@#+.
0xff,0xf8,  //@@@@@@#+
0xff,0xfe,  //@@@@@@@%
0xff,0xf8,  //@@@@@@#.
0xff,0xe0,  //@@@@@#..
0xff,0x80,  //@@@@#...
0xfe,0x00,  //@@@#....
0xf8,0x00,  //@@#.....
0xa0,0x00,  //##......


/*  */
0x2a,0xaa,0xaa,0xaa,0xaa,0x90,  //+%%%%%%%%%%%%%%%%%%%%*
0xbf,0xff,0xff,0xff,0xff,0xf0,  //#@@@@@@@@@@@@@@@@@@@@@
0xff,0xff,0xff,0xff,0xff,0xf0,  //@@@@@@@@@@@@@@@@@@@@@@
0xe5,0x55,0x5b,0x55,0x55,0xb0,  //@#********#@********%@
0xe0,0x00,0x0b,0x00,0x00,0x70,  //@%........%@........*@
0xe0,0x00,0x0b,0x00,0x00,0x70,  //@%........%@........*@
0xe0,0x00,0x0b,0x00,0x00,0x70,  //@%........%@........*@
0xe0,0x00,0x0b,0x00,0x00,0x70,  //@%........%@........*@
0xe0,0x00,0x0b,0x00,0x00,0x70,  //@%........%@........*@
0xe0,0x00,0x0b,0x00,0x00,0x70,  //@%........%@........*@
0xe0,0x00,0x0b,0x00,0x00,0x70,  //@%........%@........*@
0xe0,0x00,0x0b,0x00,0x00,0x70,  //@%........%@........*@
0xe0,0x00,0x0b,0x00,0x00,0x70,  //@%........%@........*@
0xe0,0x00,0x0b,0x00,0x00,0x70,  //@%........%@........*@
0xe0,0x00,0x0b,0x00,0x00,0x70,  //@%........%@........*@
0xe0,0x00,0x0b,0x00,0x00,0x70,  //@%........%@........*@
0xe0,0x00,0x0b,0x00,0x00,0x70,  //@%........%@........*@
0xe0,0x00,0x0b,0x00,0x00,0x70,  //@%........%@........*@
0xe0,0x00,0x0b,0x00,0x00,0x70,  //@%........%@........*@
0xbf,0xff,0xff,0xff,0xff,0xe0,  //%@@@@@@@@@@@@@@@@@@@@#
0x1a,0xaa,0xaa,0xaa,0xaa,0x80,  //.%%%%%%%%%%%%%%%%%%%%+


/*  */
0x00,0x09,0x00,0x00,  //.....+#%......
0x00,0x2f,0x40,0x00,  //....+#@@%.....
0x00,0xbf,0xd0,0x00,  //...+#@@@@%....
0x02,0xff,0xf4,0x00,  //..+#@@@@@@%...
0x0b,0xff,0xfd,0x00,  //.+#@@@@@@@@%..
0x2f,0xff,0xff,0x40,  //+#@@@@@@@@@@%.
0xbf,0xff,0xff,0xd0,  //#@@@@@@@@@@@@%
0x6a,0xaa,0xaa,0x90,  //%%%%%%%%%%%%%*
0x00,0x00,0x00,0x00,  //..............
0x00,0x00,0x00,0x00,  //..............
0x00,0x00,0x00,0x00,  //..............
0xaa,0xaa,0xaa,0x90,  //%%%%%%%%%%%%%*
0xbf,0xff,0xff,0xd0,  //#@@@@@@@@@@@@%
0x2f,0xff,0xff,0x40,  //.#@@@@@@@@@@%.
0x0b,0xff,0xfd,0x00,  //..#@@@@@@@@%..
0x02,0xff,0xf4,0x00,  //...#@@@@@@%...
0x00,0xbf,0xd0,0x00,  //....#@@@@%....
0x00,0x2f,0x40,0x00,  //.....#@@%.....
0x00,0x09,0x00,0x00,  //......%%......


/*  */
0xaa,0xaa,0xaa,0x90,  //%%%%%%%%%%%%%*
0xbf,0xff,0xff,0xd0,  //#@@@@@@@@@@@@%
0x2f,0xff,0xff,0x40,  //.#@@@@@@@@@@%.
0x0b,0xff,0xfd,0x00,  //..#@@@@@@@@%..
0x02,0xff,0xf4,0x00,  //...#@@@@@@%...
0x00,0xbf,0xd0,0x00,  //....#@@@@%....
0x00,0x2f,0x40,0x00,  //.....#@@%.....
0x00,0x09,0x00,0x00,  //......%%......


/*  */
0x00,0x09,0x00,0x00,  //.....+#%......
0x00,0x2f,0x40,0x00,  //....+#@@%.....
0x00,0xbf,0xd0,0x00,  //...+#@@@@%....
0x02,0xff,0xf4,0x00,  //..+#@@@@@@%...
0x0b,0xff,0xfd,0x00,  //.+#@@@@@@@@%..
0x2f,0xff,0xff,0x40,  //+#@@@@@@@@@@%.
0xbf,0xff,0xff,0xd0,  //#@@@@@@@@@@@@%
0x6a,0xaa,0xaa,0x90,  //%%%%%%%%%%%%%*


/*  */
0x7f,0xff,0xff,0xff,0xff,0xfd,  //*@@@@@@@@@@@@@@@@@@@@@@*
0xbf,0xff,0xff,0xff,0xff,0xfe,  //#@@@@@@@@@@@@@@@@@@@@@@#
0xff,0xff,0xff,0xff,0xff,0xff,  //@@@@@@@@@@@@@@@@@@@@@@@@
0x7f,0xff,0xff,0xff,0xff,0xfd,  //%@@@@@@@@@@@@@@@@@@@@@@%
0x2f,0xff,0xff,0xff,0xff,0xf8,  //.#@@@@@@@@@@@@@@@@@@@@#.
0x0b,0xff,0xff,0xff,0xff,0xe0,  //.+#@@@@@@@@@@@@@@@@@@#+.
0x41,0xff,0xff,0xff,0xff,0x41,  //%..*@@@@@@@@@@@@@@@@*..%
0xe0,0x2f,0xff,0xff,0xf8,0x0b,  //@#+.+#@@@@@@@@@@@@#+.+%@
0xf9,0x07,0xff,0xff,0xd0,0x6f,  //@@#*..%@@@@@@@@@@%..*#@@
0xff,0x80,0xbf,0xfe,0x02,0xff,  //@@@@%+.*#@@@@@@#*.+%@@@@
0xff,0xe4,0x2f,0xf8,0x0b,0xff,  //@@@@@#*..%@@@@%..*#@@@@@
0xff,0xfe,0x02,0x80,0xbf,0xff,  //@@@@@@@%..*%%*..%@@@@@@@
0xff,0xff,0x80,0x02,0xff,0xff,  //@@@@@@@@#*....*#@@@@@@@@
0xff,0xff,0xf9,0x6f,0xff,0xff,  //@@@@@@@@@@%**%@@@@@@@@@@
0xff,0xff,0xff,0xff,0xff,0xff,  //@@@@@@@@@@@@@@@@@@@@@@@@
0xff,0xff,0xff,0xff,0xff,0xff,  //@@@@@@@@@@@@@@@@@@@@@@@@
0xff,0xff,0xff,0xff,0xff,0xff,  //@@@@@@@@@@@@@@@@@@@@@@@@
0xbf,0xff,0xff,0xff,0xff,0xfe,  //%@@@@@@@@@@@@@@@@@@@@@@%
0x1a,0xaa,0xaa,0xaa,0xaa,0xa4,  //.%%%%%%%%%%%%%%%%%%%%%%.


/*  */
0x15,0x00,0x00,0x00,0x00,0x00,  //.***.................
0x7f,0x40,0x00,0x00,0x00,0x00,  //%@@@%................
0xff,0xc0,0x00,0x00,0x00,0x00,  //@@@@@................
0xbf,0x80,0x00,0x00,0x00,0x00,  //#@@@#................
0x2e,0x00,0x00,0x00,0x00,0x00,  //+#@#+................
0x00,0x00,0x00,0x00,0x00,0x00,  //.....................
0x00,0x00,0x00,0x05,0x40,0x00,  //+***+..****+.+***+...
0xbf,0x82,0xfd,0x7f,0xf4,0x00,  //%@@@%..#@@@**@@@@@%..
0xbf,0x82,0xfe,0xff,0xfd,0x00,  //%@@@%..%@@@#@@@@@@@%.
0xbf,0x82,0xff,0xff,0xff,0x00,  //%@@@%..%@@@@@@@@@@@@+
0xbf,0x82,0xff,0x41,0xff,0x40,  //%@@@%..%@@@@*..%@@@@*
0xbf,0x82,0xfe,0x00,0xff,0x40,  //%@@@%..%@@@%....@@@@*
0xbf,0x82,0xfd,0x00,0xbf,0x40,  //%@@@%..%@@@*....#@@@*
0xbf,0x82,0xfd,0x00,0xbf,0x40,  //%@@@%..%@@@*....%@@@*
0xbf,0x82,0xfd,0x00,0xbf,0x40,  //%@@@%..%@@@*....%@@@*
0xbf,0x82,0xfd,0x00,0xbf,0x40,  //%@@@%..%@@@*....%@@@*
0xbf,0x82,0xfd,0x00,0xbf,0x40,  //%@@@%..%@@@*....%@@@*
0xbf,0x83,0xfd,0x00,0xbf,0x40,  //%@@@%..@@@@*....%@@@*
0xbf,0x83,0xfd,0x00,0xbf,0x40,  //%@@@%..@@@@*....%@@@*
0xbf,0x83,0xfd,0x00,0xbf,0x40,  //%@@@%..@@@@*....%@@@*


/*  */
0x00,0x01,0xaa,0x50,0x00,0x00,  //......+*%%%%%*.......
0x90,0x1f,0xff,0xf9,0x00,0x00,  //#%..+%@@@@@@@@#*.....
0xf4,0xbf,0xff,0xff,0x80,0x00,  //@@%*#@@@@@@@@@@@%....
0xff,0xff,0x96,0xbf,0xe0,0x00,  //@@@@@@@@#%*%#@@@@#...
0xff,0xf8,0x00,0x1b,0xf8,0x00,  //@@@@@@%+.....*#@@@%..
0xff,0xe0,0x00,0x02,0xfc,0x00,  //@@@@@#.........#@@@*.
0xff,0xf4,0x00,0x00,0xbe,0x00,  //@@@@@@%........+#@@%.
0xff,0xfd,0x00,0x00,0x7f,0x00,  //@@@@@@@%........*@@@+
0x6a,0xa9,0x00,0x00,0x3f,0x40,  //%%%%%%%*........+@@@*
0x00,0x00,0x00,0x00,0x3f,0x40,  //.................@@@*
0x00,0x00,0x00,0x00,0x2f,0x40,  //.................%@@*
0x00,0x00,0x00,0x00,0x3f,0x40,  //.................@@@*
0x00,0x00,0x00,0x00,0x3f,0x40,  //................+@@@*
0x00,0x00,0x00,0x00,0x7f,0x00,  //................%@@@+
0x00,0x40,0x00,0x00,0xfe,0x00,  //....*..........+@@@%.
0x01,0xd0,0x00,0x02,0xfc,0x00,  //...%@%........+#@@@*.
0x07,0xf8,0x00,0x1f,0xf4,0x00,  //..%@@@#*....+*@@@@%..
0x02,0xff,0xaa,0xff,0xe0,0x00,  //..+#@@@@#%%#@@@@@%...
0x00,0xbf,0xff,0xff,0x40,0x00,  //...+#@@@@@@@@@@@%....
0x00,0x1b,0xff,0xf8,0x00,0x00,  //.....*#@@@@@@@%*.....
0x00,0x00,0x6a,0x40,0x00,0x00,  //.......**%%%*+.......


/*  */
0x00,0x00,0x78,0x00,0x00,0x00,  //........*@%............
0x00,0x00,0xfe,0x00,0x00,0x00,  //.......+@@@#...........
0x00,0x00,0xff,0x80,0x00,0x00,  //.......+@@@@#..........
0x00,0x01,0xbf,0xe0,0x00,0x00,  //.......%#@@@@#.........
0x00,0x07,0xff,0xf8,0x00,0x00,  //......%@@@@@@@#........
0x00,0x1f,0xff,0xfe,0x00,0x00,  //.....%@@@@@@@@@#.......
0x00,0x7f,0xff,0xff,0x40,0x00,  //....%@@@@@@@@@@@*......
0x01,0xff,0xff,0xfe,0x00,0x00,  //...%@@@@@@@@@@@#+......
0x6b,0xff,0xff,0xd8,0x00,0x00,  //*#%@@@@@@@@@@*%+.......
0xff,0xff,0xff,0x40,0x00,0x00,  //@@@@@@@@@@@@%..........
0xff,0xff,0xfe,0x00,0x00,0x00,  //@@@@@@@@@@@%...........
0x7f,0xff,0xff,0x40,0x00,0x00,  //%@@@@@@@@@@@*..........
0x1f,0xff,0xd2,0xd0,0x00,0x00,  //.%@@@@@@@%+#@*.........
0x07,0xff,0x40,0xb5,0x40,0x00,  //..%@@@@@*..+#@***......
0x01,0xff,0x00,0x2f,0xe0,0x00,  //...%@@@@+...+#@@@#.....
0x00,0x7e,0x00,0x1f,0xf8,0x00,  //....%@@#+....%@@@@#....
0x00,0x18,0x00,0x3f,0xfe,0x00,  //.....%#+.....@@@@@@#...
0x00,0x00,0x00,0x2f,0xff,0x80,  //.............%@@@@@@#..
0x00,0x00,0x00,0x0b,0xff,0xe0,  //..............#@@@@@@#.
0x00,0x00,0x00,0x02,0xff,0xf4,  //...............#@@@@@@%
0x00,0x00,0x00,0x00,0xbf,0xf4,  //................#@@@@@%
0x00,0x00,0x00,0x00,0x2f,0xe0,  //.................#@@@#.
0x00,0x00,0x00,0x00,0x0b,0x80,  //..................%@#..


/*  */
0x00,0x00,0x6f,0xf9,0x00,0x00,  //.......*%#@@@@#%*.......
0x00,0x0b,0xfd,0x7f,0xe0,0x00,  //.....*%@@@@%%@@@@%*.....
0x00,0x7f,0xf4,0x1f,0xfd,0x00,  //....*@@@@@*..*@@@@@*....
0x01,0xff,0xf0,0x0f,0xff,0x40,  //...%@@@@@@*..*@@@@@@%...
0x07,0x82,0xf8,0x2f,0x82,0xd0,  //..*@#**#@@#..#@@#**#@*..
0x0f,0x00,0xff,0xff,0x00,0xf0,  //.+@@*..*@@@@@@@@*..*@@+.
0x2f,0x41,0xff,0xc7,0x41,0xf8,  //.%@@*..*@@@@@**@*..*@@%.
0x3f,0x96,0xff,0x83,0x96,0xfc,  //+@@@#%%#@@@@#.*@#%%#@@@+
0x7f,0xff,0xff,0x87,0xff,0xfd,  //*@@@@@@@@@@@%.%@@@@@@@@*
0xbf,0xff,0xff,0x4b,0xff,0xfe,  //%@@@@@@@@@@@*.#@@@@@@@@%
0xf4,0x7f,0xff,0x0f,0xfd,0x1f,  //@@**%@@@@@@@+.@@@@@%**@@
0xe0,0x2f,0xfe,0x0f,0xf8,0x0b,  //@%...#@@@@@#.*@@@@#...%@
0xe0,0x3f,0xf4,0x0f,0xfc,0x0b,  //@#...@@@@@*..*@@@@@...#@
0xb9,0xbf,0xd0,0x07,0xfe,0x6e,  //#@%*#@@@@%....%@@@@#*%@#
0xbf,0xff,0xd0,0x07,0xff,0xfe,  //%@@@@@@@@*....*@@@@@@@@%
0x7f,0xff,0xd0,0x07,0xff,0xfd,  //*@@@@@@@@%....%@@@@@@@@*
0x3f,0xff,0xf4,0x1f,0xff,0xfc,  //+@@@@@@@@@*..*@@@@@@@@@+
0x1f,0xff,0xff,0xff,0xff,0xf4,  //.%@@@@@@@@@@@@@@@@@@@@%.
0x0a,0xaa,0xaa,0xaa,0xaa,0xa0,  //..%%%%%%%%%%%%%%%%%%%%..


/*  */
0x00,0x01,0xbf,0xfe,0x40,0x00,  //......+%%@@@@@@%%+......
0x00,0x2f,0xe9,0x6b,0xf8,0x00,  //....*%@@@%%**%%@@@%*....
0x01,0xf4,0x00,0x00,0x1f,0x40,  //...%@@%*........*%@@%...
0x0b,0x80,0x00,0x00,0x02,0xe0,  //..#@%+............+%@#..
0x2d,0x00,0x00,0x00,0x00,0x78,  //.%@%................%@%.
0x38,0x00,0x00,0x00,0x00,0x2c,  //*@%..................%@*
0xb0,0x00,0x00,0x00,0x00,0x0e,  //%@+..................+@%
0xa0,0x00,0x00,0x00,0x00,0x0a,  //##....................##
0xe0,0x00,0x00,0x00,0x00,0x0b,  //@%....................%@
0xa0,0x00,0x00,0x00,0x00,0x0a,  //##....................##
0x70,0x00,0x00,0x00,0x00,0x0d,  //%@*..................*@%
0x38,0x00,0x00,0x00,0x00,0x2c,  //*@#..................#@*
0x1e,0x00,0x00,0x00,0x00,0xb4,  //.%@%................#@%.
0x07,0x80,0x00,0x00,0x02,0xd0,  //..%@#*............*#@%..
0x01,0xf4,0x00,0x00,0x6f,0x40,  //...*@@*........+*#@@*...
0x00,0x70,0x2a,0xab,0xf4,0x00,  //....%@+.+%%%%%#@@@%+....
0x00,0xa0,0xbf,0xf9,0x40,0x00,  //....##.*#@@@@@%%*.......
0x01,0xeb,0x90,0x00,0x00,0x00,  //...*@%%@#*..............
0x07,0xfe,0x00,0x00,0x00,0x00,  //..*@@@@%+...............
0x0f,0x90,0x00,0x00,0x00,0x00,  //.+@@#%*.................


/*  */
0x00,0x1b,0xff,0x90,0x00,0x00,  //....+%#@@@@@%*+.........
0x01,0xfa,0x56,0xfd,0x00,0x00,  //...%@@#%%*%%@@@%........
0x0b,0x80,0x00,0x1b,0x80,0x00,  //.+#@%*.......*#@#.......
0x2d,0x00,0x00,0x01,0xe0,0x00,  //.#@*...........%@%......
0x74,0x00,0x00,0x00,0xb4,0x00,  //*@*.............%@*.....
0xa0,0x00,0x00,0x00,0x38,0x50,  //##..............+@%.**..
0xe0,0x00,0x00,0x00,0x28,0x74,  //@%...............#%.*@%.
0xa0,0x00,0x00,0x00,0x38,0x7c,  //##...............@%.*@@*
0xb0,0x00,0x00,0x00,0x74,0x7e,  //%@*.............*@%.%@@%
0x38,0x00,0x00,0x00,0xa0,0xbf,  //+@#+...........+##+.#@@@
0x1e,0x40,0x00,0x06,0xd1,0xff,  //.*@#*.........*#@*.%@@@@
0x06,0xd0,0x00,0x6e,0x07,0xfe,  //..*#@*******%#@#*.*@@@@#
0x01,0xef,0xff,0xe4,0x1f,0xfd,  //...%@#@@@@@@@#*..*@@@@@*
0x03,0xf9,0x55,0x00,0xbf,0xf8,  //..*@@@%*****+..+%@@@@@#.
0x0b,0x80,0x00,0x07,0xff,0xe0,  //.+#@%*.......*%@@@@@@#..
0x00,0x00,0x2a,0xff,0xff,0x80,  //..*.....+%%#@@@@@@@@%...
0x00,0x00,0x05,0xbf,0xbf,0x80,  //..........*%#@@@#@@@#...
0x00,0x00,0x00,0x00,0x0b,0xe0,  //.................+%@@#..
0x00,0x00,0x00,0x00,0x00,0x60,  //...................+*%+.


/*  */
0x02,0xaa,0x00,  //..+%%%%%+...
0x07,0xff,0x00,  //..*@@@@@....
0x0b,0xfd,0x00,  //..%@@@@%....
0x0f,0xfc,0x00,  //..@@@@@*....
0x0f,0xf8,0x00,  //.*@@@@#.....
0x1f,0xf4,0x00,  //.*@@@@%....+
0x2f,0xf0,0x6e,  //.%@@@@+**%@#
0x3f,0xff,0xfd,  //.@@@@@@@@@@*
0x3f,0xff,0xfc,  //*@@@@@@@@@@.
0x7f,0xff,0xf4,  //*@@@@@@@@@%.
0xbf,0xff,0xf0,  //%@@@@@@@@@+.
0xb9,0x4b,0xd0,  //#@#%*+#@@%..
0x00,0x0f,0xc0,  //++...+@@@+..
0x00,0x1f,0x80,  //.....*@@%...
0x00,0x2f,0x00,  //.....%@@*...
0x00,0x2e,0x00,  //.....#@%....
0x00,0x3d,0x00,  //....+@@*....
0x00,0x78,0x00,  //....*@#.....
0x00,0x74,0x00,  //....%@*.....
0x00,0xa0,0x00,  //....##......
0x00,0xd0,0x00,  //...+@*......
0x01,0x80,0x00,  //...*#.......


/*  */
0x00,0x00,0x2a,0xa8,0x00,0x00,  //........+%%%%%%+........
0x00,0x00,0x7f,0xfd,0x00,0x00,  //........*@@@@@@*........
0x00,0x00,0x7f,0xfd,0x00,0x00,  //........*@@@@@@*........
0x00,0x00,0x7f,0xfd,0x00,0x00,  //........*@@@@@@*........
0x00,0x00,0x7f,0xfd,0x00,0x00,  //........*@@@@@@*........
0x00,0x00,0x7f,0xfd,0x00,0x00,  //........*@@@@@@*........
0x00,0x00,0x2f,0xf8,0x00,0x00,  //........+#@@@@#+........
0x00,0x00,0x02,0x80,0x00,0x00,  //...........%%...........
0x00,0x00,0x02,0x80,0x00,0x00,  //...........%%...........
0x00,0x55,0x56,0x95,0x55,0x00,  //...+*******##*******+...
0x03,0xff,0xff,0xff,0xff,0xc0,  //..+@@@@@@@@@@@@@@@@@@+..
0x07,0x40,0x02,0x80,0x01,0xd0,  //..*@*******##*******@*..
0x07,0x00,0x02,0x80,0x00,0xd0,  //..*@*......%%......*@*..
0x07,0x40,0x02,0x80,0x01,0xd0,  //.*%@*+....*##*....+*@%*.
0xbf,0xf4,0x3f,0xfc,0x1f,0xfe,  //#@@@@@%.*@@@@@@*.%@@@@@#
0xff,0xf8,0x7f,0xfd,0x2f,0xff,  //@@@@@@%.*@@@@@@*.%@@@@@@
0xff,0xf8,0x7f,0xfd,0x2f,0xff,  //@@@@@@%.*@@@@@@*.%@@@@@@
0xff,0xf8,0x7f,0xfd,0x2f,0xff,  //@@@@@@%.*@@@@@@*.%@@@@@@
0xff,0xf8,0x7f,0xfd,0x2f,0xff,  //@@@@@@%.*@@@@@@*.%@@@@@@
0xff,0xf8,0x7f,0xfd,0x2f,0xff,  //@@@@@@%.*@@@@@@*.%@@@@@@
0x6a,0xa0,0x2a,0xa8,0x0a,0xa9,  //*%%%%%*..%%%%%%..*%%%%%*


/*  */
0x00,0x00,0x05,0x00,0x00,0x00,  //..........*%..........
0x00,0x00,0x0b,0x00,0x00,0x00,  //..........%@..........
0x00,0x00,0x06,0x00,0x00,0x00,  //..........*%..........
0x00,0x01,0xbf,0xe9,0x00,0x00,  //......*%#@@@@#%*......
0x00,0x2f,0xff,0xff,0x90,0x00,  //....*#@@@@@@@@@@#*....
0x01,0xff,0xff,0xff,0xf8,0x00,  //...%@@@@@@@@@@@@@@#...
0x07,0xff,0xff,0xff,0xfe,0x00,  //..%@@@@@@@@@@@@@@@@#..
0x1f,0xff,0xff,0xff,0xff,0x80,  //.*@@@@@@@@@@@@@@@@@@%.
0x3f,0xff,0xff,0xff,0xff,0xd0,  //+@@@@@@@@@@@@@@@@@@@@*
0x7f,0xff,0xff,0xff,0xff,0xe0,  //%@@@@@@@@@@@@@@@@@@@@#
0x90,0x2f,0x95,0x2f,0x80,0x60,  //#%..+%@@#**%*#@@#*..*#
0x00,0x0b,0x0b,0x0a,0x00,0x00,  //+.....%@*.%@..##+....+
0x00,0x01,0x0b,0x00,0x00,0x00,  //......+*..%@..**......
0x00,0x00,0x0b,0x00,0x00,0x00,  //..........%@..........
0x00,0x00,0x0b,0x00,0x00,0x00,  //..........%@..........
0x00,0x00,0x0b,0x00,0x00,0x00,  //..........%@..........
0x00,0x00,0x0b,0x00,0x00,0x00,  //..........%@..........
0x00,0x00,0x0b,0x00,0x00,0x00,  //.....**...%@..........
0x00,0x28,0x0b,0x00,0x00,0x00,  //.....%#...%@..........
0x00,0x1d,0x1e,0x00,0x00,0x00,  //.....%@*.*@%..........
0x00,0x0b,0xf8,0x00,0x00,0x00,  //.....+#@@@#+..........
0x00,0x01,0x90,0x00,0x00,0x00,  //.......%%%+...........


/*  */
0x15,0x55,0x55,0x55,0x00,0x00,  //*****************.......
0xbf,0xff,0xff,0xff,0xc0,0x00,  //#@@@@@@@@@@@@@@@@+......
0xfd,0x00,0x00,0x1f,0xc0,0x00,  //@@@%**********@@@*......
0xfd,0x00,0x00,0x1f,0xc0,0x00,  //@@@%**********@@@*......
0xff,0xff,0xff,0xff,0xc0,0x00,  //@@@@@@@@@@@@@@@@@*......
0xff,0xff,0xff,0xff,0xc0,0x00,  //@@@@@@@@@@@@@@@@@*......
0xff,0xff,0xff,0xff,0xd0,0x00,  //@@@@@@@@@@@@@@@@@%......
0xff,0xff,0xf4,0x01,0xf4,0x00,  //@@@@@@@@@@*****%@@%.....
0xff,0xff,0xf0,0x01,0xed,0x00,  //@@@@@@@@@@*....*@#@%....
0xff,0xff,0xf0,0x01,0xcb,0x40,  //@@@@@@@@@@*....*@*#@%...
0xff,0xff,0xf0,0x01,0xc2,0xd0,  //@@@@@@@@@@*....*@*.#@%..
0xff,0xff,0xf0,0x01,0xc0,0xb4,  //@@@@@@@@@@*....*@*..#@%.
0xff,0xff,0xf0,0x01,0xd5,0x7d,  //@@@@@@@@@@*....*@%**%@@*
0xff,0xff,0xf0,0x00,0xff,0xfe,  //@@@@@@@@@@*....*@@@@@@@#
0xff,0xff,0xf0,0x00,0x00,0x0b,  //@@@@@@@@@@*.....+*****#@
0xff,0xff,0xf0,0x00,0x00,0x0b,  //@@@@@@@@@@*...........%@
0xff,0xff,0xf0,0x00,0x00,0x0b,  //@@@@@@@@@@*...........%@
0xff,0xff,0xf0,0x00,0x00,0x0b,  //@@@@@@@@@@*...........%@
0xff,0xff,0xf0,0x00,0x00,0x0b,  //@@@@@@@@@@*...........%@
0xff,0xff,0xf0,0x00,0x00,0x0b,  //@@@@@@@@@@*...........%@
0xbf,0xff,0xf0,0x00,0x00,0x0b,  //%@@@@@@@@@*...........%@
0x00,0x00,0x70,0x00,0x00,0x0b,  //........*@*...........%@
0x00,0x00,0x74,0x00,0x00,0x0b,  //........*@************#@
0x00,0x00,0x7f,0xff,0xff,0xfe,  //........*@@@@@@@@@@@@@@#


/*  */
0x00,0x6a,0x90,0x00,  //....*%%%%*....
0x06,0xfa,0xf8,0x00,  //..*#@@##@@#*..
0x1e,0x40,0x1b,0x00,  //.%@#*...+*#@*.
0x38,0x00,0x02,0x80,  //*@#.......+##.
0xb0,0x06,0x41,0xd0,  //%@+...*#%..*@*
0xe0,0x00,0x60,0xe0,  //@%......*%..@%
0xe0,0x00,0x10,0xe0,  //@%.......*..@%
0xa0,0x00,0x00,0xd0,  //##.........*@%
0x74,0x00,0x02,0xc0,  //*@%........#@+
0x2d,0x00,0x0b,0x40,  //.#@*......#@%.
0x0b,0x00,0x1d,0x00,  //..#@*....*@%..
0x03,0x80,0x38,0x00,  //..*@%...+@#...
0x01,0xc0,0x74,0x00,  //...%@+..*@*...
0x01,0xd5,0xb0,0x00,  //...%@%**%@+...
0x02,0xff,0xf8,0x00,  //...#@@@@@@%...
0x02,0xff,0xf4,0x00,  //...#@@@@@@%...
0x03,0xff,0xf8,0x00,  //...@@@@@@@%...
0x01,0xff,0xf0,0x00,  //...%@@@@@@*...
0x01,0xff,0xf0,0x00,  //...*@@@@@@+...
0x00,0x6f,0x80,0x00,  //....*#@@#*....
0x00,0x09,0x00,0x00,  //.....+%%......


/*  */
0x00,0x00,0x00,0x00,0x01,0x00,  //..................+%....
0x00,0x00,0x00,0x00,0x03,0x40,  //..................*@%...
0x00,0x00,0x00,0x00,0x03,0xd0,  //..................*@@%..
0xaa,0xaa,0xaa,0xaa,0xab,0xf4,  //%%%%%%%%%%%%%%%%%%#@@@%.
0xff,0xff,0xff,0xff,0xff,0xfd,  //@@@@@@@@@@@@@@@@@@@@@@@%
0xff,0xff,0xff,0xff,0xff,0xfd,  //@@@@@@@@@@@@@@@@@@@@@@@%
0xaa,0xaa,0xaa,0xaa,0xab,0xf4,  //%%%%%%%%%%%%%%%%%%#@@@%.
0x00,0x00,0x00,0x00,0x03,0xd0,  //..................*@@%..
0x00,0x00,0x00,0x00,0x03,0x40,  //..................*@%...
0x00,0x80,0x00,0x00,0x01,0x00,  //...+#+............+%....
0x02,0xc0,0x00,0x00,0x00,0x00,  //..+#@*..................
0x0b,0xd0,0x00,0x00,0x00,0x00,  //.+#@@******************+
0x2f,0xff,0xff,0xff,0xff,0xff,  //+#@@@@@@@@@@@@@@@@@@@@@@
0xbf,0xff,0xff,0xff,0xff,0xff,  //#@@@@@@@@@@@@@@@@@@@@@@@
0x2f,0xff,0xff,0xff,0xff,0xff,  //+#@@@@@@@@@@@@@@@@@@@@@@
0x0b,0xd0,0x00,0x00,0x00,0x00,  //.+#@@*******************
0x07,0xc0,0x00,0x00,0x00,0x00,  //..*@@*..................
0x01,0xc0,0x00,0x00,0x00,0x00,  //...*@*..................


/*  */
0x00,0x00,0x6a,0x40,0x00,0x00,0x00,  //.......*%%%%*+............
0x00,0x0b,0xff,0xe4,0x00,0x00,0x00,  //......%@@@@@@#*...........
0x00,0x2f,0xff,0xfd,0x00,0x00,0x00,  //.....#@@@@@@@@@*..........
0x00,0x7f,0xff,0xff,0x05,0x00,0x00,  //....%@@@@@@@@@@@++**......
0x00,0xff,0xff,0xff,0xbf,0x80,0x00,  //...+@@@@@@@@@@@@#@@@#+....
0x01,0xff,0xf4,0x1f,0xff,0xe0,0x00,  //...*@@@@@@****@@@@@@@#....
0x01,0xff,0xf0,0x0f,0xff,0xf0,0x00,  //...*@@@@@@*..*@@@@@@@@*...
0x02,0xff,0xf0,0x0f,0xff,0xf0,0x00,  //...%@@@@@@*..*@@@@@@@@*...
0x0b,0xff,0xf0,0x0f,0xff,0xe0,0x00,  //..#@@@@@@@*..*@@@@@@@#....
0x2f,0xff,0xf0,0x0f,0xff,0xf8,0x00,  //.#@@@@@@@@*..*@@@@@@@@#*..
0x7f,0xf9,0x50,0x05,0x6f,0xff,0x40,  //*@@@@@#***+..+***#@@@@@@*.
0xbf,0xfd,0x00,0x00,0x7f,0xff,0xc0,  //#@@@@@@*........*@@@@@@@@+
0xff,0xff,0x40,0x01,0xff,0xff,0xd0,  //@@@@@@@@*......*@@@@@@@@@%
0xff,0xff,0xd0,0x07,0xff,0xff,0xe0,  //@@@@@@@@@*....*@@@@@@@@@@%
0xbf,0xff,0xf4,0x1f,0xff,0xff,0xe0,  //#@@@@@@@@@*..*@@@@@@@@@@@%
0x7f,0xff,0xfd,0x7f,0xff,0xff,0xd0,  //*@@@@@@@@@@**@@@@@@@@@@@@*
0x2f,0xff,0xff,0xff,0xff,0xff,0x80,  //.#@@@@@@@@@@@@@@@@@@@@@@#.
0x0b,0xff,0xff,0xff,0xff,0xfe,0x00,  //..#@@@@@@@@@@@@@@@@@@@@#+.
0x01,0xbf,0xff,0xff,0xff,0xe4,0x00,  //...*#@@@@@@@@@@@@@@@@#%+..


/*  */
0x00,0x00,0x6a,0x40,0x00,0x00,0x00,  //.......*%%%%*+............
0x00,0x0b,0xff,0xe4,0x00,0x00,0x00,  //......%@@@@@@#*...........
0x00,0x2f,0xff,0xfd,0x00,0x00,0x00,  //.....#@@@@@@@@@*..........
0x00,0x7f,0xff,0xff,0x05,0x00,0x00,  //....%@@@@@@@@@@@++**......
0x00,0xff,0xff,0xff,0xbf,0x80,0x00,  //...+@@@@@@@@@@@@#@@@#+....
0x01,0xff,0xf8,0x2f,0xff,0xe0,0x00,  //...*@@@@@@#++#@@@@@@@#....
0x01,0xff,0xe0,0x0b,0xff,0xf0,0x00,  //...*@@@@@#+..+#@@@@@@@*...
0x02,0xff,0x80,0x02,0xff,0xf0,0x00,  //...%@@@@#+....+#@@@@@@*...
0x0b,0xfe,0x00,0x00,0xbf,0xe0,0x00,  //..#@@@@#+......+#@@@@#....
0x2f,0xfc,0x00,0x00,0x3f,0xf8,0x00,  //.#@@@@@+........+@@@@@#*..
0x7f,0xf9,0x50,0x05,0x7f,0xff,0x40,  //*@@@@@#***+..+***@@@@@@@*.
0xbf,0xff,0xf0,0x0f,0xff,0xff,0xc0,  //#@@@@@@@@@*..*@@@@@@@@@@@+
0xff,0xff,0xf0,0x0f,0xff,0xff,0xd0,  //@@@@@@@@@@*..*@@@@@@@@@@@%
0xff,0xff,0xf0,0x0f,0xff,0xff,0xe0,  //@@@@@@@@@@*..*@@@@@@@@@@@%
0xbf,0xff,0xf0,0x0f,0xff,0xff,0xe0,  //#@@@@@@@@@*..*@@@@@@@@@@@%
0x7f,0xff,0xf5,0x5f,0xff,0xff,0xd0,  //*@@@@@@@@@%**%@@@@@@@@@@@*
0x2f,0xff,0xff,0xff,0xff,0xff,0x80,  //.#@@@@@@@@@@@@@@@@@@@@@@#.
0x0b,0xff,0xff,0xff,0xff,0xfe,0x00,  //..#@@@@@@@@@@@@@@@@@@@@#+.
0x01,0xbf,0xff,0xff,0xff,0xe4,0x00,  //...*#@@@@@@@@@@@@@@@@#%+..


/*  */
0x00,0x01,0xa9,0x00,0x00,  //.......*%%%*.......
0x00,0x0b,0xff,0x80,0x00,  //.....+#@@@@@#......
0x00,0x2f,0xff,0xe0,0x00,  //.....#@@@@@@@%.....
0x00,0x7f,0xff,0xf0,0x00,  //....*@@@@@@@@@*....
0x00,0xbf,0xff,0xf4,0x00,  //....%@@@@@@@@@*....
0x00,0xbf,0xff,0xf4,0x00,  //....%@@@@@@@@@*....
0x00,0x7f,0xff,0xf4,0x00,  //....%@@@@@@@@@*....
0x00,0x3f,0xff,0xf0,0x00,  //....*@@@@@@@@@+....
0x00,0x1f,0xff,0xd0,0x00,  //.....%@@@@@@@*.....
0x00,0x07,0xfe,0x40,0x00,  //...+..*@@@@#*..+...
0x09,0x10,0x10,0x51,0x80,  //..#*.%*.***.*%.%%..
0x2d,0x2e,0x5a,0xe1,0xd0,  //.%@*.%@#%*%#@%.*@%.
0x3d,0x2f,0xfe,0x41,0xf0,  //*@@*.%@@@@@#*+.*@@+
0x7d,0x2f,0xf8,0x00,0x74,  //%@@*.%@@@@#..+..%@*
0xb4,0x0b,0xf4,0x78,0x34,  //%@%..+#@@@*.%@#+.@%
0xe0,0x43,0xf0,0xfd,0x28,  //@#..*.*@@@*.@@@*.#%
0xe1,0xc3,0xf0,0xfd,0x28,  //@%.*@.*@@@*.@@@*.%%
0xe0,0x07,0xe0,0x7c,0x18,  //@#..+.*@@#..%@@..*%
0xb8,0x0b,0xf0,0xbd,0x28,  //#@%+.*#@@@+.#@@*.%%
0x3f,0xff,0xff,0xff,0xe0,  //*@@@@@@@@@@@@@@@@#+
0x06,0xaa,0xaa,0xaa,0x40,  //.+%%%%%%%%%%%%%%%+.


/*  */
0x19,0x00,0x64,0x00,0x00,  //.*%%....%%*........
0xbf,0x00,0xfe,0x00,0x00,  //#@@@*..*@@@#.......
0xff,0x00,0xff,0x00,0x00,  //@@@@+..+@@@@.......
0xe4,0x00,0x1b,0x00,0x00,  //@#**....**#@.......
0xe0,0x00,0x0b,0x00,0x00,  //@%........%@.......
0xe0,0x00,0x0b,0x01,0x90,  //@%........%@...%%*.
0xe0,0x00,0x0b,0x0b,0xf4,  //@%........%@..#@@@*
0xe0,0x00,0x0b,0x0d,0x28,  //@%........%@.*@%.#%
0xe0,0x00,0x0b,0x0e,0x38,  //@%........%@.+@%*@%
0xa0,0x00,0x0a,0x07,0xe0,  //##........##..%@@#*
0x74,0x00,0x1d,0x01,0xc0,  //%@*......*@%...%@*.
0x2d,0x00,0x78,0x01,0xc0,  //+#@*....*@#+...*@*.
0x0b,0xeb,0xe0,0x01,0xc0,  //.+#@@##@@#+....*@*.
0x01,0xaa,0x40,0x01,0xc0,  //...*%##%*......*@*.
0x00,0x28,0x00,0x01,0xc0,  //.....%%........*@*.
0x00,0x28,0x00,0x01,0xc0,  //.....%%........*@*.
0x00,0x2c,0x00,0x02,0xc0,  //.....%@........#@..
0x00,0x1d,0x00,0x07,0x80,  //.....*@%......*@%..
0x00,0x0b,0x80,0x1e,0x00,  //......#@%*..+%@#+..
0x00,0x02,0xff,0xf8,0x00,  //.......%@@@@@@#+...
0x00,0x00,0x1a,0x40,0x00,  //........+*%%%*.....


/*  */
0x00,0x01,0xaa,0xaa,0x40,0x00,  //.......%%%%%%%%%%.......
0x00,0x03,0xaa,0xaa,0xc0,0x00,  //......+@#%%%%%%#@+......
0x00,0x03,0x40,0x01,0xc0,0x00,  //......*@*......*@*......
0x05,0x17,0x95,0x56,0xd4,0x50,  //..**.*%@%******%@%*.**..
0x2e,0x2f,0xff,0xff,0xf8,0xb8,  //+#@%.%@@@@@@@@@@@@%.%@#+
0xbe,0x2f,0xff,0xff,0xf8,0xbe,  //#@@%.%@@@@@@@@@@@@%.%@@#
0xfe,0x2f,0xff,0xff,0xf8,0xbf,  //@@@%.%@@@@@@@@@@@@%.%@@@
0xfe,0x2f,0xff,0xff,0xf8,0xbf,  //@@@%.%@@@@@@@@@@@@%.%@@@
0xfe,0x2f,0xff,0xff,0xf8,0xbf,  //@@@%.%@@@@@@@@@@@@%.%@@@
0xfe,0x2f,0xff,0xff,0xf8,0xbf,  //@@@%.%@@@@@@@@@@@@%.%@@@
0xfe,0x2f,0xff,0xff,0xf8,0xbf,  //@@@%.%@@@@@@@@@@@@%.%@@@
0xfe,0x2f,0xff,0xff,0xf8,0xbf,  //@@@%.%@@@@@@@@@@@@%.%@@@
0xfe,0x2f,0xff,0xff,0xf8,0xbf,  //@@@%.%@@@@@@@@@@@@%.%@@@
0xfe,0x2f,0xff,0xff,0xf8,0xbf,  //@@@%.%@@@@@@@@@@@@%.%@@@
0xfe,0x2f,0xff,0xff,0xf8,0xbf,  //@@@%.%@@@@@@@@@@@@%.%@@@
0xfe,0x2f,0xff,0xff,0xf8,0xbf,  //@@@%.%@@@@@@@@@@@@%.%@@@
0xfe,0x2f,0xff,0xff,0xf8,0xbf,  //@@@%.%@@@@@@@@@@@@%.%@@@
0xfe,0x2f,0xff,0xff,0xf8,0xbf,  //@@@%.%@@@@@@@@@@@@%.%@@@
0xbe,0x2f,0xff,0xff,0xf8,0xbe,  //#@@%.%@@@@@@@@@@@@%.%@@#
0x7e,0x2f,0xff,0xff,0xf8,0xbd,  //*@@%.%@@@@@@@@@@@@%.%@@*
0x09,0x1a,0xaa,0xaa,0xa4,0x60,  //.*%%.%%%%%%%%%%%%%%.%%*.


/*  */
0x00,0x00,0x05,0x00,0x00,0x00,  //..........**..........
0x00,0x00,0x0f,0x00,0x00,0x00,  //.........*@@*.........
0x00,0x00,0x6f,0x90,0x00,0x00,  //........*#@@#*........
0x00,0x06,0xff,0xf9,0x00,0x00,  //......*#@@@@@@#*......
0x00,0x1f,0xff,0xff,0x40,0x00,  //.....*@@@@@@@@@@*.....
0x00,0x3f,0xff,0xff,0xc0,0x00,  //....+@@@@@@@@@@@@+....
0x00,0x7f,0xff,0xff,0xd0,0x00,  //....%@@@@@@@@@@@@%....
0x00,0xbf,0xff,0xff,0xe0,0x00,  //....%@@@@@@@@@@@@%....
0x00,0xbf,0xff,0xff,0xe0,0x00,  //....%@@@@@@@@@@@@%....
0x00,0xff,0xff,0xff,0xf0,0x00,  //....@@@@@@@@@@@@@@....
0x00,0xff,0xff,0xff,0xf0,0x00,  //....@@@@@@@@@@@@@@....
0x00,0xff,0xff,0xff,0xf0,0x00,  //....@@@@@@@@@@@@@@....
0x00,0xff,0xff,0xff,0xf0,0x00,  //...*@@@@@@@@@@@@@@*...
0x01,0xff,0xff,0xff,0xf4,0x00,  //...*@@@@@@@@@@@@@@*...
0x02,0xff,0xff,0xff,0xf8,0x00,  //...#@@@@@@@@@@@@@@#...
0x03,0xff,0xff,0xff,0xfc,0x00,  //..*@@@@@@@@@@@@@@@@*..
0x0b,0xff,0xff,0xff,0xfe,0x00,  //..%@@@@@@@@@@@@@@@@%..
0x1f,0xff,0xff,0xff,0xff,0x40,  //.*@@@@@@@@@@@@@@@@@@*.
0x7f,0xff,0xff,0xff,0xff,0xd0,  //*@@@@@@@@@@@@@@@@@@@@*
0xff,0xff,0xff,0xff,0xff,0xf0,  //@@@@@@@@@@@@@@@@@@@@@@
0x7f,0xff,0xbf,0xff,0xff,0xd0,  //%@@@@@@@#@@@@@@@@@@@@%
0x00,0x01,0xaf,0xf4,0x00,0x00,  //.......*%#@@@@*.......
0x00,0x00,0x9b,0xe0,0x00,0x00,  //.......+#*#@@#+.......
0x00,0x00,0x6a,0x90,0x00,0x00,  //........*#%##*........


/*  */
0x01,0xff,0xff,0xff,0xff,0xe0,0x00,  //...*@@@@@@@@@@@@@@@@@#*..
0x01,0xff,0xff,0xff,0xff,0xfd,0x00,  //...*@@@@@@@@@@@@@@@@@@@*.
0x01,0xff,0xff,0xff,0xf9,0x6f,0x00,  //...*@@@@@@@@@@@@@@#*%#@@*
0x01,0xff,0xff,0xff,0xf8,0x0f,0x40,  //...*@@@@@@@@@@@@@@%..+@@%
0x01,0xff,0xff,0xff,0xf8,0x0b,0x80,  //...*@@@@@@@@@@@@@@%...%@%
0x01,0xff,0xff,0xff,0xf8,0x0b,0x80,  //...*@@@@@@@@@@@@@@%...%@%
0x01,0xff,0xff,0xff,0xf8,0x0f,0x40,  //...*@@@@@@@@@@@@@@%..+@@%
0x01,0xff,0xff,0xff,0xf9,0x6f,0x00,  //...*@@@@@@@@@@@@@@#*%#@@*
0x01,0xff,0xff,0xff,0xff,0xfd,0x00,  //...*@@@@@@@@@@@@@@@@@@@*.
0x01,0xff,0xff,0xff,0xff,0xe0,0x00,  //...*@@@@@@@@@@@@@@@@@#*..
0x01,0xff,0xff,0xff,0xf8,0x00,0x00,  //...*@@@@@@@@@@@@@@#*.....
0x01,0xff,0xff,0xff,0xf8,0x00,0x00,  //...*@@@@@@@@@@@@@@%......
0x00,0xbf,0xff,0xff,0xe0,0x00,0x00,  //....#@@@@@@@@@@@@#+......
0x00,0x15,0x55,0x55,0x40,0x00,0x00,  //.....************+.......
0x00,0x00,0x00,0x00,0x00,0x00,0x00,  //.........................
0xaa,0xaa,0xaa,0xaa,0xaa,0xaa,0x00,  //%%%%%%%%%%%%%%%%%%%%%%%%.
0xbf,0xff,0xff,0xff,0xff,0xfe,0x00,  //%@@@@@@@@@@@@@@@@@@@@@@%.
0x2f,0xff,0xff,0xff,0xff,0xf8,0x00,  //+#@@@@@@@@@@@@@@@@@@@@#+.
0x06,0xaa,0xaa,0xaa,0xaa,0x90,0x00,  //.+%%%%%%%%%%%%%%%%%%%%+..


/*  */
0x40,0x41,0x00,0x15,0x50,  //**.+*..*+....******
0xe1,0xc3,0x40,0xbf,0xf8,  //@%.*@**@*..*#@@@@@%
0xe1,0xc3,0x42,0xff,0xf8,  //@%.*@**@*.+#@@@@@@%
0xe1,0xc3,0x47,0xff,0xf8,  //@%.*@**@*.%@@@@@@@%
0xe1,0xc3,0x4b,0xff,0xf8,  //@%.*@**@*.%@@@@@@@%
0xe1,0xc3,0x4b,0xff,0xf8,  //@%.*@**@*.%@@@@@@@%
0xe1,0xc3,0x4b,0xff,0xf8,  //@%.*@**@*.%@@@@@@@%
0xe2,0xd7,0x4b,0xff,0xf8,  //@#*#@**@*.%@@@@@@@%
0xff,0xff,0x4b,0xff,0xf8,  //@@@@@@@@*.%@@@@@@@%
0xff,0xff,0x4b,0xff,0xf8,  //@@@@@@@@*.%@@@@@@@%
0xbf,0xff,0x4b,0xff,0xf8,  //#@@@@@@@*.%@@@@@@@%
0x7f,0xfe,0x0b,0xff,0xf8,  //*@@@@@@#..%@@@@@@@%
0x1f,0xf8,0x0b,0xff,0xf8,  //.*@@@@#...%@@@@@@@%
0x0f,0xf8,0x0b,0xff,0xf8,  //.*@@@@%...%@@@@@@@%
0x0f,0xf8,0x0b,0xff,0xf8,  //.*@@@@%...%@@@@@@@%
0x0f,0xf8,0x06,0xaf,0xf8,  //.*@@@@%...%%%#@@@@%
0x0f,0xf8,0x00,0x0f,0xf8,  //.*@@@@%......*@@@@%
0x0f,0xf8,0x00,0x0f,0xf8,  //.*@@@@%......*@@@@%
0x0f,0xf8,0x00,0x0f,0xf8,  //.*@@@@%......*@@@@%
0x0f,0xf8,0x00,0x0f,0xf8,  //.*@@@@%......*@@@@%
0x0f,0xf8,0x00,0x0f,0xf8,  //.*@@@@%......*@@@@%
0x0f,0xf8,0x00,0x0f,0xf8,  //.*@@@@%......*@@@@%
0x0f,0xf8,0x00,0x0f,0xf8,  //.*@@@@%......*@@@@%
0x0b,0xf4,0x00,0x0b,0xf4,  //.+#@@@%......+#@@@%


/*  */
0x15,0x55,0x55,0x50,0x00,0x00,  //***************......
0xbf,0xff,0xff,0xfd,0x00,0x00,  //#@@@@@@@@@@@@@@%.....
0xe0,0x00,0x00,0xeb,0x40,0x00,  //@#**********@##@%....
0xe0,0x00,0x00,0xe2,0xd0,0x00,  //@%..........@%.#@%...
0xe0,0x00,0x00,0xe0,0xb4,0x00,  //@%..........@%..#@%..
0xe0,0x00,0x00,0xe0,0x2d,0x00,  //@%..........@%...#@%.
0xe0,0x00,0x00,0xe0,0x0b,0x00,  //@%..........@%....#@*
0xe0,0x00,0x00,0xea,0xab,0x40,  //@%..........@#%%%%#@*
0xe0,0x00,0x00,0xbf,0xff,0x40,  //@%..........%@@@@@@@*
0xe0,0x00,0x00,0x00,0x03,0x40,  //@%................*@*
0xe0,0x00,0x00,0x00,0x03,0x40,  //@%...+*********...*@*
0xe0,0x2f,0xff,0xfd,0x03,0x40,  //@%...%@@@@@@@@@*..*@*
0xe0,0x15,0x55,0x54,0x03,0x40,  //@%...**********+..*@*
0xe0,0x00,0x00,0x00,0x03,0x40,  //@%................*@*
0xe0,0x1a,0xaa,0xa9,0x03,0x40,  //@%...%%%%%%%%%%*..*@*
0xe0,0x1a,0xaa,0xa9,0x03,0x40,  //@%...%%%%%%%%%%*..*@*
0xe0,0x00,0x00,0x00,0x03,0x40,  //@%................*@*
0xe0,0x15,0x55,0x54,0x03,0x40,  //@%...**********+..*@*
0xe0,0x2f,0xff,0xfd,0x03,0x40,  //@%...%@@@@@@@@@*..*@*
0xe0,0x00,0x00,0x00,0x03,0x40,  //@%...+*********...*@*
0xe0,0x00,0x00,0x00,0x03,0x40,  //@%................*@*
0xe0,0x00,0x00,0x00,0x03,0x40,  //@%................*@*
0xe0,0x00,0x00,0x00,0x07,0x40,  //@#*****************@*
0xbf,0xff,0xff,0xff,0xff,0x40,  //#@@@@@@@@@@@@@@@@@@@*


/*  */
0x55,0x55,0x55,0x55,0x50,  //*******************
0xff,0xff,0xff,0xff,0xf8,  //@@@@@@@@@@@@@@@@@@%
0xe0,0x00,0x00,0x00,0x28,  //@#***************#%
0xe0,0x00,0x00,0x00,0x28,  //@%..+..+..++..*..%%
0xe1,0xc3,0x4b,0x0d,0x28,  //@%.*@++@*.%@.*@*.%%
0xe0,0x41,0x05,0x04,0x28,  //@%.**..**.**.+*+.%%
0xe0,0x00,0x00,0x00,0x28,  //@%...............%%
0xe1,0x82,0x46,0x08,0x28,  //@%.*%++%*.*%.+%*.%%
0xe1,0xc3,0x4b,0x0d,0x28,  //@%.*@++@*.%@.*@*.%%
0xe0,0x00,0x00,0x00,0x28,  //@%...............%%
0xe0,0x00,0x00,0x00,0x28,  //@%.+*..*+.+*..*..%%
0xe1,0xc3,0x4b,0x0d,0x28,  //@%.*@**@*.%@.*@*.%%
0xe0,0x41,0x01,0x04,0x28,  //@%.+*..*+.**..*+.%%
0xe0,0x00,0x00,0x00,0x28,  //@%...............%%
0xe1,0x82,0x46,0x09,0x28,  //@%.*%++%*.%%.+%*.%%
0xe1,0x82,0x46,0x09,0x28,  //@%.*%++%*.%%.+%*.%%
0xe0,0x00,0x00,0x00,0x28,  //@%...............%%
0xe0,0x40,0x00,0x04,0x28,  //@%.+*.........*+.%%
0xe1,0xc0,0x00,0x0d,0x28,  //@%.*@*.......*@*.%%
0xe0,0x02,0xaa,0x00,0x28,  //@%.+*.+%%%%%..*..%%
0xe0,0x03,0xff,0x00,0x28,  //@%....*@@@@@.....%%
0xe0,0x03,0xff,0x00,0x28,  //@%....*@@@@@.....%%
0xe0,0x07,0xff,0x00,0x28,  //@#*****@@@@@*****#%
0xff,0xff,0xff,0xff,0xf8,  //@@@@@@@@@@@@@@@@@@%


/*  */
0x00,0x05,0x55,0x40,0x00,  //.....+*******+.....
0x00,0x2f,0xff,0xe0,0x00,  //.....%@@@@@@@%.....
0x00,0x28,0x74,0xe0,0x00,  //.....%#*%@**@%.....
0x00,0x28,0x60,0xe0,0x00,  //.....%%.*%+.@%.....
0x00,0x28,0x00,0xe0,0x00,  //.....%%.....@%.....
0x15,0x68,0x10,0xe5,0x50,  //*****#%.**+.@#*****
0xff,0xf8,0x70,0xff,0xf8,  //@@@@@@%.*@*.@@@@@@%
0xe0,0x2e,0xba,0xe0,0x28,  //@#***#@%#@#%@#***#%
0xe0,0x1f,0xff,0xd0,0x28,  //@%...%@@@@@@@*...%%
0xe0,0x00,0x00,0x00,0x28,  //@%...............%%
0xe0,0x00,0x00,0x00,0x28,  //@%.+*..*+.+*..*..%%
0xe1,0xc3,0x4b,0x0d,0x28,  //@%.*@**@*.%@.*@*.%%
0xe0,0x41,0x01,0x04,0x28,  //@%.+*..*+.**..*+.%%
0xe0,0x00,0x00,0x00,0x28,  //@%...............%%
0xe1,0x82,0x46,0x09,0x28,  //@%.*%++%*.%%.+%*.%%
0xe1,0x82,0x46,0x09,0x28,  //@%.*%++%*.%%.+%*.%%
0xe0,0x00,0x00,0x00,0x28,  //@%...............%%
0xe0,0x40,0x00,0x04,0x28,  //@%.+*.........*+.%%
0xe1,0xc0,0x00,0x0d,0x28,  //@%.*@*.......*@*.%%
0xe0,0x02,0xaa,0x00,0x28,  //@%.+*.+%%%%%..*..%%
0xe0,0x03,0xff,0x00,0x28,  //@%....*@@@@@.....%%
0xe0,0x03,0xff,0x00,0x28,  //@%....*@@@@@.....%%
0xe0,0x07,0xff,0x00,0x28,  //@#*****@@@@@*****#%
0xff,0xff,0xff,0xff,0xf8,  //@@@@@@@@@@@@@@@@@@%


/*  */
0x00,0x00,0xaa,0xaa,0xaa,0xaa,0x40,  //.......*%%%%%%%%%%%%%%%%*
0x00,0x01,0xff,0xfa,0xaf,0xff,0x80,  //.......*@@@@@@#%%#@@@@@@%
0x00,0x01,0xff,0xf4,0x0f,0xff,0x80,  //.......*@@@@@@*..*@@@@@@%
0x00,0x01,0xff,0xf4,0x0f,0xff,0x80,  //.......*@@@@@@*..*@@@@@@%
0x00,0x01,0xff,0xf4,0x0f,0xff,0x80,  //.......*@@@@@@*..*@@@@@@%
0x00,0x6a,0xfc,0x00,0x00,0x2f,0x80,  //....*%%#@@@***+...***#@@%
0x01,0xff,0xfc,0x00,0x00,0x2f,0x80,  //...%@@@@@@@..........%@@%
0x07,0x81,0xfc,0x00,0x00,0x2f,0x80,  //..%@#..*@@@..........%@@%
0x1e,0x01,0xfc,0x00,0x00,0x2f,0x80,  //.%@#...*@@@***+...***#@@%
0x38,0x01,0xff,0xf4,0x0f,0xff,0x80,  //+@#....*@@@@@@*..*@@@@@@%
0x39,0x56,0xff,0xf4,0x0f,0xff,0x80,  //*@%****%@@@@@@*..*@@@@@@%
0x3f,0xff,0xff,0xf4,0x0f,0xff,0x80,  //*@@@@@@@@@@@@@*..*@@@@@@%
0x3f,0xff,0xff,0xfa,0xaf,0xff,0x80,  //*@@@@@@@@@@@@@#%%#@@@@@@%
0x3f,0xff,0xff,0xff,0xff,0xff,0x80,  //*@@@@@@@@@@@@@@@@@@@@@@@%
0x3f,0xff,0xff,0xff,0xff,0xff,0x80,  //*@@@@@@@@@@@@@@@@@@@@@@@%
0x7f,0xdb,0xff,0xff,0xdb,0xff,0x80,  //*@@@@%%@@@@@@@@@@%%@@@@@%
0xff,0x42,0xff,0xff,0x42,0xff,0x80,  //@@@@*..%@@@@@@@@*..%@@@@%
0x07,0x01,0xd0,0x07,0x01,0xd0,0x00,  //+*%@*..*@*****%@*..*@***.
0x07,0x42,0xc0,0x07,0x42,0xc0,0x00,  //..*@%.+#@.....*@%.+#@....
0x02,0xff,0x40,0x02,0xff,0x40,0x00,  //...%@@@@*......%@@@@*....
0x00,0x68,0x00,0x00,0x68,0x00,0x00,  //....*%%*........*%%*.....


/*  */
0x00,0x01,0xaa,0xaa,0x40,0x00,  //.......%%%%%%%%%%.......
0x00,0x03,0xaa,0xaa,0xc0,0x00,  //......+@#%%%%%%#@+......
0x00,0x03,0x40,0x01,0xc0,0x00,  //......*@*......*@*......
0x04,0x17,0x95,0x56,0xd4,0x10,  //..**+*%@%******%@%*+**..
0x2d,0x3f,0xff,0xff,0xfc,0x78,  //+#@**@@@@@@@@@@@@@@**@#+
0xbd,0x3f,0xff,0xff,0xfc,0x7e,  //#@@**@@@@@@@@@@@@@@**@@#
0xfd,0x3f,0xff,0xff,0xfc,0x7f,  //@@@**@@@@@@@@@@@@@@**@@@
0xfd,0x3f,0xf0,0x0f,0xfc,0x7f,  //@@@**@@@@@*..*@@@@@**@@@
0xfd,0x3f,0xf0,0x0f,0xfc,0x7f,  //@@@**@@@@@*..*@@@@@**@@@
0xfd,0x3f,0xf0,0x0f,0xfc,0x7f,  //@@@**@@@@@*..*@@@@@**@@@
0xfd,0x39,0x50,0x05,0x6c,0x7f,  //@@@**@#***+..+***#@**@@@
0xfd,0x38,0x00,0x00,0x2c,0x7f,  //@@@**@%..........%@**@@@
0xfd,0x38,0x00,0x00,0x2c,0x7f,  //@@@**@%..........%@**@@@
0xfd,0x38,0x00,0x00,0x2c,0x7f,  //@@@**@#***....***#@**@@@
0xfd,0x3f,0xf0,0x0f,0xfc,0x7f,  //@@@**@@@@@*..*@@@@@**@@@
0xfd,0x3f,0xf0,0x0f,0xfc,0x7f,  //@@@**@@@@@*..*@@@@@**@@@
0xfd,0x3f,0xf0,0x0f,0xfc,0x7f,  //@@@**@@@@@*..*@@@@@**@@@
0xfd,0x3f,0xfa,0xaf,0xfc,0x7f,  //@@@**@@@@@#%%#@@@@@**@@@
0xbd,0x3f,0xff,0xff,0xfc,0x7e,  //#@@**@@@@@@@@@@@@@@**@@#
0x7d,0x3f,0xff,0xff,0xfc,0x7d,  //*@@**@@@@@@@@@@@@@@**@@*
0x09,0x2a,0xaa,0xaa,0xa8,0x60,  //.*%*+%%%%%%%%%%%%%%+*%*.


/*  */
0x00,0x03,0xe0,0x00,0x00,0x00,0x00,  //......*@@#................
0x00,0x03,0xf4,0x00,0x00,0x00,0x00,  //......*@@@%...............
0x10,0x03,0xfd,0x00,0x00,0x00,0x00,  //+*+...*@@@@*..............
0x78,0x03,0xff,0x00,0x00,0x00,0x00,  //*@#...*@@@@@*.............
0x7e,0x03,0xff,0x80,0x00,0x00,0x00,  //*@@#..*@@@@@#*+...........
0x7f,0x97,0xff,0xfe,0x50,0x00,0x00,  //*@@@%*%@@@@@@@@#%***+.....
0x6b,0xff,0xff,0xff,0xff,0xf9,0x00,  //%%#@@@@@@@@@@@@@@@@@@@#%*.
0xff,0xff,0xff,0xff,0xff,0xff,0x90,  //@@@@@@@@@@@@@@@@@@@@@@@@#*
0x6f,0xff,0xff,0xff,0xfa,0x94,0x00,  //*#@@@@@@@@@@@@@@@@#%%%*+..
0x7f,0x03,0xff,0xe9,0x00,0x00,0x00,  //*@@@*.*@@@@@@#%*+.........
0x7d,0x03,0xff,0x80,0x00,0x00,0x00,  //*@@*..*@@@@@%.............
0x74,0x03,0xfe,0x00,0x00,0x00,0x00,  //*@%...*@@@@#..............
0x00,0x03,0xf8,0x00,0x00,0x00,0x00,  //......*@@@#+..............
0x00,0x03,0xf0,0x00,0x00,0x00,0x00,  //......*@@@*...............
0x00,0x07,0xe4,0x00,0x00,0x00,0x00,  //......%@@#*...............


/*  */
0x00,0x02,0xaa,0xaa,0xaa,0x00,  //.......%%%%%%%%%%%%%.
0x00,0x07,0xff,0xff,0xff,0x00,  //+******@@@@@@@@@@@@@*
0xbf,0xff,0xff,0xff,0xff,0x00,  //#@@@@@@@@@@@@@@@@@@@*
0xbf,0xff,0xff,0xff,0xfd,0x00,  //#@@@@@@@@@@@@@@@@@@*.
0x3f,0xff,0xff,0xff,0xfd,0x00,  //*@@@@@@@@@@@@@@@@@@*.
0x3f,0x41,0xff,0xff,0xfd,0x00,  //*@@@***%@@@@@@@@@@@*.
0x3f,0x01,0xff,0xff,0xfd,0x00,  //*@@@*..*@@@@@@@@@@@*.
0x3f,0x01,0xff,0xff,0xfd,0x00,  //*@@@*..*@@@@@@@@@@@*.
0x3f,0x01,0xff,0xff,0xfd,0x00,  //*@@@*..*@@@@@@@@@@@*.
0x3f,0x41,0xff,0xff,0xfd,0x00,  //*@@@*..*@@@@@@@@@@@*.
0x2f,0xd6,0xff,0xff,0xfd,0x00,  //.#@@@%*%@@@@@@@@@@@*.
0x1f,0xff,0xff,0xff,0xfd,0x00,  //.*@@@@@@@@@@@@@@@@@*.
0x07,0xff,0xff,0xff,0xfd,0x00,  //..%@@@@@@@@@@@@@@@@*.
0x00,0xaa,0xff,0xff,0xfd,0x00,  //...*%%%#@@@@@@@@@@@*.
0x00,0x02,0xff,0xff,0xfe,0x00,  //.......#@@@@@@@@@@@#.
0x00,0x07,0xff,0xff,0xff,0x80,  //......*@@@@@@@@@@@@@%
0x00,0x0f,0xff,0xff,0xff,0xc0,  //.....+@@@@@@@@@@@@@@@
0x00,0x0f,0xff,0xff,0xff,0xc0,  //.....*@@@@@@@@@@@@@@@
0x00,0x0f,0xff,0xff,0xff,0xc0,  //.....*@@@@@@@@@@@@@@@


/*  */
0x06,0xaa,0xaa,0xaa,0xa4,0x00,  //.+%%%%%%%%%%%%%%%%*..
0x2f,0xff,0xff,0xff,0xfd,0x00,  //+#@@@@@@@@@@@@@@@@@%.
0xbf,0xff,0xff,0xff,0xff,0x00,  //%@@@@@@@@@@@@@@@@@@@*
0xfe,0x5b,0xff,0xf5,0x7f,0x40,  //@@@#**%@@@@@@@%*%@@@*
0xfd,0x03,0xff,0xe0,0x2f,0x40,  //@@@*..*@@@@@@%...#@@*
0xfd,0x03,0xff,0xe0,0x2f,0x40,  //@@@*..*@@@@@@%...%@@*
0xfd,0x03,0xff,0xe0,0x2f,0x40,  //@@@*..*@@@@@@%...%@@*
0xfd,0x03,0xff,0xe0,0x2f,0x40,  //@@@*..*@@@@@@%...%@@*
0xfd,0x02,0xaa,0x90,0x2f,0x40,  //@@@*..+%%%%%%%...%@@*
0xfd,0x00,0x00,0x00,0x2f,0x40,  //@@@*.............%@@*
0xfd,0x00,0x00,0x00,0x2f,0x40,  //@@@*.............%@@*
0xfd,0x00,0x00,0x00,0x2f,0x40,  //@@@*.............%@@*
0xfd,0x02,0xaa,0x90,0x2f,0x40,  //@@@*..+%%%%%%%...%@@*
0xfd,0x03,0xff,0xe0,0x2f,0x40,  //@@@*..*@@@@@@%...%@@*
0xfd,0x03,0xff,0xe0,0x2f,0x40,  //@@@*..*@@@@@@%...%@@*
0xfd,0x03,0xff,0xe0,0x2f,0x40,  //@@@*..*@@@@@@%...%@@*
0xfd,0x03,0xff,0xe0,0x2f,0x40,  //@@@*..*@@@@@@%...#@@*
0xbe,0xab,0xff,0xfa,0xbf,0x40,  //#@@#%%#@@@@@@@%%#@@@*
0x7f,0xff,0xff,0xff,0xff,0x00,  //%@@@@@@@@@@@@@@@@@@@*
0x2f,0xff,0xff,0xff,0xfd,0x00,  //.#@@@@@@@@@@@@@@@@@%.
0x06,0xaa,0xaa,0xaa,0x90,0x00,  //..*%%%%%%%%%%%%%%%*..


/*  */
0x06,0xaa,0xaa,0xaa,0xa4,0x00,  //.+%%%%%%%%%%%%%%%%*..
0x2f,0xff,0xff,0xff,0xfd,0x00,  //+#@@@@@@@@@@@@@@@@@%.
0xbf,0xff,0xff,0xff,0xff,0x00,  //%@@@@@@@@@@@@@@@@@@@*
0xff,0xff,0x96,0xff,0xff,0x40,  //@@@@@@@@#%*%@@@@@@@@*
0xff,0xff,0x40,0xff,0xff,0x40,  //@@@@@@@@%...@@@@@@@@*
0xff,0xff,0x40,0xff,0xff,0x40,  //@@@@@@@@*...@@@@@@@@*
0xff,0xff,0x40,0xff,0xff,0x40,  //@@@@@@@@*...@@@@@@@@*
0xff,0xff,0x40,0xff,0xff,0x40,  //@@@@@@@@*...@@@@@@@@*
0xfe,0xaa,0x40,0xaa,0xbf,0x40,  //@@@#%%%%*...%%%%#@@@*
0xfd,0x00,0x00,0x00,0x2f,0x40,  //@@@*.............#@@*
0xfd,0x00,0x00,0x00,0x2f,0x40,  //@@@*.............%@@*
0xfd,0x00,0x00,0x00,0x2f,0x40,  //@@@%.............#@@*
0xff,0xaa,0x40,0xaa,0xbf,0x40,  //@@@@%%%%*...%%%%#@@@*
0xff,0xff,0x40,0xff,0xff,0x40,  //@@@@@@@@*...@@@@@@@@*
0xff,0xff,0x40,0xff,0xff,0x40,  //@@@@@@@@*...@@@@@@@@*
0xff,0xff,0x40,0xff,0xff,0x40,  //@@@@@@@@*...@@@@@@@@*
0xff,0xff,0x40,0xff,0xff,0x40,  //@@@@@@@@%...@@@@@@@@*
0xbf,0xff,0xea,0xff,0xff,0x40,  //#@@@@@@@@%%#@@@@@@@@*
0x7f,0xff,0xff,0xff,0xff,0x00,  //%@@@@@@@@@@@@@@@@@@@*
0x2f,0xff,0xff,0xff,0xfd,0x00,  //.#@@@@@@@@@@@@@@@@@%.
0x06,0xaa,0xaa,0xaa,0x90,0x00,  //..*%%%%%%%%%%%%%%%*..


/*  */
0x00,0x2c,0x07,0x40,  //.....#@*..%@*
0x00,0xb8,0x1e,0x00,  //....#@#..%@#.
0x02,0xe0,0x78,0x00,  //...#@#..%@#..
0x0b,0x81,0xe0,0x00,  //..#@#..%@#...
0x2e,0x07,0x80,0x00,  //.#@#..%@#....
0xb8,0x1e,0x00,0x00,  //#@#..%@#.....
0xf0,0x2d,0x00,0x00,  //@@*.+#@*.....
0x78,0x0b,0x40,0x00,  //*@#+.+#@*....
0x1e,0x02,0xd0,0x00,  //.*@#+.+#@*...
0x07,0x80,0xb4,0x00,  //..*@#+.+#@*..
0x01,0xe0,0x2d,0x00,  //...*@#+.+#@*.
0x00,0x78,0x0b,0x00,  //....*@#+.+#@*
0x00,0x18,0x02,0x00,  //.....*#...+#+


/*  */
0xb4,0x1d,0x00,0x00,  //%@*..%@%.....
0x2d,0x0b,0x40,0x00,  //+#@*.+#@%....
0x0b,0x42,0xd0,0x00,  //.+#@*.+#@%...
0x02,0xd0,0xb4,0x00,  //..+#@*.+#@%..
0x00,0xb4,0x2d,0x00,  //...+#@*.+#@%.
0x00,0x2d,0x0b,0x40,  //....+#@*.+#@%
0x00,0x2e,0x0b,0x80,  //.....%@#..%@#
0x00,0x78,0x1e,0x00,  //....%@#..%@#+
0x01,0xe0,0x78,0x00,  //...%@#..%@#+.
0x07,0x81,0xe0,0x00,  //..%@#..%@#+..
0x1e,0x07,0x80,0x00,  //.%@#..%@#+...
0x78,0x1e,0x00,0x00,  //%@#..*@#+....
0x60,0x08,0x00,0x00,  //*#...+#+.....


/*  */
0x00,0x08,0x00,0x00,  //......%+.....
0x00,0x2e,0x00,0x00,  //.....#@#+....
0x00,0xbb,0x80,0x00,  //....#@#@#+...
0x02,0xe1,0xe0,0x00,  //...#@#.*@#+..
0x0b,0x80,0x78,0x00,  //..#@#...*@#+.
0x2e,0x04,0x1e,0x00,  //.#@#..%+.*@#+
0xb8,0x1e,0x07,0x80,  //#@#..%@#+.*@#
0x60,0x7b,0x81,0x80,  //*#..%@#@#+.*#
0x01,0xe1,0xe0,0x00,  //...%@#.%@#+..
0x07,0x80,0x78,0x00,  //..%@#...%@#+.
0x1e,0x00,0x1e,0x00,  //.%@#.....%@#+
0x78,0x00,0x07,0x80,  //%@#.......%@#
0x60,0x00,0x01,0x80,  //%#.........%#


/*  */
0xa0,0x00,0x01,0x80,  //##+........%#
0x78,0x00,0x07,0x80,  //%@#+......%@#
0x1e,0x00,0x1e,0x00,  //.%@#+....%@#.
0x07,0x80,0x78,0x00,  //..%@#+..%@#..
0x01,0xe1,0xe0,0x00,  //...%@#+%@#...
0x60,0x7f,0x81,0x80,  //%#..%@@@#..%#
0x78,0x1e,0x07,0x80,  //%@#..%@#..%@#
0x1e,0x04,0x1e,0x00,  //.%@#..*..%@#+
0x07,0x80,0x78,0x00,  //..%@#...%@#+.
0x01,0xe1,0xe0,0x00,  //...%@#.%@#+..
0x00,0x7b,0x80,0x00,  //....%@#@#+...
0x00,0x1e,0x00,0x00,  //.....%@#+....
0x00,0x04,0x00,0x00,  //......%+.....


/*  */
0x00,0x2c,  //.....#@
0x00,0xb8,  //....#@#
0x02,0xe0,  //...#@#.
0x0b,0x80,  //..#@#..
0x2e,0x00,  //.#@#...
0xb8,0x00,  //#@#....
0xf0,0x00,  //@@*....
0x78,0x00,  //*@#+...
0x1e,0x00,  //.*@#+..
0x07,0x80,  //..*@#+.
0x01,0xe0,  //...*@#+
0x00,0x78,  //....*@#
0x00,0x18,  //.....*#


/*  */
0xb4,0x00,  //%@*.....
0x2d,0x00,  //+#@*....
0x0b,0x40,  //.+#@*...
0x02,0xd0,  //..+#@*..
0x00,0xb4,  //...+#@*.
0x00,0x2d,  //....+#@*
0x00,0x2e,  //.....%@#
0x00,0x78,  //....%@#.
0x01,0xe0,  //...%@#..
0x07,0x80,  //..%@#...
0x1e,0x00,  //.%@#....
0x78,0x00,  //%@#.....
0x60,0x00,  //*#......


/*  */
0x00,0x1e,0x00,0x00,  //.....*@#.....
0x00,0x7f,0x80,0x00,  //....*@@@#....
0x01,0xe2,0xe0,0x00,  //...*@#*#@#...
0x07,0x80,0xb8,0x00,  //..*@#+..#@#..
0x1e,0x00,0x2e,0x00,  //.*@#+....#@#.
0x78,0x00,0x0b,0x80,  //*@#+......#@#
0xa0,0x00,0x02,0xc0,  //##+........#@


/*  */
0x50,0x00,0x00,0x80,  //*%.........+%
0xb4,0x00,0x02,0xc0,  //#@%.......+#@
0x2d,0x00,0x0b,0x40,  //.#@%.....+#@*
0x0b,0x40,0x2d,0x00,  //..#@%...+#@*.
0x02,0xd0,0xb4,0x00,  //...#@%.+#@*..
0x00,0xba,0xd0,0x00,  //....#@%#@*...
0x00,0x2f,0x40,0x00,  //.....#@@*....
0x00,0x09,0x00,0x00,  //......#*.....


/*  */
0x15,0x55,0x55,0x55,0x55,0x55,0x40,  //.************************.
0xbf,0xff,0xff,0xff,0xff,0xff,0xd0,  //%@@@@@@@@@@@@@@@@@@@@@@@@*
0xe0,0x00,0x00,0x00,0x00,0x00,0xe0,  //@#**********************@%
0xe0,0x00,0x00,0x00,0x00,0x00,0xe0,  //@%......................@%
0xe0,0x00,0x00,0x00,0x00,0x00,0xe0,  //@%......................@%
0xe0,0x00,0x00,0x00,0x00,0x00,0xe0,  //@%......................@%
0xe0,0x00,0x00,0x00,0x00,0x00,0xe0,  //@%......................@%
0xe0,0x00,0x00,0x00,0x00,0x00,0xe0,  //@%......................@%
0xe0,0x00,0x00,0x00,0x00,0x00,0xe0,  //@%......................@%
0xe0,0x00,0x00,0x00,0x00,0x00,0xe0,  //@%......................@%
0xe0,0x00,0x00,0x00,0x00,0x00,0xe0,  //@%......................@%
0xe0,0x00,0x00,0x00,0x00,0x00,0xe0,  //@%......................@%
0xe0,0x00,0x00,0x00,0x00,0x00,0xe0,  //@%......................@%
0xe0,0x00,0x00,0x00,0x00,0x00,0xe0,  //@%......................@%
0xfa,0xaa,0xaa,0xaa,0xaa,0xaa,0xe0,  //@@%%%%%%%%%%%%%%%%%%%%%#@%
0xff,0xff,0xff,0xff,0xff,0xff,0xe0,  //@@@@@@@@@@@@@@@@@@@@@@@@@%
0xff,0xff,0xff,0xff,0xff,0xff,0xe0,  //@@@@@@@@@@@@@@@@@@@@@@@@@%
0xff,0xff,0xff,0xff,0xff,0xff,0xe0,  //@@@@@@@@@@@@@@@@@@@@@@@@@%
0x7f,0xff,0xff,0xff,0xff,0xff,0x80,  //*@@@@@@@@@@@@@@@@@@@@@@@#+
0x00,0x00,0x2f,0xff,0x40,0x00,0x00,  //.+*******%@@@@@@********+.
0x00,0x00,0x2f,0xff,0x40,0x00,0x00,  //.........#@@@@@@%.........
0x00,0x00,0x3f,0xff,0x80,0x00,0x00,  //........*@@@@@@@#.........
0x00,0x00,0x2a,0xaa,0x80,0x00,0x00,  //........+%%%%%%%%.........


/*  */
0x00,0xbf,0xff,0xff,0xff,0xd0,0x00,  //....#@@@@@@@@@@@@@@@@%....
0x01,0xd5,0x55,0x55,0x55,0xb0,0x00,  //...*@%**************#@+...
0x01,0xc0,0x00,0x00,0x00,0x70,0x00,  //...*@*..............*@*...
0x01,0xc0,0x00,0x00,0x00,0x70,0x00,  //...*@*..............*@*...
0x01,0xc0,0x00,0x00,0x00,0x70,0x00,  //...*@*..............*@*...
0x01,0xc0,0x00,0x00,0x00,0x70,0x00,  //...*@*..............*@*...
0x01,0xc0,0x00,0x00,0x00,0x70,0x00,  //...*@*..............*@*...
0x01,0xc0,0x00,0x00,0x00,0x70,0x00,  //...*@*..............*@*...
0x01,0xc0,0x00,0x00,0x00,0x70,0x00,  //...*@*..............*@*...
0x01,0xc0,0x00,0x00,0x00,0x70,0x00,  //...*@*..............*@*...
0x01,0xc0,0x00,0x00,0x00,0x70,0x00,  //...*@*..............*@*...
0x01,0xd0,0x00,0x00,0x00,0x70,0x00,  //...*@***************%@*...
0x00,0xff,0xff,0xff,0xff,0xe0,0x00,  //...*@@@@@@@@@@@@@@@@@#....
0x00,0x15,0x55,0x55,0x55,0x40,0x00,  //....*****************+....
0x55,0x55,0x55,0x55,0x55,0x55,0x50,  //**************************
0xff,0xff,0xfe,0x5f,0xff,0xff,0xe0,  //@@@@@@@@@@@%**@@@@@@@@@@@%
0x6f,0xff,0xff,0xff,0xff,0xff,0x80,  //*#@@@@@@@@@@@@@@@@@@@@@@#*


/*  */
0x2a,0xaa,0xaa,0xa4,  //+%%%%%%%%%%%%%*
0xba,0xaa,0xaa,0xac,  //#@%%%%%%%%%%%#@
0xe0,0x00,0x00,0x0c,  //@%...........*@
0xe0,0x00,0x00,0x0c,  //@%...........*@
0xe0,0x00,0x00,0x0c,  //@%...........*@
0xe0,0x00,0x00,0x0c,  //@%...........*@
0xe0,0x00,0x00,0x0c,  //@%...........*@
0xe0,0x00,0x00,0x0c,  //@%...........*@
0xe0,0x00,0x00,0x0c,  //@%...........*@
0xe0,0x00,0x00,0x0c,  //@%...........*@
0xe0,0x00,0x00,0x0c,  //@%...........*@
0xe0,0x00,0x00,0x0c,  //@%...........*@
0xe0,0x00,0x00,0x0c,  //@%...........*@
0xe0,0x00,0x00,0x0c,  //@%...........*@
0xe0,0x00,0x00,0x0c,  //@%...........*@
0xe5,0x55,0x55,0x5c,  //@#***********%@
0xff,0xfd,0xbf,0xfc,  //@@@@@@@%#@@@@@@
0xbf,0xf8,0x7f,0xfc,  //#@@@@@#.%@@@@@@
0x2f,0xfe,0xff,0xf4,  //+#@@@@@#@@@@@@%


/*  */
0x7f,0xff,0xe0,  //%@@@@@@@@#
0xfe,0x5b,0xf0,  //@@@#**#@@@
0xff,0xff,0xf0,  //@@@@@@@@@@
0xd0,0x00,0x30,  //@********@
0xc0,0x00,0x30,  //@*.......@
0xc0,0x00,0x30,  //@*.......@
0xc0,0x00,0x30,  //@*.......@
0xc0,0x00,0x30,  //@*.......@
0xc0,0x00,0x30,  //@*.......@
0xc0,0x00,0x30,  //@*.......@
0xc0,0x00,0x30,  //@*.......@
0xc0,0x00,0x30,  //@*.......@
0xc0,0x00,0x30,  //@*.......@
0xd5,0x55,0x70,  //@%*******@
0xff,0x4b,0xf0,  //@@@@**#@@@
0xff,0x0b,0xf0,  //@@@@+.#@@@
0x7f,0xaf,0xe0,  //*@@@##@@@%


/*  */
0x00,0x01,0xaa,0x50,0x00,0x00,  //......+*%%%%%*.......
0x00,0x2f,0xff,0xf9,0x00,0x00,  //....+%@@@@@@@@#*.....
0x00,0xbf,0xff,0xff,0x80,0x00,  //...*#@@@@@@@@@@@%....
0x07,0xfe,0x40,0x6f,0xe0,0x00,  //..*@@@@%*****#@@@#...
0x0b,0xe0,0x00,0x07,0xf8,0x00,  //.+#@@#+.......*@@@%..
0x2f,0x80,0x00,0x01,0xfc,0x00,  //.%@@#..........*@@@*.
0x3f,0x00,0x00,0x00,0x7e,0x00,  //*@@@+...........%@@#.
0x7d,0x00,0x00,0x00,0x3f,0x00,  //%@@%.............@@@+
0xbc,0x00,0x00,0x00,0x2f,0x40,  //#@@*.............%@@*
0xfc,0x00,0x00,0x00,0x1f,0x40,  //@@@..............*@@*
0xfc,0x00,0x00,0x00,0x1f,0x40,  //@@@..............*@@*
0xfc,0x00,0x00,0x00,0x1f,0x40,  //@@@..............*@@*
0xbc,0x00,0x00,0x00,0x2f,0x40,  //%@@*.............%@@*
0x7d,0x00,0x00,0x00,0x3f,0x00,  //%@@%............+@@@+
0x3f,0x00,0x00,0x00,0xbe,0x00,  //+@@@*...........%@@%.
0x2f,0x80,0x00,0x01,0xfc,0x00,  //.%@@#+.........*@@@*.
0x0b,0xe0,0x00,0x07,0xf4,0x00,  //..#@@#*.......%@@@%..
0x02,0xfe,0x41,0x6f,0xe0,0x00,  //..+#@@@#****%#@@@#...
0x00,0xbf,0xff,0xff,0x40,0x00,  //...+#@@@@@@@@@@@%....
0x00,0x1b,0xff,0xf8,0x00,0x00,  //.....*#@@@@@@@#*.....
0x00,0x01,0x6a,0x40,0x00,0x00,  //.......*%%%%*+.......


/*  */
0x00,0x6a,0x00,0x00,0x6a,0x00,  //....*%%%*.......*%%%*.
0x02,0xff,0x40,0x02,0xff,0x40,  //..*#@@@@*.....*#@@@@*.
0x0f,0xff,0x40,0x0f,0xff,0x40,  //.*@@@@@@*....*@@@@@@*.
0x2f,0xe5,0x00,0x2f,0xe5,0x00,  //.#@@@#%*+....#@@@#%*+.
0x7f,0x40,0x00,0x7f,0x40,0x00,  //*@@@%.......*@@@%.....
0xbe,0x00,0x00,0xbe,0x00,0x00,  //#@@%........#@@%......
0xfd,0x00,0x00,0xfd,0x00,0x00,  //@@@*........@@@*......
0xfd,0x00,0x00,0xfd,0x00,0x00,  //@@@*........@@@*......
0xfe,0x00,0x00,0xfe,0x00,0x00,  //@@@#****+...@@@#****+.
0xff,0xff,0xd0,0xff,0xff,0xd0,  //@@@@@@@@@*..@@@@@@@@@*
0xff,0xff,0xf0,0xff,0xff,0xf0,  //@@@@@@@@@@+.@@@@@@@@@@
0xff,0xff,0xf0,0xff,0xff,0xf0,  //@@@@@@@@@@*.@@@@@@@@@@
0xff,0xff,0xf0,0xff,0xff,0xf0,  //@@@@@@@@@@*.@@@@@@@@@@
0xff,0xff,0xf0,0xff,0xff,0xf0,  //@@@@@@@@@@*.@@@@@@@@@@
0xff,0xff,0xf0,0xff,0xff,0xf0,  //@@@@@@@@@@*.@@@@@@@@@@
0xff,0xff,0xf0,0xff,0xff,0xf0,  //@@@@@@@@@@*.@@@@@@@@@@
0xff,0xff,0xf0,0xff,0xff,0xf0,  //@@@@@@@@@@*.@@@@@@@@@@
0xbf,0xff,0xe0,0xbf,0xff,0xe0,  //%@@@@@@@@#..%@@@@@@@@#
0x2f,0xff,0x80,0x2f,0xff,0x80,  //.%@@@@@@#*...%@@@@@@#*


/*  */
0x1a,0xaa,0x80,0x1a,0xaa,0x80,  //.%%%%%%%%+...%%%%%%%%+
0xbf,0xff,0xe0,0xbf,0xff,0xe0,  //%@@@@@@@@#..%@@@@@@@@#
0xff,0xff,0xf0,0xff,0xff,0xf0,  //@@@@@@@@@@*.@@@@@@@@@@
0xff,0xff,0xf0,0xff,0xff,0xf0,  //@@@@@@@@@@*.@@@@@@@@@@
0xff,0xff,0xf0,0xff,0xff,0xf0,  //@@@@@@@@@@*.@@@@@@@@@@
0xff,0xff,0xf0,0xff,0xff,0xf0,  //@@@@@@@@@@*.@@@@@@@@@@
0xff,0xff,0xf0,0xff,0xff,0xf0,  //@@@@@@@@@@*.@@@@@@@@@@
0xff,0xff,0xf0,0xff,0xff,0xf0,  //@@@@@@@@@@*.@@@@@@@@@@
0xbf,0xff,0xf0,0xbf,0xff,0xf0,  //#@@@@@@@@@*.#@@@@@@@@@
0x7f,0xff,0xf0,0x7f,0xff,0xf0,  //*@@@@@@@@@*.*@@@@@@@@@
0x05,0x5b,0xf0,0x05,0x5b,0xf0,  //.+****#@@@*..+****#@@@
0x00,0x03,0xf0,0x00,0x03,0xf0,  //......*@@@*.......*@@@
0x00,0x03,0xf0,0x00,0x03,0xf0,  //......*@@@*.......*@@@
0x00,0x07,0xf0,0x00,0x07,0xf0,  //......*@@@+.......*@@@
0x00,0x0b,0xe0,0x00,0x0b,0xe0,  //.....+#@@#.......+#@@#
0x05,0x6f,0xd0,0x05,0x6f,0xd0,  //..**%#@@@*....**%#@@@*
0x0f,0xff,0x80,0x0f,0xff,0x80,  //.*@@@@@@%....*@@@@@@%.
0x0f,0xfd,0x00,0x0f,0xfd,0x00,  //.*@@@@@%.....*@@@@@%..
0x0b,0xa0,0x00,0x0b,0xa0,0x00,  //.+#@#%*......+#@#%*...


/*  */
0x00,0x00,0x05,0x00,0x00,0x00,  //.........+**+.........
0x00,0x00,0x2f,0x80,0x00,0x00,  //........+#@@#+........
0x00,0x00,0x7f,0xd0,0x00,0x00,  //........*@@@@*...*+...
0x00,0x40,0x7f,0xd1,0xbd,0x00,  //...+*...*@@@@*.*#@@%..
0x07,0xe0,0x2f,0x82,0xff,0x40,  //..*@@#+.+#@@#+.#@@@@*.
0x0b,0xf4,0x05,0x03,0xff,0x80,  //..%@@@*..+**+.*@@@@@%.
0x0b,0xf4,0x00,0x03,0xff,0x40,  //..%@@@*.......+@@@@@%.
0x02,0x90,0x00,0x02,0xfe,0x00,  //...%#%.........%@@@#+.
0x00,0x00,0x00,0x00,0x64,0x00,  //................*%%+..
0x00,0x00,0x00,0x00,0x00,0x00,  //......................
0x00,0x00,0x00,0x00,0x00,0x00,  //.*..................*.
0xb8,0x00,0x00,0x00,0x02,0xe0,  //#@#................#@#
0xfc,0x00,0x00,0x00,0x03,0xf0,  //@@@*..............*@@@
0xb8,0x00,0x00,0x00,0x02,0xe0,  //%@#................#@%
0x00,0x00,0x00,0x00,0x00,0x00,  //.+..................+.
0x00,0x00,0x00,0x00,0x00,0x00,  //......................
0x00,0x00,0x00,0x00,0x00,0x00,  //......................
0x00,0x40,0x00,0x00,0x10,0x00,  //...**+..........+**...
0x03,0xe0,0x00,0x00,0xbc,0x00,  //..*@@#..........#@@*..
0x03,0xe0,0x00,0x00,0xbc,0x00,  //..*@@#..........#@@*..
0x01,0x90,0x0a,0x00,0x64,0x00,  //...%%*...+%%+...*%%...
0x00,0x00,0x2f,0x80,0x00,0x00,  //.........%@@%.........
0x00,0x00,0x1f,0x40,0x00,0x00,  //.........%@@%.........
0x00,0x00,0x05,0x00,0x00,0x00,  //..........**..........


/*  */
0x00,0x01,0xaa,0x50,0x00,0x00,  //......+*%%%%%*.......
0x00,0x2f,0xff,0xf9,0x00,0x00,  //....+%@@@@@@@@#*.....
0x00,0xbf,0xff,0xff,0x80,0x00,  //...*#@@@@@@@@@@@%....
0x07,0xff,0xff,0xff,0xe0,0x00,  //..*@@@@@@@@@@@@@@#...
0x0b,0xff,0xff,0xff,0xf8,0x00,  //.+#@@@@@@@@@@@@@@@%..
0x2f,0xff,0xff,0xff,0xfc,0x00,  //.%@@@@@@@@@@@@@@@@@*.
0x3f,0xff,0xff,0xff,0xfe,0x00,  //*@@@@@@@@@@@@@@@@@@#.
0x7f,0xff,0xff,0xff,0xff,0x00,  //%@@@@@@@@@@@@@@@@@@@+
0xbf,0xff,0xff,0xff,0xff,0x40,  //#@@@@@@@@@@@@@@@@@@@*
0xff,0xff,0xff,0xff,0xff,0x40,  //@@@@@@@@@@@@@@@@@@@@*
0xff,0xff,0xff,0xff,0xff,0x40,  //@@@@@@@@@@@@@@@@@@@@*
0xff,0xff,0xff,0xff,0xff,0x40,  //@@@@@@@@@@@@@@@@@@@@*
0xbf,0xff,0xff,0xff,0xff,0x40,  //%@@@@@@@@@@@@@@@@@@@*
0x7f,0xff,0xff,0xff,0xff,0x00,  //%@@@@@@@@@@@@@@@@@@@+
0x3f,0xff,0xff,0xff,0xfe,0x00,  //+@@@@@@@@@@@@@@@@@@%.
0x2f,0xff,0xff,0xff,0xfc,0x00,  //.%@@@@@@@@@@@@@@@@@*.
0x0b,0xff,0xff,0xff,0xf4,0x00,  //..#@@@@@@@@@@@@@@@%..
0x02,0xff,0xff,0xff,0xe0,0x00,  //..+#@@@@@@@@@@@@@#...
0x00,0xbf,0xff,0xff,0x40,0x00,  //...+#@@@@@@@@@@@%....
0x00,0x1b,0xff,0xf8,0x00,0x00,  //.....*#@@@@@@@#*.....
0x00,0x01,0x6a,0x40,0x00,0x00,  //.......*%%%%*+.......


/*  */
0x00,0x02,0x00,0x00,0x00,0x00,  //.......%*...............
0x00,0x0b,0x40,0x00,0x00,0x00,  //......#@*...............
0x00,0x2f,0x40,0x00,0x00,0x00,  //.....#@@*...............
0x00,0xbf,0x40,0x00,0x00,0x00,  //....#@@@*...............
0x02,0xff,0x95,0x40,0x00,0x00,  //...#@@@@%******+........
0x0b,0xff,0xff,0xff,0xe4,0x00,  //..#@@@@@@@@@@@@@@%*.....
0x2f,0xff,0xff,0xff,0xfe,0x40,  //.#@@@@@@@@@@@@@@@@@#*...
0xbf,0xff,0xff,0xff,0xff,0xd0,  //#@@@@@@@@@@@@@@@@@@@@%..
0xbf,0xff,0xff,0xff,0xff,0xf4,  //#@@@@@@@@@@@@@@@@@@@@@*.
0x2f,0xff,0xff,0xff,0xff,0xfc,  //.#@@@@@@@@@@@@@@@@@@@@@+
0x0b,0xff,0xff,0xff,0xff,0xfd,  //..#@@@@@@@@@@@@@@@@@@@@*
0x02,0xff,0x95,0x56,0xbf,0xfe,  //...#@@@@%******%#@@@@@@%
0x00,0xbf,0x40,0x00,0x0b,0xfe,  //....#@@@*........*%@@@@#
0x00,0x2f,0x40,0x00,0x01,0xff,  //.....#@@*..........%@@@@
0x00,0x0b,0x40,0x00,0x00,0xbf,  //......#@*...........#@@@
0x00,0x02,0x00,0x00,0x00,0x7e,  //.......%*...........*@@#
0x00,0x00,0x00,0x00,0x00,0x3e,  //.....................@@%
0x00,0x00,0x00,0x00,0x00,0x3d,  //.....................@@*
0x00,0x00,0x00,0x00,0x00,0x2c,  //.....................#@+
0x00,0x00,0x00,0x00,0x00,0x28,  //.....................#%.
0x00,0x00,0x00,0x00,0x00,0x30,  //.....................@*.
0x00,0x00,0x00,0x00,0x00,0x10,  //.....................%..


/*  */
0x0f,0x80,0x00,0x00,0x1b,0x40,  //.+@@%+...........*#@*.
0x1f,0xf4,0x05,0x40,0xbf,0x80,  //.*@@@@*.******+*#@@@%.
0x1f,0xff,0xff,0xff,0xff,0x80,  //.*@@@@@@@@@@@@@@@@@@%.
0x1f,0xff,0xff,0xff,0xff,0x80,  //.*@@@@@@@@@@@@@@@@@@%.
0x0f,0xff,0xff,0xff,0xff,0x40,  //.*@@@@@@@@@@@@@@@@@@%.
0x1f,0xff,0xff,0xff,0xff,0x80,  //.*@@@@@@@@@@@@@@@@@@#.
0x3f,0xff,0xff,0xff,0xff,0xd0,  //+@@@@@@@@@@@@@@@@@@@@*
0x7f,0xff,0xff,0xff,0xff,0xe0,  //%@@@@@@@@@@@@@@@@@@@@#
0xbf,0xfb,0xff,0xfe,0xbf,0xf0,  //#@@@@@#@@@@@@@@##@@@@@
0xff,0x40,0x00,0x00,0x0b,0xf0,  //@@@@*....****....*#@@@
0xfd,0x09,0x00,0x06,0x03,0xf0,  //@@@%.+%%......*%*.*@@@
0xfc,0x1f,0x40,0x0f,0x82,0xf0,  //@@@+.%@@*.....@@#..#@@
0xbc,0x2f,0x40,0x0f,0xc2,0xf0,  //#@@..%@@*....*@@@+.%@@
0x7c,0x2f,0x40,0x0f,0xc2,0xe0,  //%@@..%@@*....+@@@..%@#
0x3c,0x0e,0x00,0x0b,0x43,0xd0,  //*@@*.*@#+.....#@%..@@%
0x2e,0x00,0x00,0x00,0x07,0x80,  //.%@#..++.......*..%@#+
0x0b,0x80,0x00,0x00,0x2e,0x00,  //..%@#*..........+%@#+.
0x01,0xba,0x55,0x5a,0xe4,0x00,  //...*#@#%%*****%#@#%...
0x00,0x05,0x6a,0xa5,0x00,0x00,  //.....+**%%%%%%***.....


/*  */
0x1a,0xaa,0x40,0x00,0x00,0x00,  //.*%%%%%%%.............
0x7a,0xaa,0xe0,0x00,0x00,0x00,  //*@#%%%%#@%............
0xa0,0x00,0xb0,0x00,0x00,0x00,  //##......%@+...........
0xe0,0x00,0x75,0x55,0x55,0x00,  //@%......*@%*********+.
0xe0,0x00,0x3f,0xff,0xff,0xd0,  //@%......*@@@@@@@@@@@@*
0xe0,0x00,0x00,0x00,0x00,0xb0,  //@%.......+**********#@
0xe0,0x00,0x00,0x00,0x00,0x70,  //@%..................*@
0xe0,0x00,0x00,0x00,0x00,0x70,  //@%..................*@
0xe0,0x00,0x00,0x00,0x00,0x70,  //@%..................*@
0xe0,0x00,0x00,0x00,0x00,0x70,  //@%..................*@
0xe0,0x00,0x00,0x00,0x00,0x70,  //@%..................*@
0xe0,0x00,0x00,0x00,0x00,0x70,  //@%..................*@
0xe0,0x00,0x00,0x00,0x00,0x70,  //@%..................*@
0xe0,0x00,0x00,0x00,0x00,0x70,  //@%..................*@
0xe0,0x00,0x00,0x00,0x00,0x70,  //@%..................*@
0xe0,0x00,0x00,0x00,0x00,0x70,  //@%..................*@
0xe0,0x00,0x00,0x00,0x00,0x70,  //@#..................%@
0x7a,0xaa,0xaa,0xaa,0xaa,0xe0,  //%@#%%%%%%%%%%%%%%%%%@#
0x1f,0xff,0xff,0xff,0xff,0x80,  //.%@@@@@@@@@@@@@@@@@@%+


/*  */
0x1a,0xaa,0x40,0x00,0x00,0x00,0x00,  //.*%%%%%%%.................
0x7a,0xaa,0xe0,0x00,0x00,0x00,0x00,  //*@#%%%%#@%................
0xa0,0x00,0xb0,0x00,0x00,0x00,0x00,  //##......%@+...............
0xe0,0x00,0x75,0x55,0x50,0x00,0x00,  //@%......*@%********.......
0xe0,0x00,0x3f,0xff,0xfd,0x00,0x00,  //@%......*@@@@@@@@@@%......
0xe0,0x00,0x00,0x00,0x0b,0x40,0x00,  //@%.......+********%@*.....
0xe0,0x00,0x00,0x00,0x03,0x40,0x00,  //@%................*@*.....
0xe0,0x00,0x00,0x00,0x03,0x40,0x00,  //@%................*@*.....
0xe0,0x00,0x00,0x00,0x07,0x40,0x00,  //@%.....+***********@%***..
0xe0,0x0b,0xff,0xff,0xff,0xff,0x80,  //@%...+%@@@@@@@@@@@@@@@@@#+
0xe0,0x2d,0x55,0x55,0x55,0x55,0xd0,  //@%...#@%***************%@*
0xe0,0xb4,0x00,0x00,0x00,0x01,0xd0,  //@%..#@*................*@*
0xe1,0xd0,0x00,0x00,0x00,0x03,0x80,  //@%.%@%................*@#.
0xe7,0x80,0x00,0x00,0x00,0x0a,0x00,  //@%*@#................+##+.
0xee,0x00,0x00,0x00,0x00,0x2d,0x00,  //@#@#.................#@*..
0xf8,0x00,0x00,0x00,0x00,0xb4,0x00,  //@@#+................%@*...
0xf4,0x00,0x00,0x00,0x01,0xe0,0x00,  //@@*................%@%....
0x7a,0xaa,0xaa,0xaa,0xab,0x80,0x00,  //%@#%%%%%%%%%%%%%%%#@#.....
0x1f,0xff,0xff,0xff,0xf9,0x00,0x00,  //.%@@@@@@@@@@@@@@@@#*......


/*  */
0x00,0x01,0xaa,0x50,0x00,0x00,  //......+*%%%%%*.......
0x00,0x2f,0xeb,0xf9,0x00,0x00,  //....+%@@@##@@@#*.....
0x00,0xb8,0x00,0x1b,0x80,0x00,  //...*#@%*....+*#@%....
0x07,0x80,0x00,0x01,0xe0,0x00,  //..*@#*.........%@#...
0x0a,0x00,0x00,0x00,0x78,0x00,  //.+##+...........%@%..
0x2c,0x09,0x00,0x24,0x2c,0x00,  //.%@*.+%%....+%*..%@*.
0x38,0x2f,0x40,0xbd,0x0e,0x00,  //*@%..%@@*...#@@*.+@#.
0x70,0x2f,0x40,0xbd,0x07,0x00,  //%@*..%@@*...#@@*..%@+
0xa0,0x09,0x00,0x24,0x07,0x40,  //##...+%%....+%*...*@*
0xe0,0x00,0x00,0x00,0x03,0x40,  //@%................*@*
0xe0,0x00,0x00,0x00,0x03,0x40,  //@%................*@*
0xe0,0x00,0x00,0x00,0x03,0x40,  //@%....+.......*...*@*
0xb0,0x1c,0x00,0x1c,0x07,0x40,  //%@...%@+.....*@+..*@*
0x70,0x1e,0x00,0x28,0x0b,0x00,  //%@*..*@%....+##...%@+
0x38,0x0b,0x91,0xb0,0x0e,0x00,  //+@%...%@%**%#@*..+@%.
0x2d,0x01,0xff,0x80,0x2c,0x00,  //.%@*...%@@@@#*...#@*.
0x0b,0x00,0x14,0x00,0x74,0x00,  //..#@*...+***....%@%..
0x02,0xd0,0x00,0x02,0xe0,0x00,  //..+#@*........+%@#...
0x00,0xb9,0x00,0x1f,0x40,0x00,  //...+#@#*+...*%@@%....
0x00,0x1b,0xff,0xf8,0x00,0x00,  //.....*#@@@@@@@#*.....
0x00,0x01,0x6a,0x40,0x00,0x00,  //.......*%%%%*+.......


/*  */
0x00,0x01,0xaa,0x50,0x00,0x00,  //......+*%%%%%*.......
0x00,0x2f,0xeb,0xf9,0x00,0x00,  //....+%@@@##@@@#*.....
0x00,0xb8,0x00,0x1b,0x80,0x00,  //...*#@%*....+*#@%....
0x07,0x80,0x00,0x01,0xe0,0x00,  //..*@#*.........%@#...
0x0a,0x00,0x00,0x00,0x78,0x00,  //.+##+...........%@%..
0x2c,0x09,0x00,0x24,0x2c,0x00,  //.%@*.+%%....+%*..%@*.
0x38,0x2f,0x40,0xbd,0x0e,0x00,  //*@%..%@@*...#@@*.+@#.
0x70,0x2f,0x40,0xbd,0x07,0x00,  //%@*..%@@*...#@@*..%@+
0xa0,0x09,0x00,0x24,0x07,0x40,  //##...+%%....+%*...*@*
0xe0,0x00,0x00,0x00,0x03,0x40,  //@%................*@*
0xe0,0x00,0x00,0x00,0x03,0x40,  //@%................*@*
0xe0,0x00,0x69,0x00,0x03,0x40,  //@%......*%%%*.....*@*
0xb0,0x02,0xff,0xd0,0x07,0x40,  //%@....+#@@@@@%....*@*
0x70,0x0b,0x40,0xb4,0x0b,0x00,  //%@*...#@*..*#@*...%@+
0x38,0x1d,0x00,0x2c,0x0e,0x00,  //+@%..*@*.....#@..+@%.
0x2d,0x18,0x00,0x08,0x2c,0x00,  //.%@*.%#......*#+.#@*.
0x0b,0x00,0x00,0x00,0x74,0x00,  //..#@*...........%@%..
0x02,0xd0,0x00,0x02,0xe0,0x00,  //..+#@*........+%@#...
0x00,0xb9,0x00,0x1f,0x40,0x00,  //...+#@#*+...*%@@%....
0x00,0x1b,0xff,0xf8,0x00,0x00,  //.....*#@@@@@@@#*.....
0x00,0x01,0x6a,0x40,0x00,0x00,  //.......*%%%%*+.......


/*  */
0x00,0x01,0xaa,0x50,0x00,0x00,  //......+*%%%%%*.......
0x00,0x2f,0xeb,0xf9,0x00,0x00,  //....+%@@@##@@@#*.....
0x00,0xb8,0x00,0x1b,0x80,0x00,  //...*#@%*....+*#@%....
0x07,0x80,0x00,0x01,0xe0,0x00,  //..*@#*.........%@#...
0x0a,0x00,0x00,0x00,0x78,0x00,  //.+##+...........%@%..
0x2c,0x09,0x00,0x24,0x2c,0x00,  //.%@*.+%%....+%*..%@*.
0x38,0x2f,0x40,0xbd,0x0e,0x00,  //*@%..%@@*...#@@*.+@#.
0x70,0x2f,0x40,0xbd,0x07,0x00,  //%@*..%@@*...#@@*..%@+
0xa0,0x09,0x00,0x24,0x07,0x40,  //##...+%%....+%*...*@*
0xe0,0x00,0x00,0x00,0x03,0x40,  //@%................*@*
0xe0,0x00,0x00,0x00,0x03,0x40,  //@%................*@*
0xe0,0x00,0x00,0x00,0x03,0x40,  //@%................*@*
0xb0,0x1a,0xaa,0xa8,0x07,0x40,  //%@...*%%%%%%%%%*..*@*
0x70,0x1a,0xaa,0xa8,0x0b,0x00,  //%@*..*%%%%%%%%%*..%@+
0x38,0x00,0x00,0x00,0x0e,0x00,  //+@%..............+@%.
0x2d,0x00,0x00,0x00,0x2c,0x00,  //.%@*.............#@*.
0x0b,0x00,0x00,0x00,0x74,0x00,  //..#@*...........%@%..
0x02,0xd0,0x00,0x02,0xe0,0x00,  //..+#@*........+%@#...
0x00,0xb9,0x00,0x1f,0x40,0x00,  //...+#@#*+...*%@@%....
0x00,0x1b,0xff,0xf8,0x00,0x00,  //.....*#@@@@@@@#*.....
0x00,0x01,0x6a,0x40,0x00,0x00,  //.......*%%%%*+.......


/*  */
0x00,0x1a,0xaa,0xaa,0xaa,0x40,0x00,  //....*%%%%%%%%%%%%%%%*+....
0x02,0xff,0xff,0xff,0xff,0xf8,0x00,  //..+#@@@@@@@@@@@@@@@@@@%...
0x0b,0xea,0xff,0xff,0xff,0xfe,0x00,  //.+#@@#%#@@@@@@@@@@@@@@@#..
0x2f,0xd0,0xbf,0xff,0xfe,0xaf,0x80,  //.#@@@*..#@@@@@@@@@@#%#@@%.
0x7f,0xd0,0xbf,0xff,0xfc,0x0b,0xc0,  //*@@@@*..%@@@@@@@@@@+..#@@+
0xba,0x90,0x6b,0xff,0xf8,0x0b,0xd0,  //#@#%%*..%%#@@@@@@@#...%@@*
0xf4,0x00,0x02,0xff,0xfc,0x0b,0xe0,  //@@*........#@@@@@@@*.+#@@%
0xf4,0x00,0x02,0xfe,0x0b,0xbf,0xe0,  //@@*........%@@@#**#@#@@@@%
0xb9,0x40,0x56,0xfd,0x03,0xff,0xd0,  //#@#***..***#@@@*..*@@@@@@%
0x7f,0xd0,0xbf,0xfd,0x03,0xff,0xc0,  //%@@@@*..%@@@@@@%..*@@@@@@*
0x3f,0xd0,0xbf,0xff,0x5b,0xff,0x80,  //+@@@@*..%@@@@@@@%*#@@@@@#.
0x1f,0xe5,0xbf,0xff,0xff,0xfe,0x00,  //.*@@@#**#@@@@@@@@@@@@@@#+.
0x07,0xff,0xf8,0x07,0xff,0xf8,0x00,  //..*@@@@@@@#****@@@@@@@#+..
0x00,0x6f,0x90,0x00,0x6f,0x90,0x00,  //...+%#@@#*.....+%#@@#*....


/*  */
0xbf,0xff,0xff,0xff,0xff,0xff,0xd0,  //%@@@@@@@@@@@@@@@@@@@@@@@@*
0xe0,0x00,0x00,0x00,0x00,0x00,0xe0,  //@#**********************@%
0xe0,0x00,0x00,0x00,0x00,0x00,0xe0,  //@%......................@%
0xe1,0xc3,0x4b,0x0d,0x28,0x70,0xe0,  //@%.*@**@*.%@.*@*.%%.*@*.@%
0xe1,0x82,0x46,0x09,0x14,0x70,0xe0,  //@%.*%++%*.%%.+%*.%%.*@*.@%
0xe0,0x00,0x00,0x00,0x00,0x70,0xe0,  //@%..................*@*.@%
0xe0,0x54,0x10,0x50,0x41,0xb0,0xe0,  //@%.****.**+.**.**++*%@*.@%
0xe1,0xf8,0x70,0xe1,0xc3,0xf0,0xe0,  //@%.*@@%.*@*.@%.*@**@@@*.@%
0xe0,0x00,0x00,0x00,0x00,0x00,0xe0,  //@%.+**+..*..*+.+*..***..@%
0xe0,0x00,0x00,0x00,0x00,0x00,0xe0,  //@%.+*..***********+..*..@%
0xe1,0xc3,0xff,0xff,0xf8,0x70,0xe0,  //@%.*@**@@@@@@@@@@@%.*@*.@%
0xe0,0x41,0x55,0x55,0x54,0x10,0xe0,  //@%.**++************.**+.@%
0xe0,0x00,0x00,0x00,0x00,0x00,0xe0,  //@%......................@%
0xea,0xaa,0xaa,0xaa,0xaa,0xaa,0xe0,  //@#%%%%%%%%%%%%%%%%%%%%%%@%
0x7f,0xff,0xff,0xff,0xff,0xff,0x80,  //*@@@@@@@@@@@@@@@@@@@@@@@#+


/*  */
0x64,0x00,0x00,0x00,0x00,0x00,  //*%%....................
0xfc,0x00,0x00,0x00,0x00,0x00,  //@@@*......*............
0xbc,0x02,0xbf,0x90,0x00,0x68,  //#@@+..*%#@@@#%*.....*##
0x34,0x6f,0x96,0xbe,0x46,0xfc,  //*@%.*#@@#%*%#@@#**%#@@@
0x35,0xe4,0x00,0x07,0xfe,0x6c,  //*@*%@#*+.....+%@@@@#%#@
0x36,0xc0,0x00,0x00,0x10,0x2c,  //*@*%@..........+***..%@
0x36,0xc0,0x00,0x00,0x00,0x2c,  //*@*%@................%@
0x36,0xc0,0x00,0x00,0x00,0x2c,  //*@*%@................%@
0x36,0xc0,0x00,0x00,0x00,0x2c,  //*@*%@................%@
0x36,0xc0,0x00,0x00,0x00,0x2c,  //*@*%@................%@
0x36,0xc0,0x00,0x00,0x00,0x2c,  //*@*%@................%@
0x36,0xc0,0x00,0x00,0x00,0x2c,  //*@*%@....+**.........%@
0x36,0xc6,0xbf,0xe4,0x00,0x2c,  //*@*%@.*%#@@@@%*.....+#@
0x36,0xef,0x95,0xbe,0x46,0xf8,  //*@*%@#@@#%**%@@#***#@@%
0x36,0xe4,0x00,0x06,0xff,0x40,  //*@*%@#*+......*#@@@@%*.
0x34,0x40,0x00,0x00,0x00,0x00,  //*@***...........***....
0x34,0x00,0x00,0x00,0x00,0x00,  //*@*....................
0x34,0x00,0x00,0x00,0x00,0x00,  //*@*....................
0x34,0x00,0x00,0x00,0x00,0x00,  //*@*....................
0x34,0x00,0x00,0x00,0x00,0x00,  //*@*....................
0x20,0x00,0x00,0x00,0x00,0x00,  //+%*....................


/*  */
0x64,0x00,0x00,0x00,0x00,0x00,  //*%%....................
0xfc,0x00,0x00,0x00,0x00,0x00,  //@@@*......*............
0xbc,0x02,0xbf,0x90,0x00,0x68,  //#@@+..*%#@@@#%*.....*##
0x34,0x6f,0x9b,0xfe,0x46,0xfc,  //*@%.*#@@#%#@@@@#**%#@@@
0x35,0xe4,0x0b,0xff,0xfe,0x6c,  //*@*%@#*+..%@@@@@@@@#%#@
0x36,0xc0,0x0b,0xff,0x50,0x2c,  //*@*%@.....%@@@@@***..%@
0x36,0xc0,0x64,0x6f,0x00,0x2c,  //*@*%@..*%%***%@@*....#@
0x36,0xdb,0xf0,0x01,0x01,0xbc,  //*@*%@*#@@@*...+%*.+*#@@
0x36,0xff,0xf0,0x00,0xbf,0xfc,  //*@*%@@@@@@*.....%@@@@@@
0x36,0xfe,0x46,0x40,0xbf,0xfc,  //*@*%@@@#**%%*+..%@@@@@@
0x36,0xd0,0x0b,0xf9,0xbe,0x2c,  //*@*%@%+...%@@@#*%@@%*%@
0x36,0xc0,0x0b,0xff,0x00,0x2c,  //*@*%@.....#@@@@@*....%@
0x36,0xc6,0xbf,0xff,0x00,0x2c,  //*@*%@.*%#@@@@@@@*...+#@
0x36,0xef,0x95,0xbf,0x46,0xf8,  //*@*%@#@@#%**%@@@%**#@@%
0x36,0xe4,0x00,0x06,0xff,0x40,  //*@*%@#*+......*#@@@@%*.
0x34,0x40,0x00,0x00,0x00,0x00,  //*@***...........***....
0x34,0x00,0x00,0x00,0x00,0x00,  //*@*....................
0x34,0x00,0x00,0x00,0x00,0x00,  //*@*....................
0x34,0x00,0x00,0x00,0x00,0x00,  //*@*....................
0x34,0x00,0x00,0x00,0x00,0x00,  //*@*....................
0x20,0x00,0x00,0x00,0x00,0x00,  //+%*....................


/*  */
0xb4,0x00,0x00,0x00,0x00,0x00,  //%@*...................
0x2d,0x00,0x00,0x00,0x00,0x00,  //+#@*..................
0x0b,0x40,0x00,0x00,0x00,0x00,  //.+#@*.................
0x02,0xd0,0x00,0x00,0x00,0x00,  //..+#@*................
0x00,0xb4,0x00,0x00,0x00,0x00,  //...+#@*...............
0x00,0x2d,0x00,0x00,0x00,0x00,  //....+#@*..............
0x00,0x2e,0x00,0x00,0x00,0x00,  //.....%@#..............
0x00,0x78,0x00,0x00,0x00,0x00,  //....%@#...............
0x01,0xe0,0x00,0x00,0x00,0x00,  //...%@#................
0x07,0x80,0x00,0x00,0x00,0x00,  //..%@#.................
0x1e,0x00,0x00,0x00,0x00,0x00,  //.%@#..................
0x78,0x00,0x00,0x00,0x00,0x00,  //%@#...................
0x60,0x00,0x2a,0xaa,0xaa,0xa0,  //*#......*%%%%%%%%%%%%%
0x00,0x00,0x7f,0xff,0xff,0xf0,  //........*@@@@@@@@@@@@@


/*  */
0x00,0x00,0x00,0x18,0x00,0x00,  //.............*%+........
0x00,0x00,0x00,0x2c,0x00,0x00,  //.............#@.........
0x00,0x00,0x00,0x38,0x00,0x00,  //......*......@%..*......
0x00,0x2c,0x00,0x74,0x74,0x00,  //.....#@*....*@*.%@%.....
0x00,0xb8,0x00,0x70,0x2d,0x00,  //....#@#.....%@+.+#@%....
0x02,0xe0,0x00,0xa0,0x0b,0x40,  //...#@#......##...+#@%...
0x0b,0x80,0x00,0xd0,0x02,0xd0,  //..#@#......+@%....+#@%..
0x2e,0x00,0x01,0xc0,0x00,0xb4,  //.#@#.......%@*.....+#@%.
0xb8,0x00,0x02,0x80,0x00,0x2d,  //#@#........##.......+#@%
0xf0,0x00,0x03,0x80,0x00,0x2e,  //@@*.......+@%........%@#
0x78,0x00,0x07,0x40,0x00,0x78,  //*@#+......*@*.......%@#+
0x1e,0x00,0x0b,0x00,0x01,0xe0,  //.*@#+.....%@+......%@#+.
0x07,0x80,0x0a,0x00,0x07,0x80,  //..*@#+....##......%@#+..
0x01,0xe0,0x0d,0x00,0x1e,0x00,  //...*@#+..*@%.....%@#+...
0x00,0x78,0x1c,0x00,0x78,0x00,  //....*@#+.%@*....*@#+....
0x00,0x18,0x28,0x00,0x20,0x00,  //.....*#..##.....+#+.....
0x00,0x00,0x38,0x00,0x00,0x00,  //........+@%.............
0x00,0x00,0x74,0x00,0x00,0x00,  //........*@*.............
0x00,0x00,0x10,0x00,0x00,0x00,  //.........*..............


/*  */
0x00,0x02,0x00,0x50,0x00,0x00,  //.......%*...%*..........
0x00,0x0b,0x41,0xe0,0x00,0x00,  //......#@*..%@%..........
0x00,0x2e,0x07,0xe0,0x00,0x00,  //.....#@#+.%@@%..........
0x00,0xb8,0x1f,0xe0,0x00,0x00,  //....#@#+.%@@@%..........
0x02,0xe0,0x7f,0xe0,0x00,0x00,  //...#@#+.%@@@@#*+........
0x0b,0x81,0xff,0xff,0xe4,0x00,  //..#@#+.%@@@@@@@@@%*.....
0x2e,0x07,0xff,0xff,0xfe,0x40,  //.#@#+.%@@@@@@@@@@@@#*...
0xbc,0x1f,0xff,0xff,0xff,0xd0,  //#@@+.%@@@@@@@@@@@@@@@%..
0xbc,0x1f,0xff,0xff,0xff,0xf4,  //#@@+.%@@@@@@@@@@@@@@@@*.
0x2e,0x07,0xff,0xff,0xff,0xf8,  //.#@#+.%@@@@@@@@@@@@@@@#.
0x0b,0x81,0xff,0xff,0xff,0xfd,  //..#@#+.%@@@@@@@@@@@@@@@*
0x02,0xe0,0x7f,0xe6,0xbf,0xfe,  //...#@#+.%@@@@#%%#@@@@@@%
0x00,0xb8,0x1f,0xe0,0x0b,0xfe,  //....#@#+.%@@@%...*%@@@@#
0x00,0x2e,0x07,0xe0,0x01,0xff,  //.....#@#+.%@@%.....%@@@@
0x00,0x0b,0x41,0xe0,0x00,0xbf,  //......#@*..%@%......#@@@
0x00,0x02,0x00,0x50,0x00,0x7e,  //.......%*...%*......*@@#
0x00,0x00,0x00,0x00,0x00,0x3e,  //....................+@@%
0x00,0x00,0x00,0x00,0x00,0x3d,  //.....................@@*
0x00,0x00,0x00,0x00,0x00,0x2c,  //.....................#@+
0x00,0x00,0x00,0x00,0x00,0x28,  //.....................#%.
0x00,0x00,0x00,0x00,0x00,0x30,  //.....................@*.
0x00,0x00,0x00,0x00,0x00,0x10,  //.....................%..


/*  */
0x00,0x00,0x06,0x00,0x00,0x00,  //..........*#..........
0x00,0x00,0x0b,0x40,0x00,0x00,  //..........#@*.........
0x00,0x00,0x1f,0x80,0x00,0x00,  //.........*@@#.........
0x00,0x00,0x2e,0xd0,0x00,0x00,  //.........#@#@*........
0x00,0x00,0x7d,0xe0,0x00,0x00,  //........*@@*@#........
0x00,0x00,0xbc,0x74,0x00,0x00,  //........#@@*%@*.......
0x00,0x06,0xfc,0x39,0x00,0x00,  //.....**%@@@*+@#**.....
0x5a,0xff,0xfc,0x1f,0xfe,0x90,  //*%%#@@@@@@@*.%@@@@@%%*
0xbf,0xff,0xfc,0x00,0x5a,0xe0,  //#@@@@@@@@@@*..***%%#@#
0x2f,0xff,0xfc,0x00,0x07,0x80,  //.#@@@@@@@@@*......*@#+
0x0b,0xff,0xfc,0x00,0x1e,0x00,  //..#@@@@@@@@*.....*@#+.
0x02,0xff,0xfc,0x00,0x78,0x00,  //...#@@@@@@@*....*@#+..
0x00,0xbf,0xfc,0x01,0xe0,0x00,  //....#@@@@@@*...*@#+...
0x00,0x2f,0xfc,0x02,0xc0,0x00,  //.....#@@@@@*...%@*....
0x00,0x3f,0xfc,0x01,0xc0,0x00,  //.....@@@@@@*...*@*....
0x00,0x3f,0xfc,0x00,0xd0,0x00,  //....+@@@@@@*...*@*....
0x00,0x3f,0xfe,0x40,0xd0,0x00,  //....*@@@@@@#*..+@%....
0x00,0x7f,0xfe,0xe4,0xe0,0x00,  //....*@@@@@@#@#*.@%....
0x00,0xbf,0xd0,0x6e,0xb0,0x00,  //....%@@@@%+.*#@##@....
0x00,0xbe,0x00,0x07,0xf0,0x00,  //....#@@%+.....%@@@+...
0x00,0xa0,0x00,0x00,0x70,0x00,  //....#%*........+%@*...


/*  */
0x00,0x00,0x00,0x00,0x68,  //................*#%
0x00,0x00,0x00,0x06,0xf4,  //..............*#@@%
0x00,0x00,0x00,0x6f,0xf0,  //............*#@@@@+
0x00,0x00,0x06,0xff,0xd0,  //..........*#@@@@@%.
0x00,0x00,0x6f,0xff,0xc0,  //........*#@@@@@@@+.
0x00,0x06,0xff,0xff,0x40,  //......*#@@@@@@@@%..
0x00,0x6f,0xff,0xff,0x00,  //....*#@@@@@@@@@@+..
0x06,0xff,0xff,0xfd,0x00,  //..*#@@@@@@@@@@@%...
0x6f,0xff,0xff,0xfc,0x00,  //*#@@@@@@@@@@@@@+...
0xbf,0xff,0xff,0xf4,0x00,  //#@@@@@@@@@@@@@%....
0x00,0x00,0x7f,0xf0,0x00,  //.*******%@@@@@+....
0x00,0x00,0x7f,0xd0,0x00,  //........*@@@@%.....
0x00,0x00,0x7f,0xc0,0x00,  //........*@@@@+.....
0x00,0x00,0x7f,0x40,0x00,  //........*@@@%......
0x00,0x00,0x7f,0x00,0x00,  //........*@@@+......
0x00,0x00,0x7d,0x00,0x00,  //........*@@%.......
0x00,0x00,0x7c,0x00,0x00,  //........*@@+.......
0x00,0x00,0x74,0x00,0x00,  //........*@%........
0x00,0x00,0x20,0x00,0x00,  //........+%.........


/*  */
0x01,0xa4,0x00,0x00,0x00,0x10,  //...*%%%..............%
0x01,0xf8,0x00,0x00,0x00,0x50,  //...*@@%.............%%
0x01,0xf8,0x00,0x00,0x01,0x40,  //...*@@%............%%.
0x56,0xf9,0x55,0x55,0x59,0x00,  //***%@@#***********%%..
0xff,0xff,0xff,0xff,0xf8,0x00,  //@@@@@@@@@@@@@@@@@@#...
0xff,0xff,0xff,0xff,0xf8,0x00,  //@@@@@@@@@@@@@@@@@@%...
0xff,0xff,0xff,0xff,0xf8,0x00,  //@@@@@@@@@@@@@@@@@@%...
0x01,0xf8,0x00,0x06,0xf8,0x00,  //...*@@%.......%#@@%...
0x01,0xf8,0x00,0x15,0xf8,0x00,  //...*@@%......%%*@@%...
0x01,0xf8,0x00,0x51,0xf8,0x00,  //...*@@%.....%%.*@@%...
0x01,0xf8,0x01,0x41,0xf8,0x00,  //...*@@%....%%..*@@%...
0x01,0xf8,0x05,0x01,0xf8,0x00,  //...*@@%...%%...*@@%...
0x01,0xf8,0x14,0x01,0xf8,0x00,  //...*@@%..%%....*@@%...
0x01,0xf8,0x50,0x01,0xf8,0x00,  //...*@@%.%%.....*@@%...
0x01,0xf9,0x40,0x01,0xf8,0x00,  //...*@@%%%......*@@%...
0x01,0xfe,0x55,0x56,0xf9,0x50,  //...*@@@#*******%@@#***
0x01,0xff,0xff,0xff,0xff,0xf0,  //...*@@@@@@@@@@@@@@@@@@
0x01,0xff,0xff,0xff,0xff,0xf0,  //...*@@@@@@@@@@@@@@@@@@
0x01,0xff,0xff,0xff,0xff,0xf0,  //...*@@@@@@@@@@@@@@@@@@
0x00,0x00,0x00,0x01,0xf8,0x00,  //...............*@@%...
0x00,0x00,0x00,0x01,0xf8,0x00,  //...............*@@%...
0x00,0x00,0x00,0x01,0xf8,0x00,  //...............*@@%...


/*  */
0x1a,0x00,0x00,0x00,  //.%%%..........
0xa6,0x80,0x00,0x00,  //%#*##......+..
0xc0,0xc0,0x1f,0x80,  //@*.*@+...%@@%.
0x91,0x80,0x34,0x90,  //#%.*#...+@**#*
0x2f,0x40,0x60,0x60,  //*#@@*...*#..%%
0x2e,0x00,0x34,0x90,  //.%@%....+@**#*
0x2e,0x00,0x1f,0x80,  //.%@%.....*@@%.
0x2e,0x00,0x0f,0x40,  //.%@%.....*@@*.
0x2e,0x00,0x1f,0x00,  //.%@%.....*@@+.
0x2e,0x00,0x2e,0x00,  //.%@%....*#@#..
0x2e,0x06,0xfc,0x00,  //.%@%..*%@@@*..
0x2e,0xbf,0xf4,0x00,  //.%@#%@@@@@*...
0x2f,0xff,0x40,0x00,  //.%@@@@@@%+....
0x2f,0xe4,0x00,0x00,  //.%@@@%*.......
0x2f,0x00,0x00,0x00,  //.%@@+.........
0x2e,0x00,0x00,0x00,  //.%@#..........
0x7b,0x40,0x00,0x00,  //*@#@%.........
0x91,0xc0,0x00,0x00,  //#*.*@.........
0xc0,0xc0,0x00,0x00,  //@*.*@+........
0x66,0x80,0x00,0x00,  //%#%#%.........
0x19,0x00,0x00,0x00,  //.*%*..........


/*  */
0x00,0x00,0x00,0x04,0x00,0x00,  //.....**+......*.......
0x01,0xbf,0x40,0x08,0x00,0x00,  //...*#@@@*.....%.......
0x07,0xff,0xd0,0x08,0x01,0x40,  //..*@@@@@@*....%....**.
0x1f,0x92,0xf4,0x08,0x06,0x00,  //.*@@#**#@@*...%...*#..
0x3e,0x00,0xbd,0x08,0x18,0x00,  //*@@#+..+#@@*..%..*#...
0xbc,0x00,0x2f,0x44,0x60,0x00,  //%@@+....+#@@*.*.*#....
0xb8,0x00,0x0b,0xd0,0x00,0x00,  //%@%......+#@@*..*.....
0x7d,0x00,0x00,0x00,0x00,0x00,  //%@@*......+*+....+****
0x3f,0x40,0x00,0x00,0x15,0x50,  //+@@@*............*****
0x1f,0xd0,0x00,0x00,0x40,0x00,  //.*@@@*.........**.....
0x07,0xf4,0x00,0x01,0xd0,0x00,  //..*@@@*........*@*....
0x01,0xf8,0x00,0x01,0xf4,0x00,  //...*@@%........*@@*...
0x00,0x78,0x00,0x00,0xbd,0x00,  //....*@%........+#@@*..
0x00,0x18,0x00,0x00,0x2f,0x40,  //.....*%.........+#@@*.
0x55,0x40,0x00,0x00,0x0b,0xc0,  //*****............+#@@*
0x55,0x40,0x00,0x00,0x02,0xe0,  //*****.............+#@#
0x00,0x00,0x3f,0x40,0x01,0xf0,  //.....+..*@@@*......%@@
0x00,0x60,0x1f,0xd0,0x02,0xf0,  //....*#.*.*@@@*.....#@@
0x01,0x82,0x07,0xf4,0x0b,0xd0,  //...*#..%*.*@@@*...#@@%
0x06,0x02,0x01,0xfd,0x2f,0x80,  //..*#...%*..*@@@*+#@@#.
0x08,0x02,0x00,0x7f,0xfe,0x00,  //.+#....%*...*@@@@@@#..
0x00,0x02,0x00,0x1b,0xf8,0x00,  //.......%*....*#@@@#...
0x00,0x01,0x00,0x01,0x40,0x00,  //.......*+.....+***....


/*  */
0x01,0xbf,0x90,0x00,  //...*#@@@#*...
0x0b,0xff,0xf8,0x00,  //.+#@@@@@@@%..
0x2f,0xff,0xfe,0x00,  //.#@@@@@@@@@%.
0x7f,0xeb,0xff,0x00,  //%@@@@#%@@@@@*
0x2f,0x40,0xbf,0x40,  //+#@@*...#@@@%
0x05,0x00,0x7f,0x80,  //..%%....%@@@%
0x00,0x01,0xff,0x40,  //.......*@@@@*
0x00,0x0b,0xfe,0x00,  //.....+#@@@@#.
0x00,0x2f,0xf8,0x00,  //....+#@@@@#+.
0x00,0x7f,0xd0,0x00,  //....%@@@@%...
0x00,0xbf,0x80,0x00,  //....%@@@%....
0x00,0x6a,0x00,0x00,  //....%%%%*....
0x00,0x00,0x00,0x00,  //....+***.....
0x00,0xbf,0x40,0x00,  //....%@@@*....
0x00,0xbf,0x40,0x00,  //....%@@@*....
0x00,0xbf,0x40,0x00,  //....%@@@*....
0x00,0xbf,0x40,0x00,  //....%@@@*....


/*  */
0x0a,0xa4,0x00,  //.+%%%%*..
0x0f,0xf8,0x00,  //.*@@@@%..
0x0f,0xf8,0x00,  //.*@@@@%..
0x0f,0xf8,0x00,  //.*@@@@%..
0x05,0x50,0x00,  //..*****..
0x00,0x00,0x00,  //.........
0x00,0x00,0x00,  //.........
0xbf,0xf8,0x00,  //#@@@@@%..
0xff,0xf8,0x00,  //@@@@@@%..
0xff,0xf8,0x00,  //@@@@@@%..
0x1f,0xf8,0x00,  //*%@@@@%..
0x0f,0xf8,0x00,  //.*@@@@%..
0x0f,0xf8,0x00,  //.*@@@@%..
0x0f,0xf8,0x00,  //.*@@@@%..
0x0f,0xf8,0x00,  //.*@@@@%..
0x1f,0xf9,0x00,  //*%@@@@#*.
0xff,0xff,0x40,  //@@@@@@@@*
0xff,0xff,0x40,  //@@@@@@@@*
0xbf,0xff,0x40,  //#@@@@@@@*


/*  */
0x6a,0xa0,  //*%%%%%
0xbf,0xf0,  //%@@@@@
0xbf,0xf0,  //%@@@@@
0x7f,0xf0,  //*@@@@@
0x7f,0xf0,  //*@@@@@
0x7f,0xf0,  //*@@@@@
0x7f,0xf0,  //*@@@@@
0x7f,0xf0,  //*@@@@@
0x7f,0xf0,  //*@@@@@
0x7f,0xf0,  //*@@@@@
0x3f,0xf0,  //*@@@@@
0x3f,0xe0,  //+@@@@#
0x00,0x00,  //.+***.
0x00,0x00,  //......
0x2a,0x90,  //.%%%%*
0x3f,0xe0,  //*@@@@%
0x3f,0xe0,  //*@@@@%
0x3f,0xe0,  //*@@@@%
0x2f,0xe0,  //+#@@@%


/*  */
0x00,0x00,0x00,0x00,0x54,0x00,  //...............****..
0x00,0x00,0x00,0x07,0xfe,0x00,  //..............%@@@@%.
0x00,0x00,0x00,0x0a,0x5f,0x00,  //..............##*%@@*
0x00,0x00,0x00,0x00,0x0b,0x40,  //...............+..%@*
0x00,0x00,0x00,0x00,0x0f,0x00,  //.................+@@+
0x00,0x00,0x00,0x00,0x7d,0x00,  //................*@@*.
0x00,0x00,0x00,0x02,0xe0,0x00,  //...............#@#*..
0xff,0x00,0xbf,0x0b,0x40,0x00,  //@@@@+...#@@@..#@%..*+
0xff,0x81,0xff,0x0e,0x07,0x40,  //@@@@%..*@@@@.*@#***@*
0x0b,0xc2,0xe0,0x1f,0xff,0x40,  //**#@@*.#@#**.*@@@@@@*
0x03,0xeb,0xd0,0x05,0x55,0x00,  //..+@@#%@@*...+*******
0x01,0xff,0x80,0x00,0x00,0x00,  //...*@@@@%............
0x00,0xbf,0x00,0x00,0x00,0x00,  //....#@@@.............
0x00,0xbf,0x00,0x00,0x00,0x00,  //....#@@@*............
0x02,0xfb,0x80,0x00,0x00,0x00,  //...%@@#@#............
0x03,0xe7,0xe0,0x00,0x00,0x00,  //..*@@%*@@%...........
0x0b,0x82,0xf4,0x00,0x00,0x00,  //**#@#+.#@@**.........
0xff,0x40,0xff,0x00,0x00,0x00,  //@@@@*..*@@@@.........
0xfe,0x00,0x7f,0x00,0x00,0x00,  //@@@#....%@@@.........


/*  */
0xff,0x00,0xbf,0x00,0x00,0x00,  //@@@@+...#@@@.........
0xff,0x81,0xff,0x00,0x00,0x00,  //@@@@%..*@@@@.........
0x0b,0xc2,0xe0,0x00,0x00,0x00,  //**#@@*.#@#**.........
0x03,0xeb,0xd0,0x00,0x00,0x00,  //..+@@#%@@*...........
0x01,0xff,0x80,0x00,0x00,0x00,  //...*@@@@%............
0x00,0xbf,0x00,0x00,0x54,0x00,  //....#@@@.......****..
0x00,0xbf,0x00,0x07,0xfe,0x00,  //....#@@@*.....%@@@@#.
0x02,0xfb,0x80,0x0a,0x5f,0x00,  //...%@@#@#.....##*%@@*
0x03,0xe7,0xe0,0x00,0x0b,0x40,  //..*@@%*@@%.....+..%@*
0x0b,0x82,0xf4,0x00,0x0f,0x00,  //**#@#+.#@@**.....+@@+
0xff,0x40,0xff,0x00,0x7d,0x00,  //@@@@*..*@@@@....*@@*.
0xfe,0x00,0x7f,0x02,0xe0,0x00,  //@@@#....%@@@...#@#*..
0x00,0x00,0x00,0x0b,0x40,0x00,  //..............#@%..*+
0x00,0x00,0x00,0x0e,0x03,0x40,  //.............*@#***@*
0x00,0x00,0x00,0x1f,0xff,0x40,  //.............*@@@@@@*


/*  */
0x00,0x00,0x00,0x7f,0xff,0xff,0xc0,  //............%@@@@@@@@@@@@*
0x00,0x00,0x01,0xff,0xff,0xff,0xe0,  //...........*@@@@@@@@@@@@@%
0x00,0x00,0x07,0xff,0xff,0xff,0xd0,  //..........*@@@@@@@@@@@@@@*
0x00,0x00,0x0f,0xff,0xff,0xff,0x40,  //.........*@@@@@@@@@@@@@@%.
0x00,0x00,0x2f,0xff,0xff,0xfe,0x00,  //........+#@@@@@@@@@@@@@%..
0x00,0x00,0xbf,0xff,0xff,0xf8,0x00,  //........#@@@@@@@@@@@@@#...
0x00,0x02,0xff,0xff,0xff,0xe0,0x00,  //.......#@@@@@@@@@@@@@#....
0x00,0x0b,0xff,0xff,0xff,0x80,0x00,  //......%@@@@@@@@@@@@@#+....
0x00,0x1f,0xff,0xff,0xff,0x00,0x00,  //.....%@@@@@@@@@@@@@@+.....
0x00,0x7f,0xff,0xff,0xfd,0x00,0x00,  //....*@@@@@@@@@@@@@@*......
0x01,0xe0,0x00,0x00,0xb4,0x00,0x00,  //...*@#**********#@*.......
0x03,0x80,0x00,0x01,0xd0,0x00,0x00,  //..*@#+.........%@%........
0x0a,0x00,0x00,0x07,0x40,0x00,0x00,  //.+##+.........%@%.........
0x2c,0x00,0x00,0x1e,0x00,0x00,0x00,  //.#@*.........*@#..........
0xb4,0x00,0x00,0x78,0x00,0x00,0x00,  //%@*.........*@#...........
0xea,0xaa,0xaa,0xa0,0x00,0x00,0x00,  //@#%%%%%%%%%%##+...........
0x7f,0xff,0xff,0x80,0x00,0x00,0x00,  //*@@@@@@@@@@@#+............


/*  */
0x00,0x01,0x40,0x00,0x00,0x00,  //......***+............
0x00,0x1f,0xe0,0x00,0x00,0x00,  //.....*@@@#+...........
0x00,0x2f,0xf0,0x00,0x00,0x00,  //.....%@@@@*...........
0x00,0x2f,0xf0,0x00,0x00,0x00,  //.....%@@@@+...........
0x00,0x0f,0xd0,0x00,0x00,0x00,  //.....*@@@%............
0x00,0x0b,0xc0,0x00,0x00,0x00,  //......%@@.............
0x00,0x07,0xc0,0x00,0x00,0x00,  //......%@@.............
0x50,0x1f,0xe0,0x58,0x00,0x00,  //%*****@@@%****%*......
0xff,0xff,0xff,0xfc,0x00,0x00,  //@@@@@@@@@@@@@@@*......
0xff,0xff,0xff,0xfc,0x00,0x00,  //@@@@@@@@@@@@@@@.......
0xff,0xff,0xff,0xfc,0x00,0x00,  //@@@@@@@@@@@@@@@.......
0xff,0xff,0xff,0xfc,0x00,0x00,  //@@@@@@@@@@@@@@@.......
0xff,0xff,0xff,0xfc,0x01,0x40,  //@@@@@@@@@@@@@@@...***.
0xff,0xff,0xff,0xfe,0x1f,0xe0,  //@@@@@@@@@@@@@@@#*%@@@#
0xff,0xe4,0x2f,0xff,0xff,0xf0,  //@@@@@#***%@@@@@@@@@@@@
0xff,0xd0,0x0b,0xff,0xff,0xf0,  //@@@@@*....#@@@@@@@@@@@
0xff,0xc0,0x0b,0xfd,0x1b,0xe0,  //@@@@@*....%@@@@%**#@@#
0xff,0xc0,0x0b,0xfc,0x01,0x40,  //@@@@@*....#@@@@...+%%+
0xff,0xe0,0x1f,0xfc,0x00,0x00,  //@@@@@#...%@@@@@.......
0xff,0xf4,0x3f,0xfc,0x00,0x00,  //@@@@@@*..@@@@@@*......
0xff,0xf0,0x2f,0xfd,0x00,0x00,  //@@@@@@*..#@@@@@*......


/*  */
0x00,0x05,0x40,0x00,  //......***+.....
0x00,0x2f,0xf4,0x00,  //....+#@@@@%....
0x00,0xbf,0xfd,0x00,  //....#@@@@@@*...
0x01,0xff,0xfe,0x00,  //...*@@@@@@@#...
0x01,0xff,0xff,0x00,  //...*@@@@@@@@...
0x01,0xff,0xff,0x00,  //...*@@@@@@@@...
0x01,0xff,0xff,0x00,  //...*@@@@@@@@...
0x01,0xff,0xff,0x00,  //...*@@@@@@@@...
0x01,0xff,0xff,0x00,  //...*@@@@@@@@...
0x91,0xff,0xff,0x08,  //#%.*@@@@@@@@.+#
0xe1,0xff,0xff,0x0c,  //@%.*@@@@@@@@.*@
0xe1,0xff,0xff,0x0c,  //@%.*@@@@@@@@.*@
0xe1,0xff,0xfe,0x0c,  //@%.*@@@@@@@#.*@
0xb0,0xff,0xfd,0x1c,  //%@.+@@@@@@@*.%@
0x74,0x7f,0xf8,0x28,  //*@*.*@@@@@#..##
0x2c,0x0a,0x90,0xb0,  //.#@+.*%%%*..%@*
0x0e,0x00,0x02,0xd0,  //.+@#*.....+#@%.
0x02,0xe5,0x6f,0x40,  //..*#@#***%@@%..
0x00,0x6f,0xf8,0x00,  //....%#@@@@%*...
0x00,0x07,0x40,0x00,  //......*@%......
0x00,0x03,0x40,0x00,  //......*@*......
0x03,0xff,0xff,0x80,  //..*@@@@@@@@@%..
0x02,0xaa,0xaa,0x40,  //..+%%%%%%%%%*..


/*  */
0x00,0x00,0x54,0x00,0x00,  //.......+***........
0x00,0x07,0xfe,0x00,0x00,  //......*@@@@#*......
0x00,0x0f,0xff,0x80,0x00,  //.....*@@@@@@#+.....
0x00,0x2f,0xff,0x80,0x50,  //.....%@@@@@@#+..*%.
0x00,0x2f,0xfe,0x01,0xf4,  //.....%@@@@@#+..*@@%
0x00,0x2f,0xf8,0x07,0xe0,  //.....%@@@@#+..*@@#+
0x00,0x2f,0xe0,0x1f,0x80,  //.....%@@@#+..*@@#+.
0x00,0x2f,0x80,0x7e,0x00,  //.....%@@#+..*@@#+..
0x00,0x2e,0x01,0xf8,0x00,  //.....%@#+..*@@#+...
0x08,0x28,0x07,0xe1,0x80,  //.+#*.%#+..*@@#+*#..
0x0d,0x20,0x1f,0xe1,0xc0,  //.*@*.%+..*@@@%.*@*.
0x0d,0x00,0x7f,0xe1,0xc0,  //.*@*.+..*@@@@%.*@*.
0x0d,0x01,0xff,0xd2,0xc0,  //.*@*...*@@@@@%.%@..
0x08,0x07,0xff,0xc2,0x80,  //..#*..*@@@@@@*.##..
0x00,0x1f,0xff,0x47,0x40,  //..+..*@@@@@@%.*@%..
0x00,0x7e,0xa8,0x0a,0x00,  //....*@@#%%%*.+##+..
0x01,0xf8,0x00,0x2d,0x00,  //...*@@#+....*#@*...
0x07,0xfe,0x56,0xf4,0x00,  //..*@@@@#***#@@*....
0x1f,0x9b,0xff,0x40,0x00,  //.*@@#*%@@@@@%+.....
0x7e,0x00,0x74,0x00,0x00,  //*@@#+...%@*........
0x78,0x00,0x70,0x00,0x00,  //%@#+....*@*........
0x10,0x7f,0xff,0xf4,0x00,  //.%+.%@@@@@@@@@*....
0x00,0x6a,0xaa,0xa0,0x00,  //....*%%%%%%%%%*....


/*  */
0xaa,0xaa,0xaa,0xaa,0x80,  //%%%%%%%%%%%%%%%%%
0xff,0xff,0xff,0xff,0xc0,  //@@@@@@@@@@@@@@@@@
0xff,0xff,0xaa,0xab,0xc0,  //@@@@@@@@#%%%%%#@@
0xff,0xff,0x40,0x07,0xc0,  //@@@@@@@@*.....*@@
0xff,0xff,0x40,0x07,0xc0,  //@@@@@@@@*.....*@@
0xff,0xff,0x40,0x07,0xc0,  //@@@@@@@@*.....*@@
0xff,0xff,0x40,0x07,0xc0,  //@@@@@@@@*.....*@@
0xff,0xff,0x40,0x07,0xc0,  //@@@@@@@@*.....*@@
0xff,0xff,0x40,0x07,0xc0,  //@@@@@@@@*.....*@@
0xff,0xff,0x40,0x07,0xc0,  //@@@@@@@@*.....*@@
0xff,0xff,0x40,0x07,0xc0,  //@@@@@@@@*.....*@@
0xff,0xff,0x40,0x07,0xc0,  //@@@@@@@@*.....*@@
0xbf,0xff,0x40,0x07,0xc0,  //#@@@@@@@*.....%@@
0x7f,0xff,0x40,0x0f,0x80,  //%@@@@@@@*....+@@%
0x3f,0xff,0x40,0x2f,0x00,  //+@@@@@@@*....#@@*
0x1f,0xff,0x40,0xbd,0x00,  //.*@@@@@@*...#@@%.
0x07,0xff,0x42,0xf8,0x00,  //..%@@@@@*.*#@@#..
0x01,0xff,0x5f,0xe0,0x00,  //...%@@@@%%@@@%...
0x00,0x6f,0xff,0x40,0x00,  //....*#@@@@@@*....
0x00,0x0b,0xf8,0x00,0x00,  //.....+%@@@#*.....
0x00,0x00,0x90,0x00,0x00,  //.......*%*.......


/*  */
0x00,0x14,0x00,0x01,0x50,0x00,  //....****......+***....
0x00,0xff,0x00,0x0b,0xf4,0x00,  //...*@@@@*.....#@@@%...
0x01,0xd7,0x40,0x0d,0x28,0x00,  //...*@**@*....*@%*#%...
0x01,0xc3,0x40,0x1d,0x28,0x00,  //.+*%@**@%*****@*.%#*+.
0x7f,0xc3,0xff,0xfd,0x2f,0xe0,  //%@@@@**@@@@@@@@*.%@@@#
0xff,0xc3,0xff,0xfd,0x2f,0xf0,  //@@@@@**@@@@@@@@*.%@@@@
0xff,0xd7,0xff,0xfd,0x2f,0xf0,  //@@@@@**@@@@@@@@%*#@@@@
0xff,0xff,0xff,0xff,0xff,0xf0,  //@@@@@@@@@@@@@@@@@@@@@@
0xff,0xff,0xff,0xff,0xff,0xf0,  //@@@@@@@@@@@@@@@@@@@@@@
0xe0,0x00,0x00,0x00,0x00,0x70,  //@%..................*@
0xe0,0x00,0x00,0x00,0x00,0x70,  //@%..................*@
0xe0,0x00,0x00,0x00,0x00,0x70,  //@%..................*@
0xe0,0x00,0x00,0x00,0x00,0x70,  //@%..................*@
0xe0,0x00,0x00,0x00,0x00,0x70,  //@%..................*@
0xe0,0x00,0x00,0x00,0x00,0x70,  //@%..................*@
0xe0,0x00,0x00,0x00,0x00,0x70,  //@%..................*@
0xe0,0x00,0x00,0x00,0x00,0x70,  //@%..................*@
0xe0,0x00,0x00,0x00,0x00,0x70,  //@%..................*@
0xe0,0x00,0x00,0x00,0x00,0x70,  //@%..................*@
0xe0,0x00,0x00,0x00,0x00,0x70,  //@%..................*@
0xe0,0x00,0x00,0x00,0x00,0x70,  //@%..................*@
0xe0,0x00,0x00,0x00,0x00,0x70,  //@%..................*@
0xe0,0x00,0x00,0x00,0x00,0x70,  //@#******************%@
0xbf,0xff,0xff,0xff,0xff,0xe0,  //%@@@@@@@@@@@@@@@@@@@@#


/*  */
0x00,0x7d,0x00,0x00,0x00,  //....*@@*...........
0x00,0xd7,0x00,0x00,0x64,  //....@**@.......**%%
0x00,0xd7,0x00,0x6f,0xf8,  //....@**@****%#@@@@%
0x01,0xbf,0xff,0xff,0xf8,  //...%#@@@@@@@@@@@@@%
0x0b,0x9b,0x95,0xbf,0xf8,  //.+#@#%%@%***#@@@@@%
0x2d,0x07,0x40,0x06,0xb8,  //+#@*..*@*....**%#@%
0xb4,0x1b,0xe0,0x00,0x00,  //%@*..*#@@%+.......+
0x90,0x7f,0xf8,0x00,0x00,  //#%..%@@@@@#+.......
0x00,0xff,0xfe,0x00,0x00,  //...*@@@@@@@%.......
0x01,0xff,0xff,0x00,0x00,  //...*@@@@@@@@.......
0x01,0xff,0xff,0x00,0x00,  //...*@@@@@@@@.......
0x01,0xff,0xff,0x00,0x00,  //...*@@@@@@@@.......
0x01,0xff,0xff,0x00,0x00,  //...*@@@@@@@@.......
0x01,0xff,0xff,0x00,0x00,  //...*@@@@@@@@.......
0x01,0xff,0xff,0x00,0x00,  //...*@@@@@@@@.......
0x01,0xff,0xff,0x00,0x00,  //...*@@@@@@@@.......
0x01,0xff,0xff,0x00,0x00,  //...*@@@@@@@@.......
0x01,0xff,0xff,0x00,0x00,  //...*@@@@@@@@.......
0x01,0xff,0xff,0x00,0x00,  //...*@@@@@@@@.......
0x01,0xff,0xff,0x00,0x00,  //...*@@@@@@@@.......
0x01,0xff,0xff,0x00,0x00,  //...*@@@@@@@@.......
0x00,0xaa,0xa9,0x00,0x00,  //...*%%%%%%%%.......


/*  */
0x00,0x00,0x00,0x00,0x16,0xa0,  //.................*%%%%
0x00,0x00,0x00,0x01,0xff,0xf0,  //..............+%@@@@@@
0x00,0x00,0x00,0x1b,0xff,0xf0,  //.............*#@@@@@@@
0x00,0x00,0x00,0x7f,0x82,0xf0,  //............%@@@#**#@@
0x00,0x00,0x01,0xff,0x82,0xe0,  //...........%@@@@%..%@#
0x00,0x00,0x07,0xff,0xd7,0xd0,  //..........%@@@@@@**@@%
0x00,0x00,0x1f,0xff,0xff,0xc0,  //.........%@@@@@@@@@@@+
0x00,0x6a,0xbf,0xff,0xff,0x80,  //...*%%%%%@@@@@@@@@@@%.
0x02,0xff,0xff,0xff,0xfe,0x00,  //...#@@@@@@@@@@@@@@@#+.
0x07,0xff,0xff,0xff,0xfd,0x00,  //..%@@@@@@@@@@@@@@@@*..
0x0f,0xff,0xff,0xff,0xf4,0x00,  //.+@@@@@@@@@@@@@@@@%...
0x2f,0xff,0xff,0xff,0xd0,0x00,  //.%@@@@@@@@@@@@@@@%....
0x7f,0xff,0xff,0xff,0x40,0x00,  //*@@@@@@@@@@@@@@@*.....
0x3e,0x4b,0xff,0xfd,0x00,0x00,  //*@@%**#@@@@@@@@*......
0x00,0x02,0xff,0xfc,0x00,0x00,  //.+....+#@@@@@@@*......
0x00,0x00,0xbf,0xfc,0x00,0x00,  //.......+#@@@@@@*......
0x00,0x00,0x2f,0xfc,0x00,0x00,  //........+#@@@@@.......
0x00,0x00,0x2f,0xfc,0x00,0x00,  //.........#@@@@@.......
0x00,0x00,0x3f,0xf8,0x00,0x00,  //........+@@@@@#.......
0x00,0x00,0x7f,0xe0,0x00,0x00,  //........*@@@@%+.......
0x00,0x00,0xbe,0x00,0x00,0x00,  //........%@@#*.........
0x00,0x00,0x64,0x00,0x00,0x00,  //........*#*...........


/*  */
0x2f,0xff,0xff,0xff,0xfe,0x40,  //.#@@@@@@@@@@@@@@@@@#*...
0x1f,0xff,0xff,0xff,0xff,0xe0,  //.*@@@@@@@@@@@@@@@@@@@#..
0x0f,0xff,0xff,0xff,0xff,0xf8,  //.+@@@@@@@@@@@@@@@@@@@@%.
0x07,0xff,0xff,0xff,0xff,0xfc,  //..%@@@@@@@@@@@@@@@@@@@@+
0x03,0xfc,0x03,0xfd,0x07,0xfd,  //..*@@@@****@@@@%***@@@@*
0x07,0xf8,0x03,0xfc,0x02,0xfd,  //..*@@@#...*@@@@*...#@@@*
0x0b,0xf8,0x07,0xfc,0x03,0xfd,  //..%@@@%...*@@@@....@@@@*
0x0f,0xf4,0x0b,0xf8,0x03,0xfc,  //..@@@@*...%@@@#...*@@@@*
0x0f,0xf0,0x0b,0xf4,0x07,0xfc,  //.+@@@@*...#@@@%...*@@@@.
0x1f,0xf0,0x0f,0xf4,0x0b,0xf8,  //.*@@@@....@@@@*...%@@@%.
0x1f,0xe0,0x0f,0xf0,0x0b,0xf4,  //.%@@@#...*@@@@+...#@@@%.
0x2f,0xd0,0x1f,0xf0,0x0f,0xf4,  //.#@@@%...*@@@@...+@@@@*.
0x3f,0xd0,0x2f,0xe0,0x0f,0xf0,  //.@@@@*...%@@@%...*@@@@+.
0x3f,0xc0,0x2f,0xd0,0x1f,0xe0,  //*@@@@*...#@@@*...%@@@#..
0x7f,0xc0,0x3f,0xc0,0x2f,0xe0,  //*@@@@...+@@@@*...%@@@%..
0xbf,0x80,0x7f,0xc0,0x3f,0xd0,  //%@@@%...*@@@@+...@@@@*..
0xbf,0x40,0x7f,0x80,0x3f,0xc0,  //#@@@%...%@@@#...+@@@@*..


/*  */
0x00,0x01,0xaa,0x50,0x00,0x00,  //......+*%%%%%*.......
0x00,0x2f,0xff,0xf9,0x00,0x00,  //....+%@@@@@@@@#*.....
0x00,0xbf,0xff,0xff,0x80,0x00,  //...*#@@@@@@@@@@@%....
0x07,0xff,0xf9,0xbf,0xe0,0x00,  //..*@@@@@@@#*#@@@@#...
0x0b,0xff,0xe0,0x2f,0xf8,0x00,  //.+#@@@@@@#+.+#@@@@%..
0x2f,0xff,0x80,0x0f,0xfc,0x00,  //.%@@@@@@#+...*@@@@@*.
0x3f,0xfe,0x00,0x1f,0xfe,0x00,  //*@@@@@@#+....%@@@@@#.
0x7f,0xf8,0x00,0x7f,0xff,0x00,  //%@@@@@#+....%@@@@@@@+
0xbf,0xe0,0x01,0xff,0xff,0x40,  //#@@@@#+....%@@@@@@@@*
0xff,0x80,0x07,0xff,0xff,0x40,  //@@@@#+....%@@@@@@@@@*
0xff,0x80,0x1f,0xff,0xff,0x40,  //@@@@%....*@@@@@@@@@@*
0xff,0xd0,0x07,0xff,0xff,0x40,  //@@@@@*....%@@@@@@@@@*
0xbf,0xf4,0x01,0xff,0xff,0x40,  //%@@@@@*....%@@@@@@@@*
0x7f,0xfd,0x00,0x7f,0xff,0x00,  //%@@@@@@*....%@@@@@@@+
0x3f,0xff,0x40,0x1f,0xfe,0x00,  //+@@@@@@@*....%@@@@@%.
0x2f,0xff,0xd0,0x0f,0xfc,0x00,  //.%@@@@@@@*...*@@@@@*.
0x0b,0xff,0xf4,0x2f,0xf4,0x00,  //..#@@@@@@@*.+#@@@@%..
0x02,0xff,0xfe,0xbf,0xe0,0x00,  //..+#@@@@@@@%#@@@@#...
0x00,0xbf,0xff,0xff,0x40,0x00,  //...+#@@@@@@@@@@@%....
0x00,0x1b,0xff,0xf8,0x00,0x00,  //.....*#@@@@@@@#*.....
0x00,0x01,0x6a,0x40,0x00,0x00,  //.......*%%%%*+.......


/*  */
0x00,0x01,0xaa,0x50,0x00,0x00,  //......+*%%%%%*.......
0x00,0x2f,0xff,0xf9,0x00,0x00,  //....+%@@@@@@@@#*.....
0x00,0xbf,0xff,0xff,0x80,0x00,  //...*#@@@@@@@@@@@%....
0x07,0xff,0xaf,0xff,0xe0,0x00,  //..*@@@@@%%@@@@@@@#...
0x0b,0xfd,0x07,0xff,0xf8,0x00,  //.+#@@@@%..%@@@@@@@%..
0x2f,0xf8,0x01,0xff,0xfc,0x00,  //.%@@@@#....%@@@@@@@*.
0x3f,0xfc,0x00,0x7f,0xfe,0x00,  //*@@@@@@+....%@@@@@@#.
0x7f,0xfe,0x00,0x1f,0xff,0x00,  //%@@@@@@#+....%@@@@@@+
0xbf,0xff,0x80,0x07,0xff,0x40,  //#@@@@@@@#+....%@@@@@*
0xff,0xff,0xe0,0x01,0xff,0x40,  //@@@@@@@@@#+....%@@@@*
0xff,0xff,0xf8,0x00,0xff,0x40,  //@@@@@@@@@@#.....@@@@*
0xff,0xff,0xe0,0x02,0xff,0x40,  //@@@@@@@@@#+....#@@@@*
0xbf,0xff,0x80,0x0b,0xff,0x40,  //%@@@@@@@#+....#@@@@@*
0x7f,0xfe,0x00,0x2f,0xff,0x00,  //%@@@@@@#+....#@@@@@@+
0x3f,0xf8,0x00,0xbf,0xfe,0x00,  //+@@@@@#+....#@@@@@@%.
0x2f,0xf8,0x02,0xff,0xfc,0x00,  //.%@@@@#....#@@@@@@@*.
0x0b,0xfe,0x0b,0xff,0xf4,0x00,  //..#@@@@#..#@@@@@@@%..
0x02,0xff,0xaf,0xff,0xe0,0x00,  //..+#@@@@##@@@@@@@#...
0x00,0xbf,0xff,0xff,0x40,0x00,  //...+#@@@@@@@@@@@%....
0x00,0x1b,0xff,0xf8,0x00,0x00,  //.....*#@@@@@@@#*.....
0x00,0x01,0x6a,0x40,0x00,0x00,  //.......*%%%%*+.......


/*  */
0x00,0x01,0xaa,0x50,0x00,0x00,  //......+*%%%%%*.......
0x00,0x2f,0xff,0xf9,0x00,0x00,  //....+%@@@@@@@@#*.....
0x00,0xbf,0xff,0xff,0x80,0x00,  //...*#@@@@@@@@@@@%....
0x07,0xff,0xff,0xff,0xe0,0x00,  //..*@@@@@@@@@@@@@@#...
0x0b,0xff,0xfb,0xff,0xf8,0x00,  //.+#@@@@@@@#@@@@@@@%..
0x2f,0xff,0x81,0xff,0xfc,0x00,  //.%@@@@@@#+.%@@@@@@@*.
0x3f,0xfe,0x00,0x7f,0xfe,0x00,  //*@@@@@@#+...%@@@@@@#.
0x7f,0xf8,0x00,0x1f,0xff,0x00,  //%@@@@@#+.....%@@@@@@+
0xbf,0xe0,0x00,0x07,0xff,0x40,  //#@@@@#+.......%@@@@@*
0xff,0x80,0x00,0x01,0xff,0x40,  //@@@@#+....+....%@@@@*
0xfe,0x00,0x18,0x00,0x7f,0x40,  //@@@#+....%#+....%@@@*
0xfd,0x00,0x7e,0x00,0x2f,0x40,  //@@@*....%@@#+....#@@*
0xbe,0x01,0xff,0x80,0x3f,0x40,  //%@@#...%@@@@#+..+@@@*
0x7f,0x87,0xff,0xe0,0xbf,0x00,  //%@@@#.%@@@@@@#**#@@@+
0x3f,0xff,0xff,0xff,0xfe,0x00,  //+@@@@@@@@@@@@@@@@@@%.
0x2f,0xff,0xff,0xff,0xfc,0x00,  //.%@@@@@@@@@@@@@@@@@*.
0x0b,0xff,0xff,0xff,0xf4,0x00,  //..#@@@@@@@@@@@@@@@%..
0x02,0xff,0xff,0xff,0xe0,0x00,  //..+#@@@@@@@@@@@@@#...
0x00,0xbf,0xff,0xff,0x40,0x00,  //...+#@@@@@@@@@@@%....
0x00,0x1b,0xff,0xf8,0x00,0x00,  //.....*#@@@@@@@#*.....
0x00,0x01,0x6a,0x40,0x00,0x00,  //.......*%%%%*+.......


/*  */
0x00,0x01,0xaa,0x50,0x00,0x00,  //......+*%%%%%*.......
0x00,0x2f,0xff,0xf9,0x00,0x00,  //....+%@@@@@@@@#*.....
0x00,0xbf,0xff,0xff,0x80,0x00,  //...*#@@@@@@@@@@@%....
0x07,0xff,0xff,0xff,0xe0,0x00,  //..*@@@@@@@@@@@@@@#...
0x0b,0xff,0xff,0xff,0xf8,0x00,  //.+#@@@@@@@@@@@@@@@%..
0x2f,0xff,0xff,0xff,0xfc,0x00,  //.%@@@@@@@@@@@@@@@@@*.
0x3f,0xff,0xff,0xff,0xfe,0x00,  //*@@@@@@@@@@@@@@@@@@#.
0x7f,0x47,0xff,0xe0,0xbf,0x00,  //%@@@%.%@@@@@@#++#@@@+
0xbe,0x01,0xff,0x80,0x2f,0x40,  //#@@%...%@@@@#+..+#@@*
0xfd,0x00,0x7e,0x00,0x2f,0x40,  //@@@*....%@@#+....#@@*
0xff,0x40,0x18,0x00,0xbf,0x40,  //@@@@*....%#+....#@@@*
0xff,0xd0,0x00,0x02,0xff,0x40,  //@@@@@*....+....#@@@@*
0xbf,0xf4,0x00,0x0b,0xff,0x40,  //%@@@@@*.......#@@@@@*
0x7f,0xfd,0x00,0x2f,0xff,0x00,  //%@@@@@@*.....#@@@@@@+
0x3f,0xff,0x40,0xbf,0xfe,0x00,  //+@@@@@@@*...#@@@@@@%.
0x2f,0xff,0xd2,0xff,0xfc,0x00,  //.%@@@@@@@*.#@@@@@@@*.
0x0b,0xff,0xff,0xff,0xf4,0x00,  //..#@@@@@@@@@@@@@@@%..
0x02,0xff,0xff,0xff,0xe0,0x00,  //..+#@@@@@@@@@@@@@#...
0x00,0xbf,0xff,0xff,0x40,0x00,  //...+#@@@@@@@@@@@%....
0x00,0x1b,0xff,0xf8,0x00,0x00,  //.....*#@@@@@@@#*.....
0x00,0x01,0x6a,0x40,0x00,0x00,  //.......*%%%%*+.......


/*  */
0xaa,0xaa,0xaa,0xaa,0xa4,  //%%%%%%%%%%%%%%%%%%%
0xbf,0xff,0xff,0xff,0xf8,  //#@@@@@@@@@@@@@@@@@%
0xbf,0xff,0xff,0xff,0xf8,  //%@@@@@@@@@@@@@@@@@%
0xbf,0xff,0xff,0xff,0xf4,  //%@@@@@@@@@@@@@@@@@*
0x7d,0x00,0x00,0x02,0xf4,  //%@@*...........%@@*
0x7e,0x00,0x00,0x02,0xf4,  //*@@%...........%@@*
0x7e,0x05,0x55,0x56,0xf0,  //*@@%..*********#@@*
0x3e,0x0b,0xff,0xff,0xf0,  //*@@%..%@@@@@@@@@@@*
0x3e,0x06,0xaa,0xab,0xf0,  //*@@#..%%%%%%%%%@@@.
0x3f,0x00,0x00,0x03,0xf0,  //*@@@..........+@@@.
0x3f,0x00,0x00,0x03,0xf0,  //.@@@..........*@@@.
0x3f,0xaa,0xaa,0x03,0xe0,  //.@@@#%%%%%%%+.*@@#.
0x2f,0x57,0xff,0x07,0xe0,  //.#@@%*%@@@@@*.*@@%.
0x2f,0x03,0xff,0x07,0xe0,  //.%@@*.*@@@@@+.*@@%.
0x2f,0x41,0xa9,0x07,0xd0,  //.%@@*..*%#%*..*@@*.
0x1f,0x40,0x00,0x0b,0xd0,  //.%@@*.........%@@*.
0x1f,0x90,0x00,0x5b,0xd0,  //.*@@#%*....+*%#@@*.
0x1f,0xff,0x9b,0xff,0xc0,  //.*@@@@@@#%#@@@@@@*.
0x0f,0xff,0xff,0xff,0xc0,  //.*@@@@@@@@@@@@@@@*.
0x06,0xff,0xff,0xfe,0x40,  //.+%#@@@@@@@@@@@#%+.
0x00,0x1b,0xff,0x90,0x00,  //....+*%@@@@@%*+....
0x00,0x00,0x10,0x00,0x00,  //........***........


/*  */
0x00,0xaa,0xaa,0xaa,0xaa,0xa9,  //...*%%%%%%%%%%%%%%%%%%%%
0x01,0xff,0xff,0xff,0xff,0xfd,  //...%@@@@@@@@@@@@@@@@@@@%
0x02,0xff,0xff,0xff,0xff,0xfd,  //...%@@@@@@@@@@@@@@@@@@@*
0x03,0xff,0xff,0xff,0xff,0xfc,  //...@@@@@@@@@@@@@@@@@@@@+
0x00,0x00,0x00,0x00,0x03,0xfc,  //...****************@@@@.
0x00,0x00,0x00,0x00,0x03,0xf8,  //..................+@@@%.
0x00,0x00,0x00,0x00,0x07,0xf4,  //..+***************%@@@%.
0x0b,0xff,0xff,0xff,0xff,0xf4,  //..%@@@@@@@@@@@@@@@@@@@*.
0x0f,0xff,0xff,0xff,0xff,0xf0,  //..@@@@@@@@@@@@@@@@@@@@+.
0x0f,0xff,0xff,0xff,0xff,0xf0,  //.+@@@@@@@@@@@@@@@@@@@@..
0x0a,0xaa,0xaa,0xaa,0xaf,0xe0,  //.*%%%%%%%%%%%%%%%#@@@%..
0x00,0x00,0x00,0x00,0x1f,0xd0,  //.................*@@@%..
0x00,0x00,0x00,0x00,0x1f,0xd0,  //.................%@@@*..
0x2a,0x80,0x00,0x00,0x2f,0xc0,  //.%%%%............#@@@+..
0x3f,0x80,0x00,0x00,0x3f,0xc0,  //+@@@#............@@@@...
0x3f,0x90,0x00,0x01,0xbf,0x80,  //*@@@#*+........*%@@@%...
0x7f,0xfe,0x40,0x6f,0xff,0x40,  //*@@@@@@%*...*%@@@@@@%...
0xbf,0xff,0xeb,0xff,0xff,0x40,  //%@@@@@@@@#%@@@@@@@@@*...
0x1b,0xff,0xff,0xff,0xe4,0x00,  //+*#@@@@@@@@@@@@@@#%*....
0x00,0x7f,0xff,0xf9,0x00,0x00,  //...*%@@@@@@@@@#%*.......
0x00,0x06,0xfe,0x40,0x00,0x00,  //......*#@@@#%*..........
0x00,0x00,0x10,0x00,0x00,0x00,  //........+**.............


/*  */
0x00,0x00,0x01,0x40,0x00,0x00,  //..........****..........
0x00,0x00,0x1f,0xf4,0x00,0x00,  //.........*@@@@*.........
0x00,0x00,0x3f,0xfc,0x00,0x00,  //........+@@@@@@+........
0x00,0x00,0x7c,0x3d,0x00,0x00,  //........*@@**@@*........
0x00,0x00,0x7d,0x7d,0x00,0x00,  //........*@@**@@*........
0x00,0x00,0x2f,0xf8,0x00,0x00,  //.........#@@@@#.........
0x00,0x00,0x0b,0xe0,0x00,0x00,  //.........+#@@#+.........
0x00,0x00,0x0b,0xe0,0x00,0x00,  //..........%@@%..........
0x00,0x00,0x0b,0xe0,0x00,0x00,  //..........%@@%..........
0x00,0x02,0xff,0xff,0x80,0x00,  //.......#@@@@@@@@#.......
0x00,0x03,0xff,0xff,0xc0,0x00,  //......*@@@@@@@@@@*......
0x00,0x03,0xff,0xff,0xc0,0x00,  //......+@@@@@@@@@@+......
0x00,0x01,0x5b,0xe5,0x40,0x00,  //.......***#@@#***.......
0x00,0x00,0x0b,0xe0,0x00,0x00,  //..........%@@%..........
0x00,0x00,0x0b,0xe0,0x00,0x00,  //..........%@@%..........
0x00,0x00,0x0b,0xe0,0x00,0x00,  //+****.....%@@%.....****+
0xff,0xd0,0x0b,0xe0,0x07,0xff,  //@@@@@*....%@@%....*@@@@@
0xff,0x40,0x0b,0xe0,0x01,0xff,  //@@@@%.....%@@%.....%@@@@
0xff,0x40,0x0b,0xe0,0x01,0xff,  //@@@@%.....%@@%.....%@@@@
0xff,0xe0,0x0b,0xe0,0x0b,0xff,  //@@@@@%+...%@@%...+%@@@@@
0xd7,0xfd,0x0b,0xe0,0x7f,0xd7,  //@%%@@@@%*.%@@%.*%@@@@%%@
0x41,0xff,0xff,0xff,0xff,0x41,  //*..*@@@@@@@@@@@@@@@@*..*
0x00,0x2f,0xff,0xff,0xf8,0x00,  //....*%@@@@@@@@@@@@%*....
0x00,0x01,0xbf,0xfe,0x40,0x00,  //......+%#@@@@@@#%+......


/*  */
0x00,0x05,0x40,0x00,  //.....+****.....
0x00,0xbf,0xf8,0x00,  //....%@@@@@#+...
0x02,0xff,0xff,0x00,  //...#@@@@@@@@*..
0x07,0xe0,0x1f,0x80,  //..*@@#*..*@@#..
0x0b,0x80,0x07,0xd0,  //..#@#.....*@@*.
0x0f,0x40,0x03,0xe0,  //.*@@*......@@%.
0x0f,0x00,0x02,0xe0,  //.*@@*......%@%.
0x0f,0x00,0x00,0x00,  //.*@@*......+*..
0x0f,0x00,0x00,0x00,  //.*@@*..........
0x0f,0x00,0x00,0x00,  //.*@@*..........
0x1f,0x40,0x00,0x00,  //.*@@**********+
0xbf,0xff,0xff,0xfc,  //#@@@@@@@@@@@@@@
0xff,0xff,0xff,0xfc,  //@@@@@@@@@@@@@@@
0xff,0xff,0xff,0xfc,  //@@@@@@@@@@@@@@@
0xff,0xff,0xff,0xfc,  //@@@@@@@@@@@@@@@
0xff,0xff,0xff,0xfc,  //@@@@@@@@@@@@@@@
0xff,0xff,0xff,0xfc,  //@@@@@@@@@@@@@@@
0xff,0xff,0xff,0xfc,  //@@@@@@@@@@@@@@@
0xff,0xff,0xff,0xfc,  //@@@@@@@@@@@@@@@
0xff,0xff,0xff,0xfc,  //@@@@@@@@@@@@@@@
0xbf,0xff,0xff,0xf8,  //%@@@@@@@@@@@@@#


/*  */
0x00,0x01,0xaa,0x50,0x00,0x00,  //......+*%%%%%*.......
0x00,0x2f,0xeb,0xf9,0x00,0x00,  //....+%@@@##@@@#*.....
0x00,0xb8,0x00,0x1b,0x80,0x00,  //...*#@%*....+*#@%....
0x07,0x80,0x14,0x01,0xe0,0x00,  //..*@#*..+***...%@#...
0x0a,0x02,0xff,0xd0,0x78,0x00,  //.+##+.*#@@@@@%..%@%..
0x2c,0x1e,0x41,0xb8,0x2c,0x00,  //.%@*.*@#%***%@#+.%@*.
0x38,0x38,0x00,0x1e,0x0e,0x00,  //*@%.*@#+.....*@#.+@#.
0x70,0xa0,0x6e,0x07,0x47,0x00,  //%@*.##+.*#@%+.*@*.%@+
0xa0,0xd1,0xff,0x82,0x87,0x40,  //##.*@*.%@@@@#+.##.*@*
0xe1,0xc3,0xff,0xd2,0xc3,0x40,  //@%.*@*.@@@@@@%.%@.*@*
0xe1,0xc3,0xff,0xe1,0xc3,0x40,  //@%.*@*+@@@@@@%.*@**@*
0xe1,0xc2,0xff,0xd2,0xc3,0x40,  //@%.*@*.#@@@@@%.%@.*@*
0xb0,0xd1,0xff,0x82,0x87,0x40,  //%@.*@%.*@@@@#..##.*@*
0x70,0xb0,0x29,0x07,0x4b,0x00,  //%@*.#@+.*%%%+.%@*.%@+
0x38,0x38,0x00,0x1e,0x0e,0x00,  //+@%.*@#*.....%@#.+@%.
0x2d,0x1f,0x95,0xb8,0x2c,0x00,  //.%@*.*@@%**%#@#..#@*.
0x0b,0x02,0xff,0x90,0x74,0x00,  //..#@*.+%@@@@#*..%@%..
0x02,0xd0,0x00,0x02,0xe0,0x00,  //..+#@*...**+..+%@#...
0x00,0xb9,0x00,0x1f,0x40,0x00,  //...+#@#*+...*%@@%....
0x00,0x1b,0xff,0xf8,0x00,0x00,  //.....*#@@@@@@@#*.....
0x00,0x01,0x6a,0x40,0x00,0x00,  //.......*%%%%*+.......


/*  */
0xbf,0x82,0xfe,0x0b,0xf4,  //%@@@#..#@@@%..#@@@%
0xff,0xc3,0xff,0x0f,0xf8,  //@@@@@**@@@@@.*@@@@%
0xff,0xc3,0xff,0x0f,0xf8,  //@@@@@**@@@@@.*@@@@%
0xff,0xc3,0xff,0x0f,0xf8,  //@@@@@**@@@@@.*@@@@%
0xbf,0x82,0xfe,0x0b,0xf4,  //#@@@#..#@@@#.+#@@@%


/*  */
0x6a,0x40,  //%%%%%
0xff,0xc0,  //@@@@@
0xff,0xc0,  //@@@@@
0xff,0xc0,  //@@@@@
0xbf,0x80,  //#@@@#
0x00,0x00,  //.***+
0x00,0x00,  //.....
0xbf,0x80,  //%@@@#
0xff,0xc0,  //@@@@@
0xff,0xc0,  //@@@@@
0xff,0xc0,  //@@@@@
0xbf,0x80,  //#@@@#
0x00,0x00,  //.***.
0x00,0x00,  //.***.
0xbf,0x80,  //#@@@#
0xff,0xc0,  //@@@@@
0xff,0xc0,  //@@@@@
0xff,0xc0,  //@@@@@
0xbf,0x80,  //%@@@#


/*  */
0x06,0xaa,0xaa,0xaa,0xa4,0x00,  //.+%%%%%%%%%%%%%%%%*..
0x2f,0xff,0xff,0xff,0xfd,0x00,  //+#@@@@@@@@@@@@@@@@@%.
0xbf,0xff,0xff,0xff,0xff,0x00,  //%@@@@@@@@@@@@@@@@@@@*
0xff,0xff,0xff,0xff,0xff,0x40,  //@@@@@@@@@@@@@@@@@@@@*
0xfd,0x05,0xbf,0xff,0xff,0x40,  //@@@*.+*%#@@@@@@@@@@@*
0xfd,0x00,0x1b,0xff,0xff,0x40,  //@@@*.....*#@@@@@@@@@*
0xfe,0x40,0x02,0xff,0xff,0x40,  //@@@%**....+%@@@@@@@@*
0xff,0xf9,0x00,0x7f,0xff,0x40,  //@@@@@@#%+...%@@@@@@@*
0xff,0xff,0xd0,0x1f,0xff,0x40,  //@@@@@@@@@*...%@@@@@@*
0xfd,0x1b,0xf8,0x0b,0xff,0x40,  //@@@%**%@@@%...#@@@@@*
0xfd,0x00,0xbe,0x03,0xff,0x40,  //@@@*...*#@@%..+@@@@@*
0xfd,0x00,0x2f,0x41,0xff,0x40,  //@@@%+....#@@*..%@@@@*
0xff,0xe0,0x0b,0x80,0xff,0x40,  //@@@@@#*...#@#..+@@@@*
0xff,0xed,0x07,0xd0,0xbf,0x40,  //@@@@@#@*..*@@*..#@@@*
0xfe,0x07,0x02,0xe0,0x7f,0x40,  //@@@#..%@*..#@%..%@@@*
0xfd,0x03,0x81,0xf0,0x7f,0x40,  //@@@*..*@%..%@@..*@@@*
0xfe,0x07,0xc1,0xf0,0x3f,0x40,  //@@@%..*@@..*@@..*@@@*
0xbf,0xaf,0xea,0xfa,0xbf,0x40,  //#@@@#%@@@%%#@@#%#@@@*
0x7f,0xff,0xff,0xff,0xff,0x00,  //%@@@@@@@@@@@@@@@@@@@*
0x2f,0xff,0xff,0xff,0xfd,0x00,  //.#@@@@@@@@@@@@@@@@@%.
0x06,0xaa,0xaa,0xaa,0x90,0x00,  //..*%%%%%%%%%%%%%%%*..


/*  */
0x00,0x01,0xaa,0x50,0x00,0x00,  //......+*%%%%%*.......
0x00,0x2f,0xff,0xf9,0x00,0x00,  //....+%@@@@@@@@#*.....
0x00,0xbf,0xff,0xff,0x80,0x00,  //...*#@@@@@@@@@@@%....
0x07,0xff,0xff,0xff,0xe0,0x00,  //..*@@@@@@@@@@@@@@#...
0x0b,0xff,0xff,0xff,0xf8,0x00,  //.+#@@@@@@@@@@@@@@@%..
0x2f,0xfc,0x7f,0xff,0xfc,0x00,  //.%@@@@@*%@@@@@@@@@@*.
0x3f,0xf8,0x0b,0xff,0xfe,0x00,  //*@@@@@%..*%@@@@@@@@#.
0x7f,0xf8,0x01,0xbf,0xff,0x00,  //%@@@@@%....*#@@@@@@@+
0xbf,0xf8,0x00,0x1f,0xff,0x40,  //#@@@@@%......%@@@@@@*
0xff,0xf8,0x00,0x02,0xff,0x40,  //@@@@@@%.......+%@@@@*
0xff,0xf8,0x00,0x00,0xff,0x40,  //@@@@@@%........*@@@@*
0xff,0xf8,0x00,0x02,0xff,0x40,  //@@@@@@%.......*#@@@@*
0xbf,0xf8,0x00,0x2f,0xff,0x40,  //%@@@@@%.....+%@@@@@@*
0x7f,0xf8,0x01,0xff,0xff,0x00,  //%@@@@@%....*@@@@@@@@+
0x3f,0xf8,0x1b,0xff,0xfe,0x00,  //+@@@@@%..*#@@@@@@@@%.
0x2f,0xfd,0xbf,0xff,0xfc,0x00,  //.%@@@@@%%@@@@@@@@@@*.
0x0b,0xff,0xff,0xff,0xf4,0x00,  //..#@@@@@@@@@@@@@@@%..
0x02,0xff,0xff,0xff,0xe0,0x00,  //..+#@@@@@@@@@@@@@#...
0x00,0xbf,0xff,0xff,0x40,0x00,  //...+#@@@@@@@@@@@%....
0x00,0x1b,0xff,0xf8,0x00,0x00,  //.....*#@@@@@@@#*.....
0x00,0x01,0x6a,0x40,0x00,0x00,  //.......*%%%%*+.......


/*  */
0x00,0x00,0x00,0x64,0x00,0x00,  //............*%%.......
0x00,0x00,0x01,0xfd,0x00,0x00,  //...........%@@@%......
0x00,0x00,0x07,0xff,0x00,0x00,  //..........%@@@@@*.....
0x00,0x00,0x1f,0xfe,0x00,0x00,  //.........%@@@@@#......
0x00,0x00,0x7e,0x1e,0x00,0x00,  //........%@@#.*@%......
0x00,0x01,0xf8,0x07,0x00,0x00,  //.......%@@#.*.*@+.....
0x00,0x07,0xe1,0xd1,0x91,0x40,  //......%@@#.*@%.*#**%%.
0x00,0x1f,0x87,0xf4,0x7f,0xd0,  //.....%@@#.*@@@%.*@@@@%
0x00,0x7e,0x1f,0xfd,0x1f,0xf0,  //....%@@#.*@@@@@%.*@@@@
0x01,0xf8,0x7f,0xff,0x47,0xf0,  //...%@@#.*@@@@@@@%.%@@@
0x07,0xe1,0xff,0xfe,0x0b,0xd0,  //..%@@#.*@@@@@@@#++#@@*
0x1f,0x87,0xff,0xf8,0x2f,0x40,  //.%@@#.*@@@@@@@#++#@@*.
0x7e,0x1f,0xff,0xe0,0xbd,0x00,  //%@@#.*@@@@@@@#++#@@*..
0xfe,0x1f,0xff,0x82,0xf4,0x00,  //@@@%.%@@@@@@#++#@@*...
0xff,0x47,0xfe,0x0b,0xd0,0x00,  //@@@@%.%@@@@#++#@@*....
0x7f,0xd1,0xf8,0x2f,0x40,0x00,  //*@@@@%.%@@#++#@@*.....
0x14,0x24,0x60,0xbd,0x00,0x00,  //.****#%.%#++#@@*......
0x00,0x09,0x02,0xf4,0x00,0x00,  //......#%.++#@@*.......
0x00,0x0b,0x4b,0xd0,0x00,0x00,  //......%@%*#@@*........
0x00,0x0b,0xff,0x40,0x00,0x00,  //......#@@@@@*.........
0x00,0x0f,0xfd,0x00,0x00,0x00,  //.....*@@@@@*..........
0x00,0x07,0xf4,0x00,0x00,0x00,  //......%@@@*...........
0x00,0x01,0x80,0x00,0x00,0x00,  //.......*%*............


/*  */
0x06,0xaa,0xaa,0xaa,0xa4,0x00,  //.+%%%%%%%%%%%%%%%%*..
0x2f,0xff,0xff,0xff,0xfd,0x00,  //+#@@@@@@@@@@@@@@@@@%.
0xbf,0xff,0xff,0xff,0xff,0x00,  //%@@@@@@@@@@@@@@@@@@@*
0xff,0xff,0xff,0xff,0xff,0x40,  //@@@@@@@@@@@@@@@@@@@@*
0xff,0xff,0xff,0xff,0xff,0x40,  //@@@@@@@@@@@@@@@@@@@@*
0xff,0xff,0xff,0xff,0xff,0x40,  //@@@@@@@@@@@@@@@@@@@@*
0xff,0xff,0xff,0xff,0xff,0x40,  //@@@@@@@@@@@@@@@@@@@@*
0xff,0xff,0xff,0xff,0xff,0x40,  //@@@@@@@@@@@@@@@@@@@@*
0xfe,0xaa,0xaa,0xaa,0xbf,0x40,  //@@@#%%%%%%%%%%%%#@@@*
0xfd,0x00,0x00,0x00,0x2f,0x40,  //@@@*.............#@@*
0xfd,0x00,0x00,0x00,0x2f,0x40,  //@@@*.............%@@*
0xfd,0x00,0x00,0x00,0x2f,0x40,  //@@@%.............#@@*
0xff,0xaa,0xaa,0xaa,0xbf,0x40,  //@@@@%%%%%%%%%%%%#@@@*
0xff,0xff,0xff,0xff,0xff,0x40,  //@@@@@@@@@@@@@@@@@@@@*
0xff,0xff,0xff,0xff,0xff,0x40,  //@@@@@@@@@@@@@@@@@@@@*
0xff,0xff,0xff,0xff,0xff,0x40,  //@@@@@@@@@@@@@@@@@@@@*
0xff,0xff,0xff,0xff,0xff,0x40,  //@@@@@@@@@@@@@@@@@@@@*
0xbf,0xff,0xff,0xff,0xff,0x40,  //#@@@@@@@@@@@@@@@@@@@*
0x7f,0xff,0xff,0xff,0xff,0x00,  //%@@@@@@@@@@@@@@@@@@@*
0x2f,0xff,0xff,0xff,0xfd,0x00,  //.#@@@@@@@@@@@@@@@@@%.
0x06,0xaa,0xaa,0xaa,0x90,0x00,  //..*%%%%%%%%%%%%%%%*..


/*  */
0x06,0xaa,0xaa,0xaa,0x40,  //.+%%%%%%%%%%%%%%%..
0x2e,0xaa,0xaa,0xaa,0xe0,  //+#@#%%%%%%%%%%%#@#.
0xb4,0x00,0x00,0x00,0x74,  //%@*.............*@%
0xe0,0x00,0x00,0x00,0x28,  //@#...............#%
0xe0,0x00,0x00,0x00,0x28,  //@%...............%%
0xe0,0x00,0x00,0x00,0x28,  //@%...............%%
0xe0,0x00,0x00,0x00,0x28,  //@%...............%%
0xe0,0x00,0x00,0x00,0x28,  //@%...............%%
0xe0,0x00,0x00,0x00,0x28,  //@%.+***********..%%
0xe1,0xff,0xff,0xfd,0x28,  //@%.*@@@@@@@@@@@*.%%
0xe0,0x55,0x55,0x54,0x28,  //@%.+***********+.%%
0xe0,0x00,0x00,0x00,0x28,  //@%...............%%
0xe0,0x00,0x00,0x00,0x28,  //@%...............%%
0xe0,0x00,0x00,0x00,0x28,  //@%...............%%
0xe0,0x00,0x00,0x00,0x28,  //@%...............%%
0xe0,0x00,0x00,0x00,0x28,  //@%...............#%
0xb0,0x00,0x00,0x00,0x74,  //%@+.............*@%
0x2e,0xaa,0xaa,0xaa,0xe0,  //+#@%%%%%%%%%%%%#@#+
0x0b,0xff,0xff,0xff,0x80,  //.+%@@@@@@@@@@@@@%+.


/*  */
0x00,0x00,0x80,0x00,  //.......+%*....
0x00,0x02,0xe0,0x00,  //.......#@#+...
0x00,0x0b,0xf8,0x00,  //......#@@@#...
0x00,0x1f,0xfe,0x00,  //.....%@@@@@#..
0x00,0x7f,0xff,0x40,  //....*@@@@@@@%.
0x00,0xff,0xff,0xd0,  //...*@@@@@@@@@*
0x01,0xff,0xff,0xd0,  //...*@@@@@@@@@%
0x00,0x03,0xf0,0x00,  //......*@@@*...
0x00,0x03,0xf0,0x00,  //......*@@@*...
0x00,0x03,0xf0,0x00,  //......*@@@*...
0x00,0x03,0xf0,0x00,  //......*@@@*...
0x00,0x03,0xf0,0x00,  //......*@@@*...
0x00,0x03,0xf0,0x00,  //......*@@@*...
0x00,0x03,0xf0,0x00,  //......*@@@*...
0x00,0x03,0xf0,0x00,  //......*@@@*...
0x05,0x57,0xf0,0x00,  //..****%@@@*...
0x1f,0xff,0xf0,0x00,  //.*@@@@@@@@*...
0x3f,0xff,0xf0,0x00,  //*@@@@@@@@@*...
0xbf,0xff,0xf0,0x00,  //#@@@@@@@@@*...


/*  */
0xbf,0xff,0xf0,0x00,  //#@@@@@@@@@*...
0x2f,0xff,0xf0,0x00,  //+#@@@@@@@@*...
0x0f,0xff,0xf0,0x00,  //.*@@@@@@@@*...
0x00,0x07,0xf0,0x00,  //..+****@@@*...
0x00,0x03,0xf0,0x00,  //......*@@@*...
0x00,0x03,0xf0,0x00,  //......*@@@*...
0x00,0x03,0xf0,0x00,  //......*@@@*...
0x00,0x03,0xf0,0x00,  //......*@@@*...
0x00,0x03,0xf0,0x00,  //......*@@@*...
0x00,0x03,0xf0,0x00,  //......*@@@*...
0x00,0x03,0xf0,0x00,  //......*@@@*...
0x00,0x07,0xf4,0x00,  //....***@@@***.
0x01,0xff,0xff,0xe0,  //...*@@@@@@@@@%
0x00,0xff,0xff,0xc0,  //...+@@@@@@@@@*
0x00,0x7f,0xff,0x40,  //....*@@@@@@@*.
0x00,0x1f,0xfd,0x00,  //.....*@@@@@%..
0x00,0x07,0xf8,0x00,  //......%@@@#...
0x00,0x02,0xe0,0x00,  //.......#@#....
0x00,0x00,0x80,0x00,  //........%+....


/*  */
0x06,0xaa,0xaa,0xaa,0xa4,0x00,  //.+%%%%%%%%%%%%%%%%*..
0x2f,0xff,0xff,0xff,0xfd,0x00,  //+#@@@@@@@@@@@@@@@@@%.
0xbf,0xff,0xff,0xff,0xff,0x00,  //%@@@@@@@@@@@@@@@@@@@*
0xff,0xff,0xff,0xff,0xff,0x40,  //@@@@@@@@@@@@@@@@@@@@*
0xff,0xff,0xff,0xfe,0xff,0x40,  //@@@@@@@@@@@@@@@#@@@@*
0xff,0xff,0xff,0xf4,0x7f,0x40,  //@@@@@@@@@@@@@@*.%@@@*
0xff,0xff,0xff,0xd0,0x1f,0x40,  //@@@@@@@@@@@@@*...%@@*
0xff,0xff,0xff,0x40,0x1f,0x40,  //@@@@@@@@@@@@*....%@@*
0xff,0x4b,0xfd,0x00,0x7f,0x40,  //@@@@%*#@@@@*....%@@@*
0xfd,0x02,0xf4,0x01,0xff,0x40,  //@@@%..+#@@*....%@@@@*
0xfc,0x00,0x90,0x07,0xff,0x40,  //@@@....+#*....%@@@@@*
0xfd,0x00,0x00,0x1f,0xff,0x40,  //@@@%.........%@@@@@@*
0xff,0x40,0x00,0x7f,0xff,0x40,  //@@@@%.......%@@@@@@@*
0xff,0xd0,0x01,0xff,0xff,0x40,  //@@@@@%.....%@@@@@@@@*
0xff,0xf4,0x07,0xff,0xff,0x40,  //@@@@@@%...%@@@@@@@@@*
0xff,0xfd,0x1f,0xff,0xff,0x40,  //@@@@@@@%.%@@@@@@@@@@*
0xff,0xff,0xff,0xff,0xff,0x40,  //@@@@@@@@@@@@@@@@@@@@*
0xbf,0xff,0xff,0xff,0xff,0x40,  //#@@@@@@@@@@@@@@@@@@@*
0x7f,0xff,0xff,0xff,0xff,0x00,  //%@@@@@@@@@@@@@@@@@@@*
0x2f,0xff,0xff,0xff,0xfd,0x00,  //.#@@@@@@@@@@@@@@@@@%.
0x06,0xaa,0xaa,0xaa,0x90,0x00,  //..*%%%%%%%%%%%%%%%*..


/*  */
0x06,0xaa,0xaa,0xaa,0xa4,0x00,  //.+%%%%%%%%%%%%%%%%*..
0x2f,0xff,0xff,0xff,0xfd,0x00,  //+#@@@@@@@@@@@@@@@@@%.
0xbf,0xff,0xff,0xff,0xff,0x00,  //%@@@@@@@@@@@@@@@@@@@*
0xff,0xff,0xff,0xeb,0xff,0x40,  //@@@@@@@@@@@@@%#@@@@@*
0xff,0xff,0xff,0x42,0xff,0x40,  //@@@@@@@@@@@@*..#@@@@*
0xff,0xff,0xfe,0x00,0xbf,0x40,  //@@@@@@@@@@@#....#@@@*
0xff,0xff,0xf6,0x80,0x3f,0x40,  //@@@@@@@@@@*##...+@@@*
0xff,0xff,0xd0,0xa0,0x3f,0x40,  //@@@@@@@@@*..##..+@@@*
0xff,0xff,0x44,0x28,0xbf,0x40,  //@@@@@@@@*.%..##+#@@@*
0xff,0xfd,0x10,0x0b,0xff,0x40,  //@@@@@@@*.%....#@@@@@*
0xff,0xf4,0x40,0x0b,0xff,0x40,  //@@@@@@*.%.....#@@@@@*
0xff,0xd1,0x00,0x2f,0xff,0x40,  //@@@@@*.%.....#@@@@@@*
0xff,0x40,0x00,0xbf,0xff,0x40,  //@@@@*.*.....#@@@@@@@*
0xfd,0x10,0x02,0xff,0xff,0x40,  //@@@%.*.....#@@@@@@@@*
0xfd,0x24,0x0b,0xff,0xff,0x40,  //@@@*+%%...#@@@@@@@@@*
0xfd,0x0c,0x2f,0xff,0xff,0x40,  //@@@*..@*.#@@@@@@@@@@*
0xfd,0x00,0xbf,0xff,0xff,0x40,  //@@@*....#@@@@@@@@@@@*
0xbe,0xaa,0xff,0xff,0xff,0x40,  //#@@#%%%#@@@@@@@@@@@@*
0x7f,0xff,0xff,0xff,0xff,0x00,  //%@@@@@@@@@@@@@@@@@@@*
0x2f,0xff,0xff,0xff,0xfd,0x00,  //.#@@@@@@@@@@@@@@@@@%.
0x06,0xaa,0xaa,0xaa,0x90,0x00,  //..*%%%%%%%%%%%%%%%*..


/*  */
0x06,0xaa,0xaa,0xaa,0xa4,0x00,  //.+%%%%%%%%%%%%%%%%*..
0x2f,0xff,0xff,0xff,0xfd,0x00,  //+#@@@@@@@@@@@@@@@@@%.
0xbf,0xff,0xff,0xff,0xff,0x00,  //%@@@@@@@@@@@@@@@@@@@*
0xff,0xff,0xe5,0x55,0x7f,0x40,  //@@@@@@@@@%******%@@@*
0xff,0xff,0xc0,0x00,0x2f,0x40,  //@@@@@@@@@........#@@*
0xff,0xff,0xd0,0x00,0x2f,0x40,  //@@@@@@@@@%.......%@@*
0xff,0xff,0xf4,0x00,0x2f,0x40,  //@@@@@@@@@@%......%@@*
0xff,0xff,0xf4,0x00,0x2f,0x40,  //@@@@@@@@@@%......%@@*
0xff,0xff,0xd0,0x00,0x2f,0x40,  //@@@@@@@@@%.......%@@*
0xff,0xff,0x40,0x00,0x2f,0x40,  //@@@@@@@@%....+...%@@*
0xff,0xfd,0x00,0x24,0x2f,0x40,  //@@@@@@@%....+#%..%@@*
0xff,0xf4,0x00,0xbe,0x3f,0x40,  //@@@@@@%....+#@@%*@@@*
0xff,0xd0,0x02,0xff,0xff,0x40,  //@@@@@%....+#@@@@@@@@*
0xff,0x40,0x0b,0xff,0xff,0x40,  //@@@@%....+#@@@@@@@@@*
0xfe,0x00,0x2f,0xff,0xff,0x40,  //@@@#....+#@@@@@@@@@@*
0xff,0x00,0xbf,0xff,0xff,0x40,  //@@@@+..+#@@@@@@@@@@@*
0xff,0x82,0xff,0xff,0xff,0x40,  //@@@@#**#@@@@@@@@@@@@*
0xbf,0xff,0xff,0xff,0xff,0x40,  //#@@@@@@@@@@@@@@@@@@@*
0x7f,0xff,0xff,0xff,0xff,0x00,  //%@@@@@@@@@@@@@@@@@@@*
0x2f,0xff,0xff,0xff,0xfd,0x00,  //.#@@@@@@@@@@@@@@@@@%.
0x06,0xaa,0xaa,0xaa,0x90,0x00,  //..*%%%%%%%%%%%%%%%*..


/*  */
0x06,0xaa,0xaa,0xaa,0xa4,0x00,  //.+%%%%%%%%%%%%%%%%*..
0x2f,0xff,0xff,0xff,0xfd,0x00,  //+#@@@@@@@@@@@@@@@@@%.
0xbf,0xff,0xff,0x5f,0xff,0x00,  //%@@@@@@@@@@@*%@@@@@@*
0xff,0xff,0xff,0x07,0xff,0x40,  //@@@@@@@@@@@@..%@@@@@*
0xff,0xff,0xff,0x01,0xff,0x40,  //@@@@@@@@@@@@...%@@@@*
0xff,0xfe,0x90,0x00,0x7f,0x40,  //@@@@@@@#%***....%@@@*
0xff,0xf4,0x00,0x00,0x1f,0x40,  //@@@@@@*..........%@@*
0xff,0x80,0x00,0x00,0x0b,0x40,  //@@@@#+............%@*
0xff,0x40,0x00,0x00,0x0b,0x40,  //@@@@*.............#@*
0xfe,0x00,0x00,0x00,0x2f,0x40,  //@@@#.............#@@*
0xfe,0x00,0x15,0x00,0xbf,0x40,  //@@@%....+***....#@@@*
0xfd,0x01,0xff,0x02,0xff,0x40,  //@@@*...*@@@@...#@@@@*
0xfd,0x03,0xff,0x0b,0xff,0x40,  //@@@*..+@@@@@..#@@@@@*
0xfd,0x07,0xff,0xaf,0xff,0x40,  //@@@*..*@@@@@%#@@@@@@*
0xfd,0x0b,0xff,0xff,0xff,0x40,  //@@@%..%@@@@@@@@@@@@@*
0xfe,0x0b,0xff,0xff,0xff,0x40,  //@@@#..%@@@@@@@@@@@@@*
0xff,0x4b,0xff,0xff,0xff,0x40,  //@@@@*.%@@@@@@@@@@@@@*
0xbf,0x8b,0xff,0xff,0xff,0x40,  //#@@@#.%@@@@@@@@@@@@@*
0x7f,0xeb,0xff,0xff,0xff,0x00,  //%@@@@##@@@@@@@@@@@@@*
0x2f,0xff,0xff,0xff,0xfd,0x00,  //.#@@@@@@@@@@@@@@@@@%.
0x06,0xaa,0xaa,0xaa,0x90,0x00,  //..*%%%%%%%%%%%%%%%*..


/*  */
0x00,0x01,0xaa,0x50,0x00,0x00,  //......+*%%%%%*.......
0x00,0x2f,0xff,0xf9,0x00,0x00,  //....+%@@@@@@@@#*.....
0x00,0xbf,0xff,0xff,0x80,0x00,  //...*#@@@@@@@@@@@%....
0x07,0xfe,0x40,0x6f,0xe0,0x00,  //..*@@@@%*****#@@@#...
0x0b,0xe0,0x00,0x07,0xf8,0x00,  //.+#@@#+.......*@@@%..
0x2f,0x80,0x00,0x11,0xfc,0x00,  //.%@@#.......*%.*@@@*.
0x3f,0x00,0x02,0xe0,0x7e,0x00,  //*@@@+.....*%@%..%@@#.
0x7d,0x00,0x2f,0xe0,0x3f,0x00,  //%@@%....*%@@@%...@@@+
0xbc,0x02,0xff,0xe0,0x2f,0x40,  //#@@*..+%@@@@@%...%@@*
0xfc,0x03,0xaf,0xe0,0x1f,0x40,  //@@@...*@##@@@%...*@@*
0xfc,0x03,0x46,0xe0,0x1f,0x40,  //@@@...*@*.*#@%...*@@*
0xfc,0x03,0x41,0xe0,0x1f,0x40,  //@@@...*@*..%@%...*@@*
0xbc,0x03,0x5b,0x90,0x2f,0x40,  //%@@*..*@%*#@#*...%@@*
0x7d,0x03,0xf9,0x00,0x3f,0x00,  //%@@%..*@@@#*....+@@@+
0x3f,0x03,0x90,0x00,0xbe,0x00,  //+@@@*.*@#*......%@@%.
0x2f,0x81,0x00,0x01,0xfc,0x00,  //.%@@#++*.......*@@@*.
0x0b,0xe0,0x00,0x07,0xf4,0x00,  //..#@@#*.......%@@@%..
0x02,0xfe,0x41,0x6f,0xe0,0x00,  //..+#@@@#****%#@@@#...
0x00,0xbf,0xff,0xff,0x40,0x00,  //...+#@@@@@@@@@@@%....
0x00,0x1b,0xff,0xf8,0x00,0x00,  //.....*#@@@@@@@#*.....
0x00,0x01,0x6a,0x40,0x00,0x00,  //.......*%%%%*+.......


/*  */
0x06,0xaa,0xaa,0xaa,0xa4,0x00,  //.+%%%%%%%%%%%%%%%%*..
0x2f,0xff,0xff,0xff,0xfd,0x00,  //+#@@@@@@@@@@@@@@@@@%.
0xbf,0xff,0xff,0xff,0xff,0x00,  //%@@@@@@@@@@@@@@@@@@@*
0xfe,0x55,0x55,0x55,0x7f,0x40,  //@@@#*************@@@*
0xfd,0x00,0x00,0x00,0x2f,0x40,  //@@@*.............%@@*
0xfd,0x00,0x00,0x00,0x2f,0x40,  //@@@*.............%@@*
0xfd,0x00,0x00,0x00,0x2f,0x40,  //@@@*.............%@@*
0xfd,0x2f,0xff,0xfc,0x2f,0x40,  //@@@*.%@@@@@@@@@*.%@@*
0xfd,0x1f,0xff,0xfc,0x2f,0x40,  //@@@*.%@@@@@@@@@+.%@@*
0xfd,0x0b,0xff,0xf4,0x2f,0x40,  //@@@*..#@@@@@@@*..%@@*
0xfd,0x03,0xff,0xe0,0x2f,0x40,  //@@@*..+@@@@@@%...%@@*
0xfd,0x01,0xff,0x80,0x2f,0x40,  //@@@*...*@@@@#....%@@*
0xfd,0x00,0xbf,0x00,0x2f,0x40,  //@@@*....%@@@*....%@@*
0xfd,0x00,0x2d,0x00,0x2f,0x40,  //@@@*.....#@%.....%@@*
0xfd,0x00,0x08,0x00,0x2f,0x40,  //@@@*.....*%......%@@*
0xfd,0x00,0x00,0x00,0x2f,0x40,  //@@@*.............%@@*
0xfd,0x00,0x00,0x00,0x2f,0x40,  //@@@*.............%@@*
0xbe,0xaa,0xaa,0xaa,0xbf,0x40,  //#@@#%%%%%%%%%%%%%@@@*
0x7f,0xff,0xff,0xff,0xff,0x00,  //%@@@@@@@@@@@@@@@@@@@*
0x2f,0xff,0xff,0xff,0xfd,0x00,  //.#@@@@@@@@@@@@@@@@@%.
0x06,0xaa,0xaa,0xaa,0x90,0x00,  //..*%%%%%%%%%%%%%%%*..


/*  */
0x06,0xaa,0xaa,0xaa,0xa4,0x00,  //.+%%%%%%%%%%%%%%%%*..
0x2f,0xff,0xff,0xff,0xfd,0x00,  //+#@@@@@@@@@@@@@@@@@%.
0xbf,0xff,0xff,0xff,0xff,0x00,  //%@@@@@@@@@@@@@@@@@@@*
0xfe,0x55,0x55,0x55,0x7f,0x40,  //@@@#*************@@@*
0xfd,0x00,0x00,0x00,0x2f,0x40,  //@@@*.............%@@*
0xfd,0x00,0x00,0x00,0x2f,0x40,  //@@@*.............%@@*
0xfd,0x00,0x18,0x00,0x2f,0x40,  //@@@*.....*%......%@@*
0xfd,0x00,0x2e,0x00,0x2f,0x40,  //@@@*....+#@%.....%@@*
0xfd,0x00,0xbf,0x40,0x2f,0x40,  //@@@*....#@@@*....%@@*
0xfd,0x01,0xff,0x80,0x2f,0x40,  //@@@*...%@@@@#+...%@@*
0xfd,0x03,0xff,0xe0,0x2f,0x40,  //@@@*..*@@@@@@#...%@@*
0xfd,0x0b,0xff,0xf4,0x2f,0x40,  //@@@*..#@@@@@@@%..%@@*
0xfd,0x1f,0xff,0xfc,0x2f,0x40,  //@@@*.%@@@@@@@@@*.%@@*
0xfd,0x1a,0xaa,0xa8,0x2f,0x40,  //@@@*.*%%%%%%%%%*.%@@*
0xfd,0x00,0x00,0x00,0x2f,0x40,  //@@@*.............%@@*
0xfd,0x00,0x00,0x00,0x2f,0x40,  //@@@*.............%@@*
0xfd,0x00,0x00,0x00,0x2f,0x40,  //@@@*.............%@@*
0xbe,0xaa,0xaa,0xaa,0xbf,0x40,  //#@@#%%%%%%%%%%%%%@@@*
0x7f,0xff,0xff,0xff,0xff,0x00,  //%@@@@@@@@@@@@@@@@@@@*
0x2f,0xff,0xff,0xff,0xfd,0x00,  //.#@@@@@@@@@@@@@@@@@%.
0x06,0xaa,0xaa,0xaa,0x90,0x00,  //..*%%%%%%%%%%%%%%%*..


/*  */
0x06,0xaa,0xaa,0xaa,0xa4,0x00,  //.+%%%%%%%%%%%%%%%%*..
0x2f,0xff,0xff,0xff,0xfd,0x00,  //+#@@@@@@@@@@@@@@@@@%.
0xbf,0xff,0xff,0xff,0xff,0x00,  //%@@@@@@@@@@@@@@@@@@@*
0xfe,0x55,0x55,0x55,0x6f,0x40,  //@@@#*************#@@*
0xfd,0x00,0x00,0x00,0x2f,0x40,  //@@@*.............%@@*
0xfd,0x02,0x00,0x00,0x2f,0x40,  //@@@*...%*........%@@*
0xfd,0x03,0xd0,0x00,0x2f,0x40,  //@@@*..*@@%.......%@@*
0xfd,0x03,0xf8,0x00,0x2f,0x40,  //@@@*..*@@@#+.....%@@*
0xfd,0x03,0xff,0x40,0x2f,0x40,  //@@@*..*@@@@@*....%@@*
0xfd,0x03,0xff,0xe0,0x2f,0x40,  //@@@*..*@@@@@@%...%@@*
0xfd,0x03,0xff,0xf4,0x2f,0x40,  //@@@*..*@@@@@@@*..%@@*
0xfd,0x03,0xff,0xd0,0x2f,0x40,  //@@@*..*@@@@@@%...%@@*
0xfd,0x03,0xfe,0x00,0x2f,0x40,  //@@@*..*@@@@#*....%@@*
0xfd,0x03,0xf8,0x00,0x2f,0x40,  //@@@*..*@@@%+.....%@@*
0xfd,0x03,0xd0,0x00,0x2f,0x40,  //@@@*..*@@*.......%@@*
0xfd,0x01,0x00,0x00,0x2f,0x40,  //@@@*...*+........%@@*
0xfd,0x00,0x00,0x00,0x2f,0x40,  //@@@*.............%@@*
0xbe,0xaa,0xaa,0xaa,0xbf,0x40,  //#@@#%%%%%%%%%%%%%@@@*
0x7f,0xff,0xff,0xff,0xff,0x00,  //%@@@@@@@@@@@@@@@@@@@*
0x2f,0xff,0xff,0xff,0xfd,0x00,  //.#@@@@@@@@@@@@@@@@@%.
0x06,0xaa,0xaa,0xaa,0x90,0x00,  //..*%%%%%%%%%%%%%%%*..


/*  */
0x00,0x01,0xaa,0x80,  //.......*%%%%%+
0x00,0x1b,0xff,0xc0,  //.....*#@@@@@@+
0x00,0xbf,0xff,0x80,  //....%@@@@@@@#.
0x02,0xfe,0x40,0x00,  //...%@@@#*****.
0x07,0xf4,0x00,0x00,  //..*@@@%.......
0x0b,0xe0,0x00,0x00,  //..#@@%........
0x5f,0xe5,0x55,0x00,  //*%@@@%******..
0xff,0xff,0xfe,0x00,  //@@@@@@@@@@@#..
0xaf,0xaa,0xa9,0x00,  //%#@@#%%%%%%*..
0x2f,0x80,0x00,0x00,  //.%@@%.........
0xaf,0xaa,0xa8,0x00,  //%#@@#%%%%%%+..
0xff,0xff,0xfc,0x00,  //@@@@@@@@@@@...
0x5f,0xe5,0x54,0x00,  //*%@@@%*****...
0x0b,0xe0,0x00,0x00,  //..#@@#........
0x07,0xf4,0x00,0x00,  //..*@@@%.......
0x02,0xfe,0x40,0x00,  //...#@@@#*+.+*.
0x00,0xbf,0xff,0xc0,  //....#@@@@@@@@+
0x00,0x2f,0xff,0xd0,  //.....%@@@@@@@*
0x00,0x01,0xbf,0x80,  //......+%#@@@%*


/*  */
0x00,0x1a,0x90,0x00,  //....+%%%%%*...
0x01,0xff,0xfd,0x00,  //...*@@@@@@@%..
0x07,0xff,0xfe,0x00,  //..*@@@@@@@@#+.
0x0b,0xe4,0x6c,0x00,  //..#@@#***%@+..
0x0f,0xd0,0x00,0x00,  //.+@@@*....+...
0x0f,0xc0,0x00,0x00,  //.*@@@.........
0x0f,0xc0,0x00,0x00,  //.*@@@.........
0x0f,0xc0,0x00,0x00,  //.*@@@.........
0x5f,0xd5,0x40,0x00,  //*%@@@*****....
0xff,0xff,0xd0,0x00,  //@@@@@@@@@*....
0xbf,0xff,0xd0,0x00,  //#@@@@@@@@*....
0x0f,0xc0,0x00,0x00,  //.*@@@.........
0x0f,0xc0,0x00,0x00,  //.*@@@.........
0x0f,0xc0,0x02,0x90,  //.*@@@.....+%%*
0x0f,0xc0,0x03,0xe0,  //.*@@@.....*@@%
0x0f,0xc0,0x03,0xe0,  //.*@@@.....*@@%
0xaf,0xff,0xff,0xe0,  //%#@@@@@@@@@@@%
0xff,0xff,0xff,0xe0,  //@@@@@@@@@@@@@%
0xff,0xff,0xff,0xe0,  //@@@@@@@@@@@@@%


/*  */
0x00,0x05,0x00,0x00,  //.....+**+....
0x00,0x0f,0x00,0x00,  //.....*@@*....
0x00,0x0f,0x00,0x00,  //.....*@@*....
0x00,0x6f,0x90,0x00,  //....*%@@#%+..
0x02,0xff,0xfe,0x00,  //..+#@@@@@@@%.
0x0b,0xff,0xff,0x40,  //.+#@@@@@@@@@%
0x2f,0xd0,0x6e,0x00,  //.%@@@%***%@#+
0x3f,0x40,0x05,0x00,  //.@@@*.....**.
0x3f,0x00,0x00,0x00,  //.@@@*........
0x2f,0x80,0x00,0x00,  //.#@@#........
0x1f,0xe4,0x00,0x00,  //.%@@@#*+.....
0x0b,0xff,0x80,0x00,  //..#@@@@@%*...
0x01,0xbf,0xf8,0x00,  //...*#@@@@@%+.
0x00,0x1b,0xfe,0x00,  //.....*#@@@@#+
0x00,0x00,0xbf,0x80,  //.......*%@@@%
0x00,0x00,0x2f,0xc0,  //.........%@@@
0x00,0x00,0x0f,0xc0,  //..+......*@@@
0x1d,0x00,0x1f,0x80,  //.*@*.....%@@#
0x2f,0x91,0xbf,0x40,  //+#@@#%**%@@@%
0x2f,0xff,0xfe,0x00,  //+#@@@@@@@@@#+
0x07,0xff,0xf8,0x00,  //..%@@@@@@@#+.
0x00,0x6f,0x90,0x00,  //...+*%@@%*...
0x00,0x0f,0x00,0x00,  //.....*@@*....
0x00,0x0f,0x00,0x00,  //.....*@@*....


/*  */
0xaa,0xaa,0xaa,  //%%%%%%%%%%%%
0xff,0xff,0xff,  //@@@@@@@@@@@@
0xaa,0xff,0x80,  //%%%#@@@@%***
0x00,0x2f,0xc0,  //....+%@@@+..
0xaa,0xaf,0xea,  //%%%%%#@@@#%%
0xff,0xff,0xff,  //@@@@@@@@@@@@
0x55,0x5f,0xd5,  //******@@@%**
0x00,0x1f,0xc0,  //.....*@@@+..
0x01,0x7f,0x40,  //+***%@@@%...
0xff,0xfe,0x00,  //@@@@@@@%....
0xff,0xe4,0x00,  //@@@@@#*.....
0x7f,0x00,0x00,  //%@@@*.......
0x1f,0x80,0x00,  //.%@@#+......
0x0b,0xe0,0x00,  //..#@@#+.....
0x02,0xf8,0x00,  //...#@@#.....
0x00,0xbe,0x00,  //...+#@@%....
0x00,0x2f,0x40,  //....+#@@%...
0x00,0x1f,0xd0,  //.....*@@@*..
0x00,0x07,0xf0,  //......*@@@+.


/*  */
0xa9,0x00,0x06,0x90,  //%%%*......*%%%
0x7e,0x00,0x0f,0xc0,  //*@@#.....+@@@*
0x2f,0x40,0x1f,0x80,  //.#@@*....%@@%.
0x1f,0x80,0x2f,0x00,  //.*@@#....#@@*.
0x0b,0xd0,0x7e,0x00,  //..#@@*..*@@%..
0x03,0xe0,0xbc,0x00,  //..*@@#..#@@+..
0x02,0xf5,0xf4,0x00,  //...%@@**@@%...
0x00,0xfa,0xe0,0x00,  //...*@@##@#+...
0x15,0xbf,0xe5,0x40,  //.***#@@@@#***.
0x3f,0xff,0xff,0x80,  //.@@@@@@@@@@@%.
0x2a,0xaf,0xaa,0x40,  //.%%%%#@@#%%%%.
0x00,0x2f,0x40,0x00,  //.....%@@*.....
0x3f,0xff,0xff,0x80,  //.@@@@@@@@@@@%.
0x3f,0xff,0xff,0x80,  //.@@@@@@@@@@@%.
0x00,0x2f,0x40,0x00,  //.+***#@@%***+.
0x00,0x2f,0x40,0x00,  //.....%@@*.....
0x00,0x2f,0x40,0x00,  //.....%@@*.....
0x00,0x2f,0x40,0x00,  //.....%@@*.....
0x00,0x2f,0x40,0x00,  //.....%@@*.....


/*  */
0x01,0xaa,0xaa,0x90,0x00,  //...*%%%%%%%%%*...
0x01,0xff,0xff,0xf8,0x00,  //...*@@@@@@@@@@#+.
0x01,0xff,0xff,0xfe,0x00,  //...*@@@@@@@@@@@#+
0x01,0xf4,0x00,0x6f,0x40,  //...*@@*.....*#@@%
0x01,0xf4,0x00,0x1f,0xc0,  //...*@@*......*@@@
0x01,0xf4,0x00,0x0f,0xc0,  //...*@@*.......@@@
0x01,0xf4,0x00,0x0f,0xc0,  //...*@@*.......@@@
0x01,0xf4,0x00,0x1f,0xc0,  //...*@@*......*@@@
0x01,0xf4,0x00,0x6f,0x40,  //...*@@*.....*#@@%
0xff,0xff,0xff,0xfe,0x00,  //@@@@@@@@@@@@@@@#+
0xff,0xff,0xff,0xf8,0x00,  //@@@@@@@@@@@@@@#+.
0xaa,0xfa,0xaa,0x90,0x00,  //%%%#@@#%%%%%%*...
0x01,0xf4,0x00,0x00,0x00,  //...*@@*..........
0x56,0xf9,0x55,0x50,0x00,  //***%@@%*******...
0xff,0xff,0xff,0xe0,0x00,  //@@@@@@@@@@@@@%...
0xff,0xff,0xff,0xe0,0x00,  //@@@@@@@@@@@@@%...
0x01,0xf4,0x00,0x00,0x00,  //...*@@*..........
0x01,0xf4,0x00,0x00,0x00,  //...*@@*..........
0x01,0xf4,0x00,0x00,0x00,  //...*@@*..........


/*  */
0x28,0x00,0x02,0x80,0x00,0x28,  //+%%*......*%%+......*%%+
0x3d,0x00,0x07,0xd0,0x00,0x7c,  //.@@%......%@@*......%@@.
0x2e,0x00,0x0b,0xe0,0x00,0xb8,  //.#@#......#@@%......#@#.
0x1f,0x00,0x0f,0xf0,0x00,0xf4,  //.%@@+....+@@@@.....+@@%.
0x0f,0x40,0x1f,0xf0,0x01,0xf0,  //.*@@*....*@@@@*....*@@*.
0xaf,0xaa,0xaf,0xfa,0xaa,0xfa,  //%#@@#%%%%#@@@@#%%%%#@@%%
0xff,0xff,0xff,0xff,0xff,0xff,  //@@@@@@@@@@@@@@@@@@@@@@@@
0x07,0xc0,0x3c,0x7c,0x03,0xd0,  //..%@@+..*@@**@@+..+@@*..
0x07,0xd0,0x7c,0x7d,0x07,0xd0,  //***@@***%@@**@@***%@@***
0xff,0xff,0xff,0xff,0xff,0xff,  //@@@@@@@@@@@@@@@@@@@@@@@@
0x56,0xf5,0xf9,0x6f,0x5f,0x95,  //***#@@*%@@%**%@@**@@#***
0x01,0xf0,0xf0,0x1f,0x0f,0x40,  //...*@@+*@@*..*@@++@@*...
0x00,0xf5,0xf0,0x0f,0x5f,0x00,  //...*@@*%@@...+@@**@@+...
0x00,0xf6,0xe0,0x0b,0xae,0x00,  //....@@%#@%....#@%%@#....
0x00,0xbb,0xd0,0x07,0xfd,0x00,  //....%@#@@*....%@@@@%....
0x00,0x7f,0xc0,0x03,0xfd,0x00,  //....*@@@@+....*@@@@*....
0x00,0x3f,0x80,0x03,0xfc,0x00,  //....+@@@#......@@@@+....
0x00,0x2f,0x40,0x02,0xf8,0x00,  //.....#@@%......%@@#.....
0x00,0x2f,0x40,0x01,0xf4,0x00,  //.....%@@*......*@@%.....


/*  */
0x00,0xa1,0x90,0x00,  //....%%.*%%......
0x00,0xf1,0xe0,0x00,  //....@@.*@%......
0x00,0xf1,0xe0,0x00,  //....@@.*@%......
0x55,0xf6,0xe4,0x00,  //****@@*%@#*+....
0xff,0xff,0xff,0x80,  //@@@@@@@@@@@@#*..
0xaf,0xfa,0xff,0xf0,  //%%@@@@%%@@@@@@+.
0x07,0xf0,0x0b,0xf4,  //..%@@@...+#@@@*.
0x07,0xf0,0x03,0xf8,  //..*@@@....*@@@%.
0x07,0xf0,0x03,0xf4,  //..*@@@....*@@@*.
0x07,0xf0,0x1b,0xe0,  //..*@@@..+*#@@#+.
0x07,0xff,0xff,0xd0,  //..*@@@@@@@@@@*..
0x07,0xff,0xff,0xf8,  //..*@@@@@@@@@@@#.
0x07,0xf0,0x07,0xfd,  //..*@@@...**@@@@%
0x07,0xf0,0x01,0xfe,  //..*@@@.....*@@@%
0x07,0xf0,0x00,0xfe,  //..*@@@.....*@@@%
0x07,0xf0,0x02,0xfe,  //..*@@@.....%@@@%
0x5b,0xf5,0x5b,0xfc,  //**#@@@***%#@@@@*
0xff,0xff,0xff,0xf4,  //@@@@@@@@@@@@@@%.
0xff,0xff,0xfe,0x40,  //@@@@@@@@@@@#%*..
0x00,0xf1,0xe0,0x00,  //....@@.*@%......
0x00,0xf1,0xe0,0x00,  //....@@.*@%......
0x00,0xf1,0xe0,0x00,  //....@@.*@%......


/*  */
0x15,0x55,0x55,0x00,0x00,0x00,  //************.........
0xbf,0xff,0xff,0x04,0x00,0x00,  //#@@@@@@@@@@@.**......
0xff,0xff,0xff,0x0d,0x00,0x00,  //@@@@@@@@@@@@.*@*.....
0xff,0xff,0xff,0x0f,0x40,0x00,  //@@@@@@@@@@@@.*@@*....
0xff,0xff,0xff,0x0f,0xd0,0x00,  //@@@@@@@@@@@@.*@@@*...
0xff,0xff,0xff,0x0f,0xf4,0x00,  //@@@@@@@@@@@@.*@@@@*..
0xff,0xff,0xff,0x0f,0xfd,0x00,  //@@@@@@@@@@@@.*@@@@@*.
0xff,0xff,0xff,0x00,0x00,0x00,  //@@@@@@@@@@@@..******.
0xff,0xff,0xff,0x40,0x00,0x00,  //@@@@@@@@@@@@*........
0xff,0xff,0xff,0xff,0xff,0x40,  //@@@@@@@@@@@@@@@@@@@@*
0xff,0xff,0xff,0xff,0xff,0x40,  //@@@@@@@@@@@@@@@@@@@@*
0xff,0xff,0xff,0xff,0xff,0x40,  //@@@@@@@@@@@@@@@@@@@@*
0xff,0xff,0xff,0xff,0xff,0x40,  //@@@@@@@@@@@@@@@@@@@@*
0xff,0xff,0xff,0xff,0xff,0x40,  //@@@@@@@@@@@@@@@@@@@@*
0xff,0xff,0xff,0xff,0xff,0x40,  //@@@@@@@@@@@@@@@@@@@@*
0xff,0xff,0xff,0xff,0xff,0x40,  //@@@@@@@@@@@@@@@@@@@@*
0xff,0xff,0xff,0xff,0xff,0x40,  //@@@@@@@@@@@@@@@@@@@@*
0xff,0xff,0xff,0xff,0xff,0x40,  //@@@@@@@@@@@@@@@@@@@@*
0xff,0xff,0xff,0xff,0xff,0x40,  //@@@@@@@@@@@@@@@@@@@@*
0xff,0xff,0xff,0xff,0xff,0x40,  //@@@@@@@@@@@@@@@@@@@@*
0xff,0xff,0xff,0xff,0xff,0x40,  //@@@@@@@@@@@@@@@@@@@@*
0xff,0xff,0xff,0xff,0xff,0x40,  //@@@@@@@@@@@@@@@@@@@@*
0xff,0xff,0xff,0xff,0xff,0x40,  //@@@@@@@@@@@@@@@@@@@@*
0xbf,0xff,0xff,0xff,0xff,0x40,  //#@@@@@@@@@@@@@@@@@@@*


/*  */
0x15,0x55,0x55,0x00,0x00,0x00,  //************.........
0xbf,0xff,0xff,0x04,0x00,0x00,  //#@@@@@@@@@@@.**......
0xff,0xff,0xff,0x0d,0x00,0x00,  //@@@@@@@@@@@@.*@*.....
0xff,0xff,0xff,0x0f,0x40,0x00,  //@@@@@@@@@@@@.*@@*....
0xff,0xff,0xff,0x0f,0xd0,0x00,  //@@@@@@@@@@@@.*@@@*...
0xff,0xff,0xff,0x0f,0xf4,0x00,  //@@@@@@@@@@@@.*@@@@*..
0xff,0xff,0xff,0x0f,0xfd,0x00,  //@@@@@@@@@@@@.*@@@@@*.
0xff,0xff,0xff,0x00,0x00,0x00,  //@@@@@@@@@@@@..******.
0xff,0xff,0xff,0x40,0x00,0x00,  //@@@@@@@@@@@@*........
0xff,0xff,0xff,0xff,0xff,0x40,  //@@@@@@@@@@@@@@@@@@@@*
0xff,0xea,0xaa,0xaa,0xff,0x40,  //@@@@@#%%%%%%%%%#@@@@*
0xff,0xc0,0x00,0x01,0xff,0x40,  //@@@@@*.........*@@@@*
0xff,0xd5,0x55,0x56,0xff,0x40,  //@@@@@%*********#@@@@*
0xff,0xff,0xff,0xff,0xff,0x40,  //@@@@@@@@@@@@@@@@@@@@*
0xff,0xd0,0x00,0x01,0xff,0x40,  //@@@@@**********%@@@@*
0xff,0xd0,0x00,0x01,0xff,0x40,  //@@@@@**********%@@@@*
0xff,0xff,0xff,0xff,0xff,0x40,  //@@@@@@@@@@@@@@@@@@@@*
0xff,0xd5,0x55,0x56,0xff,0x40,  //@@@@@%*********#@@@@*
0xff,0xc0,0x00,0x01,0xff,0x40,  //@@@@@*.........*@@@@*
0xff,0xea,0xaa,0xaa,0xff,0x40,  //@@@@@#%%%%%%%%%#@@@@*
0xff,0xff,0xff,0xff,0xff,0x40,  //@@@@@@@@@@@@@@@@@@@@*
0xff,0xff,0xff,0xff,0xff,0x40,  //@@@@@@@@@@@@@@@@@@@@*
0xff,0xff,0xff,0xff,0xff,0x40,  //@@@@@@@@@@@@@@@@@@@@*
0xbf,0xff,0xff,0xff,0xff,0x40,  //#@@@@@@@@@@@@@@@@@@@*


/*  */
0x00,0x54,0x00,0x00,0x50,0x00,  //...****.........**+...
0x01,0xf8,0x00,0x00,0xf4,0x00,  //...*@@%........*@@%...
0x01,0xf8,0x00,0x01,0xe8,0x00,  //...*@@%........%@%#...
0x01,0xf8,0x00,0x03,0x9c,0x00,  //...*@@%........@%*@*..
0x01,0xf8,0x00,0x07,0x4d,0x00,  //...*@@%.......*@*+@%..
0x01,0xf8,0x00,0x0b,0x0a,0x00,  //...*@@%.......%@..##..
0x01,0xf8,0x00,0x0f,0xff,0x40,  //...*@@%.......@@@@@@*.
0x01,0xf8,0x00,0x1d,0x07,0x80,  //...*@@%......*@%***@%.
0x01,0xf8,0x00,0x2c,0x02,0xc0,  //...*@@%......%@+...#@.
0x01,0xf8,0x00,0xbe,0x06,0xe0,  //...*@@%.....%@@%..*#@#
0x01,0xf8,0x00,0xaa,0x06,0xa0,  //...*@@%.....%%%%..*%%%
0x01,0xf8,0x00,0x00,0x00,0x00,  //...*@@%...............
0x01,0xf8,0x00,0x00,0x00,0x00,  //...*@@%...............
0x01,0xf8,0x00,0x00,0x00,0x00,  //...*@@%...............
0x01,0xf8,0x00,0x1a,0xaa,0x80,  //...*@@%......%%%%%%%%.
0x01,0xf8,0x00,0x2e,0xab,0x80,  //...*@@%......%@%%%#@%.
0x01,0xf8,0x00,0x2c,0x0a,0x00,  //...*@@%......%@..+##+.
0x01,0xf8,0x00,0x00,0x2d,0x00,  //...*@@%......+*..%@*..
0x01,0xf8,0x00,0x00,0x78,0x00,  //...*@@%.........*@%...
0x6a,0xfa,0x90,0x00,0xe0,0x00,  //*%%#@@#%%%.....+@#....
0x2f,0xff,0xd0,0x02,0xc0,0x00,  //.#@@@@@@@*.....#@*....
0x0b,0xff,0x40,0x07,0x41,0x80,  //..#@@@@@*.....%@%..*%.
0x02,0xfd,0x00,0x0e,0x01,0xc0,  //...#@@@*.....*@#...*@.
0x00,0xb4,0x00,0x2f,0xff,0xc0,  //....#@*......%@@@@@@@.


/*  */
0x00,0x54,0x00,0x15,0x55,0x40,  //...****......********.
0x01,0xf8,0x00,0x2f,0xff,0x80,  //...*@@%......%@@@@@@#.
0x01,0xf8,0x00,0x2c,0x0b,0x00,  //...*@@%......%@...#@*.
0x01,0xf8,0x00,0x14,0x1d,0x00,  //...*@@%......**..%@%..
0x01,0xf8,0x00,0x00,0x38,0x00,  //...*@@%.........*@#...
0x01,0xf8,0x00,0x00,0xb0,0x00,  //...*@@%.........#@+...
0x01,0xf8,0x00,0x02,0xd0,0x00,  //...*@@%........%@*....
0x01,0xf8,0x00,0x03,0x80,0x40,  //...*@@%.......*@#..**.
0x01,0xf8,0x00,0x0a,0x01,0xc0,  //...*@@%......+##+..*@.
0x01,0xf8,0x00,0x2e,0xaa,0xc0,  //...*@@%......%@#%%%#@.
0x01,0xf8,0x00,0x1a,0xaa,0x80,  //...*@@%......%%%%%%%%.
0x01,0xf8,0x00,0x00,0x00,0x00,  //...*@@%...............
0x01,0xf8,0x00,0x00,0x00,0x00,  //...*@@%...............
0x01,0xf8,0x00,0x00,0x00,0x00,  //...*@@%...............
0x01,0xf8,0x00,0x00,0xa0,0x00,  //...*@@%.........%%*...
0x01,0xf8,0x00,0x01,0xe8,0x00,  //...*@@%........*@#%...
0x01,0xf8,0x00,0x02,0xac,0x00,  //...*@@%........##%@...
0x01,0xf8,0x00,0x03,0x5d,0x00,  //...*@@%.......+@%*@*..
0x01,0xf8,0x00,0x07,0x0e,0x00,  //...*@@%.......*@*.@%..
0x6a,0xfa,0x90,0x0b,0x5b,0x00,  //*%%#@@#%%%....#@**#@+.
0x2f,0xff,0xd0,0x0f,0xff,0x40,  //.#@@@@@@@*...+@@@@@@*.
0x0b,0xff,0x40,0x1d,0x03,0x80,  //..#@@@@@*....*@*..+@#.
0x02,0xfd,0x00,0x2c,0x02,0xc0,  //...#@@@*.....#@....#@+
0x00,0xb4,0x00,0xff,0x07,0xf0,  //....#@*.....@@@@..*@@@


/*  */
0x00,0x54,0x00,0x55,0x00,0x00,  //...****.....****+.......
0x01,0xf8,0x00,0xff,0x00,0x00,  //...*@@%.....@@@@*.......
0x01,0xf8,0x00,0xff,0x00,0x00,  //...*@@%.....@@@@*.......
0x01,0xf8,0x00,0xaa,0x00,0x00,  //...*@@%.....%%%%+.......
0x01,0xf8,0x00,0x00,0x00,0x00,  //...*@@%.................
0x01,0xf8,0x00,0x00,0x00,0x00,  //...*@@%.................
0x01,0xf8,0x00,0x00,0x00,0x00,  //...*@@%.................
0x01,0xf8,0x00,0xaa,0xa4,0x00,  //...*@@%.....%%%%%%%.....
0x01,0xf8,0x00,0xff,0xf8,0x00,  //...*@@%.....@@@@@@%.....
0x01,0xf8,0x00,0xff,0xf8,0x00,  //...*@@%.....@@@@@@%.....
0x01,0xf8,0x00,0xaa,0xa4,0x00,  //...*@@%.....%%%%%%%.....
0x01,0xf8,0x00,0x00,0x00,0x00,  //...*@@%.................
0x01,0xf8,0x00,0x00,0x00,0x00,  //...*@@%.................
0x01,0xf8,0x00,0x00,0x00,0x00,  //...*@@%.................
0x01,0xf8,0x00,0xaa,0xaa,0x90,  //...*@@%.....%%%%%%%%%*..
0x01,0xf8,0x00,0xff,0xff,0xd0,  //...*@@%.....@@@@@@@@@*..
0x01,0xf8,0x00,0xff,0xff,0xd0,  //...*@@%.....@@@@@@@@@*..
0x01,0xf8,0x00,0x55,0x55,0x40,  //...*@@%.....*********+..
0x01,0xf8,0x00,0x00,0x00,0x00,  //...*@@%.................
0x6a,0xfa,0x90,0x00,0x00,0x00,  //*%%#@@#%%%..............
0x2f,0xff,0xd0,0x00,0x00,0x00,  //.#@@@@@@@*..............
0x0b,0xff,0x40,0xff,0xff,0xff,  //..#@@@@@*...@@@@@@@@@@@@
0x02,0xfd,0x00,0xff,0xff,0xff,  //...#@@@*....@@@@@@@@@@@@
0x00,0xb4,0x00,0xff,0xff,0xff,  //....#@*.....@@@@@@@@@@@@


/*  */
0x00,0x54,0x00,0x55,0x55,0x55,  //...****.....************
0x01,0xf8,0x00,0xff,0xff,0xff,  //...*@@%.....@@@@@@@@@@@@
0x01,0xf8,0x00,0xff,0xff,0xff,  //...*@@%.....@@@@@@@@@@@@
0x01,0xf8,0x00,0xaa,0xaa,0xaa,  //...*@@%.....%%%%%%%%%%%%
0x01,0xf8,0x00,0x00,0x00,0x00,  //...*@@%.................
0x01,0xf8,0x00,0x00,0x00,0x00,  //...*@@%.................
0x01,0xf8,0x00,0x00,0x00,0x00,  //...*@@%.................
0x01,0xf8,0x00,0xaa,0xaa,0x80,  //...*@@%.....%%%%%%%%%*..
0x01,0xf8,0x00,0xff,0xff,0xd0,  //...*@@%.....@@@@@@@@@*..
0x01,0xf8,0x00,0xff,0xff,0xd0,  //...*@@%.....@@@@@@@@@*..
0x01,0xf8,0x00,0xaa,0xaa,0x80,  //...*@@%.....%%%%%%%%%*..
0x01,0xf8,0x00,0x00,0x00,0x00,  //...*@@%.................
0x01,0xf8,0x00,0x00,0x00,0x00,  //...*@@%.................
0x01,0xf8,0x00,0x00,0x00,0x00,  //...*@@%.................
0x01,0xf8,0x00,0xaa,0xa4,0x00,  //...*@@%.....%%%%%%%.....
0x01,0xf8,0x00,0xff,0xf8,0x00,  //...*@@%.....@@@@@@%.....
0x01,0xf8,0x00,0xff,0xf8,0x00,  //...*@@%.....@@@@@@%.....
0x01,0xf8,0x00,0x55,0x54,0x00,  //...*@@%.....*******.....
0x01,0xf8,0x00,0x00,0x00,0x00,  //...*@@%.................
0x6a,0xfa,0x90,0x00,0x00,0x00,  //*%%#@@#%%%..............
0x2f,0xff,0xd0,0x00,0x00,0x00,  //.#@@@@@@@*..............
0x0b,0xff,0x40,0xff,0x00,0x00,  //..#@@@@@*...@@@@*.......
0x02,0xfd,0x00,0xff,0x00,0x00,  //...#@@@*....@@@@*.......
0x00,0xb4,0x00,0xff,0x00,0x00,  //....#@*.....@@@@*.......


/*  */
0x00,0x54,0x00,0x00,0x40,  //...****........**+..
0x01,0xf8,0x00,0x07,0xc0,  //...*@@%.......*@@*..
0x01,0xf8,0x00,0x1e,0xc0,  //...*@@%......*@#@*..
0x01,0xf8,0x00,0x19,0xc0,  //...*@@%......*%%@*..
0x01,0xf8,0x00,0x01,0xc0,  //...*@@%........*@*..
0x01,0xf8,0x00,0x01,0xc0,  //...*@@%........*@*..
0x01,0xf8,0x00,0x01,0xc0,  //...*@@%........*@*..
0x01,0xf8,0x00,0x01,0xc0,  //...*@@%........*@*..
0x01,0xf8,0x00,0x01,0xc0,  //...*@@%........*@*..
0x01,0xf8,0x00,0x1a,0xe9,  //...*@@%......%%#@#%*
0x01,0xf8,0x00,0x1a,0xa9,  //...*@@%......%%%%%%*
0x01,0xf8,0x00,0x00,0x00,  //...*@@%.............
0x01,0xf8,0x00,0x00,0x00,  //...*@@%.............
0x01,0xf8,0x00,0x00,0x00,  //...*@@%.............
0x01,0xf8,0x00,0x06,0x90,  //...*@@%.......*%%%..
0x01,0xf8,0x00,0x1e,0xb8,  //...*@@%......%@##@#.
0x01,0xf8,0x00,0x38,0x1d,  //...*@@%.....+@%..%@*
0x01,0xf8,0x00,0x34,0x0e,  //...*@@%.....*@*...@%
0x01,0xf8,0x00,0x38,0x0f,  //...*@@%.....+@#..+@@
0x6a,0xfa,0x90,0x1e,0xae,  //*%%#@@#%%%...%@#%#@#
0x2f,0xff,0xd0,0x06,0x9e,  //.#@@@@@@@*....*%%%@%
0x0b,0xff,0x40,0x00,0x2d,  //..#@@@@@*........%@*
0x02,0xfd,0x00,0x00,0x78,  //...#@@@*.....+**%@#.
0x00,0xb4,0x00,0x1f,0xe0,  //....#@*......%@@@#..


/*  */
0x00,0x54,0x00,0x01,0x40,  //...****.......****..
0x01,0xf8,0x00,0x1f,0xf4,  //...*@@%......*@@@@%.
0x01,0xf8,0x00,0x38,0x2d,  //...*@@%.....+@#++#@*
0x01,0xf8,0x00,0x34,0x0e,  //...*@@%.....*@%..+@%
0x01,0xf8,0x00,0x34,0x0e,  //...*@@%.....*@%...@#
0x01,0xf8,0x00,0x2d,0x6e,  //...*@@%......#@%*%@#
0x01,0xf8,0x00,0x0b,0xee,  //...*@@%......+%@@%@%
0x01,0xf8,0x00,0x00,0x1d,  //...*@@%..........*@*
0x01,0xf8,0x00,0x00,0x28,  //...*@@%.........*##.
0x01,0xf8,0x00,0x1f,0xe0,  //...*@@%......*@@@#*.
0x01,0xf8,0x00,0x0a,0x40,  //...*@@%......*%%%+..
0x01,0xf8,0x00,0x00,0x00,  //...*@@%.............
0x01,0xf8,0x00,0x00,0x00,  //...*@@%.............
0x01,0xf8,0x00,0x00,0x00,  //...*@@%.............
0x01,0xf8,0x00,0x01,0x80,  //...*@@%........%%+..
0x01,0xf8,0x00,0x0b,0xc0,  //...*@@%.......%@@*..
0x01,0xf8,0x00,0x2e,0xc0,  //...*@@%......%@#@*..
0x01,0xf8,0x00,0x05,0xc0,  //...*@@%......+**@*..
0x01,0xf8,0x00,0x01,0xc0,  //...*@@%........*@*..
0x6a,0xfa,0x90,0x01,0xc0,  //*%%#@@#%%%.....*@*..
0x2f,0xff,0xd0,0x01,0xc0,  //.#@@@@@@@*.....*@*..
0x0b,0xff,0x40,0x01,0xc0,  //..#@@@@@*......*@*..
0x02,0xfd,0x00,0x01,0xc0,  //...#@@@*.......*@*..
0x00,0xb4,0x00,0x2f,0xfd,  //....#@*......%@@@@@*


/*  */
0x00,0x00,0x00,0x68,0x00,0x00,  //............*%%+.....
0x00,0x00,0x00,0xbe,0x00,0x00,  //............#@@#.....
0x00,0x00,0x00,0xff,0x00,0x00,  //...........+@@@@*....
0x00,0x00,0x01,0xff,0x00,0x00,  //...........*@@@@*....
0x00,0x00,0x02,0xff,0x00,0x00,  //...........#@@@@+....
0x00,0x00,0x0b,0xfe,0x00,0x00,  //..........%@@@@#.....
0x00,0x00,0x1f,0xfd,0x00,0x00,  //.........%@@@@@*.....
0x00,0x00,0x7f,0xff,0xfe,0x40,  //........*@@@@@@@@@@#*
0x00,0x01,0xff,0xff,0xff,0xc0,  //+****..*@@@@@@@@@@@@@
0xbf,0xd7,0xff,0xff,0xff,0xc0,  //#@@@@**@@@@@@@@@@@@@@
0xff,0xd7,0xff,0xff,0xff,0xc0,  //@@@@@**@@@@@@@@@@@@@@
0xff,0xd7,0xff,0xff,0xff,0x80,  //@@@@@**@@@@@@@@@@@@@#
0xff,0xd7,0xff,0xff,0xff,0x80,  //@@@@@**@@@@@@@@@@@@@#
0xff,0xd7,0xff,0xff,0xff,0x80,  //@@@@@**@@@@@@@@@@@@@%
0xff,0xd7,0xff,0xff,0xff,0x40,  //@@@@@**@@@@@@@@@@@@@*
0xf6,0xd7,0xff,0xff,0xff,0x40,  //@@%#@**@@@@@@@@@@@@@*
0xe1,0xd7,0xff,0xff,0xff,0x00,  //@%.%@**@@@@@@@@@@@@@+
0xfb,0xd7,0xff,0xff,0xfd,0x00,  //@@%@@**@@@@@@@@@@@@%.
0xbf,0xd7,0xff,0xff,0xfd,0x00,  //#@@@@**@@@@@@@@@@@@*.
0x00,0x00,0x1b,0xff,0xf8,0x00,  //........*%#@@@@@@@#+.
0x00,0x00,0x00,0x6a,0x90,0x00,  //...........**%%%%%+..


/*  */
0x00,0x00,0x06,0xbf,0xe4,0x00,  //..........*%#@@@@#*..
0x15,0x41,0xbf,0xff,0xfc,0x00,  //*****..*%@@@@@@@@@@*.
0xff,0xd7,0xff,0xff,0xfd,0x00,  //@@@@@**@@@@@@@@@@@@*.
0xe2,0xd7,0xff,0xff,0xfe,0x00,  //@#*#@**@@@@@@@@@@@@%.
0xe2,0xd7,0xff,0xff,0xff,0x00,  //@#.%@**@@@@@@@@@@@@@*
0xff,0xd7,0xff,0xff,0xff,0x40,  //@@@@@**@@@@@@@@@@@@@*
0xff,0xd7,0xff,0xff,0xff,0x40,  //@@@@@**@@@@@@@@@@@@@*
0xff,0xd7,0xff,0xff,0xff,0x80,  //@@@@@**@@@@@@@@@@@@@#
0xff,0xd7,0xff,0xff,0xff,0x80,  //@@@@@**@@@@@@@@@@@@@#
0xff,0xd7,0xff,0xff,0xff,0x80,  //@@@@@**@@@@@@@@@@@@@#
0xff,0xd7,0xff,0xff,0xff,0xc0,  //@@@@@**@@@@@@@@@@@@@@
0xaa,0x82,0xff,0xff,0xff,0xc0,  //%%%%%**#@@@@@@@@@@@@@
0x00,0x00,0xbf,0xff,0xff,0x80,  //........#@@@@@@@@@@@#
0x00,0x00,0x2f,0xfd,0x55,0x00,  //.........#@@@@@%****.
0x00,0x00,0x0f,0xfd,0x00,0x00,  //.........+@@@@@%.....
0x00,0x00,0x07,0xfe,0x00,0x00,  //..........*@@@@#.....
0x00,0x00,0x01,0xff,0x00,0x00,  //...........%@@@@*....
0x00,0x00,0x00,0xff,0x00,0x00,  //...........*@@@@*....
0x00,0x00,0x00,0xff,0x00,0x00,  //...........+@@@@+....
0x00,0x00,0x00,0xbd,0x00,0x00,  //............%@@%.....


/*  */
0x06,0xaa,0xaa,0xaa,0xa4,0x00,  //.+%%%%%%%%%%%%%%%%*..
0x2f,0xea,0xbf,0xff,0xfd,0x00,  //+#@@@%%#%@@@@@@@@@@%.
0xbf,0xd5,0x7f,0xff,0xff,0x00,  //%@@@@%**%@@@@@@@@@@@*
0xff,0xf0,0x82,0x23,0xff,0x40,  //@@@@@@++#++#*%*@@@@@*
0xff,0xf0,0x85,0x23,0xff,0x40,  //@@@@@@*+%**%*%*@@@@@*
0xff,0xf5,0x85,0x23,0xff,0x40,  //@@@@@@**%****%*@@@@@*
0xff,0xf5,0x85,0x23,0xff,0x40,  //@@@@@@**%****%*@@@@@*
0xff,0xf5,0x82,0x03,0xff,0x40,  //@@@@@@**#++#***@@@@@*
0xff,0xff,0xeb,0xbf,0xff,0x40,  //@@@@@@@@@##@#@@@@@@@*
0xfe,0x00,0x00,0x00,0x7f,0x40,  //@@@#*..........+*@@@*
0xfc,0x00,0x00,0x00,0x1f,0x40,  //@@@****...++.....%@@*
0xfc,0xb8,0x05,0x00,0x1f,0x40,  //@@@.%@%+..**.....*@@*
0xfc,0x31,0x16,0x86,0x1f,0x40,  //@@@..@.%+%*%%.*%.*@@*
0xfc,0x32,0x25,0x89,0x4f,0x40,  //@@@..@.%*%*%#*#***@@*
0xfc,0x32,0x25,0x8a,0x4f,0x40,  //@@@..@.%*%**%*##**@@*
0xfc,0x32,0x25,0x88,0x1f,0x40,  //@@@..@.%*%**%*%+**@@*
0xfc,0x32,0x66,0x8a,0x5f,0x40,  //@@@..@.%%%*%#+#%**@@*
0xbc,0x00,0x00,0x00,0x1f,0x40,  //#@@+.*.+++++*.+*.%@@*
0x7e,0x00,0x00,0x00,0x2f,0x00,  //%@@%............*#@@*
0x2f,0xfa,0xaa,0xab,0xfd,0x00,  //.#@@@@%%%%%%%%#@@@@%.
0x06,0xaa,0xaa,0xaa,0x90,0x00,  //..*%%%%%%%%%%%%%%%*..


/*  */
0x00,0x41,0x00,0x00,0x00,  //...+*.+*............
0x00,0xc6,0x00,0x00,0x00,  //....@**#............
0x00,0x99,0x00,0x00,0x00,  //....%%%%.**..*.*....
0x00,0x68,0x69,0x33,0x00,  //....*##**##**@.@*...
0x00,0x38,0x96,0x33,0x00,  //.....@#.%**%*@.@*...
0x00,0x28,0x96,0x33,0x00,  //.....#%.%**%*@.@*...
0x00,0x24,0x96,0x33,0x00,  //.....%*.%**%*@.@*...
0x00,0x24,0x96,0x33,0x00,  //.....%*.%**%*@.@*...
0x00,0x24,0x69,0x3b,0x00,  //.....%*.%##%*@%@*...
0x00,0x10,0x14,0x11,0x00,  //.....**..**..*+*+...
0x00,0x00,0x55,0x40,0x00,  //...**************+..
0x1f,0xff,0xff,0xff,0xf8,  //.*@@@@@@@@@@@@@@@@#+
0x3f,0xff,0xff,0xff,0xfe,  //+@@@@@@@@@@@@@@@@@@%
0x60,0x0f,0xf8,0xff,0xff,  //*%....@@@@%*@@@@@@@@
0x68,0x6f,0xf8,0xff,0xff,  //*#%+*%@@@@%*@@@@@@@@
0x7c,0x75,0x58,0x0e,0x0b,  //*@@**@*%%*%+**@#++#@
0xbc,0x71,0x48,0x88,0x47,  //%@@**@****%+%.%****@
0xbc,0x71,0x48,0xc8,0x53,  //%@@**@****%*@.%*%**@
0xbc,0x71,0x48,0xc8,0x07,  //%@@**@****%*@.%*+**@
0x7c,0x71,0x48,0xc8,0xa7,  //*@@**@****%*@.%*%%%@
0x7c,0x71,0x08,0x88,0x43,  //*@@**@**+*%+%.%****@
0x7d,0x74,0x59,0x0e,0x0b,  //*@@*%@****#***@#++#@
0x3f,0xff,0xff,0xff,0xfe,  //+@@@@@@@@@@@@@@@@@@%
0x1f,0xff,0xff,0xff,0xf8,  //.%@@@@@@@@@@@@@@@@#+


/*  */
0x00,0x00,0x00,0x0b,0xf4,  //..............#@@@%
0x00,0x00,0x00,0x1f,0xf0,  //.............*@@@@+
0x00,0x00,0x00,0x2f,0xd0,  //.............#@@@*.
0x00,0x00,0x00,0x7f,0x80,  //............%@@@#..
0x2f,0xe0,0x00,0xff,0x40,  //.%@@@%.....+@@@@*..
0x0f,0xf4,0x02,0xfe,0x00,  //.*@@@@*....%@@@#...
0x07,0xf8,0x03,0xfc,0x00,  //..%@@@#...*@@@@*...
0x02,0xfd,0x0b,0xf8,0x00,  //...#@@@*..#@@@%....
0x02,0xfe,0x1f,0xf0,0x00,  //...%@@@#.*@@@@+....
0x03,0xfd,0x2f,0xd0,0x00,  //..+@@@@*.#@@@%.....
0x0b,0xf8,0x7f,0x80,0x00,  //..%@@@%.*@@@#......
0x0f,0xf0,0xff,0x40,0x00,  //.*@@@@*+@@@@*......
0x2f,0xd1,0xfe,0x00,0x00,  //.#@@@%.%@@@#.......
0x7f,0xc1,0xff,0x00,0x00,  //*@@@@+.*@@@@+......
0xbf,0x40,0xbf,0x40,0x00,  //#@@@*...#@@@%......
0x00,0x00,0x7f,0xc0,0x00,  //........*@@@@*.....
0x00,0x00,0x2f,0xe0,0x00,  //.........%@@@%.....
0x00,0x00,0x0f,0xf0,0x00,  //.........*@@@@*....
0x00,0x00,0x0b,0xf8,0x00,  //..........%@@@#....
0x00,0x00,0x03,0xfd,0x00,  //..........+@@@@*...
0x00,0x00,0x01,0xfe,0x00,  //...........%@@@#...
0x00,0x00,0x00,0xaa,0x00,  //............%%%%+..


/*  */
0x06,0xaa,0xaa,0xaa,0xa4,0x00,  //.+%%%%%%%%%%%%%%%%*..
0x2f,0xff,0xff,0xfa,0xad,0x00,  //+#@@@@@@@@@@@@#%%#@%.
0xbf,0xff,0xff,0xe0,0x1f,0x00,  //%@@@@@@@@@@@@#...%@@*
0xff,0xff,0xff,0xd0,0x3f,0x40,  //@@@@@@@@@@@@@*..+@@@*
0xff,0xff,0xff,0x80,0xbf,0x40,  //@@@@@@@@@@@@#...%@@@*
0xff,0x02,0xff,0x00,0xff,0x40,  //@@@@***%@@@@*..*@@@@*
0xff,0x40,0xbe,0x02,0xff,0x40,  //@@@@*..+#@@%...%@@@@*
0xff,0x80,0x7c,0x07,0xff,0x40,  //@@@@#...*@@+..*@@@@@*
0xff,0xd0,0x24,0x0b,0xff,0x40,  //@@@@@*...#%...#@@@@@*
0xff,0xc0,0x20,0x1f,0xff,0x40,  //@@@@@*..*#...*@@@@@@*
0xff,0x40,0x90,0x2f,0xff,0x40,  //@@@@%...#*..+#@@@@@@*
0xfe,0x01,0x80,0x7f,0xff,0x40,  //@@@#+..*#...%@@@@@@@*
0xfd,0x02,0x80,0xbf,0xff,0x40,  //@@@*...#%...%@@@@@@@*
0xfc,0x07,0xc0,0x3f,0xff,0x40,  //@@@***%@@*..+@@@@@@@*
0xff,0xff,0xe0,0x1f,0xff,0x40,  //@@@@@@@@@#...%@@@@@@*
0xff,0xff,0xf4,0x0f,0xff,0x40,  //@@@@@@@@@@*..+@@@@@@*
0xff,0xff,0xf8,0x07,0xff,0x40,  //@@@@@@@@@@#...*@@@@@*
0xbf,0xff,0xfd,0x02,0xff,0x40,  //#@@@@@@@@@@*...#@@@@*
0x7f,0xff,0xfe,0x01,0xff,0x00,  //%@@@@@@@@@@#...%@@@@*
0x2f,0xff,0xff,0xff,0xfd,0x00,  //.#@@@@@@@@@@@@@@@@@%.
0x06,0xaa,0xaa,0xaa,0x90,0x00,  //..*%%%%%%%%%%%%%%%*..


/*  */
0x06,0xaf,0xff,0xff,0xfa,0x90,  //.+%%%#@@@@@@@@@@@@#%%%+.
0x2f,0xff,0xff,0xff,0xff,0xf8,  //.#@@@@@@@@@@@@@@@@@@@@#.
0x7f,0xff,0xff,0xff,0xff,0xfd,  //*@@@@@@@@@@@@@@@@@@@@@@*
0xbf,0xff,0xff,0xff,0xff,0xfe,  //%@@@@@@@@@@@@@@@@@@@@@@%
0xbf,0xff,0xef,0xff,0xff,0xfe,  //#@@@@@@@@#@@@@@@@@@@@@@#
0xff,0xff,0xd2,0xff,0xff,0xff,  //@@@@@@@@@**#@@@@@@@@@@@@
0xff,0xff,0xd0,0x6f,0xff,0xff,  //@@@@@@@@@*..*#@@@@@@@@@@
0xff,0xff,0xd0,0x06,0xff,0xff,  //@@@@@@@@@*....*#@@@@@@@@
0xff,0xff,0xd0,0x01,0xff,0xff,  //@@@@@@@@@*.....*@@@@@@@@
0xff,0xff,0xd0,0x1b,0xff,0xff,  //@@@@@@@@@*...*#@@@@@@@@@
0xff,0xff,0xd1,0xbf,0xff,0xff,  //@@@@@@@@@*.*#@@@@@@@@@@@
0xff,0xff,0xeb,0xff,0xff,0xff,  //@@@@@@@@@##@@@@@@@@@@@@@
0xbf,0xff,0xff,0xff,0xff,0xfe,  //%@@@@@@@@@@@@@@@@@@@@@@#
0xbf,0xff,0xff,0xff,0xff,0xfe,  //%@@@@@@@@@@@@@@@@@@@@@@%
0x7f,0xff,0xff,0xff,0xff,0xfd,  //*@@@@@@@@@@@@@@@@@@@@@@*
0x2f,0xff,0xff,0xff,0xff,0xf8,  //.#@@@@@@@@@@@@@@@@@@@@#.
0x05,0xaa,0xaa,0xaa,0xaa,0x50,  //..*%%%%%%%%%%%%%%%%%%*..


/*  */
0x00,0x18,0x00,0x02,0x40,0x00,  //.....*%+......+%*.....
0x00,0xbe,0x00,0x0b,0xe0,0x00,  //...+%@@#*....*#@@%+...
0x06,0xff,0xd0,0x7f,0xf9,0x00,  //..*#@@@@@*..*@@@@@#*..
0x2f,0xff,0xf5,0xff,0xff,0x80,  //+%@@@@@@@@%%@@@@@@@@%+
0xbf,0xff,0xe0,0xbf,0xff,0xe0,  //#@@@@@@@@%++%@@@@@@@@#
0x1f,0xfe,0x40,0x1b,0xff,0x40,  //.%@@@@@#*....*#@@@@@%.
0x07,0xf4,0x00,0x01,0xfd,0x00,  //..*@@@%........%@@@*..
0x00,0x80,0x00,0x00,0x20,0x00,  //...+%*..........*%+...
0x01,0x90,0x00,0x00,0x64,0x00,  //...*#*..........*#*...
0x07,0xf8,0x00,0x02,0xfd,0x00,  //..%@@@#+......+#@@@%..
0x2f,0xff,0x40,0x1f,0xff,0x80,  //.#@@@@@@%....%@@@@@@#.
0xbf,0xff,0xe0,0xbf,0xff,0xe0,  //#@@@@@@@@#**#@@@@@@@@#
0x1f,0xff,0xf5,0xff,0xff,0x40,  //.%@@@@@@@@**@@@@@@@@%.
0x02,0xff,0x8a,0x2f,0xf8,0x00,  //..*#@@@@#*##*#@@@@#*..
0x00,0x7e,0x6f,0x8b,0xd0,0x00,  //....%@@#*#@@#*#@@%....
0x00,0x05,0xbf,0xe5,0x00,0x00,  //....**%*#@@@@#*%**....
0x00,0x67,0xff,0xfd,0x90,0x00,  //....*#%@@@@@@@@%#*....
0x00,0x1b,0xff,0xfe,0x40,0x00,  //.....*#@@@@@@@@#*.....
0x00,0x01,0xff,0xf4,0x00,0x00,  //.......%@@@@@@%.......
0x00,0x00,0x2f,0x80,0x00,0x00,  //........*#@@#*........
0x00,0x00,0x05,0x00,0x00,0x00,  //..........**..........


/*  */
0x00,0x00,0x00,0x00,0x00,  //.............++.....
0x00,0x00,0x00,0x78,0x00,  //............*@#.....
0x00,0x00,0x00,0x2d,0x00,  //............+#@%....
0x00,0x00,0x00,0x1f,0x00,  //.............*@@*...
0x00,0x00,0x18,0x07,0x80,  //.........*#...%@#+..
0x00,0x00,0x2e,0x02,0xe0,  //.........#@#+..#@#..
0x00,0x00,0x0b,0x80,0xb4,  //.........+#@#*.+#@%.
0x00,0x00,0x02,0xf4,0x7c,  //...........#@@*.*@@*
0x00,0x01,0x00,0x7d,0x1e,  //......+*....%@@%.%@#
0x00,0x07,0x90,0x1f,0x8a,  //......%@#*...*@@#+#%
0x00,0x06,0xf9,0x06,0xe0,  //......*#@@#%+.*#@#*.
0x00,0x00,0x6f,0xd0,0x90,  //........*#@@@%++#%..
0x00,0x00,0x06,0xfe,0x00,  //..........*#@@@%*...
0x00,0x24,0x00,0x2f,0x40,  //.....%**+...*%@@*...
0x00,0x3f,0xe9,0x01,0x00,  //....+@@@@#%**.*%....
0x00,0x1a,0xff,0xf9,0x00,  //+*...*%#@@@@@@#*.+*+
0xb0,0x00,0x06,0xbc,0x2d,  //%@*......**%#@@*.%@*
0xb0,0x00,0x00,0x00,0x2d,  //%@*..........+*+.%@*
0xb0,0x7f,0xff,0xfc,0x2d,  //%@*.*@@@@@@@@@@*.%@*
0xb0,0x7f,0xff,0xfc,0x2d,  //%@*.*@@@@@@@@@@*.%@*
0xb0,0x00,0x00,0x00,0x2d,  //%@*.+**********..%@*
0xb0,0x00,0x00,0x00,0x2d,  //%@*..............%@*
0xba,0xaa,0xaa,0xaa,0xad,  //%@#%%%%%%%%%%%%%%#@*
0xbf,0xff,0xff,0xff,0xfd,  //%@@@@@@@@@@@@@@@@@@*


/*  */
0x00,0x6a,0xaa,0xaa,0x40,0x00,  //...*%%%%%%%%%%%%*+...
0x0b,0xff,0xff,0xff,0xf4,0x00,  //..%@@@@@@@@@@@@@@@*..
0x2e,0x00,0x00,0x00,0x6c,0x00,  //.#@#*+.........+*#@*.
0x78,0x00,0x00,0x00,0x0e,0x00,  //*@%............+++@#.
0xb0,0x00,0x00,0x07,0x87,0x00,  //%@+...........*@#.%@*
0xb0,0x00,0x6a,0x43,0x87,0x40,  //#@.....+%%%%*.*@#.*@*
0xe0,0x02,0xff,0xe0,0x03,0x40,  //@#....+#@@@@@%.+..*@*
0xe0,0x0b,0x40,0xb8,0x03,0x40,  //@%...+#@*..*#@%...*@*
0xe0,0x1d,0x00,0x2c,0x03,0x40,  //@%...%@*.....#@+..*@*
0xe0,0x2c,0x00,0x1d,0x03,0x40,  //@%...#@......*@*..*@*
0xe0,0x38,0x00,0x0d,0x03,0x40,  //@%...@#......*@*..*@*
0xe0,0x2c,0x00,0x1d,0x03,0x40,  //@%...#@......*@*..*@*
0xe0,0x1d,0x00,0x2c,0x03,0x40,  //@%...%@%.....#@+..*@*
0xe0,0x0b,0x81,0xb4,0x03,0x40,  //@%....#@%***#@%...*@*
0xf0,0x02,0xff,0xd0,0x03,0x40,  //@@....+#@@@@@%....*@*
0xb0,0x00,0x69,0x00,0x07,0x40,  //#@......*%%%*.....*@*
0xb0,0x00,0x00,0x00,0x0b,0x00,  //%@*...............%@+
0x38,0x00,0x00,0x00,0x1e,0x00,  //*@#..............*@#.
0x2e,0x40,0x00,0x00,0x7c,0x00,  //.%@#************%@@*.
0x07,0xff,0xff,0xff,0xe0,0x00,  //..%@@@@@@@@@@@@@@#*..
0x00,0x5a,0xaa,0xa9,0x00,0x00,  //...+*%%%%%%%%%%**....


/*  */
0x06,0xaa,0xaa,0xaa,0xa4,0x00,  //.+%%%%%%%%%%%%%%%%*..
0x2f,0xff,0xff,0xff,0xfd,0x00,  //+#@@@@@@@@@@@@@@@@@%.
0xbf,0xff,0xff,0xff,0xff,0x00,  //%@@@@@@@@@@@@@@@@@@@*
0xff,0xff,0xff,0xff,0xff,0x40,  //@@@@@@@@@@@@@@@@@@@@*
0xff,0xff,0xff,0xff,0xff,0x40,  //@@@@@@@@@@@@@@@@@@@@*
0xff,0xff,0xff,0xff,0xff,0x40,  //@@@@@@@@@@@@@@@@@@@@*
0xff,0xff,0xff,0xff,0xff,0x40,  //@@@@@@@@@@@@@@@@@@@@*
0xff,0xe6,0xff,0x96,0xff,0x40,  //@@@@@#*#@@@@#%%#@@@@*
0xff,0x40,0x7e,0x00,0xbf,0x40,  //@@@@*...*@@#+...#@@@*
0xfe,0x00,0x2d,0x00,0x3f,0x40,  //@@@#.....#@*....*@@@*
0xfe,0x00,0x2c,0x00,0x3f,0x40,  //@@@%.....%@*.....@@@*
0xfe,0x00,0x2d,0x00,0x3f,0x40,  //@@@#.....#@*....*@@@*
0xff,0x40,0x7e,0x00,0xbf,0x40,  //@@@@%...%@@#+..+#@@@*
0xff,0xea,0xff,0xeb,0xff,0x40,  //@@@@@#%#@@@@@#%@@@@@*
0xff,0xff,0xff,0xff,0xff,0x40,  //@@@@@@@@@@@@@@@@@@@@*
0xff,0xff,0xff,0xff,0xff,0x40,  //@@@@@@@@@@@@@@@@@@@@*
0xff,0xff,0xff,0xff,0xff,0x40,  //@@@@@@@@@@@@@@@@@@@@*
0xbf,0xff,0xff,0xff,0xff,0x40,  //#@@@@@@@@@@@@@@@@@@@*
0x7f,0xff,0xff,0xff,0xff,0x00,  //%@@@@@@@@@@@@@@@@@@@*
0x2f,0xff,0xff,0xff,0xfd,0x00,  //.#@@@@@@@@@@@@@@@@@%.
0x06,0xaa,0xaa,0xaa,0x90,0x00,  //..*%%%%%%%%%%%%%%%*..


/*  */
0x00,0x01,0xaa,0x50,0x00,0x00,  //......+*%%%%%*.......
0x00,0x2f,0xff,0xf9,0x00,0x00,  //....+%@@@@@@@@#*.....
0x00,0xbf,0xff,0xff,0x80,0x00,  //...*#@@@@@@@@@@@%....
0x07,0xff,0xff,0xff,0xe0,0x00,  //..*@@@@@@@@@@@@@@#...
0x0b,0xff,0xfb,0xff,0xf8,0x00,  //.+#@@@@@@@#@@@@@@@%..
0x2f,0xff,0xe3,0xff,0xfc,0x00,  //.%@@@@@@@%+@@@@@@@@*.
0x3f,0xff,0x81,0xff,0xfe,0x00,  //*@@@@@@@#..*@@@@@@@#.
0x7f,0xff,0x08,0xbf,0xff,0x00,  //%@@@@@@@*+%.#@@@@@@@+
0xbf,0xfe,0x2d,0x3f,0xff,0x40,  //#@@@@@@%.#@*+@@@@@@@*
0xff,0xf8,0x7e,0x1f,0xff,0x40,  //@@@@@@#.*@@#+*@@@@@@*
0xff,0xf0,0xaa,0x4b,0xff,0x40,  //@@@@@@*+%%%%%.#@@@@@*
0xff,0xe0,0x00,0x03,0xff,0x40,  //@@@@@%.*******+@@@@@*
0xbf,0x8b,0xff,0xf1,0xff,0x40,  //%@@@#+%@@@@@@@**@@@@*
0x7f,0x5f,0xff,0xf8,0xbf,0x00,  //%@@@%*@@@@@@@@#*#@@@+
0x3f,0xff,0xff,0xff,0xfe,0x00,  //+@@@@@@@@@@@@@@@@@@%.
0x2f,0xff,0xff,0xff,0xfc,0x00,  //.%@@@@@@@@@@@@@@@@@*.
0x0b,0xff,0xff,0xff,0xf4,0x00,  //..#@@@@@@@@@@@@@@@%..
0x02,0xff,0xff,0xff,0xe0,0x00,  //..+#@@@@@@@@@@@@@#...
0x00,0xbf,0xff,0xff,0x40,0x00,  //...+#@@@@@@@@@@@%....
0x00,0x1b,0xff,0xf8,0x00,0x00,  //.....*#@@@@@@@#*.....
0x00,0x01,0x6a,0x40,0x00,0x00,  //.......*%%%%*+.......


/*  */
0x00,0x01,0x55,0x00,0x00,  //.....+*******+.....
0x06,0xff,0xff,0xfe,0x40,  //..*%@@@@@@@@@@@%*..
0x6e,0x50,0x00,0x17,0xe0,  //*#@#%**....+**%@@#+
0xbd,0x00,0x00,0x02,0xf8,  //#@@%...........%@@%
0xbf,0xa5,0x41,0x6b,0xf8,  //#@@@#%*******%#@@@%
0xbf,0xff,0xff,0xff,0xf4,  //%@@@@@@@@@@@@@@@@@%
0x7f,0xff,0xff,0xff,0xf4,  //%@@@@@@@@@@@@@@@@@*
0x7f,0xff,0xff,0xff,0xf0,  //*@@@@@@@@@@@@@@@@@*
0x3f,0xfe,0x02,0xff,0xf0,  //*@@@@@@#+.*#@@@@@@+
0x3f,0xf8,0x10,0xbf,0xe0,  //.@@@@@#.+*+.#@@@@#.
0x2f,0xf4,0xb8,0x7f,0xe0,  //.#@@@@*.#@#.%@@@@%.
0x2f,0xf4,0xb8,0x7f,0xd0,  //.%@@@@*.#@#.%@@@@%.
0x1f,0xf8,0x10,0xbf,0xd0,  //.%@@@@#.**+.#@@@@*.
0x0f,0xfe,0x02,0xff,0xc0,  //.*@@@@@%+.+#@@@@@+.
0x06,0xff,0xff,0xfe,0x00,  //..*#@@@@@@@@@@@#*..
0x00,0x6b,0xff,0xa4,0x00,  //....*%#@@@@@#%*....
0x05,0x00,0x00,0x02,0x40,  //..%%+...+*+...*%*..
0x07,0xe4,0x00,0x6f,0x00,  //..*@@#******%#@@*..
0x03,0xff,0xff,0xff,0x00,  //..*@@@@@@@@@@@@@+..
0x03,0xff,0xff,0xfe,0x00,  //...@@@@@@@@@@@@#...
0x01,0xff,0xff,0xfd,0x00,  //...%@@@@@@@@@@@*...
0x00,0x6f,0xff,0xe0,0x00,  //....*#@@@@@@@%*....


/*  */
0x06,0xaa,0xaa,0xaa,0xa4,0x00,  //.+%%%%%%%%%%%%%%%%*..
0x2f,0xff,0xff,0xff,0xfd,0x00,  //+#@@@@@@@@@@@@@@@@@%.
0xbf,0xfa,0x95,0xaf,0xff,0x00,  //%@@@@@#%%***%#@@@@@@*
0xff,0x40,0x00,0x01,0xbf,0x40,  //@@@@%+.+*****..*#@@@*
0xfd,0x0b,0xff,0xf4,0x3f,0x40,  //@@@%..#@@@@@@@*..@@@*
0xfd,0x00,0x55,0x40,0x3f,0x40,  //@@@*...*******...@@@*
0xfe,0x00,0x00,0x00,0x3f,0x40,  //@@@%............+@@@*
0xfe,0x00,0x00,0x00,0x3f,0x40,  //@@@#............*@@@*
0xff,0x00,0x2d,0x00,0x7f,0x40,  //@@@@....+#@%....*@@@*
0xff,0x00,0x92,0x40,0xbf,0x40,  //@@@@*...%*.#*...%@@@*
0xff,0x40,0x82,0x40,0xbf,0x40,  //@@@@*...#*.#*...#@@@*
0xff,0x40,0x6a,0x00,0xff,0x40,  //@@@@%...*###....@@@@*
0xff,0x80,0x00,0x01,0xff,0x40,  //@@@@#*...+*....%@@@@*
0xff,0xe9,0x00,0x1a,0xff,0x40,  //@@@@@##******%##@@@@*
0xff,0xc1,0xbf,0x92,0xff,0x40,  //@@@@@**%#@@@%*.%@@@@*
0xff,0xd0,0x00,0x02,0xff,0x40,  //@@@@@*.........#@@@@*
0xff,0xe0,0x00,0x03,0xff,0x40,  //@@@@@%........+@@@@@*
0xbf,0xf4,0x00,0x0b,0xff,0x40,  //#@@@@@*+.....*#@@@@@*
0x7f,0xff,0xaa,0xbf,0xff,0x00,  //%@@@@@@@#%%%#@@@@@@@*
0x2f,0xff,0xff,0xff,0xfd,0x00,  //.#@@@@@@@@@@@@@@@@@%.
0x06,0xaa,0xaa,0xaa,0x90,0x00,  //..*%%%%%%%%%%%%%%%*..


/*  */
0x00,0x55,0x00,0x00,  //....****.....
0x00,0xbe,0x00,0x00,  //....#@@%.....
0x00,0xfe,0x00,0x00,  //...+@@@%.....
0x01,0xfe,0x00,0x00,  //...%@@@%.....
0x03,0xfe,0x00,0x00,  //..+@@@@%.....
0x0b,0xfe,0x00,0x00,  //.*#@@@@%.....
0x7f,0xff,0xff,0x00,  //%@@@@@@@@@@@*
0xff,0xff,0xff,0x00,  //@@@@@@@@@@@@*
0xff,0xff,0xff,0x00,  //@@@@@@@@@@@@*
0x5b,0xfe,0x55,0x00,  //**#@@@@#****+
0x0b,0xfe,0x00,0x00,  //..%@@@@%.....
0x0b,0xfe,0x00,0x00,  //..%@@@@%.....
0x0b,0xfe,0x00,0x00,  //..%@@@@%.....
0x0b,0xfe,0x00,0x00,  //..%@@@@%.....
0x0b,0xfe,0x00,0x00,  //..%@@@@%.....
0x0b,0xfe,0x00,0x00,  //..%@@@@%.....
0x0b,0xfe,0x00,0x00,  //..%@@@@%.....
0x0b,0xfe,0x00,0x00,  //..%@@@@#.....
0x07,0xff,0x95,0x00,  //..%@@@@@%***.
0x03,0xff,0xff,0x00,  //..+@@@@@@@@@.
0x01,0xff,0xff,0x40,  //...*@@@@@@@@*
0x00,0x6f,0xff,0x40,  //....*#@@@@@@*
0x00,0x05,0xa4,0x00,  //......*%%%*+.


/*  */
0x06,0xaa,0xaa,0xaa,0xa4,0x00,  //.+%%%%%%%%%%%%%%%%*..
0x2f,0xff,0xaa,0xff,0xfd,0x00,  //+#@@@@@@#%%#@@@@@@@%.
0xbf,0xff,0x82,0xff,0xff,0x00,  //%@@@@@@@%..%@@@@@@@@*
0xff,0xff,0x42,0xff,0xff,0x40,  //@@@@@@@@*..%@@@@@@@@*
0xff,0xfe,0x02,0xff,0xff,0x40,  //@@@@@@@#...%@@@@@@@@*
0xff,0xf8,0x02,0xff,0xff,0x40,  //@@@@@@#+...%@@@@@@@@*
0xff,0xd0,0x00,0x07,0xff,0x40,  //@@@@@%.....+***@@@@@*
0xff,0xc0,0x00,0x03,0xff,0x40,  //@@@@@*........*@@@@@*
0xff,0xd0,0x00,0x07,0xff,0x40,  //@@@@@**....+***@@@@@*
0xff,0xfc,0x02,0xff,0xff,0x40,  //@@@@@@@....%@@@@@@@@*
0xff,0xfc,0x02,0xff,0xff,0x40,  //@@@@@@@....%@@@@@@@@*
0xff,0xfc,0x02,0xff,0xff,0x40,  //@@@@@@@....%@@@@@@@@*
0xff,0xfc,0x02,0xff,0xff,0x40,  //@@@@@@@....%@@@@@@@@*
0xff,0xfc,0x02,0xff,0xff,0x40,  //@@@@@@@....%@@@@@@@@*
0xff,0xfc,0x01,0xff,0xff,0x40,  //@@@@@@@....%@@@@@@@@*
0xff,0xfc,0x00,0xab,0xff,0x40,  //@@@@@@@*...+%%#@@@@@*
0xff,0xfd,0x00,0x03,0xff,0x40,  //@@@@@@@%......*@@@@@*
0xbf,0xff,0x40,0x02,0xff,0x40,  //#@@@@@@@*......#@@@@*
0x7f,0xff,0xd0,0x07,0xff,0x00,  //%@@@@@@@@%+..+*@@@@@*
0x2f,0xff,0xff,0xff,0xfd,0x00,  //.#@@@@@@@@@@@@@@@@@%.
0x06,0xaa,0xaa,0xaa,0x90,0x00,  //..*%%%%%%%%%%%%%%%*..


/*  */
0x00,0x54,0x00,  //...****...
0x01,0xf8,0x00,  //...*@@%...
0x01,0xf8,0x00,  //...*@@%...
0x01,0xf8,0x00,  //...*@@%...
0x01,0xf8,0x00,  //...*@@%...
0x01,0xf8,0x00,  //...*@@%...
0x01,0xf8,0x00,  //...*@@%...
0x01,0xf8,0x00,  //...*@@%...
0x01,0xf8,0x00,  //...*@@%...
0x01,0xf8,0x00,  //...*@@%...
0x01,0xf8,0x00,  //...*@@%...
0x01,0xf8,0x00,  //...*@@%...
0x01,0xf8,0x00,  //...*@@%...
0x01,0xf8,0x00,  //...*@@%...
0x01,0xf8,0x00,  //...*@@%...
0x01,0xf8,0x00,  //...*@@%...
0x01,0xf8,0x00,  //...*@@%...
0x56,0xf9,0x50,  //***%@@#***
0x7f,0xff,0xe0,  //%@@@@@@@@#
0x2f,0xff,0x80,  //.#@@@@@@#+
0x0b,0xfe,0x00,  //..#@@@@#+.
0x02,0xfc,0x00,  //...#@@@*..
0x00,0xb4,0x00,  //....#@*...
0x00,0x00,0x00,  //....+*....


/*  */
0x00,0x10,0x00,  //....**....
0x00,0xb4,0x00,  //...+#@*...
0x02,0xfd,0x00,  //..+#@@@*..
0x0b,0xff,0x00,  //..#@@@@@*.
0x2f,0xff,0x80,  //.#@@@@@@#+
0xbf,0xff,0xe0,  //#@@@@@@@@#
0x01,0xf8,0x00,  //***%@@#***
0x01,0xf8,0x00,  //...*@@%...
0x01,0xf8,0x00,  //...*@@%...
0x01,0xf8,0x00,  //...*@@%...
0x01,0xf8,0x00,  //...*@@%...
0x01,0xf8,0x00,  //...*@@%...
0x01,0xf8,0x00,  //...*@@%...
0x01,0xf8,0x00,  //...*@@%...
0x01,0xf8,0x00,  //...*@@%...
0x01,0xf8,0x00,  //...*@@%...
0x01,0xf8,0x00,  //...*@@%...
0x01,0xf8,0x00,  //...*@@%...
0x01,0xf8,0x00,  //...*@@%...
0x01,0xf8,0x00,  //...*@@%...
0x01,0xf8,0x00,  //...*@@%...
0x01,0xf8,0x00,  //...*@@%...
0x01,0xf8,0x00,  //...*@@%...


/*  */
0x00,0x10,0x00,0x00,0x00,0x00,  //.....*.................
0x00,0xa0,0x00,0x00,0x00,0x00,  //...+#%.................
0x02,0xe0,0x00,0x00,0x00,0x00,  //..+#@%.................
0x0b,0xe0,0x00,0x00,0x00,0x00,  //.*#@@#*****************
0x7f,0xff,0xff,0xff,0xff,0xfc,  //*@@@@@@@@@@@@@@@@@@@@@@
0xff,0xff,0xff,0xff,0xff,0xfc,  //@@@@@@@@@@@@@@@@@@@@@@@
0x2f,0xff,0xff,0xff,0xff,0xfc,  //*#@@@@@@@@@@@@@@@@@@@@@
0x0b,0xe0,0x00,0x00,0x00,0x00,  //.+#@@#****************+
0x02,0xe0,0x00,0x00,0x00,0x00,  //..+#@%.................
0x00,0xa0,0x00,0x00,0x00,0x00,  //....#%.................
0x00,0x10,0x00,0x00,0x00,0x00,  //.....*.................


/*  */
0x00,0x00,0x00,0x00,0x10,0x00,  //.................*+....
0x00,0x00,0x00,0x00,0x28,0x00,  //.................%#+...
0x00,0x00,0x00,0x00,0x2e,0x00,  //.................%@#+..
0x00,0x00,0x00,0x00,0x2f,0x90,  //*****************#@@#*.
0xff,0xff,0xff,0xff,0xff,0xf4,  //@@@@@@@@@@@@@@@@@@@@@@*
0xff,0xff,0xff,0xff,0xff,0xf8,  //@@@@@@@@@@@@@@@@@@@@@@#
0xff,0xff,0xff,0xff,0xff,0xe0,  //@@@@@@@@@@@@@@@@@@@@@#+
0x00,0x00,0x00,0x00,0x2f,0x80,  //+****************#@@#+.
0x00,0x00,0x00,0x00,0x2e,0x00,  //.................%@#+..
0x00,0x00,0x00,0x00,0x28,0x00,  //.................%#....
0x00,0x00,0x00,0x00,0x10,0x00,  //.................*.....


/*  */
0x00,0x00,0x00,0x00,0x00,  //............**.....
0x00,0x00,0x02,0xd0,0x00,  //...........%@%.....
0x00,0x00,0x0b,0xd0,0x00,  //..........#@@*.....
0x00,0x00,0x1f,0x80,0x00,  //.........*@@#......
0x00,0x00,0x2e,0x00,0x00,  //.........%@#+......
0x00,0x50,0x14,0x54,0x00,  //....***..%%****+...
0x07,0xff,0xab,0xff,0x80,  //..*@@@@@#%#@@@@@%..
0x1f,0xff,0xff,0xff,0xe0,  //.*@@@@@@@@@@@@@@@%.
0x3f,0xff,0xff,0xff,0x80,  //+@@@@@@@@@@@@@@@#+.
0x7f,0xff,0xff,0xff,0x00,  //%@@@@@@@@@@@@@@@*..
0xbf,0xff,0xff,0xfe,0x00,  //#@@@@@@@@@@@@@@#...
0xff,0xff,0xff,0xfe,0x00,  //@@@@@@@@@@@@@@@%...
0xff,0xff,0xff,0xfd,0x00,  //@@@@@@@@@@@@@@@%...
0xff,0xff,0xff,0xfe,0x00,  //@@@@@@@@@@@@@@@#...
0xbf,0xff,0xff,0xff,0x00,  //#@@@@@@@@@@@@@@@*..
0x7f,0xff,0xff,0xff,0x80,  //%@@@@@@@@@@@@@@@#..
0x3f,0xff,0xff,0xff,0xe0,  //*@@@@@@@@@@@@@@@@#*
0x2f,0xff,0xff,0xff,0xf4,  //.#@@@@@@@@@@@@@@@@*
0x1f,0xff,0xff,0xff,0xe0,  //.*@@@@@@@@@@@@@@@#.
0x0b,0xff,0xff,0xff,0xd0,  //..#@@@@@@@@@@@@@@*.
0x03,0xff,0xff,0xff,0x80,  //..*@@@@@@@@@@@@@%..
0x01,0xff,0xeb,0xfe,0x00,  //...*@@@@@%#@@@@#...
0x00,0x29,0x00,0x64,0x00,  //....*%%*...+*%*....


/*  */
0x00,0x00,0x00,0x00,0x01,0x60,  //.................***%%
0x00,0x00,0x01,0x6a,0xff,0xf0,  //..........+**%%#@@@@@@
0x00,0x5a,0xcb,0xff,0xff,0xf0,  //..+***%%@*%@@@@@@@@@@@
0xbf,0xff,0xcb,0xff,0xff,0xf0,  //#@@@@@@@@*%@@@@@@@@@@@
0xff,0xff,0xcb,0xff,0xff,0xf0,  //@@@@@@@@@*%@@@@@@@@@@@
0xff,0xff,0xcb,0xff,0xff,0xf0,  //@@@@@@@@@*%@@@@@@@@@@@
0xff,0xff,0xcb,0xff,0xff,0xf0,  //@@@@@@@@@*%@@@@@@@@@@@
0xff,0xff,0xcb,0xff,0xff,0xf0,  //@@@@@@@@@*%@@@@@@@@@@@
0xff,0xff,0xcb,0xff,0xff,0xf0,  //@@@@@@@@@*%@@@@@@@@@@@
0xff,0xff,0xcb,0xff,0xff,0xf0,  //@@@@@@@@@*%@@@@@@@@@@@
0xaa,0xaa,0x86,0xaa,0xaa,0xa0,  //%%%%%%%%%+%%%%%%%%%%%%
0x00,0x00,0x00,0x00,0x00,0x00,  //......................
0xff,0xff,0xcb,0xff,0xff,0xf0,  //@@@@@@@@@*%@@@@@@@@@@@
0xff,0xff,0xcb,0xff,0xff,0xf0,  //@@@@@@@@@*%@@@@@@@@@@@
0xff,0xff,0xcb,0xff,0xff,0xf0,  //@@@@@@@@@*%@@@@@@@@@@@
0xff,0xff,0xcb,0xff,0xff,0xf0,  //@@@@@@@@@*%@@@@@@@@@@@
0xff,0xff,0xcb,0xff,0xff,0xf0,  //@@@@@@@@@*%@@@@@@@@@@@
0xff,0xff,0xcb,0xff,0xff,0xf0,  //@@@@@@@@@*%@@@@@@@@@@@
0xff,0xff,0xcb,0xff,0xff,0xf0,  //@@@@@@@@@*%@@@@@@@@@@@
0x5a,0xff,0xcb,0xff,0xff,0xf0,  //**%#@@@@@*%@@@@@@@@@@@
0x00,0x01,0x47,0xff,0xff,0xf0,  //.....+***+%@@@@@@@@@@@
0x00,0x00,0x00,0x01,0x6b,0xf0,  //.............***%%#@@@


/*  */
0x00,0x00,0x00,0x00,0x00,  //.....*.......*.....
0x00,0x04,0x54,0x40,0x00,  //......*****+*......
0x00,0x0b,0xff,0x80,0x00,  //.....*#@@@@@#+.....
0x00,0x7b,0xff,0xa0,0x00,  //....*@#@@@@@##+....
0x00,0xb3,0xfe,0x78,0x00,  //...+#@*@@@@#*@#....
0x01,0xff,0xff,0xfd,0x00,  //...*@@@@@@@@@@@*...
0x02,0xff,0xff,0xfd,0x00,  //...%@@@@@@@@@@@*...
0x11,0xaa,0xaa,0xa9,0x10,  //*%+%%%%%%%%%%%%*+%+
0xba,0xff,0xff,0xfd,0xb8,  //#@%%@@@@@@@@@@@*#@%
0xfa,0xff,0xff,0xfd,0xf8,  //@@%%@@@@@@@@@@@*@@%
0xfa,0xff,0xff,0xfd,0xf8,  //@@%%@@@@@@@@@@@*@@%
0xfa,0xff,0xff,0xfd,0xf8,  //@@%%@@@@@@@@@@@*@@%
0xfa,0xff,0xff,0xfd,0xf8,  //@@%%@@@@@@@@@@@*@@%
0xfa,0xff,0xff,0xfd,0xf8,  //@@%%@@@@@@@@@@@*@@%
0xfa,0xff,0xff,0xfd,0xb8,  //@@%%@@@@@@@@@@@*#@%
0x62,0xff,0xff,0xfd,0x64,  //*%*%@@@@@@@@@@@**%*
0x02,0xff,0xff,0xfd,0x00,  //...%@@@@@@@@@@@*...
0x00,0xff,0xff,0xf8,0x00,  //...*@@@@@@@@@@#+...
0x00,0x0f,0x4b,0xc0,0x00,  //.....*@@*.%@@......
0x00,0x0f,0x4b,0xc0,0x00,  //.....*@@*.%@@......
0x00,0x0f,0x4b,0xc0,0x00,  //.....*@@*.%@@......
0x00,0x0f,0x47,0x80,0x00,  //.....+@@*.*@#......


/*  */
0x00,0x00,0x14,0x00,0x00,  //........****........
0x00,0x01,0xfe,0x80,0x00,  //.......%@@@##.......
0x00,0x03,0xfe,0x90,0x00,  //......+@@@@%#*......
0x00,0x03,0xfe,0xe0,0x00,  //......*@@@@#@#......
0x00,0x01,0x70,0xb0,0x00,  //......*%*@+*#@......
0x00,0x02,0x66,0xb0,0x00,  //......*#*%*%%@......
0x00,0x01,0x01,0xb0,0x00,  //......*%+..*#@*.....
0x00,0x02,0x00,0xa4,0x00,  //......+%..**%#*.....
0x00,0x02,0x94,0xa8,0x00,  //......+#%***%%#.....
0x00,0x08,0x50,0x3d,0x00,  //......%+%%..+@@*....
0x00,0x18,0x00,0x2f,0x00,  //.....*%......#@@+...
0x00,0x24,0x00,0x0a,0x80,  //....+#%......*###...
0x00,0xa0,0x00,0x0a,0xd0,  //....%#+.......#%@*..
0x00,0xd0,0x00,0x06,0xa0,  //....@%........*###..
0x01,0x80,0x00,0x07,0xb0,  //...*#*........*@%@+.
0x02,0x80,0x00,0x02,0xb4,  //...#%*........*##@*.
0x03,0x40,0x00,0x02,0xb4,  //..*@%+........+##@*.
0x00,0x50,0x00,0x07,0xe0,  //..+.%*.......+*@@#+.
0x04,0x24,0x00,0x02,0x80,  //+**..%%......*.%%+*.
0x00,0x09,0x00,0x10,0x04,  //*.....#%.....*....*.
0x40,0x06,0x00,0x10,0x00,  //*.....*%.....%.....*
0x40,0x01,0x41,0xa0,0x00,  //*......**+**#%.....*
0x40,0x01,0xbf,0xd0,0x14,  //%*.....*%@@@@%...**.
0x01,0x41,0x00,0x14,0x40,  //.+*****%*****%**%+..


/*  */
0x00,0x01,0xaa,0x50,0x00,0x00,  //......+*%%%%%*.......
0x00,0x2f,0xaa,0xb9,0x00,0x00,  //....+%@@#%%%#@#*.....
0x00,0xab,0x80,0x0b,0x80,0x00,  //...*##%@%....*%@%....
0x07,0x82,0xc0,0x01,0xe0,0x00,  //..*@#+.%@*.....*@#...
0x0a,0x00,0xa0,0x01,0xf8,0x00,  //.+##...+##.....*@@%..
0x28,0x00,0x74,0x07,0x5c,0x00,  //.%#.....*@%...%@%*@*.
0x34,0x00,0x2c,0x69,0x0a,0x00,  //*@*......#@**##*..##.
0x70,0x00,0x1f,0xe0,0x07,0x00,  //%@......+%@@@%+...*@+
0xa5,0x5a,0xff,0x40,0x03,0x40,  //##***%%#@@@@*.....+@*
0xff,0xe9,0x43,0x80,0x03,0x40,  //@@@@@#%%*++@%......@*
0xd0,0x00,0x06,0xff,0xeb,0x40,  //@%+.......*#@@@@@#%@*
0xd0,0x00,0x6f,0xe0,0x1b,0x40,  //@*......*#@@@#****%@*
0xa0,0x02,0xe4,0xa0,0x03,0x40,  //%%.....%@#*.##....+@*
0x70,0x0b,0x40,0x70,0x07,0x00,  //%@...+#@*...%@+...*@+
0x34,0x28,0x00,0x34,0x0a,0x00,  //+@*..##+....*@*...#%.
0x28,0xa0,0x00,0x28,0x1c,0x00,  //.%#+%#+......#%..%@*.
0x0a,0xd0,0x00,0x2c,0x74,0x00,  //..##@*.......%@.*@%..
0x02,0xc0,0x00,0x1d,0xe0,0x00,  //..+#@+.......*@%@#...
0x00,0xb4,0x00,0x1f,0x40,0x00,  //...+#@%+.....*@@%....
0x00,0x1b,0xea,0xf8,0x00,0x00,  //.....*#@@%%#@@#*.....
0x00,0x01,0x6a,0x40,0x00,0x00,  //.......*%%%%*+.......


/*  */
0x01,0xa8,0x00,0x00,0x00,0x00,  //..+%%%%*.............
0x1f,0xff,0xbe,0x90,0x00,0x00,  //.*@@@@@@#@@#%*.......
0x3f,0xff,0xff,0xf9,0x00,0x00,  //+@@@@@@@@@@@@@#*.....
0xbf,0xff,0xff,0xff,0x40,0x00,  //%@@@@@@@@@@@@@@@%....
0xff,0xf9,0x00,0x6f,0xd0,0x00,  //@@@@@@#%*..**%@@@%...
0xff,0xe0,0x00,0x07,0xf0,0x00,  //@@@@@#+.......*@@@*..
0xbf,0xc0,0x14,0x02,0xf8,0x00,  //#@@@@*...**+...#@@#..
0x7f,0xc0,0x7f,0x43,0xfc,0x00,  //*@@@@...%@@@*.+@@@@+.
0x3f,0xc0,0x1b,0xff,0xfd,0x00,  //.@@@@...+%#@@@@@@@@*.
0x3f,0xd0,0x00,0x6f,0xfe,0x00,  //.@@@@*.....+*%@@@@@%.
0x3f,0xf4,0x00,0x03,0xfe,0x00,  //*@@@@@*.......*@@@@%.
0x3f,0xfe,0x50,0x01,0xfe,0x00,  //.@@@@@@#%*+....%@@@%.
0x2f,0xd2,0xfe,0x00,0xfd,0x00,  //.#@@@%*%@@@#+..*@@@%.
0x1f,0xc0,0xbf,0x01,0xff,0x00,  //.%@@@...%@@@*..*@@@@+
0x0f,0xc0,0x00,0x02,0xff,0x40,  //.*@@@*...+*+...%@@@@*
0x0b,0xe4,0x00,0x07,0xff,0x40,  //..%@@#*.......%@@@@@*
0x02,0xfe,0x51,0x6f,0xff,0x40,  //...#@@@#%***%#@@@@@@*
0x00,0xbf,0xff,0xff,0xff,0x00,  //....#@@@@@@@@@@@@@@@+
0x00,0x1f,0xff,0xff,0xfe,0x00,  //.....%@@@@@@@@@@@@@%.
0x00,0x01,0xaa,0xbf,0xf8,0x00,  //.......*%%%%#@@@@@%..
0x00,0x00,0x00,0x16,0x40,0x00,  //.............*%%%*...


/*  */
0x15,0x55,0x55,0x54,  //***************.
0xff,0xff,0xff,0xfd,  //@@@@@@@@@@@@@@@*
0xff,0xff,0xff,0xfd,  //@@@@@@@@@@@@@@@*
0xf0,0x00,0x00,0x3d,  //@@..........+@@*
0xf0,0x00,0x00,0x3c,  //@@..........*@@+
0xf0,0x00,0x00,0x7c,  //@@..........*@@.
0xf0,0x00,0x00,0xb8,  //@@.....*****%@%.
0xf0,0x0b,0xff,0xf4,  //@@....#@@@@@@@%.
0xf0,0x0b,0xff,0xf4,  //@@....#@@@@@@@*.
0xf0,0x00,0x01,0xf0,  //@@.....****%@@+.
0xf0,0x00,0x01,0xf0,  //@@.........*@@..
0xf0,0x00,0x02,0xe0,  //@@.........%@%..
0xf0,0x00,0x02,0xd0,  //@@.........#@%..
0xf0,0x0b,0xff,0xd0,  //@@....%@@@@@@*..
0xf0,0x2f,0xff,0xc0,  //@@...%@@@@@@@+..
0xf0,0x7e,0x55,0x00,  //@@..*@@%*****...
0xf1,0xf8,0x00,0x00,  //@@.*@@#.........
0xf2,0xe0,0x00,0x00,  //@@+#@#..........
0xfb,0x80,0x00,0x00,  //@@#@#+..........
0xff,0x00,0x00,0x00,  //@@@@+...........
0xfd,0x00,0x00,0x00,  //@@@*............
0xf4,0x00,0x00,0x00,  //@@*.............
0x90,0x00,0x00,0x00,  //%*..............


/*  */
0xaa,0xaa,0xaa,0xaa,0xaa,0x00,  //%%%%%%%%%%%%%%%%%%%%*
0xff,0xff,0xff,0xff,0xff,0x40,  //@@@@@@@@@@@@@@@@@@@@*
0xf4,0x00,0x2d,0x00,0x0b,0x40,  //@@*******%@*******%@*
0xf0,0x00,0x1c,0x00,0x07,0x40,  //@@*......*@*......*@*
0xf0,0x00,0x1c,0x00,0x07,0x40,  //@@*......*@*......*@*
0xf0,0x00,0x1c,0x00,0x07,0x40,  //@@*......*@*......*@*
0xf0,0x00,0x1c,0x00,0x07,0x40,  //@@*......*@*......*@*
0xf0,0x00,0x1c,0x00,0x07,0x40,  //@@*......*@*......*@*
0xf0,0x00,0x1c,0x00,0x07,0x40,  //@@*......*@*......*@*
0xf0,0x00,0x1c,0x00,0x07,0x40,  //@@*......*@*......*@*
0xf0,0x00,0x1c,0x00,0x07,0x40,  //@@*......*@*......*@*
0xf0,0x00,0x1d,0x00,0x0b,0x40,  //@@*......*@*******%@*
0xf0,0x00,0x1f,0xff,0xff,0x40,  //@@*......*@@@@@@@@@@*
0xf0,0x00,0x1f,0xff,0xff,0x40,  //@@*......*@@@@@@@@@@*
0xf0,0x00,0x1f,0xff,0xff,0x40,  //@@*......*@@@@@@@@@@*
0xf0,0x00,0x1f,0xff,0xff,0x40,  //@@*......*@@@@@@@@@@*
0xf4,0x00,0x1f,0xff,0xff,0x40,  //@@*******%@@@@@@@@@@*
0xff,0xff,0xff,0xff,0xff,0x40,  //@@@@@@@@@@@@@@@@@@@@*
0xff,0xff,0xff,0xff,0xff,0x40,  //@@@@@@@@@@@@@@@@@@@@*
0xff,0xff,0xff,0xff,0xff,0x40,  //@@@@@@@@@@@@@@@@@@@@*
0x6a,0xaa,0xaa,0xaa,0xaa,0x00,  //%%%%%%%%%%%%%%%%%%%%*


/*  */
0x00,0x02,0xe4,0x00,0x00,  //......*#@#*......
0x00,0x0f,0xfc,0x00,0x00,  //.....+@@@@@*.....
0x00,0x1f,0xfd,0x00,0x00,  //.....*@@@@@*.....
0x00,0x1f,0xfd,0x00,0x00,  //.....*@@@@@*.....
0x00,0x0b,0xf8,0x00,0x00,  //......#@@@#+.....
0x00,0x01,0xa0,0x00,0x00,  //......+%%%+......
0x00,0x2a,0xaa,0x00,0x00,  //....+%%%%%%%*....
0x00,0xff,0xff,0xc0,0x00,  //...+@@@@@@@@@*...
0x02,0xff,0xff,0xe0,0x00,  //...#@@@@@@@@@#...
0x07,0xef,0xfe,0xf8,0x00,  //..%@@#@@@@@#@@%..
0x0f,0x8f,0xfc,0xbc,0x00,  //.*@@#.@@@@@*%@@*.
0x2f,0x0f,0xfc,0x2e,0x00,  //.#@@+.@@@@@*+#@#.
0x7d,0x1f,0xfe,0x1f,0x80,  //%@@%.%@@@@@%.*@@%
0xf8,0x3f,0xff,0x4b,0xc0,  //@@#.*@@@@@@@*.%@@
0x60,0xbf,0xff,0x82,0x40,  //%%+.#@@@@@@@#.+%%
0x01,0xff,0xff,0xd0,0x00,  //...*@@@@@@@@@%...
0x02,0xff,0xff,0xf0,0x00,  //...#@@@@@@@@@@+..
0x07,0xff,0xff,0xf4,0x00,  //..*@@@@@@@@@@@*..
0x00,0x0f,0xfd,0x00,0x00,  //...***@@@@@***...
0x00,0x0f,0xfc,0x00,0x00,  //......@@@@@*.....
0x00,0x0f,0xfc,0x00,0x00,  //......@@@@@*.....
0x00,0x0f,0xfc,0x00,0x00,  //......@@@@@*.....
0x00,0x0b,0xf8,0x00,0x00,  //......#@@@#......


/*  */
0x00,0x2f,0x40,0x00,  //....+#@@%.....
0x00,0xbf,0xd0,0x00,  //....#@@@@*....
0x00,0xff,0xe0,0x00,  //...+@@@@@%....
0x00,0xff,0xe0,0x00,  //....@@@@@%....
0x00,0x7f,0xc0,0x00,  //....%@@@@*....
0x00,0x1a,0x00,0x00,  //.....*%%*.....
0x1a,0xaa,0xaa,0x00,  //.*%%%%%%%%%%*.
0x7f,0xff,0xff,0xc0,  //%@@@@@@@@@@@@*
0xff,0xff,0xff,0xe0,  //@@@@@@@@@@@@@%
0xfa,0xff,0xfa,0xe0,  //@@##@@@@@@##@%
0xf5,0xff,0xf2,0xe0,  //@@**@@@@@@*%@%
0xf5,0xff,0xf2,0xe0,  //@@**@@@@@@*%@%
0xf5,0xff,0xf2,0xe0,  //@@**@@@@@@*%@%
0xf5,0xff,0xf2,0xe0,  //@@**@@@@@@*%@%
0xf5,0xff,0xf2,0xe0,  //@@**@@@@@@*%@%
0x61,0xfa,0xf0,0x80,  //*%+*@@##@@**%+
0x01,0xf6,0xf0,0x00,  //...*@@*%@@*...
0x01,0xf6,0xf0,0x00,  //...*@@*%@@*...
0x01,0xf6,0xf0,0x00,  //...*@@*%@@*...
0x01,0xf6,0xf0,0x00,  //...*@@*%@@*...
0x01,0xf6,0xf0,0x00,  //...*@@*%@@*...
0x01,0xf6,0xf0,0x00,  //...*@@*%@@*...
0x01,0xf1,0xf0,0x00,  //...*@@*%@@+...


/*  */
0x00,0x01,0xaa,0x50,0x00,0x00,  //......+*%%%%%*.......
0x00,0x2f,0xff,0xf9,0x00,0x00,  //....+%@@@@@@@@#*.....
0x00,0xbf,0xff,0xff,0x80,0x00,  //...*#@@@@@@@@@@@%....
0x07,0xff,0xff,0xff,0xe0,0x00,  //..*@@@@@@@@@@@@@@#...
0x0b,0xff,0xff,0xff,0xf8,0x00,  //.+#@@@@@@@@@@@@@@@%..
0x2f,0xff,0xff,0xff,0xfc,0x00,  //.%@@@@@@@@@@@@@@@@@*.
0x3f,0xe4,0x7e,0x47,0xfe,0x00,  //*@@@@#***@@#**%@@@@#.
0x7f,0xd0,0x04,0x02,0xff,0x00,  //%@@@@*...**+...#@@@@+
0xbf,0xc0,0x00,0x01,0xff,0x40,  //#@@@@*.........%@@@@*
0xff,0xe0,0x00,0x02,0xff,0x40,  //@@@@@%.........#@@@@*
0xff,0xf4,0x00,0x0b,0xff,0x40,  //@@@@@@*.......%@@@@@*
0xff,0xf8,0x00,0x1f,0xff,0x40,  //@@@@@@#+.....*@@@@@@*
0xbf,0xfe,0x00,0x2f,0xff,0x40,  //%@@@@@@#....+#@@@@@@*
0x7f,0xff,0x40,0xbf,0xff,0x00,  //%@@@@@@@%...#@@@@@@@+
0x3f,0xff,0xd1,0xff,0xfe,0x00,  //+@@@@@@@@*.%@@@@@@@%.
0x2f,0xff,0xe7,0xff,0xfc,0x00,  //.%@@@@@@@#*@@@@@@@@*.
0x0b,0xff,0xff,0xff,0xf4,0x00,  //..#@@@@@@@@@@@@@@@%..
0x02,0xff,0xff,0xff,0xe0,0x00,  //..+#@@@@@@@@@@@@@#...
0x00,0xbf,0xff,0xff,0x40,0x00,  //...+#@@@@@@@@@@@%....
0x00,0x1b,0xff,0xf8,0x00,0x00,  //.....*#@@@@@@@#*.....
0x00,0x01,0x6a,0x40,0x00,0x00,  //.......*%%%%*+.......


/*  */
0x00,0x00,0x00,0x00,0x00,0x00,  //..........++..........
0x00,0x00,0x0a,0x00,0x00,0x00,  //..........##..........
0x00,0x00,0x2f,0x80,0x00,0x00,  //....*....%@@%....*....
0x00,0xe4,0x7f,0xd1,0xb0,0x00,  //...*@#%**@@@@**%#@*...
0x00,0xff,0xea,0xbf,0xf0,0x00,  //...*@@@@@#%%#@@@@@*...
0x00,0xfd,0x00,0x07,0xf0,0x00,  //...*@@@%+....+%@@@*...
0x00,0xe0,0x00,0x00,0xb0,0x00,  //...*@#+........+#@*...
0x06,0x80,0x00,0x00,0x29,0x00,  //.+*%#+..........+#%*+.
0xbf,0x40,0x00,0x00,0x1f,0xe0,  //#@@@*............*@@@#
0xbe,0x00,0x00,0x00,0x0b,0xe0,  //#@@#..............#@@#
0x3d,0x00,0x00,0x00,0x07,0xc0,  //*@@%..............%@@*
0x1c,0x00,0x00,0x00,0x03,0x40,  //.%@*..............*@%.
0x0c,0x00,0x00,0x00,0x03,0x00,  //.+@*..............*@+.
0x2c,0x00,0x00,0x00,0x03,0x80,  //.%@*..............*@%.
0x7d,0x00,0x00,0x00,0x07,0xd0,  //*@@%..............%@@*
0xfe,0x00,0x00,0x00,0x0b,0xf0,  //@@@#..............#@@@
0x6f,0x40,0x00,0x00,0x1f,0x90,  //%#@@*............*@@#%
0x02,0xc0,0x00,0x00,0x38,0x00,  //..*%@+..........+@%*..
0x00,0xe0,0x00,0x00,0xb0,0x00,  //...*@#*........*#@*...
0x00,0xfe,0x00,0x0b,0xf0,0x00,  //...*@@@%*....*%@@@*...
0x00,0xff,0xfa,0xff,0xf0,0x00,  //...*@@@@@@##@@@@@@*...
0x00,0xe4,0x7f,0xd1,0xb0,0x00,  //...*@#*+*@@@@*+*#@*...
0x00,0x00,0x1f,0x40,0x00,0x00,  //....+....%@@%....+....
0x00,0x00,0x0a,0x00,0x00,0x00,  //..........##..........


/*  */
0x00,0x01,0xa4,0x00,0x00,  //......+*%%*.........
0x00,0x1f,0xf4,0x00,0x00,  //....+%@@@@%.........
0x01,0xb9,0xe0,0x00,0x00,  //...*#@%%@%..........
0x07,0x82,0x80,0x00,0x00,  //..*@#*.##...........
0x0a,0x03,0x40,0x00,0x00,  //.+##+.+@%...........
0x2c,0x07,0x00,0x00,0x00,  //.%@*..*@*...........
0x34,0x07,0x00,0x00,0x00,  //+@%...*@*...........
0x70,0x07,0x00,0x00,0x00,  //%@+...*@*...........
0xa0,0x07,0x00,0x00,0x00,  //##....*@*...........
0xe0,0x03,0x40,0x00,0x00,  //@%....+@%...........
0xe0,0x02,0x80,0x00,0x00,  //@%.....##...........
0xe0,0x01,0xe0,0x00,0x00,  //@%.....*@%..........
0xb0,0x00,0xb4,0x00,0x00,  //%@......%@%.........
0x70,0x00,0x2e,0x40,0x04,  //%@*......#@#*.....*+
0x38,0x00,0x07,0xfa,0xbe,  //+@%.......*@@@%%%@@%
0x1d,0x00,0x00,0x6f,0xfc,  //.%@*.......+%%@@@@@*
0x0b,0x00,0x00,0x00,0x74,  //..#@*...........%@%.
0x02,0xd0,0x00,0x02,0xe0,  //..+#@*........+%@%..
0x00,0xb9,0x00,0x1f,0x40,  //...+#@#*+...*%@@%...
0x00,0x1b,0xff,0xf8,0x00,  //.....*#@@@@@@@#*....
0x00,0x00,0x6a,0x40,0x00,  //.......**%%%*+......


/*  */
0xaa,0xaa,0xaa,0xaa,0xaa,0xa0,  //%%%%%%%%%%%%%%%%%%%%%%
0xff,0xff,0xff,0xff,0xff,0xf0,  //@@@@@@@@@@@@@@@@@@@@@@
0xff,0xff,0xff,0xff,0xff,0xf0,  //@@@@@@@@@@@@@@@@@@@@@@
0xff,0xff,0xff,0xff,0xff,0xf0,  //@@@@@@@@@@@@@@@@@@@@@@
0xff,0xff,0xff,0xff,0xff,0xf0,  //@@@@@@@@@@@@@@@@@@@@@@
0x00,0x00,0x00,0x00,0x00,0x00,  //+********************+
0x2a,0xaa,0xaa,0xaa,0xaa,0x80,  //+%%%%%%%%%%%%%%%%%%%%+
0x3f,0xff,0xff,0xff,0xff,0xc0,  //*@@@@@@@@@@@@@@@@@@@@*
0x3f,0xff,0xaa,0xaf,0xff,0xc0,  //*@@@@@@@#%%%%#@@@@@@@*
0x3f,0xff,0x40,0x1f,0xff,0xc0,  //*@@@@@@@*....*@@@@@@@*
0x3f,0xff,0x95,0x6f,0xff,0xc0,  //*@@@@@@@#****#@@@@@@@*
0x3f,0xff,0xff,0xff,0xff,0xc0,  //*@@@@@@@@@@@@@@@@@@@@*
0x3f,0xff,0xff,0xff,0xff,0xc0,  //*@@@@@@@@@@@@@@@@@@@@*
0x3f,0xff,0xff,0xff,0xff,0xc0,  //*@@@@@@@@@@@@@@@@@@@@*
0x3f,0xff,0xff,0xff,0xff,0xc0,  //*@@@@@@@@@@@@@@@@@@@@*
0x3f,0xff,0xff,0xff,0xff,0xc0,  //*@@@@@@@@@@@@@@@@@@@@*
0x3f,0xff,0xff,0xff,0xff,0xc0,  //*@@@@@@@@@@@@@@@@@@@@*
0x3f,0xff,0xff,0xff,0xff,0xc0,  //*@@@@@@@@@@@@@@@@@@@@*
0x3f,0xff,0xff,0xff,0xff,0xc0,  //*@@@@@@@@@@@@@@@@@@@@*
0x3f,0xff,0xff,0xff,0xff,0xc0,  //*@@@@@@@@@@@@@@@@@@@@*
0x2a,0xaa,0xaa,0xaa,0xaa,0x80,  //.%%%%%%%%%%%%%%%%%%%%.


/*  */
0x00,0x00,0x1a,0x40,0x00,0x00,  //.........*%%*.........
0x00,0x00,0xbf,0xe0,0x00,0x00,  //........#@@@@#+.......
0x00,0x01,0xff,0xf8,0x00,0x00,  //.......%@@@@@@#.......
0x00,0x03,0xff,0xfc,0x00,0x00,  //..*....@@@@@@@@*...+..
0x0d,0x01,0x55,0x54,0x07,0x40,  //.*@%...*********..*@*.
0x07,0x40,0x00,0x00,0x1e,0x00,  //..%@%............*@#..
0x01,0xea,0xaa,0xaa,0xb8,0x00,  //...%@#%%%%%%%%%%%@#...
0x00,0xbf,0xff,0xff,0xf0,0x00,  //....#@@@@@@@@@@@@@....
0x00,0xbf,0xf0,0xff,0xf0,0x00,  //....%@@@@@*.@@@@@@....
0x00,0xbf,0xf0,0xff,0xf0,0x00,  //....%@@@@@*.@@@@@@....
0x00,0xbf,0xf0,0xff,0xf0,0x00,  //....%@@@@@*.@@@@@@....
0x15,0xbf,0xf0,0xff,0xf5,0x40,  //+***#@@@@@*.@@@@@@****
0x7f,0xff,0xf0,0xff,0xff,0xe0,  //*@@@@@@@@@*.@@@@@@@@@%
0x00,0xbf,0xf0,0xff,0xf0,0x00,  //.***#@@@@@*.@@@@@@***.
0x00,0x7f,0xf0,0xff,0xe0,0x00,  //....%@@@@@*.@@@@@#....
0x00,0x7f,0xf0,0xff,0xe0,0x00,  //....*@@@@@*.@@@@@%....
0x00,0x3f,0xf0,0xff,0xd0,0x00,  //....+@@@@@*.@@@@@*....
0x00,0x7f,0xf0,0xff,0xd0,0x00,  //....%@@@@@*.@@@@@%....
0x01,0xe7,0xf0,0xfe,0xb4,0x00,  //...*@#%@@@*.@@@##@%...
0x07,0x80,0xa0,0xe4,0x2d,0x00,  //..*@#..*%#*.@%*..#@%..
0x0a,0x00,0x00,0x00,0x0b,0x00,  //..%#+.............#@..


/*  */
0x00,0x00,0x16,0x90,0x00,0x00,0x00,  //.........*%%%%*...........
0xbf,0xc0,0x2f,0xfc,0x00,0xff,0xe0,  //#@@@@*..*%@@@@@....*@@@@@%
0xbf,0xe0,0x0f,0xfc,0x02,0xff,0xd0,  //%@@@@%....@@@@@....%@@@@@*
0x3f,0xf0,0x0f,0xfc,0x03,0xff,0x80,  //*@@@@@*...@@@@@...*@@@@@#.
0x2f,0xf8,0x0b,0xfc,0x0b,0xff,0x00,  //.%@@@@%...%@@@@...%@@@@@*.
0x0f,0xfc,0x0b,0xfc,0x1f,0xfd,0x00,  //.*@@@@@*..#@@@@..*@@@@@%..
0x07,0xfe,0x0f,0xfc,0x2f,0xf8,0x00,  //..%@@@@#..@@@@@.+#@@@@%...
0x02,0xff,0x9f,0xfe,0xbf,0xe0,0x00,  //..+#@@@@#%@@@@@%#@@@@#....
0x01,0xff,0xff,0xff,0xff,0xd0,0x00,  //...*@@@@@@@@@@@@@@@@@%....
0x00,0xbf,0xff,0xff,0xff,0xe0,0x00,  //....%@@@@@@@@@@@@@@@@#....
0x00,0x2f,0xff,0xff,0xff,0xf8,0x00,  //....+#@@@@@@@@@@@@@@@@#...
0x00,0x0f,0xff,0xfe,0xbf,0xfe,0x00,  //.....*@@@@@@@@@#%@@@@@@#..
0x00,0x06,0xff,0xfc,0x1f,0xff,0x80,  //......*#@@@@@@@*.%@@@@@@#.
0x00,0x00,0xbf,0xfc,0x07,0xff,0xd0,  //.......+%@@@@@@...%@@@@@@*
0x00,0x00,0x1a,0xf8,0x01,0xbf,0xd0,  //.........*%#@@#....*#@@@@*


/*  */
0x00,0x00,0x00,0x00,0x00,0x00,  //................+**.....
0x00,0x00,0x00,0x01,0xff,0x40,  //...............*@@@@%...
0x00,0x00,0x00,0x00,0x56,0xe0,  //...............+%*%#@#+.
0x00,0x00,0x14,0x00,0x00,0x78,  //........***.........%@#.
0x00,0x02,0xfe,0x00,0x79,0x2d,  //......*#@@@%....*@#*.%@*
0x00,0x1f,0xff,0x00,0x1b,0x0e,  //.....%@@@@@@....**#@*+@#
0x00,0xbf,0xfe,0x16,0x42,0x8b,  //....#@@@@@@#.*%%%+.#%.#@
0x02,0xff,0xfe,0xff,0xe2,0x8b,  //...#@@@@@@@#@@@@@#.#%.#@
0x0b,0xff,0xff,0xff,0xe1,0x0e,  //..%@@@@@@@@@@@@@@#.*+.@#
0x1f,0xf9,0x40,0x6f,0xe0,0x04,  //.*@@@@#%*****#@@@%....%*
0x2f,0x90,0x00,0x02,0xf8,0x00,  //+#@@#*........*#@@%*....
0x7e,0x01,0xa8,0x00,0xbf,0x00,  //%@@#...*%%%*....#@@@*...
0xb8,0x07,0xff,0x00,0x7f,0x80,  //#@#...%@@@@@*...*@@@#...
0xf4,0x1f,0xdb,0x80,0x3f,0xc0,  //@@%..*@@@%#@#...*@@@@...
0xb4,0x28,0x2b,0x80,0x3f,0x80,  //#@*..%#..%#@#...*@@@%...
0x74,0x14,0x2f,0x40,0xbf,0x00,  //%@%..%%..#@@%...%@@@*...
0x2c,0x0a,0xbe,0x01,0xfd,0x00,  //+#@+.+#%#@@#...%@@@%....
0x0a,0x41,0xa4,0x0b,0xf4,0x00,  //.+##*.+%%%*..*%@@@*.....
0x01,0xe4,0x01,0xbf,0x80,0x00,  //...%@#%*****#@@@%+......
0x00,0x1a,0xff,0xe4,0x00,0x00,  //....+*%#@@@@@%%+........


/*  */
0x00,0x01,0x00,0x40,0x00,0x00,  //......+**...%*.......
0x00,0x1f,0x40,0xf9,0x00,0x00,  //....+%@@*...@@#*.....
0x00,0xbf,0x40,0xff,0x80,0x00,  //...*#@@@*...@@@@%....
0x07,0xff,0x40,0xff,0xe0,0x00,  //..*@@@@@*...@@@@@#...
0x0b,0xff,0x40,0xff,0xf8,0x00,  //.+#@@@@@*...@@@@@@%..
0x2f,0xff,0x40,0xff,0xfc,0x00,  //.%@@@@@@*...@@@@@@@*.
0x3f,0xff,0x40,0xff,0xfe,0x00,  //+@@@@@@@*...@@@@@@@#.
0x7f,0xff,0x40,0xff,0xff,0x00,  //%@@@@@@@*...@@@@@@@@+
0xbf,0xff,0x40,0xbf,0xff,0x40,  //#@@@@@@@*...#@@@@@@@*
0xff,0xff,0x00,0xbf,0xff,0x40,  //@@@@@@@@*...%@@@@@@@*
0xff,0xfe,0x00,0x7f,0xff,0x40,  //@@@@@@@#....*@@@@@@@*
0xff,0xfd,0x00,0x2f,0xff,0x40,  //@@@@@@@%.....#@@@@@@*
0xbf,0xfc,0x00,0x1f,0xff,0x40,  //%@@@@@@+.....*@@@@@@*
0x7f,0xf4,0x04,0x0b,0xff,0x00,  //%@@@@@*...*...#@@@@@+
0x3f,0xe0,0x08,0x02,0xfe,0x00,  //+@@@@%...*%...+#@@@%.
0x2f,0x80,0x2c,0x00,0xbc,0x00,  //.%@@%....%@*...+#@@*.
0x09,0x00,0x7e,0x00,0x24,0x00,  //..#*....*@@#....+%%..
0x00,0x01,0xff,0x80,0x00,0x00,  //.......*@@@@#........
0x00,0x07,0xff,0xe0,0x00,0x00,  //......*@@@@@@#.......
0x00,0x0b,0xff,0xf8,0x00,0x00,  //.....*#@@@@@@@%......
0x00,0x01,0x6a,0x40,0x00,0x00,  //.......*%%%%*+.......


/*  */
0x00,0x00,0x00,0x00,0x00,  //........**.........
0x00,0x00,0xb4,0x00,0x00,  //........#@%........
0x00,0x01,0xfd,0x00,0x00,  //.......*@@@%.......
0x00,0x01,0xff,0x00,0x00,  //.......*@@@@+......
0x00,0x01,0xff,0x00,0x00,  //.......*@@@@*......
0x00,0x00,0xbf,0x40,0x00,  //........#@@@*......
0x00,0x00,0x7f,0x00,0x00,  //.....*..*@@@*......
0x02,0xfd,0x1e,0x0b,0xf0,  //...#@@@%.%@#.+%@@@+
0x02,0xff,0x89,0x2f,0xf0,  //...#@@@@#.%%*#@@@@+
0x01,0xff,0xd6,0xbf,0xe0,  //...%@@@@@%*%#@@@@#.
0x00,0xbf,0xfb,0xff,0xc0,  //....#@@@@@%@@@@@@*.
0x00,0x1b,0xff,0xfe,0x40,  //.....*#@@@@@@@@#*..
0x00,0x00,0x09,0x50,0x00,  //.......+**#%***....
0x1b,0xe4,0x0c,0x00,0x00,  //+%#@@#*..+@+...+...
0x7f,0xfe,0x18,0x6f,0x90,  //*@@@@@@#.*#.*#@@#%.
0x2f,0xff,0xaa,0xff,0xf4,  //.#@@@@@@%%%#@@@@@@%
0x0b,0xff,0xff,0xff,0xf0,  //.+#@@@@@@@@@@@@@@@+
0x02,0xff,0xef,0xff,0xd0,  //..+%@@@@@#@@@@@@@*.
0x00,0x00,0x82,0xbe,0x00,  //....+***#**%#@@%*..
0x00,0x02,0x80,0x00,0x00,  //.......%%..........
0x00,0x06,0x00,0x00,0x00,  //......%#...........
0x00,0x18,0x00,0x00,0x00,  //.....%#+...........
0x01,0xa0,0x00,0x00,0x00,  //...*##+............
0xae,0x40,0x00,0x00,0x00,  //%#@#*..............


/*  */
0x2f,0xff,0xff,0xfe,0x00,  //.%@@@@@@@@@@@@@#.
0x7f,0xff,0xff,0xff,0x40,  //*@@@@@@@@@@@@@@@%
0xbf,0xff,0xff,0xff,0x80,  //%@@@@@@@@@@@@@@@%
0x55,0x55,0x55,0x55,0x40,  //*****************
0x55,0x55,0x55,0x55,0x40,  //*****************
0xbf,0xff,0xff,0xff,0x80,  //%@@@@@@@@@@@@@@@%
0xbf,0xff,0xff,0xff,0x80,  //%@@@@@@@@@@@@@@@%
0x6a,0xaa,0xaa,0xaa,0x40,  //%%%%%%%%%%%%%%%%%
0x00,0x00,0x00,0x00,0x00,  //+***************+
0xbf,0xff,0xff,0xff,0x80,  //%@@@@@@@@@@@@@@@%
0xbf,0xff,0xff,0xff,0x80,  //%@@@@@@@@@@@@@@@%
0xbf,0xff,0xff,0xff,0x80,  //%@@@@@@@@@@@@@@@%
0x00,0x00,0x00,0x00,0x00,  //+***************+
0x6a,0xaa,0xaa,0xaa,0x40,  //%%%%%%%%%%%%%%%%%
0xbf,0xff,0xff,0xff,0x80,  //%@@@@@@@@@@@@@@@%
0x3f,0xff,0xff,0xff,0x40,  //*@@@@@@@@@@@@@@@*
0x0a,0xaa,0xaf,0xe9,0x00,  //.*%%%%%%%%@@@#%*.
0x00,0x00,0x0f,0x80,0x00,  //..........@@#....
0x00,0x00,0x0e,0x00,0x00,  //..........@#.....
0x00,0x00,0x08,0x00,0x00,  //..........#......


/*  */
0x00,0x01,0xaa,0x50,0x00,0x00,  //......+*%%%%%*.......
0x00,0x2f,0xff,0xf9,0x00,0x00,  //....+%@@@@@@@@#*.....
0x00,0xbf,0xff,0xff,0x80,0x00,  //...*#@@@@@@@@@@@%....
0x07,0xfe,0x40,0x6f,0xe0,0x00,  //..*@@@@%*****#@@@#...
0x0b,0xe0,0x00,0x07,0xf8,0x00,  //.+#@@#+.......*@@@%..
0x2f,0x80,0x00,0x01,0xfc,0x00,  //.%@@#.....+....*@@@*.
0x3f,0x00,0x09,0x00,0x7e,0x00,  //*@@@+.....%%....%@@#.
0x7d,0x00,0x0b,0x40,0x3f,0x00,  //%@@%......%@%....@@@+
0xbc,0x00,0x0b,0xd0,0x2f,0x40,  //#@@*.+****#@@%...%@@*
0xfc,0x2f,0xff,0xf4,0x1f,0x40,  //@@@..%@@@@@@@@%..*@@*
0xfc,0x2f,0xff,0xfd,0x1f,0x40,  //@@@..%@@@@@@@@@*.*@@*
0xfc,0x2f,0xff,0xf4,0x1f,0x40,  //@@@..%@@@@@@@@%..*@@*
0xbc,0x00,0x0b,0xd0,0x2f,0x40,  //%@@*.+****#@@%...%@@*
0x7d,0x00,0x0b,0x40,0x3f,0x00,  //%@@%......%@%...+@@@+
0x3f,0x00,0x09,0x00,0xbe,0x00,  //+@@@*.....%%....%@@%.
0x2f,0x80,0x00,0x01,0xfc,0x00,  //.%@@#+.........*@@@*.
0x0b,0xe0,0x00,0x07,0xf4,0x00,  //..#@@#*.......%@@@%..
0x02,0xfe,0x41,0x6f,0xe0,0x00,  //..+#@@@#****%#@@@#...
0x00,0xbf,0xff,0xff,0x40,0x00,  //...+#@@@@@@@@@@@%....
0x00,0x1b,0xff,0xf8,0x00,0x00,  //.....*#@@@@@@@#*.....
0x00,0x01,0x6a,0x40,0x00,0x00,  //.......*%%%%*+.......


/*  */
0x00,0x01,0xaa,0x50,0x00,0x00,  //......+*%%%%%*.......
0x00,0x2f,0xff,0xf9,0x00,0x00,  //....+%@@@@@@@@#*.....
0x00,0xbf,0xff,0xff,0x80,0x00,  //...*#@@@@@@@@@@@%....
0x07,0xfe,0x40,0x6f,0xe0,0x00,  //..*@@@@%*****#@@@#...
0x0b,0xe0,0x00,0x07,0xf8,0x00,  //.+#@@#+.......*@@@%..
0x2f,0x80,0x00,0x01,0xfc,0x00,  //.%@@#....+.....*@@@*.
0x3f,0x00,0x20,0x00,0x7e,0x00,  //*@@@+...+#*.....%@@#.
0x7d,0x00,0xb0,0x00,0x3f,0x00,  //%@@%...+#@*......@@@+
0xbc,0x02,0xf4,0x00,0x2f,0x40,  //#@@*..+#@@*****..%@@*
0xfc,0x0b,0xff,0xfd,0x1f,0x40,  //@@@..+#@@@@@@@@*.*@@*
0xfc,0x2f,0xff,0xfd,0x1f,0x40,  //@@@..%@@@@@@@@@*.*@@*
0xfc,0x0b,0xff,0xfd,0x1f,0x40,  //@@@...#@@@@@@@@*.*@@*
0xbc,0x02,0xf4,0x00,0x2f,0x40,  //%@@*...#@@*****..%@@*
0x7d,0x00,0xb0,0x00,0x3f,0x00,  //%@@%....#@*.....+@@@+
0x3f,0x00,0x20,0x00,0xbe,0x00,  //+@@@*....#*.....%@@%.
0x2f,0x80,0x00,0x01,0xfc,0x00,  //.%@@#+.........*@@@*.
0x0b,0xe0,0x00,0x07,0xf4,0x00,  //..#@@#*.......%@@@%..
0x02,0xfe,0x41,0x6f,0xe0,0x00,  //..+#@@@#****%#@@@#...
0x00,0xbf,0xff,0xff,0x40,0x00,  //...+#@@@@@@@@@@@%....
0x00,0x1b,0xff,0xf8,0x00,0x00,  //.....*#@@@@@@@#*.....
0x00,0x01,0x6a,0x40,0x00,0x00,  //.......*%%%%*+.......


/*  */
0x06,0xaa,0xaa,0xaa,0xa4,0x00,  //.+%%%%%%%%%%%%%%%%*..
0x2f,0xff,0xff,0xff,0xfd,0x00,  //+#@@@@@@@@@@@@@@@@@%.
0xbf,0xff,0xff,0xff,0xff,0x00,  //%@@@@@@@@@@@@@@@@@@@*
0xfe,0x55,0x55,0x55,0x7f,0x40,  //@@@#*************@@@*
0xfd,0x00,0x00,0x00,0x2f,0x40,  //@@@*.............%@@*
0xfd,0x00,0x00,0x50,0x2f,0x40,  //@@@*........%*...%@@*
0xfd,0x00,0x02,0xe0,0x2f,0x40,  //@@@*......*#@%...%@@*
0xfd,0x00,0x1f,0xe0,0x2f,0x40,  //@@@*.....*@@@%...%@@*
0xfd,0x00,0xbf,0xe0,0x2f,0x40,  //@@@*...+#@@@@%...%@@*
0xfd,0x06,0xff,0xe0,0x2f,0x40,  //@@@*..*#@@@@@%...%@@*
0xfd,0x0f,0xff,0xe0,0x2f,0x40,  //@@@*..@@@@@@@%...%@@*
0xfd,0x02,0xff,0xe0,0x2f,0x40,  //@@@*..*#@@@@@%...%@@*
0xfd,0x00,0xbf,0xe0,0x2f,0x40,  //@@@*....%@@@@%...%@@*
0xfd,0x00,0x1b,0xe0,0x2f,0x40,  //@@@*.....*#@@%...%@@*
0xfd,0x00,0x02,0xe0,0x2f,0x40,  //@@@*......+#@%...%@@*
0xfd,0x00,0x00,0x40,0x2f,0x40,  //@@@*........**...%@@*
0xfd,0x00,0x00,0x00,0x2f,0x40,  //@@@*.............%@@*
0xbe,0xaa,0xaa,0xaa,0xbf,0x40,  //#@@#%%%%%%%%%%%%%@@@*
0x7f,0xff,0xff,0xff,0xff,0x00,  //%@@@@@@@@@@@@@@@@@@@*
0x2f,0xff,0xff,0xff,0xfd,0x00,  //.#@@@@@@@@@@@@@@@@@%.
0x06,0xaa,0xaa,0xaa,0x90,0x00,  //..*%%%%%%%%%%%%%%%*..


/*  */
0x00,0x01,0xaa,0x50,0x00,0x00,  //......+*%%%%%*.......
0x00,0x2f,0xff,0xf9,0x00,0x00,  //....+%@@@@@@@@#*.....
0x00,0xbf,0xff,0xff,0x80,0x00,  //...*#@@@@@@@@@@@%....
0x07,0xfe,0x40,0x6f,0xe0,0x00,  //..*@@@@%*****#@@@#...
0x0b,0xe0,0x00,0x07,0xf8,0x00,  //.+#@@#+.......*@@@%..
0x2f,0x80,0x00,0x01,0xfc,0x00,  //.%@@#..........*@@@*.
0x3f,0x00,0x00,0x00,0x7e,0x00,  //*@@@+...........%@@#.
0x7d,0x00,0x6e,0x00,0x3f,0x00,  //%@@%....*#@%+....@@@+
0xbc,0x01,0xff,0x80,0x2f,0x40,  //#@@*...%@@@@#+...%@@*
0xfc,0x03,0xff,0xd0,0x1f,0x40,  //@@@....@@@@@@%...*@@*
0xfc,0x03,0xff,0xe0,0x1f,0x40,  //@@@...+@@@@@@%...*@@*
0xfc,0x02,0xff,0xd0,0x1f,0x40,  //@@@....#@@@@@%...*@@*
0xbc,0x01,0xff,0x80,0x2f,0x40,  //%@@*...*@@@@#....%@@*
0x7d,0x00,0x29,0x00,0x3f,0x00,  //%@@%....*%%%+...+@@@+
0x3f,0x00,0x00,0x00,0xbe,0x00,  //+@@@*...........%@@%.
0x2f,0x80,0x00,0x01,0xfc,0x00,  //.%@@#+.........*@@@*.
0x0b,0xe0,0x00,0x07,0xf4,0x00,  //..#@@#*.......%@@@%..
0x02,0xfe,0x41,0x6f,0xe0,0x00,  //..+#@@@#****%#@@@#...
0x00,0xbf,0xff,0xff,0x40,0x00,  //...+#@@@@@@@@@@@%....
0x00,0x1b,0xff,0xf8,0x00,0x00,  //.....*#@@@@@@@#*.....
0x00,0x01,0x6a,0x40,0x00,0x00,  //.......*%%%%*+.......


/*  */
0x00,0x0b,0x80,0x00,0x00,0x00,  //......%@#+............
0x00,0x1f,0xe0,0x00,0x00,0x00,  //.....*@@@%............
0x00,0x0f,0xe0,0x00,0x00,0x00,  //.....*@@@%............
0x00,0x0f,0x80,0x00,0x00,0x00,  //.....*@@#+............
0x00,0x0e,0x00,0x00,0x00,0x00,  //......@%..............
0x00,0x0e,0x00,0x00,0x00,0x00,  //......@%..............
0x00,0x0a,0x00,0x00,0x00,0x00,  //......##..............
0x00,0x0b,0x00,0x00,0x00,0x00,  //......%@..............
0x00,0x07,0xff,0xe0,0x00,0x00,  //....*.%@@@@@@%........
0x02,0xc7,0xaa,0x90,0x00,0x00,  //...%@**@#%%%%%........
0x0b,0x87,0x40,0x00,0x00,0x00,  //..#@%.*@*.............
0x2d,0x03,0x95,0x54,0x00,0x00,  //.%@*..*@%******+......
0x38,0x03,0xff,0xfd,0x00,0x00,  //*@%...+@@@@@@@@%......
0xb0,0x00,0x00,0x0b,0x00,0x00,  //%@+....+******%@+.....
0xa0,0x00,0x00,0x03,0x40,0x00,  //##............*@%.....
0xe0,0x00,0x00,0x02,0xc0,0x00,  //@%...........+.%@+....
0xe0,0x00,0x00,0x00,0xd0,0x00,  //@%...........***@%....
0xa0,0x00,0x00,0x18,0xb1,0x90,  //%#...........%%.%@*%#*
0x74,0x00,0x00,0x28,0x3f,0x80,  //*@*..........##.*@@@#*
0x28,0x00,0x00,0x74,0x29,0x00,  //.##+........%@*..%#*..
0x0e,0x00,0x01,0xe0,0x00,0x00,  //.*@#*......%@%........
0x07,0xe4,0x1b,0x80,0x00,0x00,  //..*@@%***%#@%.........
0x00,0xbf,0xf9,0x00,0x00,0x00,  //...+%@@@@@#*..........


/*  */
0x06,0xaa,0xaa,0xaa,0xa4,0x00,  //.+%%%%%%%%%%%%%%%%*..
0x2f,0xff,0xff,0xff,0xfd,0x00,  //+#@@@@@@@@@@@@@@@@@%.
0xbf,0xff,0xff,0xff,0xff,0x00,  //%@@@@@@@@@@@@@@@@@@@*
0xff,0xff,0xff,0xff,0xff,0x40,  //@@@@@@@@@@@@@@@@@@@@*
0xff,0xe0,0xbf,0x80,0x7f,0x40,  //@@@@@#**#@@@#*..*@@@*
0xff,0x40,0x3e,0x00,0x2f,0x40,  //@@@@%...*@@#.....#@@*
0xfd,0x00,0x3d,0x00,0x2f,0x40,  //@@@%.....@@*.....%@@*
0xf4,0x00,0x2e,0x80,0x2f,0x40,  //@@%.+....#@%%....%@@*
0xfe,0xc0,0x2f,0xc0,0x3f,0x40,  //@@@#@+...%@@@....@@@*
0xff,0xd0,0x1f,0x80,0x7f,0x40,  //@@@@@%...*@@%...*@@@*
0xff,0xe0,0x0f,0x00,0xbf,0x40,  //@@@@@#...*@@*...#@@@*
0xff,0xf0,0x09,0x02,0xff,0x40,  //@@@@@@+...#%...%@@@@*
0xff,0xf4,0x00,0x07,0xff,0x40,  //@@@@@@*...+...*@@@@@*
0xff,0xf8,0x00,0x0f,0xff,0x40,  //@@@@@@%......+@@@@@@*
0xff,0xf8,0x00,0x2f,0xff,0x40,  //@@@@@@#.....+#@@@@@@*
0xff,0xfd,0x00,0xbf,0xff,0x40,  //@@@@@@@*...+#@@@@@@@*
0xff,0xfe,0x46,0xff,0xff,0x40,  //@@@@@@@#***#@@@@@@@@*
0xbf,0xff,0xff,0xff,0xff,0x40,  //#@@@@@@@@@@@@@@@@@@@*
0x7f,0xff,0xff,0xff,0xff,0x00,  //%@@@@@@@@@@@@@@@@@@@*
0x2f,0xff,0xff,0xff,0xfd,0x00,  //.#@@@@@@@@@@@@@@@@@%.
0x06,0xaa,0xaa,0xaa,0x90,0x00,  //..*%%%%%%%%%%%%%%%*..


/*  */
0x01,0xa4,0x00,0x00,  //...*%%*........
0x01,0xf4,0x01,0x00,  //...*@@*...**...
0x01,0xf4,0x6f,0x00,  //...*@@%*%#@@...
0x01,0xff,0xff,0x00,  //...*@@@@@@@@...
0x1b,0xff,0x94,0x00,  //+*#@@@@@#%*....
0xff,0xf8,0x05,0x00,  //@@@@@@%*.+*%...
0xfa,0xf5,0xbf,0x00,  //@@#%@@%*#@@@...
0x41,0xff,0xfe,0x00,  //*+.%@@@@@@@#...
0x1b,0xff,0x90,0x00,  //*%#@@@@@#%+....
0xff,0xf8,0x00,0x68,  //@@@@@@%+....*%%
0xea,0xf4,0x00,0x7c,  //@#%%@@*.....%@@
0x01,0xf4,0x00,0xbc,  //*..*@@*.....#@@
0x01,0xf4,0x00,0xf8,  //...*@@*....*@@#
0x01,0xf4,0x02,0xf4,  //...*@@*....#@@%
0x01,0xf4,0x0b,0xe0,  //...*@@*...#@@#.
0x01,0xf4,0x6f,0xc0,  //...*@@*+*#@@@*.
0x01,0xff,0xff,0x40,  //...*@@@@@@@@*..
0x01,0xff,0xf8,0x00,  //...*@@@@@@#*...
0x01,0xfe,0x90,0x00,  //...*@@@#%*.....


/*  */
0x06,0xaa,0xaa,0xaa,0x40,  //.+%%%%%%%%%%%%%%%..
0x2e,0xaa,0xaa,0xaa,0xe0,  //+#@#%%%%%%%%%%%#@#.
0xb4,0x00,0x00,0x00,0x74,  //%@*.............*@%
0xe0,0x00,0x10,0x00,0x28,  //@#......+*.......#%
0xe0,0x00,0x70,0x00,0x28,  //@%......*@*......%%
0xe0,0x00,0x70,0x00,0x28,  //@%......*@*......%%
0xe0,0x00,0x70,0x00,0x28,  //@%......*@*......%%
0xe0,0x00,0x70,0x00,0x28,  //@%......*@*......%%
0xe0,0x00,0x74,0x00,0x28,  //@%.+****%@*****..%%
0xe1,0xff,0xff,0xfd,0x28,  //@%.*@@@@@@@@@@@*.%%
0xe0,0x55,0xb5,0x54,0x28,  //@%.+****%@%****+.%%
0xe0,0x00,0x70,0x00,0x28,  //@%......*@*......%%
0xe0,0x00,0x70,0x00,0x28,  //@%......*@*......%%
0xe0,0x00,0x70,0x00,0x28,  //@%......*@*......%%
0xe0,0x00,0x70,0x00,0x28,  //@%......*@*......%%
0xe0,0x00,0x10,0x00,0x28,  //@%......+*+......#%
0xb0,0x00,0x00,0x00,0x74,  //%@+.............*@%
0x2e,0xaa,0xaa,0xaa,0xe0,  //+#@%%%%%%%%%%%%#@#+
0x0b,0xff,0xff,0xff,0x80,  //.+%@@@@@@@@@@@@@%+.


/*  */
0x00,0x1f,0x40,0x00,0x00,0x00,0x00,0x00,  //.....%@@%....................
0x00,0x2f,0xe0,0x00,0x00,0x00,0x00,0x00,  //.....%@@@#...................
0x00,0x3f,0xf8,0x00,0x00,0x00,0x00,0x00,  //.....@@@@@#..................
0x00,0x3f,0xfe,0x00,0x00,0x00,0x00,0x00,  //....+@@@@@@#.................
0x00,0x7f,0xff,0x80,0x00,0x00,0x00,0x00,  //....*@@@@@@@#................
0x00,0x7f,0xff,0xe4,0x00,0x00,0x00,0x00,  //....%@@@@@@@@#**.............
0x02,0xaa,0xbf,0xff,0xe9,0x00,0x00,0x00,  //...%%#%##@@@@@@@@#%**+.......
0x0b,0xff,0xaa,0xaa,0xaa,0xaa,0x50,0x00,  //.+%@@@@@#%%%%%%%%%%%%#%%***..
0x0f,0xff,0xff,0xff,0xff,0xfe,0x2e,0x40,  //.*@@@@@@@@@@@@@@@@@@@@@%.#@#*
0x6f,0xff,0xff,0xff,0xff,0xfe,0x2f,0x80,  //*#@@@@@@@@@@@@@@@@@@@@@#.%@@#
0x0f,0xff,0xff,0xff,0xff,0xfe,0x39,0x00,  //.*@@@@@@@@@@@@@@@@@@@@@%*@#%+
0x07,0xfe,0xaa,0xaa,0xaa,0xa5,0x00,0x00,  //..*@@@@#%%%%%%%%%%%%%%***....
0x00,0x6a,0xff,0xfa,0x50,0x00,0x00,0x00,  //...*%%##@@@@@@#%%**..........
0x00,0x7f,0xff,0xd0,0x00,0x00,0x00,0x00,  //....*@@@@@@@@*...............
0x00,0x3f,0xff,0x40,0x00,0x00,0x00,0x00,  //....*@@@@@@@*................
0x00,0x3f,0xfd,0x00,0x00,0x00,0x00,0x00,  //.....@@@@@@*.................
0x00,0x2f,0xf4,0x00,0x00,0x00,0x00,0x00,  //.....#@@@@*..................
0x00,0x2f,0xd0,0x00,0x00,0x00,0x00,0x00,  //.....%@@@*...................
0x00,0x19,0x00,0x00,0x00,0x00,0x00,0x00,  //.....*%%*....................


/*  */
0x00,0x00,0x00,0x40,0x00,0x00,  //...........**+........
0x00,0x00,0x03,0xe0,0x00,0x00,  //..........*@@#+.......
0x00,0x00,0x07,0xf4,0x00,0x00,  //..........*@@@*.......
0x01,0xd0,0x03,0xf8,0x68,0x00,  //...%@%....*@@@#*%#%...
0x03,0xf4,0x02,0xff,0xfd,0x00,  //..*@@@*....#@@@@@@@*..
0x03,0xf8,0x06,0xff,0xfd,0x00,  //..*@@@#..*%#@@@@@@@*..
0x03,0xfd,0xbf,0xff,0xe4,0x00,  //...@@@@%#@@@@@@@@#%...
0x02,0xff,0xff,0xff,0x40,0x00,  //...%@@@@@@@@@@@@*.....
0x1b,0xff,0xff,0xbf,0x40,0x00,  //.%#@@@@@@@@@#@@@*.....
0xbf,0xff,0xe4,0x3f,0x80,0x00,  //%@@@@@@@@%*.*@@@#.....
0xff,0xff,0x40,0x2f,0xc0,0x00,  //@@@@@@@@*....#@@@+..+.
0x7e,0x7f,0x80,0x1f,0xd6,0xe0,  //%@@#%@@@#....%@@@%%#@#
0x00,0x2f,0xc0,0x0f,0xff,0xf0,  //.++..#@@@+...*@@@@@@@@
0x00,0x1f,0xd0,0x6f,0xff,0xf0,  //.....%@@@*.*%#@@@@@@@@
0x00,0x0f,0xeb,0xff,0xfe,0x40,  //.....*@@@##@@@@@@@@#%*
0x00,0x0f,0xff,0xff,0xf8,0x00,  //.....+@@@@@@@@@@@@#...
0x01,0xbf,0xff,0xfa,0xfc,0x00,  //...*#@@@@@@@@@%#@@@+..
0x03,0xff,0xfe,0x41,0xfd,0x00,  //..+@@@@@@@@#*..%@@@*..
0x03,0xff,0xfc,0x00,0xfd,0x00,  //..*@@@@@@@@+...*@@@*..
0x02,0xe6,0xfd,0x00,0x78,0x00,  //...%@#*%@@@*....%@#...
0x00,0x00,0xfe,0x00,0x00,0x00,  //.......*@@@%..........
0x00,0x00,0xbd,0x00,0x00,0x00,  //........#@@%..........
0x00,0x00,0x24,0x00,0x00,0x00,  //........+%%...........


/*  */
0x06,0xaa,0xaa,0xaa,0xa4,0x00,  //.+%%%%%%%%%%%%%%%%*..
0x2f,0xff,0xff,0xff,0xfd,0x00,  //+#@@@@@@@@@@@@@@@@@%.
0xbf,0xff,0xff,0xff,0xff,0x00,  //%@@@@@@@@@@@@@@@@@@@*
0xff,0xff,0xff,0xff,0xff,0x40,  //@@@@@@@@@@@@@@@@@@@@*
0xff,0xff,0xff,0xff,0xff,0x40,  //@@@@@@@@@@@@@@@@@@@@*
0xfe,0x00,0x00,0x00,0x7f,0x40,  //@@@#*************@@@*
0xfd,0x00,0x00,0x00,0x2f,0x40,  //@@@*.............#@@*
0xfe,0x00,0x00,0x00,0x3f,0x40,  //@@@%............+@@@*
0xfe,0x80,0x00,0x00,0xaf,0x40,  //@@@#%..........*##@@*
0xfd,0x24,0x00,0x0a,0x2f,0x40,  //@@@**#*......+%%+%@@*
0xfd,0x06,0x00,0x60,0x2f,0x40,  //@@@*..%%+...*#*..%@@*
0xfd,0x00,0x92,0x80,0x2f,0x40,  //@@@*...*#**%%....%@@*
0xfd,0x00,0x14,0x00,0x2f,0x40,  //@@@*.....***.....%@@*
0xfd,0x00,0x00,0x00,0x2f,0x40,  //@@@*.............%@@*
0xfd,0x00,0x00,0x00,0x2f,0x40,  //@@@*.............#@@*
0xfe,0x55,0x55,0x55,0xbf,0x40,  //@@@#************%@@@*
0xff,0xff,0xff,0xff,0xff,0x40,  //@@@@@@@@@@@@@@@@@@@@*
0xbf,0xff,0xff,0xff,0xff,0x40,  //#@@@@@@@@@@@@@@@@@@@*
0x7f,0xff,0xff,0xff,0xff,0x00,  //%@@@@@@@@@@@@@@@@@@@*
0x2f,0xff,0xff,0xff,0xfd,0x00,  //.#@@@@@@@@@@@@@@@@@%.
0x06,0xaa,0xaa,0xaa,0x90,0x00,  //..*%%%%%%%%%%%%%%%*..


/*  */
0x00,0x00,0x05,0x50,0x00,0x00,  //.........******.........
0x00,0x01,0x40,0x01,0x40,0x00,  //......*%%*....*%%*......
0x00,0x14,0x1a,0xa4,0x14,0x00,  //.....%*.*%%#%%%*.*%.....
0x00,0x82,0xff,0xff,0x82,0x00,  //...+%.*#@@@@@@@@#*.%+...
0x01,0x1f,0xff,0xff,0xf4,0x40,  //...%.%@@@@@@@@@@@@*.%...
0x04,0x7f,0xff,0xff,0xd0,0x10,  //..%.%@@@@@@@@@@@@*...%..
0x10,0xaa,0xaa,0xab,0xc0,0x04,  //.***%%%##%%%%%%@@....**.
0x10,0x06,0x90,0x07,0xc0,0x04,  //.*...+*##*...*%@@*....*.
0x40,0x0f,0xf4,0x0f,0xe0,0x11,  //***...@@@@*..*@@@%...***
0x48,0x0b,0xf8,0x0b,0xf4,0x21,  //%.#...%@@@#...#@@@*..#.%
0x4d,0x07,0xfc,0x07,0xf8,0x31,  //%+@*..*@@@@+..%@@@%.+@+%
0x4e,0x03,0xfd,0x03,0xfc,0x71,  //**@#...@@@@*..*@@@@.*@**
0x4f,0x01,0xfd,0x02,0xf8,0xb1,  //**@@+..%@@@%...#@@#.#@**
0x4f,0x40,0xfc,0x01,0xf8,0xf1,  //%*@@%..*@@@++..%@@%+@@*%
0x4f,0x80,0xb8,0x40,0xf5,0xf1,  //%.@@#...#@#+%..*@@**@@.%
0x4b,0xc0,0x75,0x80,0xb2,0xe1,  //%.#@@*..%@%%#...#@.#@#.%
0x07,0xd0,0x32,0xd0,0x63,0xd0,  //***@@%..*@+#@*..%#+@@***
0x12,0xe0,0x23,0xe0,0x17,0x84,  //.%.#@#...#*@@%..**%@#.%.
0x00,0xf4,0x07,0xf0,0x0b,0x00,  //.***@@*..*%@@@...+#@***.
0x04,0x78,0x0b,0xf4,0x0d,0x10,  //..%.*@%...#@@@*..+@*.%..
0x01,0x1c,0x0f,0xf8,0x14,0x40,  //...%.*@..*@@@@#..%*.%...
0x00,0x40,0x1f,0xfc,0x01,0x00,  //....%++*.%@@@@@+..+%....
0x00,0x14,0x16,0x94,0x14,0x00,  //.....**..*%%%%*+.**.....
0x00,0x01,0x50,0x05,0x40,0x00,  //......+%%******%%+......


/*  */
0x00,0x00,0x00,0x00,0x00,0x00,  //.............++.........
0x00,0x00,0x00,0x74,0x00,0x00,  //...........+%@*.........
0x00,0x00,0x03,0xf4,0x00,0x00,  //...........@@@*.........
0x00,0x00,0x03,0xf4,0x00,0x00,  //...........@@@*.........
0x00,0x00,0x03,0xf4,0x00,0x00,  //...........@@@*.........
0x00,0x00,0x03,0xf4,0x00,0x00,  //...........@@@*.........
0x00,0x00,0x03,0xf4,0x00,0x00,  //...........@@@*.........
0x00,0x00,0x63,0xf5,0x50,0x00,  //.......**%+@@@*%%*+.....
0x00,0x1b,0xf3,0xf6,0xfe,0x40,  //....+%#@@@*@@@*%@@@%*.**
0x01,0xff,0x93,0xf5,0xbf,0xed,  //...*@@@@#%+@@@**#@@@@#@%
0x0b,0xf8,0x03,0xf4,0x0b,0xfe,  //..#@@@%*...@@@*..+%@@@@%
0x2f,0xd0,0x03,0xf4,0x1b,0xfe,  //.%@@@*.....@@@*..*#@@@@%
0x7f,0x40,0x03,0xf4,0x01,0xae,  //*@@@*......@@@*...**%#@#
0xbe,0x00,0x03,0xf4,0x00,0x00,  //#@@#.......@@@*.......+*
0xfe,0x00,0x03,0xf4,0x00,0x00,  //@@@%.......@@@*.........
0xfe,0x00,0x03,0xf4,0x00,0x00,  //@@@%.......@@@*.........
0xbe,0x00,0x03,0xf4,0x00,0x00,  //%@@#.......@@@*.........
0x3f,0x40,0x03,0xf4,0x00,0x00,  //*@@@%......@@@*.........
0x1f,0xe0,0x03,0xf4,0x00,0x00,  //.%@@@%.....@@@*.........
0x07,0xf9,0x03,0xf4,0x00,0x00,  //..%@@@#*+..@@@*.........
0x00,0xbf,0xe7,0xf4,0x00,0x00,  //...*#@@@@#%@@@*.........
0x00,0x1b,0xff,0x90,0x00,0x00,  //.....*#@@@@@#*..........
0x00,0x00,0x59,0x00,0x00,0x00,  //.......+**%*............


/*  */
0x00,0x00,0x00,0x40,0x00,0x00,0x00,  //............**............
0x00,0x00,0x07,0xf9,0x00,0x00,0x00,  //.........*%@@@#*+.........
0x00,0x01,0xbf,0xff,0xe0,0x00,0x00,  //.......*#@@@@@@@@%*.......
0x00,0x1f,0xff,0xff,0xfe,0x40,0x00,  //....*%@@@@@@@@@@@@@#*+....
0x06,0xff,0xff,0xff,0xff,0xf8,0x00,  //..*#@@@@@@@@@@@@@@@@@@%*..
0x6f,0xff,0xff,0xff,0xff,0xff,0x90,  //%#@@@@@@@@@@@@@@@@@@@@@@#*
0xff,0xff,0xff,0xff,0xff,0xff,0xe0,  //@@@@@@@@@@@@@@@@@@@@@@@@@%
0x1f,0xff,0xff,0xff,0xff,0xfe,0x00,  //**@@@@@@@@@@@@@@@@@@@@@#*+
0x00,0x00,0x00,0x00,0x00,0x00,0x00,  //..+********************...
0x01,0xf8,0x7f,0x0f,0xc3,0xf0,0x00,  //...*@@%.*@@@.*@@@**@@@*...
0x01,0xf8,0x7f,0x0f,0xc3,0xf0,0x00,  //...*@@%.*@@@.*@@@**@@@*...
0x01,0xf8,0x7f,0x0f,0xc3,0xf0,0x00,  //...*@@%.*@@@.*@@@**@@@*...
0x01,0xf8,0x7f,0x0f,0xc3,0xf0,0x00,  //...*@@%.*@@@.*@@@**@@@*...
0x01,0xf8,0x7f,0x0f,0xc3,0xf0,0x00,  //...*@@%.*@@@.*@@@**@@@*...
0x01,0xf8,0x7f,0x0f,0xc3,0xf0,0x00,  //...*@@%.*@@@.*@@@**@@@*...
0x01,0xf8,0x7f,0x0f,0xc3,0xf0,0x00,  //...*@@%.*@@@.*@@@**@@@*...
0x01,0xf8,0x7f,0x0f,0xc3,0xf0,0x00,  //...*@@%.*@@@.*@@@**@@@*...
0x01,0xf8,0x7f,0x0f,0xc3,0xf0,0x00,  //...*@@%.*@@@.*@@@**@@@*...
0x01,0xf8,0x7f,0x0f,0xc3,0xf0,0x00,  //...*@@%.*@@@.*@@@**@@@*...
0x0a,0xfa,0xbf,0xaf,0xeb,0xf9,0x00,  //..%#@@#%#@@@%#@@@##@@@#%..
0x0f,0xff,0xff,0xff,0xff,0xff,0x00,  //.*@@@@@@@@@@@@@@@@@@@@@@..
0x00,0x00,0x00,0x00,0x00,0x00,0x00,  //.************************.
0xbf,0xff,0xff,0xff,0xff,0xff,0xe0,  //#@@@@@@@@@@@@@@@@@@@@@@@@%
0xff,0xff,0xff,0xff,0xff,0xff,0xe0,  //@@@@@@@@@@@@@@@@@@@@@@@@@%


/*  */
0x00,0x00,0x00,0x06,0x40,0x00,0x00,0x00,  //.............*%%%+.............
0x00,0x00,0x01,0xbf,0xf9,0x00,0x00,0x00,  //..........*%#@@@@@#%*..........
0x00,0x01,0xbf,0xff,0xff,0xe5,0x00,0x00,  //.......*%@@@@@@@@@@@@#%*.......
0x00,0x6f,0xff,0xff,0xff,0xff,0xe4,0x00,  //...+*#@@@@@@@@@@@@@@@@@@@%*+...
0x1b,0xff,0xff,0xff,0xff,0xff,0xff,0x90,  //+*#@@@@@@@@@@@@@@@@@@@@@@@@@#*+
0xbf,0xff,0xff,0xff,0xff,0xff,0xff,0xf4,  //%@@@@@@@@@@@@@@@@@@@@@@@@@@@@@%
0x06,0xff,0xff,0xff,0xff,0xff,0xfa,0x40,  //..*%@@@@@@@@@@@@@@@@@@@@@@#%*..
0x00,0x7a,0xff,0xff,0xff,0xfe,0x40,0x00,  //....*@##@@@@@@@@@@@@@@@#%*.....
0x00,0xa0,0x1b,0xff,0xff,0x90,0x00,0x00,  //....##..*%#@@@@@@@@@#%+........
0x00,0xd0,0x00,0x6f,0xe4,0x00,0x00,0x00,  //...*@*.*...+%#@@@#*+...*.......
0x01,0xc3,0x90,0x01,0x00,0x5a,0x00,0x00,  //...*@*.@#%*...+*+...*%#%.......
0x02,0xc3,0xfe,0x90,0x1b,0xfe,0x00,0x00,  //...%@*.@@@@#%*..+*%@@@@#.......
0x07,0xe3,0xff,0xfe,0xff,0xff,0x00,0x00,  //..*@@#.@@@@@@@@#@@@@@@@@.......
0x07,0xe3,0xff,0xff,0xff,0xff,0x00,0x00,  //..*@@#+@@@@@@@@@@@@@@@@@.......
0x02,0xc2,0xff,0xff,0xff,0xfe,0x00,0x00,  //...#@*.#@@@@@@@@@@@@@@@#.......
0x02,0xd0,0xbf,0xff,0xff,0xf8,0x00,0x00,  //...%@*.+#@@@@@@@@@@@@@#+.......
0x03,0xd0,0x1a,0xff,0xfe,0x40,0x00,0x00,  //...@@*...*%#@@@@@@@#%*.........
0x03,0xd0,0x00,0x00,0x00,0x00,0x00,0x00,  //...@@%.......*****.............
0x03,0xe0,0x00,0x00,0x00,0x00,0x00,0x00,  //..*@@%.........................
0x03,0xe0,0x00,0x00,0x00,0x00,0x00,0x00,  //..*@@#.........................
0x02,0xa0,0x00,0x00,0x00,0x00,0x00,0x00,  //..*%%%.........................


/*  */
0x14,0x00,0x00,0x01,0x50,  //+***...........***
0x2e,0x00,0x00,0x07,0xd0,  //.#@#..........*@@*
0x0f,0x40,0x00,0x0b,0x80,  //.+@@%.........#@%.
0x07,0xc0,0x00,0x1f,0x00,  //..%@@+.......%@@+.
0x02,0xe0,0x00,0x3d,0x00,  //...#@%......+@@%..
0x01,0xf4,0x00,0xb8,0x00,  //...*@@*.....%@#...
0x00,0xb8,0x01,0xf4,0x00,  //....#@#....*@@*...
0x00,0x3d,0x02,0xe0,0x00,  //....*@@%...#@#....
0x00,0x2f,0x0b,0xc0,0x00,  //.....%@@+.%@@*....
0x00,0x0f,0x8f,0x40,0x00,  //.....+@@#*@@%.....
0x00,0x07,0xfe,0x00,0x00,  //......*@@@@#+.....
0x00,0x02,0xfd,0x00,0x00,  //.......#@@@*......
0x00,0x01,0xf8,0x00,0x00,  //.......*@@#.......
0x00,0x00,0xf4,0x00,0x00,  //........@@*.......
0x00,0x00,0xf4,0x00,0x00,  //........@@*.......
0x00,0x00,0xf4,0x00,0x00,  //........@@*.......
0x00,0x00,0xf4,0x00,0x00,  //........@@*.......
0x00,0x00,0xf4,0x00,0x00,  //........@@*.......
0x00,0x00,0xf4,0x00,0x00,  //........@@*.......
0x00,0x00,0xf4,0x00,0x00,  //........@@*.......
0x00,0x00,0xf8,0x00,0x00,  //........@@%.......
0x00,0x00,0xf8,0x00,0x00,  //........@@%.......
0x00,0x00,0x54,0x00,0x00,  //.......+%*%.......


/*  */
0x00,0x01,0xaa,0x50,0x00,  //......+*%%%%%*......
0x00,0x1f,0xff,0xf9,0x00,  //....+%@@@@@@@@#*....
0x01,0xbf,0xff,0xff,0x80,  //...*#@@@@@@@@@@@%...
0x07,0xff,0xff,0xff,0x40,  //..*@@@@@@@@@@@@@*...
0x0b,0xfd,0x00,0x2d,0x00,  //.+#@@@@%+...*#@*....
0x2f,0xe0,0x00,0x00,0x00,  //.%@@@#+.......*.....
0x3f,0xc0,0x00,0x00,0x00,  //+@@@@+..............
0x7f,0x40,0x00,0x00,0x00,  //%@@@%...............
0xbf,0x00,0x00,0x00,0x00,  //#@@@+...............
0xff,0x00,0x0b,0xff,0xff,  //@@@@......%@@@@@@@@@
0xff,0x00,0x0b,0xff,0xff,  //@@@@......%@@@@@@@@@
0xff,0x00,0x0b,0xff,0xff,  //@@@@......%@@@@@@@@@
0xbf,0x00,0x05,0x55,0xff,  //%@@@+.....******@@@@
0x7f,0x40,0x00,0x00,0xfe,  //%@@@%..........+@@@#
0x3f,0xd0,0x00,0x02,0xfd,  //+@@@@*.........%@@@%
0x1f,0xe4,0x00,0x07,0xfc,  //.%@@@#*.......%@@@@+
0x0b,0xfe,0x00,0x6f,0xf4,  //..#@@@@%*+.+*#@@@@%.
0x02,0xff,0xff,0xff,0xe0,  //..+#@@@@@@@@@@@@@#..
0x00,0xbf,0xff,0xff,0x80,  //...+#@@@@@@@@@@@%...
0x00,0x1b,0xff,0xf9,0x00,  //.....*#@@@@@@@#*....
0x00,0x00,0x6a,0x40,0x00,  //.......**%%%**......


/*  */
0x00,0x00,0x05,0x50,0x00,0x00,  //.........******.........
0x00,0x02,0xff,0xff,0x80,0x00,  //......*%@@@@@@@@%*......
0x00,0x2f,0xff,0xff,0xf8,0x00,  //.....%@@@@@@@@@@@@%.....
0x00,0xbf,0xff,0xff,0xfe,0x00,  //...+#@@@@@@@@@@@@@@#+...
0x02,0xff,0xff,0xff,0xff,0x80,  //...#@@@@@@@@@@@@@@@@#...
0x0b,0xff,0xff,0x96,0x5f,0xe0,  //..#@@@@@@@@@%*%#**@@@#..
0x1f,0xff,0xff,0x79,0x0b,0xf4,  //.*@@@@@@@@@@*@#*..#@@@*.
0x2f,0xff,0xff,0x7f,0x5f,0xf8,  //.#@@@@@@@@@@*@@@**@@@@#.
0x7f,0xff,0xfe,0x7f,0xff,0xfd,  //*@@@@@@@@@@#*@@@@@@@@@@*
0x7f,0xff,0xf9,0x6b,0xff,0xfd,  //%@@@@@@@@@%%*%#@@@@@@@@%
0xbf,0xe6,0x40,0x01,0x9b,0xfe,  //#@@@@%*%*......*%*%@@@@#
0xff,0x80,0x00,0x00,0x02,0xff,  //@@@@#..............#@@@@
0xff,0x80,0x10,0x04,0x02,0xff,  //@@@@#...+*....*+...#@@@@
0xff,0xd0,0xb4,0x1e,0x07,0xff,  //@@@@@%..%@*..*@%..*@@@@@
0xbf,0xe0,0x60,0x09,0x07,0xfe,  //#@@@@%..*%+..+%*..%@@@@#
0x7f,0xe0,0x00,0x00,0x0b,0xfd,  //%@@@@#............#@@@@%
0x3f,0xf4,0x14,0x14,0x1f,0xfc,  //*@@@@@*..*%**%*..*@@@@@*
0x2f,0xfd,0x00,0x00,0x7f,0xf8,  //.#@@@@@*..+**+..*@@@@@#.
0x0f,0xff,0x90,0x06,0xff,0xf0,  //.*@@@@@@#%****%#@@@@@@*.
0x0b,0xff,0xff,0xff,0xff,0xe0,  //..%@@@@@@@@@@@@@@@@@@%..
0x02,0xff,0xff,0xff,0xff,0x80,  //...#@@@@@@@@@@@@@@@@#...
0x00,0xbf,0xff,0xff,0xfe,0x00,  //....#@@@@@@@@@@@@@@#....
0x00,0x1f,0xff,0xff,0xf4,0x00,  //.....*@@@@@@@@@@@@*.....
0x00,0x01,0xbf,0xfe,0x40,0x00,  //......+%#@@@@@@#%+......


/*  */
0x06,0xaa,0xaa,0xaa,0xa4,0x00,  //.+%%%%%%%%%%%%%%%%*..
0x2f,0xff,0xff,0xff,0xfd,0x00,  //+#@@@@@@@@@@@@@@@@@%.
0xbf,0xff,0xff,0xff,0xff,0x00,  //%@@@@@@@@@@@@@@@@@@@*
0xff,0xff,0xff,0xff,0xff,0x40,  //@@@@@@@@@@@@@@@@@@@@*
0xff,0xff,0xf9,0x62,0xff,0x40,  //@@@@@@@@@@#*%%*#@@@@*
0xff,0xff,0xf6,0x91,0xff,0x40,  //@@@@@@@@@@%##*.*@@@@*
0xff,0xff,0xf7,0xfa,0xff,0x40,  //@@@@@@@@@@*@@@%#@@@@*
0xff,0xff,0xf7,0xff,0xff,0x40,  //@@@@@@@@@@*@@@@@@@@@*
0xff,0xa9,0x00,0x6a,0xff,0x40,  //@@@@#%#%*..+*%##@@@@*
0xff,0x00,0x00,0x00,0xbf,0x40,  //@@@@*...........%@@@*
0xff,0x00,0x40,0x40,0x7f,0x40,  //@@@@+..**...*+..%@@@*
0xff,0x83,0xc1,0xd0,0xff,0x40,  //@@@@%..@@..*@*.+@@@@*
0xff,0x80,0x00,0x40,0xff,0x40,  //@@@@#..**...*..*@@@@*
0xff,0xc0,0x00,0x01,0xff,0x40,  //@@@@@*..*...*..%@@@@*
0xff,0xe0,0x15,0x07,0xff,0x40,  //@@@@@#+.****..*@@@@@*
0xff,0xfd,0x00,0x6f,0xff,0x40,  //@@@@@@@%*+.+*#@@@@@@*
0xff,0xff,0xff,0xff,0xff,0x40,  //@@@@@@@@@@@@@@@@@@@@*
0xbf,0xff,0xff,0xff,0xff,0x40,  //#@@@@@@@@@@@@@@@@@@@*
0x7f,0xff,0xff,0xff,0xff,0x00,  //%@@@@@@@@@@@@@@@@@@@*
0x2f,0xff,0xff,0xff,0xfd,0x00,  //.#@@@@@@@@@@@@@@@@@%.
0x06,0xaa,0xaa,0xaa,0x90,0x00,  //..*%%%%%%%%%%%%%%%*..


/*  */
0x00,0x01,0xaa,0x50,0x00,0x00,  //......+*%%%%%*.......
0x00,0x2f,0xff,0xf9,0x00,0x00,  //....+%@@@@@@@@#*.....
0x00,0xbf,0xff,0xff,0x80,0x00,  //...*#@@@@@@@@@@@%....
0x07,0xff,0xff,0xff,0xe0,0x00,  //..*@@@@@@@@@@@@@@#...
0x0b,0xff,0xff,0xff,0xf8,0x00,  //.+#@@@@@@@@@@@@@@@%..
0x2f,0xff,0xff,0xff,0xfc,0x00,  //.%@@@@@@@@@@@@@@@@@*.
0x3f,0xff,0x40,0xbf,0xfe,0x00,  //*@@@@@@@%..*#@@@@@@#.
0x7f,0xfe,0x00,0x7f,0xff,0x00,  //%@@@@@@%....*@@@@@@@+
0xbf,0xfd,0x18,0x3f,0xff,0x40,  //#@@@@@@*.*%.*@@@@@@@*
0xff,0xfd,0x19,0xbf,0xff,0x40,  //@@@@@@@*.*#*%@@@@@@@*
0xff,0xa9,0x1a,0xba,0xff,0x40,  //@@@@#%#*.*###@%%@@@@*
0xff,0x09,0x18,0x30,0xff,0x40,  //@@@@*.%*.*%.*@..@@@@*
0xbf,0x05,0x18,0x20,0xff,0x40,  //%@@@*.%*.*%.+#..@@@@*
0x7f,0x40,0x2c,0x00,0xff,0x00,  //%@@@%....%@+...*@@@@+
0x3f,0xd0,0x7e,0x02,0xfe,0x00,  //+@@@@*++%@@#*.*#@@@%.
0x2f,0xff,0xff,0xff,0xfc,0x00,  //.%@@@@@@@@@@@@@@@@@*.
0x0b,0xff,0xff,0xff,0xf4,0x00,  //..#@@@@@@@@@@@@@@@%..
0x02,0xff,0xff,0xff,0xe0,0x00,  //..+#@@@@@@@@@@@@@#...
0x00,0xbf,0xff,0xff,0x40,0x00,  //...+#@@@@@@@@@@@%....
0x00,0x1b,0xff,0xf8,0x00,0x00,  //.....*#@@@@@@@#*.....
0x00,0x01,0x6a,0x40,0x00,0x00,  //.......*%%%%*+.......


/*  */
0x00,0x00,0x0b,0xfe,0x00,0x00,0x00,  //.........*#@@@@%+.........
0x00,0x00,0x7f,0xff,0x80,0x00,0x00,  //........*@@@@@@@#+........
0x00,0x00,0xff,0xff,0xe0,0x00,0x00,  //.......+@@@@@@@@@#........
0x00,0x01,0xff,0xff,0xf4,0x00,0x00,  //.......%@@@@@@@@@@*.......
0x00,0x02,0xfe,0x0f,0xf4,0x00,0x00,  //.......%@@@#.+@@@@*.......
0x00,0x02,0xfd,0x0b,0xf4,0x00,0x00,  //.......#@@@*..%@@@*.......
0x00,0x03,0xfd,0x0b,0xf4,0x00,0x00,  //.......@@@@*..%@@@*.......
0x00,0x03,0xfd,0x01,0x40,0x00,0x00,  //.......@@@@*..+%%*........
0x00,0x03,0xfd,0x00,0x00,0x00,0x00,  //.......@@@@*..............
0x00,0x03,0xfd,0x00,0x00,0x00,0x00,  //.......@@@@*..............
0xff,0x43,0xfd,0x05,0x64,0x2f,0xe0,  //@@@@*..@@@@*..%**%*..%@@@%
0xff,0x43,0xfd,0x0b,0xf4,0x2f,0xe0,  //@@@@*..@@@@*..%@@@*..%@@@%
0xff,0x43,0xfd,0x0b,0xf4,0x2f,0xe0,  //@@@@*..@@@@*..%@@@*..%@@@%
0xff,0x43,0xfd,0x0b,0xf4,0x2f,0xe0,  //@@@@*..@@@@*..%@@@*..%@@@%
0xbf,0x87,0xfd,0x0b,0xf8,0x2f,0xd0,  //#@@@#**@@@@*..%@@@#++#@@@%
0x7f,0xff,0xfc,0x07,0xff,0xff,0xd0,  //%@@@@@@@@@@+..*@@@@@@@@@@*
0x3f,0xff,0xf8,0x02,0xff,0xff,0x80,  //+@@@@@@@@@%....#@@@@@@@@#.
0x1f,0xff,0xe0,0x00,0xbf,0xfe,0x00,  //.*@@@@@@@#.....+#@@@@@@#+.
0x02,0xfe,0x40,0x00,0x2f,0xf4,0x00,  //..*#@@@#%.......+%@@@@%+..


/*  */
0x06,0xaa,0xaa,0xaa,0xa4,0x00,  //.+%%%%%%%%%%%%%%%%*..
0x24,0x00,0x0b,0xff,0xfd,0x00,  //+#*.......%@@@@@@@@%.
0x80,0x00,0x0b,0xff,0xff,0x00,  //%*........%@@@@@@@@@*
0x80,0x00,0x0b,0xff,0xff,0x40,  //#.........%@@@@@@@@@*
0x80,0x00,0x0b,0xff,0xff,0x40,  //%.........%@@@@@@@@@*
0x80,0x00,0x0b,0xff,0xff,0x40,  //%.........%@@@@@@@@@*
0x80,0x00,0x0b,0xff,0xff,0x40,  //%.........%@@@@@@@@@*
0x80,0x00,0x0b,0xff,0xff,0x40,  //%.........%@@@@@@@@@*
0x80,0x00,0x0b,0xff,0xff,0x40,  //%.........%@@@@@@@@@*
0x80,0x00,0x0b,0xff,0xff,0x40,  //%.........%@@@@@@@@@*
0x95,0x55,0x55,0x55,0x55,0x40,  //#******************%*
0xff,0xff,0xf0,0x00,0x00,0x40,  //@@@@@@@@@@*........**
0xff,0xff,0xf0,0x00,0x00,0x40,  //@@@@@@@@@@*........**
0xff,0xff,0xf0,0x00,0x00,0x40,  //@@@@@@@@@@*........**
0xff,0xff,0xf0,0x00,0x00,0x40,  //@@@@@@@@@@*........**
0xff,0xff,0xf0,0x00,0x00,0x40,  //@@@@@@@@@@*........**
0xff,0xff,0xf0,0x00,0x00,0x40,  //@@@@@@@@@@*........**
0xbf,0xff,0xf0,0x00,0x00,0x40,  //#@@@@@@@@@*........**
0x7f,0xff,0xf0,0x00,0x02,0x00,  //%@@@@@@@@@*........%*
0x2f,0xff,0xf4,0x00,0x09,0x00,  //.#@@@@@@@@********%%.
0x06,0xaa,0xaa,0xaa,0x90,0x00,  //..*%%%%%%%%%%%%%%%*..


/*  */
0x00,0x68,0x68,0x00,0x00,0x00,0x00,  //....*%%+%%%................
0x00,0x7c,0xbc,0x00,0x00,0x00,0x00,  //....*@@*%@@................
0x00,0x7c,0xbc,0x00,0x00,0x00,0x00,  //....*@@*%@@................
0x00,0x7c,0x00,0x00,0x00,0x00,0x00,  //....*@@*...................
0xff,0xfc,0xbc,0xff,0xfc,0xbf,0xfc,  //@@@@@@@*%@@.@@@@@@@*%@@@@@@
0xff,0xfc,0xbc,0xff,0xfc,0xbf,0xfc,  //@@@@@@@*%@@.@@@@@@@*%@@@@@@
0xf8,0x7c,0xbc,0xf8,0x7c,0xbc,0x7c,  //@@#*%@@*%@@.@@#*%@@*%@@**@@
0xf8,0x7c,0xbc,0xf8,0x7c,0xbc,0x3c,  //@@%.*@@*%@@.@@%.*@@*%@@.*@@
0xf8,0x7c,0xbc,0xf8,0x7c,0xbc,0x3c,  //@@%.*@@*%@@.@@%.*@@*%@@.*@@
0xf8,0x7c,0xbc,0xf8,0x7c,0xbc,0x3c,  //@@%.*@@*%@@.@@%.*@@*%@@.*@@
0xf8,0x7c,0xbc,0xf8,0x7c,0xbc,0x3c,  //@@%.*@@*%@@.@@%.*@@*%@@.*@@
0xfa,0xbc,0xbc,0xfa,0xbc,0xbe,0xbc,  //@@#%#@@*%@@.@@#%#@@*%@@%#@@
0xff,0xfc,0xbc,0xff,0xfc,0xbf,0xfc,  //@@@@@@@*%@@.@@@@@@@*%@@@@@@
0x55,0x54,0x00,0x55,0xbc,0x55,0x7c,  //*******++**.****%@@*****%@@
0x00,0x00,0x00,0x55,0xbc,0x55,0x7c,  //............****%@@*****%@@
0x00,0x00,0x00,0xff,0xfc,0xbf,0xfc,  //............@@@@@@@*%@@@@@@
0x00,0x00,0x00,0xaa,0xa8,0x6a,0xa8,  //............%%%%%%%+%%%%%%%


/*  */
0x06,0xaa,0xaa,0xaa,0xa4,0x00,  //.+%%%%%%%%%%%%%%%%*..
0x2f,0xff,0xff,0xff,0xfd,0x00,  //+#@@@@@@@@@@@@@@@@@%.
0xbf,0x54,0x0b,0xff,0xff,0x00,  //%@@@***+.*%@@@@@@@@@*
0xff,0x00,0x02,0xff,0xff,0x40,  //@@@@.......%@@@@@@@@*
0xff,0x02,0x40,0xff,0xff,0x40,  //@@@@..+%*...@@@@@@@@*
0xff,0x03,0xc0,0xbf,0xff,0x40,  //@@@@..*@@*..%@@@@@@@*
0xff,0x03,0xd0,0xbf,0xff,0x40,  //@@@@..*@@*..%@@@@@@@*
0xff,0x03,0x80,0xaf,0xff,0x40,  //@@@@..*@#+..%#@@@@@@*
0xff,0x01,0x00,0x02,0xff,0x40,  //@@@@...*+..++.+#@@@@*
0xff,0x00,0x00,0x00,0xbf,0x40,  //@@@@.......*....#@@@*
0xff,0x00,0x02,0x90,0x7f,0x40,  //@@@@..+***+%#*..*@@@*
0xff,0x03,0x42,0xe0,0x3f,0x40,  //@@@@..*@*..%@#...@@@*
0xff,0x03,0x42,0xf0,0x3f,0x40,  //@@@@..*@*..%@@...@@@*
0xff,0x1b,0x42,0xd0,0x3f,0x40,  //@@@@**#@*..%@%..*@@@*
0xff,0xff,0x40,0x00,0xbf,0x40,  //@@@@@@@@*...+...%@@@*
0xff,0xff,0x40,0x01,0xff,0x40,  //@@@@@@@@*......%@@@@*
0xff,0xff,0x41,0x5b,0xff,0x40,  //@@@@@@@@*..%*%#@@@@@*
0xbf,0xff,0x42,0xff,0xff,0x40,  //#@@@@@@@*..%@@@@@@@@*
0x7f,0xff,0x42,0xff,0xff,0x00,  //%@@@@@@@*..%@@@@@@@@*
0x2f,0xff,0xab,0xff,0xfd,0x00,  //.#@@@@@@%%#@@@@@@@@%.
0x06,0xaa,0xaa,0xaa,0x90,0x00,  //..*%%%%%%%%%%%%%%%*..


/*  */
0x00,0x00,0x00,0x00,0x00,0x00,0x00,  //........................+.
0x00,0x00,0x00,0x00,0x00,0x00,0x40,  //........................*.
0x00,0x00,0x00,0x00,0x00,0x00,0x40,  //.......................+*.
0x00,0x00,0x00,0x00,0x00,0x02,0x00,  //.......................%..
0x00,0x00,0x00,0x00,0x00,0x08,0x00,  //......................#+..
0x00,0x00,0x00,0x00,0x00,0x20,0x00,  //....................+#*...
0x00,0x00,0x00,0x08,0x01,0x80,0x00,  //.............+#*..+%%+....
0x00,0x00,0x00,0x2f,0x14,0x00,0x00,  //............*#@@**%*......
0x00,0x00,0x01,0x56,0x00,0x00,0x00,  //...........%%**#+.........
0x00,0x00,0x01,0xfd,0x00,0x00,0x00,  //..........+%@@@%*.........
0x00,0x00,0x02,0xfe,0x00,0x00,0x00,  //...........%@@@#..........
0x00,0x00,0x02,0xff,0x80,0x00,0x00,  //.........++%@@@@%.........
0x00,0x07,0xad,0xbe,0x00,0x00,0x00,  //......*@%#@%%@@%+.........
0x01,0x6f,0x98,0x1e,0x60,0x00,0x00,  //..+*%#@@%*%..%@#%#*.......
0xba,0x41,0x85,0x1f,0x5d,0x00,0x00,  //%@#%**.*#.%*.%@@%*@%......
0x40,0x00,0x62,0x7f,0xcb,0x40,0x00,  //*+......%#+#*@@@@+#@*.....
0x00,0x00,0x29,0xe7,0xc7,0xc0,0x00,  //.........##%@#%@@**@@*....
0x00,0x00,0x0b,0x9f,0xc3,0xe0,0x00,  //.........+#@#%@@@**@@#....
0x00,0x00,0x00,0x2f,0xc3,0xf4,0x00,  //..........+*.%@@@+.@@@*...
0x00,0x00,0x00,0x2f,0x82,0xfc,0x00,  //.............%@@#..#@@@*..
0x00,0x00,0x00,0x05,0x42,0xfe,0x00,  //.............*%%*..%@@@#+.
0x00,0x00,0x00,0x16,0x81,0xff,0x80,  //.............*%%%*.*@@@@#*
0x00,0x00,0x00,0x2f,0xe0,0xff,0x40,  //.............%@@@#.+@@@@%+
0x00,0x00,0x00,0x1f,0xf0,0x64,0x00,  //.............%@@@@*.%#*+..


/*  */
0x00,0x00,0x10,0x00,0x00,0x00,  //.........%+..........
0x00,0x00,0x28,0x00,0x00,0x00,  //.........##+.........
0x00,0x00,0xbe,0x40,0x00,0x00,  //.......+#@@#*........
0x00,0x07,0xff,0xe4,0x00,0x00,  //......*@@@@@@#*......
0x00,0x6f,0xff,0xfe,0x00,0x00,  //....*#@@@@@@@@@#+....
0x01,0xff,0xff,0xff,0xd0,0x00,  //...%@@@@@@@@@@@@@*...
0x07,0xff,0xff,0xff,0xf0,0x00,  //..%@@@@@@@@@@@@@@@+..
0x0f,0xff,0xff,0xff,0xf8,0x00,  //.*@@@@@@@@@@@@@@@@#..
0x2f,0xff,0xff,0xff,0xfd,0x00,  //.#@@@@@@@@@@@@@@@@@*.
0x7f,0xff,0xff,0xff,0xfe,0x00,  //*@@@@@@@@@@@@@@@@@@#.
0xbf,0xff,0xff,0xff,0xff,0x00,  //%@@@@@@@@@@@@@@@@@@@*
0xbf,0xff,0xff,0xff,0xff,0x40,  //#@@@@@@@@@@@@@@@@@@@*
0xff,0xff,0xff,0xff,0xff,0x40,  //@@@@@@@@@@@@@@@@@@@@*
0xff,0xf4,0x0b,0xff,0xe6,0x40,  //@@@@@@****%@@@@@@#*#*
0xbf,0xd0,0x00,0xbe,0x40,0x40,  //#@@@@*.....*#@@#*..**
0xbf,0x40,0x00,0x14,0x00,0x00,  //%@@@%.......+%%+...**
0x7f,0x40,0x00,0x14,0x00,0x00,  //*@@@*........**....*.
0x2f,0x40,0x00,0xbd,0x00,0x00,  //.#@@%......*#@@%...*.
0x0f,0x80,0x0a,0x47,0x40,0x00,  //.*@@#*...+%#***@%.++.
0x07,0xfa,0xbd,0xba,0xe4,0x00,  //..%@@@#%#@@%#@%#@#*..
0x01,0xff,0xef,0xfa,0xd0,0x00,  //...%@@@@@#@@@@#%@*...
0x00,0x2f,0xd0,0x06,0x00,0x00,  //....*#@@@%+****%*....
0x00,0x06,0xff,0xe4,0x00,0x00,  //......*#@@@@@%*......


/*  */
0x1a,0x00,0x00,0x00,0x68,0x00,  //.*%%*...........*%%*.
0x7f,0xc0,0x00,0x01,0xff,0x00,  //%@@@@+.........%@@@@+
0xbf,0xe9,0x00,0x66,0xff,0x40,  //#@@@@#%%*..+*%%#@@@@*
0xbf,0xff,0xd6,0xff,0xff,0x40,  //#@@@@@@@@%*#@@@@@@@@*
0x7f,0xff,0xef,0xff,0xfe,0x00,  //*@@@@@@@@%@@@@@@@@@#.
0x0b,0xd1,0xbf,0x86,0xf4,0x00,  //.*#@@%**%@@@#**#@@%+.
0x0f,0x81,0xfe,0x41,0xf0,0x00,  //..@@#..*@@@#*..%@@*..
0x0f,0x87,0xfa,0xd1,0xf0,0x00,  //..@@#.*@@@#%@%.%@@*..
0x0b,0xeb,0xe3,0xfa,0xf0,0x00,  //..%@@##@@#*@@@%#@@...
0x03,0xfa,0x81,0xfe,0x90,0x00,  //..*@@@###..*@@@%#*...
0x01,0xfe,0x00,0x7f,0x80,0x00,  //...*@@@#....*@@@%....
0x02,0x7f,0x41,0x9f,0xd0,0x00,  //..+#%@@@%..*#%@@@*...
0x0b,0x9f,0xd7,0xe7,0xe0,0x00,  //..%@#%@@@%*@@#*@@#...
0x0f,0x87,0x9f,0xd2,0xf0,0x00,  //..@@#.*@#%@@@%.%@@*..
0x0f,0x81,0x7f,0x41,0xf0,0x00,  //..@@#..*%@@@%..%@@*..
0x1f,0xd1,0xfe,0x46,0xf8,0x00,  //.*@@@%**@@@%%**#@@%+.
0x7f,0xff,0xfa,0xff,0xfe,0x00,  //%@@@@@@@@@%#@@@@@@@#+
0xff,0xff,0xd2,0xff,0xff,0x40,  //@@@@@@@@@%*#@@@@@@@@*
0xbf,0xe9,0x00,0x6a,0xff,0x40,  //#@@@@%%%*..+*%%#@@@@*
0x7f,0x80,0x00,0x01,0xfe,0x00,  //*@@@#..........*@@@#+
0x19,0x00,0x00,0x00,0x64,0x00,  //.*%%+...........*%%+.


/*  */
0x00,0x00,0x00,0x00,0x00,0x00,  //..+..............**..
0x0a,0x40,0x00,0x01,0x44,0x00,  //..%#%+........*%%+*..
0x0b,0xf9,0x00,0x50,0x04,0x00,  //..%@@@#*+..*%%*...*..
0x0b,0xff,0xe8,0x00,0x04,0x00,  //..%@@@@@@#%*......*..
0x0b,0xf9,0x0e,0x40,0x04,0x00,  //..%@@@#%**@#%*....*..
0x0a,0x40,0x0f,0xfe,0x44,0x00,  //..%#%*...*@@@@@%*.*..
0x50,0x00,0x0f,0xff,0xf9,0x00,  //***......*@@@@@@@@#*+
0x40,0x00,0x0f,0xfa,0xff,0x40,  //*........*@@@@##@@@@*
0x40,0x60,0x0f,0xf4,0xbf,0x40,  //*..+%%...*@@@@*.#@@@*
0x40,0x45,0x0f,0xf0,0x7f,0x40,  //*...*+**.*@@@@..%@@@*
0x40,0x58,0x0f,0xd0,0x3f,0x40,  //*..*%%#+.*@@@%.**@@@*
0x41,0x04,0x0f,0xc2,0x3f,0x40,  //*.**.+%..*@@@**%.@@@*
0x40,0x10,0x0f,0x86,0x2f,0x40,  //*....%+..*@@#.*#.%@@*
0x40,0x14,0x0f,0x40,0x1f,0x40,  //*...****.*@@*....*@@*
0x40,0x41,0x4f,0x19,0x0f,0x40,  //*...%..*%*@@.*#%*+@@*
0x41,0x00,0x0f,0xaf,0x8b,0x40,  //*..*.....*@@##@@#.#@*
0x44,0x00,0x0f,0xff,0xdb,0x40,  //*.*+.....*@@@@@@@*%@*
0x40,0x00,0x1f,0xff,0xff,0x40,  //*........*@@@@@@@@@@*
0x40,0x01,0x51,0xbf,0xff,0x40,  //*.....+%%*+%#@@@@@@@*
0x40,0x54,0x00,0x06,0xff,0x40,  //*..+%%*......+*#@@@@*
0x55,0x00,0x00,0x00,0x1b,0x40,  //%%%*............+*%@*
0x40,0x00,0x00,0x01,0x00,0x00,  //*.............+**...+
0x00,0x40,0x00,0x02,0x40,0x00,  //....*+........*#*....
0x00,0x15,0x00,0x54,0x00,0x00,  //.....*%*+..**%**.....


/*  */
0x00,0x00,0x55,0x55,0x50,0x00,  //.......************.....
0x00,0x03,0xff,0xff,0xfd,0x00,  //......+@@@@@@@@@@@@%....
0x00,0x03,0x40,0x00,0x2f,0x40,  //......*@%********#@@%...
0x00,0x03,0x40,0x00,0x2f,0xd0,  //......*@*........%@@@*..
0x00,0x03,0x40,0x00,0x2f,0xf0,  //......*@*........%@@@@..
0x05,0x03,0x40,0x00,0x05,0xb0,  //.****.*@*........+**%@*.
0x7f,0xd3,0x40,0x00,0x00,0x70,  //%@@@@%*@*...........*@*.
0xff,0xf3,0x40,0x00,0x00,0x70,  //@@@@@@*@*...........*@*.
0xff,0xf3,0x40,0x00,0x00,0x78,  //@@@@@@*@*...........*@#+
0xff,0xf3,0xff,0xff,0xff,0xfe,  //@@@@@@*@@@@@@@@@@@@@@@@%
0xff,0xf3,0xff,0xff,0xff,0xff,  //@@@@@@*@@@@@@@@@@@@@@@@@
0xff,0xf3,0xff,0xff,0xff,0xff,  //@@@@@@*@@@@@@@@@@@@@@@@@
0xff,0xf3,0xe0,0x40,0x82,0xff,  //@@@@@@*@@#..%*.*%..%@@@@
0xff,0xf3,0xe0,0x40,0x82,0xff,  //@@@@@@*@@%..**.*%..%@@@@
0xff,0xf3,0xe5,0x95,0x96,0xff,  //@@@@@@*@@#**#%*%#**#@@@@
0xff,0xf3,0xe5,0x95,0x96,0xff,  //@@@@@@*@@#**#%*%#**#@@@@
0xff,0xf3,0xe0,0x40,0x82,0xff,  //@@@@@@*@@%..**.*%..%@@@@
0xff,0xf3,0xe0,0x40,0x82,0xff,  //@@@@@@*@@#..%*.*%..%@@@@
0xff,0xf3,0xfa,0xaa,0xeb,0xff,  //@@@@@@*@@@#%##%#@%%@@@@@
0xff,0xf3,0xe0,0x40,0x82,0xff,  //@@@@@@*@@#..**.*%..%@@@@
0xff,0xf3,0xe0,0x40,0x82,0xff,  //@@@@@@*@@%..**.*%..%@@@@
0xff,0xf3,0xe5,0xa5,0x96,0xff,  //@@@@@@*@@#**#%*%#**#@@@@
0xff,0xf3,0xff,0xff,0xff,0xfd,  //@@@@@@+@@@@@@@@@@@@@@@@%
0x7f,0xd2,0xff,0xff,0xff,0xf8,  //%@@@@%.%@@@@@@@@@@@@@@#.


/*  */
0x55,0x55,0x55,0x55,0x50,  //*******************
0xff,0xff,0xff,0xff,0xf8,  //@@@@@@@@@@@@@@@@@@%
0xff,0xff,0xff,0xff,0xf8,  //@@@@@@@@@@@@@@@@@@%
0xfe,0xbe,0xba,0xfa,0xf8,  //@@@##@@##@##@@%#@@%
0xfd,0x28,0x70,0xe1,0xf8,  //@@@*.##.*@*.@%.*@@%
0xfe,0x69,0xb5,0xe6,0xf8,  //@@@%*##*%@%*@#*#@@%
0xff,0xff,0xff,0xff,0xf8,  //@@@@@@@@@@@@@@@@@@%
0xfd,0x28,0x74,0xe2,0xf8,  //@@@%*##*%@**@#*%@@%
0xfd,0x28,0x70,0xe1,0xf8,  //@@@*.##.*@*.@%.%@@%
0xff,0xff,0xff,0xff,0xf8,  //@@@@@@@@@@@@@@@@@@%
0xfe,0xbe,0xba,0xea,0xf8,  //@@@#%@@%#@#%@#%#@@%
0xfd,0x28,0x70,0xe1,0xf8,  //@@@*.%%.*@*.@%.*@@%
0xfe,0x69,0xb9,0xe6,0xf8,  //@@@#*##*#@%%@#*#@@%
0xff,0xff,0xff,0xff,0xf8,  //@@@@@@@@@@@@@@@@@@%
0xfd,0x28,0x74,0xe1,0xf8,  //@@@%*##*%@**@#*%@@%
0xfd,0x28,0x74,0xe1,0xf8,  //@@@%*##*%@**@#*%@@%
0xff,0xff,0xff,0xff,0xf8,  //@@@@@@@@@@@@@@@@@@%
0xfe,0x6f,0xff,0xe6,0xf8,  //@@@#*#@@@@@@@#*#@@%
0xfd,0x2f,0xff,0xe1,0xf8,  //@@@*.%@@@@@@@%.*@@%
0xfe,0xb8,0x00,0xea,0xf8,  //@@@#%@#*****@#%#@@%
0xff,0xf8,0x00,0xff,0xf8,  //@@@@@@%.....@@@@@@%
0xff,0xf8,0x00,0xff,0xf8,  //@@@@@@%.....@@@@@@%
0xff,0xf8,0x00,0xff,0xf8,  //@@@@@@#*****@@@@@@%
0xff,0xff,0xff,0xff,0xf8,  //@@@@@@@@@@@@@@@@@@%


/*  */
0x00,0x1f,0xd0,0x00,  //.....%@@@%.....
0x00,0x3f,0xf4,0x00,  //....+@@@@@*....
0x10,0x7f,0xf4,0x00,  //**..*@@@@@*..**
0xf4,0x3f,0xf4,0x7c,  //@@%.*@@@@@*.*@@
0xbd,0x1f,0xe1,0xf8,  //#@@%.%@@@#.*@@#
0x2f,0x45,0x47,0xe0,  //+#@@%.***.*@@#+
0x0b,0xff,0xff,0x80,  //.+#@@@@@@@@@#+.
0x02,0xff,0xfe,0x00,  //..+#@@@@@@@#+..
0x00,0xbf,0xfc,0x00,  //...+#@@@@@@+...
0x00,0xbf,0xfc,0x00,  //....%@@@@@@....
0x00,0xbf,0xfc,0x00,  //....%@@@@@@....
0x00,0xbf,0xfc,0x00,  //....%@@@@@@....
0x00,0xbf,0xfc,0x00,  //....%@@@@@@....
0x00,0xbf,0xfc,0x00,  //....%@@@@@@....
0x00,0xbd,0xfc,0x00,  //....%@@%@@@....
0x00,0xbc,0xfc,0x00,  //....%@@*@@@....
0x00,0xbc,0xfc,0x00,  //....%@@*@@@....
0x00,0xbc,0xfc,0x00,  //....%@@*@@@....
0x00,0xbc,0xfc,0x00,  //....%@@*@@@....
0x00,0xbc,0xfc,0x00,  //....%@@*@@@....
0x00,0x78,0xb8,0x00,  //....%@#.%@%....


/*  */
0x00,0x0a,0x00,0x0a,0x40,0x00,  //.....*%%*....+%%*.....
0x00,0x2f,0xc0,0x2f,0xd0,0x00,  //....+#@@@*..+#@@@*....
0x00,0x7f,0xe0,0x7f,0xe0,0x00,  //....*@@@@#..%@@@@%....
0x00,0x7f,0xf0,0xff,0xe0,0x00,  //....*@@@@@*.@@@@@%....
0x00,0x7f,0xf4,0xff,0xe0,0x00,  //....*@@@@@*+@@@@@%....
0x00,0x3f,0xf4,0xff,0xd0,0x00,  //....+@@@@@*.@@@@@*....
0x00,0x1f,0xf0,0xbf,0x80,0x00,  //.+*..%@@@@+.%@@@#..**.
0x7e,0x07,0x90,0x2e,0x0b,0xe0,  //*@@#+.%@#*..+#@%..#@@%
0xbf,0x80,0x00,0x00,0x2f,0xf0,  //#@@@#............%@@@@
0xff,0xd0,0x00,0x00,0x3f,0xf0,  //@@@@@*..........+@@@@@
0xbf,0xe0,0x00,0x00,0x7f,0xf0,  //#@@@@%.....+....*@@@@@
0x7f,0xe0,0x2f,0x90,0x7f,0xe0,  //*@@@@%..*#@@#*..*@@@@%
0x2f,0xd2,0xff,0xf8,0x7f,0x80,  //.#@@@%.%@@@@@@#+*@@@#+
0x06,0x8b,0xff,0xfe,0x1a,0x00,  //..%#%+#@@@@@@@@#+%#%+.
0x00,0x2f,0xff,0xff,0x80,0x00,  //.....%@@@@@@@@@@#.....
0x00,0x7f,0xff,0xff,0xe0,0x00,  //....*@@@@@@@@@@@@%....
0x00,0xbf,0xff,0xff,0xf0,0x00,  //....#@@@@@@@@@@@@@*...
0x01,0xff,0xff,0xff,0xf8,0x00,  //...*@@@@@@@@@@@@@@%...
0x01,0xff,0xff,0xff,0xf8,0x00,  //...*@@@@@@@@@@@@@@%...
0x01,0xff,0xe5,0xbf,0xf8,0x00,  //...*@@@@@#%*%@@@@@%...
0x00,0x69,0x00,0x06,0x90,0x00,  //....*%%*+....+*%%%....


/*  */
0x01,0x40,  //...**+..
0x0b,0xf4,  //.+#@@@*.
0x2f,0xf8,  //.%@@@@#+
0x3f,0xfd,  //*@@@@@@%
0xbf,0xfe,  //%@@@@@@#
0xbf,0xff,  //#@@@@@@@
0xff,0xff,  //@@@@@@@@
0xff,0xff,  //@@@@@@@@
0xff,0xff,  //@@@@@@@@
0xbf,0xff,  //#@@@@@@@
0x7f,0xfe,  //*@@@@@@%
0x2f,0xf8,  //.#@@@@#+
0x07,0xe0,  //..%@@#+.
0x07,0xe0,  //..*@@%..
0x07,0xe0,  //..*@@%..
0x07,0xe0,  //..*@@%..
0x07,0xe0,  //..*@@%..
0x07,0xf0,  //..%@@@..
0x0b,0xf0,  //..%@@@..
0x0b,0xf0,  //..%@@@..
0x0b,0xf0,  //..%@@@..
0x0b,0xf0,  //..%@@@+.
0x0b,0xf0,  //..#@@@*.
0x0f,0xf0,  //..@@@@*.


/*  */
0x00,0x00,0x1a,0x40,0x00,0x00,  //.........*%%*+........
0x00,0x01,0xbe,0xf9,0x00,0x00,  //......*%#@@#@@%*......
0x00,0x6f,0x90,0x6f,0xd0,0x00,  //...+%#@@#*+.*%@@@%*...
0x1b,0xe4,0x00,0x01,0xbe,0x40,  //.*#@@#%+......+*#@@#%+
0xb9,0x00,0x00,0x00,0x06,0xe0,  //%@#%*............+%#@#
0xf4,0x00,0x00,0x00,0x01,0xb0,  //@@*+...............*#@
0xff,0x90,0x00,0x00,0x1f,0xf0,  //@@@@%*..........*%@@@@
0xff,0xfd,0x00,0x06,0xf9,0x70,  //@@@@@@@%*....+%#@@#*%@
0xff,0xff,0xe5,0xbe,0x40,0x70,  //@@@@@@@@@#%*#@@#%+..*@
0xff,0xff,0xff,0x90,0x00,0x70,  //@@@@@@@@@@@@#%*.....*@
0xff,0xff,0xff,0x00,0x00,0x70,  //@@@@@@@@@@@@........*@
0xff,0xff,0xff,0x00,0x00,0x70,  //@@@@@@@@@@@@........*@
0xff,0xff,0xff,0x00,0x00,0x70,  //@@@@@@@@@@@@........*@
0xff,0xff,0xff,0x00,0x00,0x70,  //@@@@@@@@@@@@........*@
0xff,0xff,0xff,0x00,0x00,0x70,  //@@@@@@@@@@@@........*@
0xff,0xff,0xff,0x00,0x00,0x70,  //@@@@@@@@@@@@........%@
0xbf,0xff,0xff,0x00,0x02,0xe0,  //%@@@@@@@@@@@......*#@#
0x1b,0xff,0xff,0x00,0x2f,0x40,  //.*#@@@@@@@@@....*%@@%.
0x01,0xbf,0xff,0x01,0xf4,0x00,  //...*#@@@@@@@..+%@@%+..
0x00,0x1f,0xff,0x1f,0x80,0x00,  //.....%@@@@@@.%@@%*....
0x00,0x02,0xff,0xb8,0x00,0x00,  //......+%@@@@#@#*......
0x00,0x00,0x2f,0x90,0x00,0x00,  //........*%@@#*........


/*  */
0x00,0x00,0x00,0x05,0x00,0x00,0x00,0x00,  //.............***.............
0x00,0x00,0x01,0xbf,0x90,0x00,0x00,0x00,  //...........*#@@@#*...........
0x00,0x00,0x1b,0x91,0xb9,0x00,0x00,0x00,  //........+%#@#%*%#@#%+........
0x00,0x01,0xf9,0x00,0x1b,0xe0,0x00,0x00,  //.......%@@#*.....*#@@%.......
0x00,0x03,0x90,0x00,0x00,0xb0,0x00,0x00,  //......+@#*.........*#@*......
0x00,0x03,0xe4,0x00,0x06,0xf0,0x00,0x00,  //......*@@#%+......*#@@*......
0x00,0x03,0xff,0x80,0x7e,0xb0,0x00,0x00,  //......*@@@@@%*.+%@@##@*......
0x00,0x03,0xff,0xfb,0xe4,0x70,0x00,0x00,  //......*@@@@@@@#@@#*.*@*......
0x00,0x03,0xff,0xfe,0x00,0x70,0x00,0x00,  //......*@@@@@@@@%*...*@*......
0x00,0x03,0xff,0xfd,0x00,0x70,0x00,0x00,  //......*@@@@@@@@*....*@*......
0x00,0x1b,0xff,0xfd,0x01,0xb9,0x00,0x00,  //.....*%@@@@@@@@*...*#@#*.....
0x01,0xbe,0xbf,0xfd,0x1b,0xaf,0x90,0x00,  //...*#@@%#@@@@@@*+%#@#%@@#%+..
0x1f,0x90,0x1b,0xfe,0xf9,0x01,0xbe,0x00,  //+%@@#*+..*%@@@@#@@#*...*#@@%+
0xb9,0x00,0x00,0x7f,0x80,0x00,0x0b,0x80,  //#@#*.......+%@@@%*.......*%@#
0xf9,0x00,0x01,0xbf,0x90,0x00,0x1b,0xc0,  //@@#%+......*#@@@#*......+%#@@
0xff,0xe0,0x1b,0xaf,0xfd,0x02,0xfa,0xc0,  //@@@@@%*.+%#@#%@@@@@%+.*%@@##@
0xff,0xfe,0xf9,0x0f,0xff,0xef,0x91,0xc0,  //@@@@@@@#@@#*.*@@@@@@@#@@%*.*@
0xff,0xff,0x80,0x0f,0xff,0xf8,0x01,0xc0,  //@@@@@@@@#*...*@@@@@@@@%+...*@
0xff,0xff,0x40,0x0f,0xff,0xf0,0x01,0xc0,  //@@@@@@@@*....*@@@@@@@@*....*@
0xff,0xff,0x40,0x0f,0xff,0xf0,0x01,0xc0,  //@@@@@@@@*....*@@@@@@@@*....%@
0xbf,0xff,0x40,0x7f,0xff,0xf0,0x1b,0x80,  //%@@@@@@@*..+%@@@@@@@@@*..*#@#
0x1b,0xff,0x47,0xe1,0xff,0xf1,0xbd,0x00,  //.*#@@@@@*+%@@%*%@@@@@@**#@@%+
0x01,0xbf,0xbe,0x00,0x1f,0xfb,0xd0,0x00,  //...*#@@@#@@%*...+%@@@@#@@%+..
0x00,0x1b,0xe0,0x00,0x01,0xfd,0x00,0x00,  //.....*#@@%*.......+%@@@%+....


/*  */
0xff,0xff,0xf9,0x00,0x00,0x00,0x00,  //@@@@@@@@@@#*...............
0xff,0xff,0xff,0x40,0x0f,0xff,0x80,  //@@@@@@@@@@@@%.....@@@@@@%..
0xfe,0xaa,0xbf,0xc0,0x05,0x55,0x40,  //@@@#%%%%#@@@@+....*******..
0xfe,0x00,0x2f,0xc0,0x00,0x00,0x00,  //@@@%.....%@@@*.............
0xfe,0x00,0x0f,0xc0,0x01,0xa9,0x00,  //@@@%.....*@@@*....+%%%%%+..
0xfe,0x00,0x1f,0xc0,0x1f,0xff,0x90,  //@@@%.....*@@@+...*@@@@@@#*.
0xfe,0x00,0x6f,0x40,0x7f,0xab,0xf0,  //@@@#****%#@@*...*@@@#%#@@@+
0xff,0xff,0xfd,0x00,0xfd,0x01,0xf8,  //@@@@@@@@@@@%...+@@@*...%@@%
0xff,0xff,0xff,0x81,0xf8,0x00,0xfc,  //@@@@@@@@@@@@#..*@@#.....@@@
0xfe,0x00,0x2f,0xd2,0xfa,0xaa,0xfc,  //@@@#*****%@@@%.%@@#%%%%%@@@
0xfe,0x00,0x0b,0xe2,0xff,0xff,0xfc,  //@@@%......#@@#.%@@@@@@@@@@@
0xfe,0x00,0x07,0xf2,0xf9,0x55,0x54,  //@@@%......*@@@.%@@%********
0xfe,0x00,0x0b,0xf1,0xf8,0x00,0x00,  //@@@%......%@@@.%@@%........
0xfe,0x00,0x1f,0xe0,0xfc,0x00,0xb8,  //@@@#*****%@@@#.+@@@+...+#@#
0xff,0xff,0xff,0xc0,0xbf,0x56,0xf4,  //@@@@@@@@@@@@@*..%@@@%*%#@@*
0xff,0xff,0xfe,0x40,0x2f,0xff,0xd0,  //@@@@@@@@@@@#*....#@@@@@@@%.
0xaa,0xaa,0x94,0x00,0x06,0xfe,0x40,  //%%%%%%%%%%*.......*%@@@%*..


/*  */
0x06,0xaa,0xaa,0xaa,0xa4,0x00,  //.+%%%%%%%%%%%%%%%%*..
0x2f,0xff,0xff,0xff,0xfd,0x00,  //+#@@@@@@@@@@@@@@@@@%.
0xbf,0xff,0xff,0xff,0xff,0x00,  //%@@@@@@@@@@@@@@@@@@@*
0xff,0xff,0xff,0xff,0xff,0x40,  //@@@@@@@@@@@@@@@@@@@@*
0xff,0xff,0xff,0xff,0xff,0x40,  //@@@@@@@@@@@@@@@@@@@@*
0xe0,0x00,0x2f,0xff,0xff,0x40,  //@%......*#@@@@@@@@@@*
0xe0,0x00,0x0f,0xff,0xff,0x40,  //@%..**+..+@@@@@@@@@@*
0xe0,0xfd,0x0f,0xfa,0xbf,0x40,  //@%..@@@%..@@@@%%#@@@*
0xe0,0xfe,0x0f,0x80,0x1f,0x40,  //@%..@@@%..@@%+...%@@*
0xe0,0x00,0x2e,0x05,0x0b,0x40,  //@%..***.+#@#..%%..%@*
0xe0,0x00,0x0d,0x1f,0x43,0x40,  //@%.......*@*.%@@%.*@*
0xe0,0xfe,0x04,0x00,0x03,0x40,  //@%..@@@#..%*......*@*
0xe0,0xff,0x04,0x1a,0xab,0x40,  //@%..@@@@*.**.*%%%%#@*
0xe0,0xa9,0x05,0x0f,0x87,0x40,  //@%..%%%%..%%.*@@%*%@*
0xe0,0x00,0x0a,0x00,0x0b,0x40,  //@%.......+##+.++..#@*
0xe5,0x55,0xbf,0x90,0x6f,0x40,  //@#******%@@@#****#@@*
0xff,0xff,0xff,0xff,0xff,0x40,  //@@@@@@@@@@@@@@@@@@@@*
0xbf,0xff,0xff,0xff,0xff,0x40,  //#@@@@@@@@@@@@@@@@@@@*
0x7f,0xff,0xff,0xff,0xff,0x00,  //%@@@@@@@@@@@@@@@@@@@*
0x2f,0xff,0xff,0xff,0xfd,0x00,  //.#@@@@@@@@@@@@@@@@@%.
0x06,0xaa,0xaa,0xaa,0x90,0x00,  //..*%%%%%%%%%%%%%%%*..


/*  */
0x00,0x00,0x00,0x01,0xaa,0x00,  //...............*%%%%*...
0x00,0x00,0x00,0x0b,0xff,0xe0,  //..............#@@@@@@%..
0x00,0x00,0x00,0x2e,0x41,0xb8,  //.............#@#****#@%.
0x00,0x00,0x00,0x78,0xbd,0x2d,  //............%@#+%@@%*#@*
0x00,0x00,0x00,0xb2,0xff,0x9e,  //............#@*#@@@@%*@%
0x00,0x00,0x00,0xe3,0xff,0xcf,  //...........+@#*@@@@@@+@@
0x00,0x00,0x01,0xe3,0xff,0xcf,  //...........*@%*@@@@@@*@@
0x00,0x00,0x02,0xf3,0xff,0x8e,  //..........+#@@+@@@@@#+@#
0x00,0x00,0x0b,0xf5,0xfe,0x2d,  //..........#@@@**@@@#*%@%
0x00,0x00,0x1f,0xfd,0x14,0x78,  //.........*@@@@@*+**+%@#+
0x40,0x00,0x3f,0xff,0xaa,0xe0,  //%*......+@@@@@@@#%%#@#*.
0xf9,0x01,0xbf,0xff,0xff,0x80,  //@@#*..**#@@@@@@@@@@@%+..
0xff,0xee,0xbf,0xff,0xd0,0x00,  //@@@@@#@%#@@@@@@@@%*+....
0xff,0xfe,0x5f,0xfe,0x40,0x00,  //@@@@@@@#**@@@@@#*.......
0xff,0xff,0xd7,0xf8,0x00,0x00,  //@@@@@@@@@*%@@@#+........
0xff,0xff,0xe3,0xd0,0x00,0x00,  //@@@@@@@@@#*@@%..........
0x1b,0xff,0xe3,0x00,0x00,0x00,  //+*#@@@@@@#*@*...........
0x02,0xbf,0xc6,0x00,0x00,0x00,  //...##@@@@**#............
0x01,0x85,0x09,0x00,0x00,0x00,  //...*#****+#*............
0x00,0x75,0x74,0x00,0x00,0x00,  //....%@%*%@%.............
0x00,0x06,0x40,0x00,0x00,0x00,  //.....*%%%*..............


/*  */
0x06,0xaa,0xaa,0xaa,0xa4,0x00,  //.+%%%%%%%%%%%%%%%%*..
0x2f,0xff,0xff,0xff,0xfd,0x00,  //+#@@@@@@@@@@@@@@@@@%.
0xbf,0xff,0xfe,0x41,0xbf,0x00,  //%@@@@@@@@@@#%**%#@@@*
0xff,0xff,0xf8,0x00,0x2f,0x40,  //@@@@@@@@@@#......#@@*
0xff,0xff,0xe0,0x96,0x0b,0x40,  //@@@@@@@@@#..%%%%..#@*
0xff,0xff,0xd2,0x00,0x87,0x40,  //@@@@@@@@@*.%....%.*@*
0xff,0xff,0xc1,0x00,0x43,0x40,  //@@@@@@@@@*+%....*+*@*
0xff,0xff,0x81,0x00,0x43,0x40,  //@@@@@@@@#.+*....***@*
0xff,0xff,0x02,0x00,0x83,0x40,  //@@@@@@@@+..%....%.*@*
0xff,0xfd,0x00,0x96,0x0b,0x40,  //@@@@@@@*...+%**%+.%@*
0x6f,0xf8,0x00,0x00,0x1f,0x40,  //*#@@@@#......**..%@@*
0x01,0x50,0x00,0x00,0xbf,0x40,  //..*%%*+........*%@@@*
0x00,0x04,0x00,0x2f,0xff,0x40,  //.....**+.....%@@@@@@*
0x00,0x02,0x00,0xbf,0xff,0x40,  //.......%...*#@@@@@@@*
0x00,0x00,0x47,0xff,0xff,0x40,  //.......**.*@@@@@@@@@*
0x90,0x01,0x5f,0xff,0xff,0x40,  //#%.....**%@@@@@@@@@@*
0xf4,0x46,0x2f,0xff,0xff,0x40,  //@@%+*+*#.#@@@@@@@@@@*
0xbd,0x14,0x7f,0xff,0xff,0x40,  //#@@**%*.%@@@@@@@@@@@*
0x7f,0x56,0xff,0xff,0xff,0x00,  //%@@@%**#@@@@@@@@@@@@*
0x2f,0xff,0xff,0xff,0xfd,0x00,  //.#@@@@@@@@@@@@@@@@@%.
0x06,0xaa,0xaa,0xaa,0x90,0x00,  //..*%%%%%%%%%%%%%%%*..


/*  */
0x00,0x00,0x51,0x55,0x00,0x00,  //.......***+******.......
0x00,0x03,0xfa,0xff,0xd0,0x00,  //......*@@@%%@@@@@*......
0x00,0x0b,0xfe,0xbf,0xe0,0x00,  //......#@@@@%%@@@@#+.....
0x00,0x1f,0xfd,0x3f,0xf9,0x00,  //.....*@@@@@*+@@@@@%**...
0x00,0x3f,0xf8,0x1f,0xfe,0x00,  //....+@@@@@#..%@@@@@%....
0x00,0xbf,0xf0,0x0f,0xfc,0x00,  //....%@@@@@*..+@@@@@+....
0x00,0x2f,0xe0,0x0f,0xf4,0x00,  //....*#@@@%...*@@@@*.....
0x00,0x06,0x80,0x16,0xa0,0x80,  //......*##+..***%%%.*#+..
0x2e,0xa0,0x00,0x00,0x0b,0xe0,  //*%@%%%++*........+%@@%..
0x0f,0xf4,0x00,0x00,0x6f,0xf0,  //.+@@@@%.........*#@@@@*.
0x2f,0xfc,0x00,0x00,0x3f,0xf8,  //.%@@@@@+........+@@@@@#.
0x3f,0xfd,0x00,0x00,0x1f,0xfd,  //*@@@@@@%.........*@@@@@*
0x7f,0xe2,0x00,0x00,0x0b,0xfe,  //%@@@@#*%..........#@@@@%
0x3f,0xc0,0x00,0x00,0x03,0xfd,  //*@@@@*..+......+..*@@@@*
0x2f,0x80,0x00,0x01,0x02,0xf4,  //.%@@%..........%...%@@%.
0x0f,0x00,0x00,0x06,0x00,0x50,  //.*@@**+.......%#...+%*+.
0x09,0xbf,0xfc,0x0f,0xff,0xe0,  //..%%#@@@@@@*.+@@@@@@@%..
0x01,0xff,0xfc,0x2f,0xff,0xc0,  //..+*@@@@@@@*.%@@@@@@@*..
0x01,0xff,0xfc,0x3f,0xff,0x80,  //...*@@@@@@@..@@@@@@@%...
0x00,0xff,0xfc,0x1f,0xff,0x00,  //...+@@@@@@@..*@@@@@@*...
0x00,0x7f,0xfc,0x0b,0xf9,0x00,  //....%@@@@@@...#@@@#%....
0x00,0x00,0x00,0x02,0x00,0x00,  //........+**...*%........
0x00,0x00,0x00,0x01,0x00,0x00,  //...............*........


/*  */
0x00,0x02,0xaa,0xaa,0xaa,0x40,0x00,  //......*%%%%%%%%%%%%%*......
0x00,0x1f,0xff,0xff,0xff,0xe0,0x00,  //.....*@@@@@@@@@@@@@@@#.....
0x00,0x2f,0xff,0xff,0xff,0xf4,0x00,  //.....#@@@@@@@@@@@@@@@@*....
0x00,0x3f,0x95,0x55,0x56,0xf8,0x00,  //....*@@@%**********#@@%....
0x00,0x7e,0x00,0x00,0x01,0xfc,0x00,  //....%@@#...........%@@@....
0x00,0xbe,0x00,0x00,0x00,0xfc,0x00,  //....#@@%...........*@@@*...
0x00,0xfd,0x00,0x00,0x00,0xfd,0x00,  //....@@@*............@@@*...
0x00,0xfc,0x00,0x00,0x00,0xbe,0x00,  //...*@@@+............#@@%...
0x01,0xfc,0x00,0x00,0x00,0xbf,0x00,  //..*%@@@*************%@@@*+.
0x2f,0xff,0xff,0xff,0xff,0xff,0xf4,  //+#@@@@@@@@@@@@@@@@@@@@@@@@*
0xbf,0xbf,0xff,0xff,0xff,0xfe,0xfc,  //%@@@#@@@@@@@@@@@@@@@@@@#@@@
0xf8,0x0f,0xff,0xff,0xff,0xd0,0x7c,  //@@#..*@@@@@@@@@@@@@@@%..*@@
0xf0,0x07,0xff,0xff,0xff,0xc0,0x2c,  //@@*...%@@@@@@@@@@@@@@....#@
0xf0,0x07,0xff,0xff,0xff,0xc0,0x2c,  //@@*...%@@@@@@@@@@@@@@....#@
0xf8,0x0f,0xff,0xff,0xff,0xd0,0x7c,  //@@#..*@@@@@@@@@@@@@@@%..*@@
0xff,0xbf,0xff,0xff,0xff,0xfe,0xfc,  //@@@@#@@@@@@@@@@@@@@@@@@#@@@
0xff,0xff,0xff,0xff,0xff,0xff,0xfc,  //@@@@@@@@@@@@@@@@@@@@@@@@@@@
0x1f,0xf8,0x00,0x00,0x00,0x7f,0xe0,  //**@@@@#*************%@@@@#*
0x0f,0xf8,0x00,0x00,0x00,0x7f,0xe0,  //.*@@@@%.............*@@@@%.
0x0f,0xf8,0x00,0x00,0x00,0x7f,0xe0,  //.*@@@@%.............*@@@@%.
0x0b,0xf0,0x00,0x00,0x00,0x2f,0xc0,  //..#@@@*..............#@@@*.
0x01,0x40,0x00,0x00,0x00,0x05,0x00,  //...***................**+..


/*  */
0x00,0x00,0x05,0x55,0x40,0x00,0x00,  //..........*******..........
0x00,0x00,0x0b,0xff,0xc0,0x00,0x00,  //..........%@@@@@@*.........
0x00,0x00,0x0b,0xff,0xc0,0x00,0x00,  //..........%@@@@@@*.........
0x00,0x00,0x0b,0xff,0xd0,0x00,0x00,  //........+*#@@@@@@**........
0x00,0x06,0xff,0xff,0xff,0x80,0x00,  //......*#@@@@@@@@@@@@%+.....
0x00,0x1f,0xff,0xff,0xff,0xe0,0x00,  //.....%@@@@@@@@@@@@@@@#.....
0x00,0x3f,0xff,0xff,0xff,0xf4,0x00,  //....+@@@@@@@@@@@@@@@@@%....
0x00,0x7f,0x00,0x00,0x02,0xf8,0x00,  //....*@@@***********#@@#....
0x00,0x7e,0x00,0x00,0x01,0xfc,0x00,  //....%@@#...........*@@@....
0x00,0xbd,0x00,0x00,0x00,0xfc,0x00,  //....#@@%...........+@@@*...
0x00,0xfd,0x00,0x00,0x00,0xbd,0x00,  //...+@@@*............#@@%...
0x01,0xfc,0x00,0x00,0x00,0xbe,0x00,  //...*@@@+............%@@#...
0x06,0xfd,0x55,0x55,0x55,0xbf,0x50,  //.+*%@@@*************%@@@**.
0x3f,0xff,0xff,0xff,0xff,0xff,0xf4,  //*@@@@@@@@@@@@@@@@@@@@@@@@@%
0xbe,0x6f,0xff,0xff,0xff,0xf9,0xbc,  //#@@%%#@@@@@@@@@@@@@@@@%%#@@
0xf4,0x0b,0xff,0xff,0xff,0xd0,0x3c,  //@@*...#@@@@@@@@@@@@@@*..+@@
0xf0,0x07,0xff,0xff,0xff,0xc0,0x2c,  //@@*...%@@@@@@@@@@@@@@....%@
0xf0,0x0b,0xff,0xff,0xff,0xc0,0x2c,  //@@*...%@@@@@@@@@@@@@@+...#@
0xf8,0x1f,0xff,0xff,0xff,0xe0,0x7c,  //@@#***@@@@@@@@@@@@@@@#**%@@
0xff,0xff,0xff,0xff,0xff,0xff,0xfc,  //@@@@@@@@@@@@@@@@@@@@@@@@@@@
0xff,0xff,0xff,0xff,0xff,0xff,0xfc,  //@@@@@@@@@@@@@@@@@@@@@@@@@@@
0x0f,0xf8,0x00,0x00,0x00,0x7f,0xe0,  //.*@@@@%.............*@@@@%.
0x0f,0xf8,0x00,0x00,0x00,0x3f,0xd0,  //.+@@@@%.............*@@@@%.
0x07,0xf0,0x00,0x00,0x00,0x2f,0x80,  //..%@@@*..............#@@#+.


/*  */
0x00,0x00,0x04,0x00,0x00,  //.........+*.........
0x00,0x00,0x2d,0x00,0x00,  //........+#@%........
0x00,0x00,0xbf,0x40,0x00,  //.......+#@@@%.......
0x00,0x02,0xff,0xd0,0x00,  //......+#@@@@@%......
0x00,0x0b,0xff,0xf4,0x00,  //.....+#@@@@@@@%.....
0x00,0x2f,0xff,0xfd,0x00,  //....+#@@@@@@@@@%....
0x00,0xbf,0xff,0xff,0x00,  //....%@@@@@@@@@@@*...
0x00,0x01,0xff,0xd0,0x00,  //.....**%@@@@@***....
0x00,0x07,0xff,0xe0,0x00,  //......*@@@@@@#+.....
0x00,0x1f,0xff,0xf8,0x00,  //.....*@@@@@@@@#+....
0x00,0x7f,0xff,0xfe,0x00,  //....*@@@@@@@@@@#....
0x01,0xff,0xff,0xff,0x80,  //...*@@@@@@@@@@@@#...
0x07,0xff,0xff,0xff,0xe0,  //..*@@@@@@@@@@@@@@#..
0x0b,0xff,0xff,0xff,0xf4,  //..%@@@@@@@@@@@@@@@*.
0x00,0x1f,0xff,0xf8,0x00,  //...**%@@@@@@@@#**+..
0x00,0x7f,0xff,0xfe,0x00,  //....*@@@@@@@@@@#....
0x01,0xff,0xff,0xff,0x80,  //...*@@@@@@@@@@@@#...
0x07,0xff,0xff,0xff,0xe0,  //..*@@@@@@@@@@@@@@#..
0x1f,0xff,0xff,0xff,0xf8,  //.*@@@@@@@@@@@@@@@@#.
0x3f,0xff,0xff,0xff,0xfe,  //*@@@@@@@@@@@@@@@@@@#
0x7f,0xff,0xff,0xff,0xfe,  //*@@@@@@@@@@@@@@@@@@#
0x00,0x01,0xff,0xc0,0x00,  //.......*@@@@@+......
0x00,0x01,0xff,0xc0,0x00,  //.......%@@@@@*......
0x00,0x02,0xff,0xc0,0x00,  //.......%@@@@@*......


/*  */
0x00,0x01,0xaa,0x50,0x00,0x00,  //......+*%%%%%*.......
0x00,0x2f,0xff,0xf9,0x00,0x00,  //....+%@@@@@@@@#*.....
0x00,0xbf,0xff,0xff,0x80,0x00,  //...*#@@@@@@@@@@@%....
0x07,0xff,0xff,0xff,0xe0,0x00,  //..*@@@@@@@@@@@@@@#...
0x0b,0xff,0xff,0xff,0xf8,0x00,  //.+#@@@@@@@@@@@@@@@%..
0x2f,0xe5,0x56,0xbf,0xfc,0x00,  //.%@@@%%****%#@@@@@@*.
0x3d,0x00,0x00,0x01,0xfe,0x00,  //*@@*..........*%@@@#.
0x7c,0x01,0x54,0x00,0x2f,0x00,  //%@@*.+******+...+%@@+
0xbf,0xff,0xff,0xe4,0x0f,0x40,  //#@@@@@@@@@@@@#%+.*@@*
0xff,0x50,0x00,0x6f,0xaf,0x40,  //@@@@%**...+*%#@@%#@@*
0xff,0x00,0x00,0x02,0xff,0x40,  //@@@@..+***+...*%@@@@*
0xff,0xaf,0xff,0x90,0xbf,0x40,  //@@@@##@@@@@@%*..%@@@*
0xbf,0xa5,0x56,0xb9,0xbf,0x40,  //%@@@#%*****%#@#*#@@@*
0x7f,0x00,0x00,0x1b,0xff,0x00,  //%@@@*..***+..*#@@@@@+
0x3f,0xaf,0xfe,0x43,0xfe,0x00,  //+@@@##@@@@@#%+.@@@@%.
0x2f,0xff,0xff,0xfb,0xfc,0x00,  //.%@@@@@@@@@@@@%@@@@*.
0x0b,0xff,0xff,0xff,0xf4,0x00,  //..#@@@@@@@@@@@@@@@%..
0x02,0xff,0xff,0xff,0xe0,0x00,  //..+#@@@@@@@@@@@@@#...
0x00,0xbf,0xff,0xff,0x40,0x00,  //...+#@@@@@@@@@@@%....
0x00,0x1b,0xff,0xf8,0x00,0x00,  //.....*#@@@@@@@#*.....
0x00,0x01,0x6a,0x40,0x00,0x00,  //.......*%%%%*+.......


/*  */
0x00,0x00,0x05,0x50,  //.........*****
0x00,0x00,0x2f,0xe0,  //........+#@@@%
0x00,0x00,0x7f,0xe0,  //........%@@@@%
0x00,0x00,0xff,0xe0,  //.......+@@@@@%
0x00,0x02,0xff,0xe0,  //.......%@@@@@%
0xff,0xff,0xff,0xc0,  //@@@@@@@@@@@@@+
0xff,0xff,0xff,0x40,  //@@@@@@@@@@@@%.
0xff,0xff,0xff,0x00,  //@@@@@@@@@@@@+.
0xff,0xff,0xfd,0x00,  //@@@@@@@@@@@%..
0xff,0xff,0xfc,0x00,  //@@@@@@@@@@@+..
0x55,0xff,0xf4,0x00,  //****@@@@@@%...
0x00,0xff,0xe0,0x00,  //...*@@@@@#+...
0x02,0xff,0xe0,0x00,  //...%@@@@@#***+
0x03,0xff,0xff,0xe0,  //..*@@@@@@@@@@%
0x0b,0xff,0xff,0xe0,  //..#@@@@@@@@@@%
0x1f,0xff,0xff,0xe0,  //.*@@@@@@@@@@@%
0x2f,0xff,0xff,0xe0,  //.#@@@@@@@@@@@%
0x7f,0xff,0xff,0xe0,  //*@@@@@@@@@@@@%
0xbf,0xf4,0x00,0x00,  //#@@@@@%******+
0xff,0xe0,0x00,0x00,  //@@@@@#........
0xff,0xd0,0x00,0x00,  //@@@@@*........
0xff,0x80,0x00,0x00,  //@@@@#.........
0xaa,0x00,0x00,0x00,  //%%%%*.........


/*  */
0x00,0x00,0x00,0x00,0xbf,0xe0,0x00,0x00,  //...............*%@@@@%*........
0x00,0x00,0x00,0x02,0xff,0xfd,0x00,0x00,  //.............+*%@@@@@@@*.......
0x00,0x00,0x04,0x06,0xff,0xff,0x00,0x00,  //........+***+**%@@@@@@@@*......
0x00,0x01,0x56,0x56,0xff,0xff,0x80,0x00,  //.......%***%%%*%@@@@@@@@#......
0x00,0x02,0x56,0xaa,0xff,0xff,0xd0,0x00,  //......*%***%%%%%@@@@@@@@@*.....
0x00,0x0a,0x56,0xaa,0xff,0xff,0xd5,0x00,  //......%%***#%%%#@@@@@@@@@%**+..
0x00,0x0a,0x57,0xab,0xff,0xff,0xff,0xd0,  //.+**+*%%**%@%%%@@@@@@@@@@@@@@%.
0x14,0x5a,0x5b,0xab,0xff,0xff,0xff,0xf4,  //.*****%%*%%@%%%@@@@@@@@@@@@@@@*
0x59,0x5a,0x6b,0xab,0xff,0xff,0xff,0xf8,  //*%%***%%*%%@%%%@@@@@@@@@@@@@@@%
0xba,0xae,0x6b,0xab,0xff,0xff,0xff,0xf8,  //%@%%%%@%%%%@%%%@@@@@@@@@@@@@@@%
0x59,0x5a,0x5b,0xab,0xff,0xff,0xff,0xf8,  //*%%%**%%*%%@%%%@@@@@@@@@@@@@@@%
0x15,0x5a,0x56,0xa6,0xff,0xff,0xff,0xf0,  //+*****%%***#%%%#@@@@@@@@@@@@@@+
0x04,0x16,0x56,0x56,0xbf,0xff,0xff,0x80,  //.+**+*%%***%%**%#@@@@@@@@@@@#*.


/*  */
0x00,0x01,0x55,0x50,0x00,0x00,  //.....+*********......
0x06,0xff,0xff,0xff,0x90,0x00,  //..*%@@@@@@@@@@@@#%+..
0x2f,0xff,0xff,0xff,0xfe,0x00,  //+#@@@@@@@@@@@@@@@@@%.
0xbf,0xff,0xff,0xff,0xff,0x40,  //#@@@@@@@@@@@@@@@@@@@*
0xff,0xff,0xff,0xff,0xff,0x40,  //@@@@@@@@@@@@@@@@@@@@*
0xff,0xff,0xff,0xff,0xff,0x40,  //@@@@@@@@@@@@@@@@@@@@*
0x7f,0xff,0xff,0xff,0xfe,0x00,  //%@@@@@@@@@@@@@@@@@@#+
0x1b,0xff,0xff,0xff,0xf4,0x00,  //.*#@@@@@@@@@@@@@@@%+.
0x00,0x5a,0xff,0xe9,0x00,0x00,  //*..+*%%#@@@@@%%**...+
0xe4,0x00,0x00,0x00,0x06,0x40,  //@%*..............+*#*
0xff,0xa5,0x00,0x16,0xbf,0x40,  //@@@@#%*********%#@@@*
0xbf,0xff,0xff,0xff,0xff,0x00,  //%@@@@@@@@@@@@@@@@@@@*
0x1b,0xff,0xff,0xff,0xf8,0x00,  //.*#@@@@@@@@@@@@@@@%*.
0x00,0x6b,0xff,0xfa,0x40,0x00,  //+..*%%#@@@@@@@#%*+..+
0xd0,0x00,0x00,0x00,0x06,0x40,  //@%+......+*.......*%*
0xfe,0x94,0x00,0x05,0xbf,0x40,  //@@@#%**********%%@@@*
0xbf,0xff,0xff,0xff,0xff,0x00,  //#@@@@@@@@@@@@@@@@@@@*
0x1f,0xff,0xff,0xff,0xf8,0x00,  //.%@@@@@@@@@@@@@@@@#*.
0x01,0xaf,0xff,0xfe,0x40,0x00,  //..+*%#@@@@@@@@@#%*...
0x90,0x00,0x00,0x00,0x01,0x40,  //#*.....+*****+....+%*
0xfe,0x50,0x00,0x01,0x6f,0x40,  //@@@#%**+.....+**%#@@*
0xbf,0xff,0xff,0xff,0xff,0x40,  //#@@@@@@@@@@@@@@@@@@@*
0x2f,0xff,0xff,0xff,0xfd,0x00,  //+%@@@@@@@@@@@@@@@@@*.
0x01,0xbf,0xff,0xfe,0x90,0x00,  //..+%#@@@@@@@@@@#%*...


/*  */
0x15,0x55,0x55,0x50,0x00,0x00,  //***************......
0xbf,0xff,0xff,0xfd,0x00,0x00,  //#@@@@@@@@@@@@@@%.....
0xe0,0x00,0x00,0xeb,0x40,0x00,  //@#**********@##@%....
0xe0,0x00,0x00,0xe2,0xd0,0x00,  //@%..........@%.#@%...
0xe0,0x00,0x00,0xe0,0xb4,0x00,  //@%..........@%..#@%..
0xe0,0x00,0x00,0xe0,0x2d,0x00,  //@%..........@%...#@%.
0xe0,0x00,0x00,0xe0,0x0b,0x00,  //@%..........@%....#@*
0xe0,0x00,0x20,0xea,0xab,0x40,  //@%......+%+.@#%%%%#@*
0xe0,0x00,0x20,0xbf,0xff,0x40,  //@%......*%*.%@@@@@@@*
0xe0,0x00,0x20,0x00,0x03,0x40,  //@%......*#*.......*@*
0xe0,0x00,0x30,0x00,0x03,0x40,  //@%......+@+.......*@*
0xe0,0x00,0x30,0x00,0x03,0x40,  //@%.......@........*@*
0xe0,0x00,0x34,0x00,0x03,0x40,  //@%......+@*.......*@*
0xe0,0x00,0x58,0x00,0x03,0x40,  //@%......*%#.......*@*
0xe0,0x00,0x85,0x00,0x03,0x40,  //@%......#+*%......*@*
0xe0,0x01,0x42,0x95,0x03,0x40,  //@%.....*%..##****.*@*
0xe0,0x02,0x69,0x6e,0x83,0x40,  //@%.....#*%%**%@%#.*@*
0xe0,0x06,0x00,0x00,0x03,0x40,  //@%...+%%+......**.*@*
0xe0,0x68,0x00,0x00,0x03,0x40,  //@%..*%#...........*@*
0xe0,0xa0,0x00,0x00,0x03,0x40,  //@%.*##+...........*@*
0xe1,0x90,0x00,0x00,0x03,0x40,  //@%.*#*............*@*
0xe0,0x00,0x00,0x00,0x03,0x40,  //@%................*@*
0xe0,0x00,0x00,0x00,0x07,0x40,  //@#*****************@*
0xbf,0xff,0xff,0xff,0xff,0x40,  //#@@@@@@@@@@@@@@@@@@@*


/*  */
0x15,0x55,0x55,0x50,0x00,0x00,  //***************......
0xbf,0xff,0xff,0xfd,0x00,0x00,  //#@@@@@@@@@@@@@@%.....
0xe0,0x00,0x00,0xeb,0x40,0x00,  //@#**********@##@%....
0xe0,0x00,0x00,0xe2,0xd0,0x00,  //@%..........@%.#@%...
0xe0,0x00,0x00,0xe0,0xb4,0x00,  //@%..........@%..#@%..
0xe0,0x00,0x00,0xe0,0x2d,0x00,  //@%..........@%...#@%.
0xe0,0x00,0x00,0xe0,0x0b,0x00,  //@%..........@%....#@*
0xe0,0x00,0x00,0xea,0xab,0x40,  //@%..........@#%%%%#@*
0xe0,0x00,0x00,0xbf,0xff,0x40,  //@%..........%@@@@@@@*
0xe0,0x00,0x00,0x00,0x03,0x40,  //@%................*@*
0xe0,0x00,0x00,0x00,0x03,0x40,  //@%.+***..+*..+***+*@*
0xe2,0xfc,0x2c,0x1f,0xd3,0x40,  //@%.%@@@*.%@*.*@@@**@*
0xe0,0xb0,0x2d,0x07,0x43,0x40,  //@%.+#@*..#@*.+%@%+*@*
0xe0,0x70,0x3e,0x0b,0x03,0x40,  //@%..%@*.+@@#..%@+.*@*
0xe0,0x74,0x77,0x0a,0x03,0x40,  //@%..*@*.*@%@..##..*@*
0xe0,0x38,0xa3,0x0e,0x03,0x40,  //@%..+@%.%#*@*+@%..*@*
0xe0,0x28,0xd3,0x4d,0x03,0x40,  //@%...##.@%.@%*@*..*@*
0xe0,0x1d,0xc2,0x9c,0x03,0x40,  //@%...%@*@*.%#%@+..*@*
0xe0,0x1e,0xc1,0xe8,0x03,0x40,  //@%...*@%@..*@##...*@*
0xe0,0x0f,0x80,0xf8,0x03,0x40,  //@%...+@@#..+@@%...*@*
0xe0,0x0b,0x40,0xb4,0x03,0x40,  //@%....#@*...#@*...*@*
0xe0,0x00,0x00,0x00,0x03,0x40,  //@%................*@*
0xe0,0x00,0x00,0x00,0x07,0x40,  //@#*****************@*
0xbf,0xff,0xff,0xff,0xff,0x40,  //#@@@@@@@@@@@@@@@@@@@*


/*  */
0x15,0x55,0x55,0x50,0x00,0x00,  //***************......
0xbf,0xff,0xff,0xfd,0x00,0x00,  //#@@@@@@@@@@@@@@%.....
0xe0,0x00,0x00,0xeb,0x40,0x00,  //@#**********@##@%....
0xe0,0x00,0x00,0xe2,0xd0,0x00,  //@%..........@%.#@%...
0xe0,0x00,0x00,0xe0,0xb4,0x00,  //@%..........@%..#@%..
0xe0,0x00,0x00,0xe0,0x2d,0x00,  //@%..........@%...#@%.
0xe0,0x00,0x00,0xe0,0x0b,0x00,  //@%..........@%....#@*
0xe0,0x00,0x00,0xea,0xab,0x40,  //@%..........@#%%%%#@*
0xe0,0x00,0x00,0xbf,0xff,0x40,  //@%..........%@@@@@@@*
0xe0,0x00,0x00,0x00,0x03,0x40,  //@%................*@*
0xe0,0x00,0x00,0x00,0x03,0x40,  //@%....***+.***+...*@*
0xe0,0x0f,0xe3,0xf8,0x03,0x40,  //@%...*@@@%.@@@%...*@*
0xe0,0x02,0x81,0xe0,0x03,0x40,  //@%....*##*.*@%+...*@*
0xe0,0x00,0xd2,0x80,0x03,0x40,  //@%.....*@%.##.....*@*
0xe0,0x00,0xb7,0x00,0x03,0x40,  //@%......%@%@*.....*@*
0xe0,0x00,0x2d,0x00,0x03,0x40,  //@%.......#@%......*@*
0xe0,0x00,0x3e,0x00,0x03,0x40,  //@%......*@@%......*@*
0xe0,0x00,0xa7,0x40,0x03,0x40,  //@%......##*@*.....*@*
0xe0,0x01,0xc2,0x80,0x03,0x40,  //@%.....%@+.##+....*@*
0xe0,0x07,0x82,0xe4,0x03,0x40,  //@%...+%@#*.%@#*...*@*
0xe0,0x0f,0xd3,0xf8,0x03,0x40,  //@%...*@@@*.@@@%...*@*
0xe0,0x00,0x00,0x00,0x03,0x40,  //@%................*@*
0xe0,0x00,0x00,0x00,0x07,0x40,  //@#*****************@*
0xbf,0xff,0xff,0xff,0xff,0x40,  //#@@@@@@@@@@@@@@@@@@@*


/*  */
0x15,0x55,0x55,0x50,0x00,0x00,  //***************......
0xbf,0xff,0xff,0xfd,0x00,0x00,  //#@@@@@@@@@@@@@@%.....
0xe0,0x00,0x00,0xeb,0x40,0x00,  //@#**********@##@%....
0xe0,0x00,0x00,0xe2,0xd0,0x00,  //@%..........@%.#@%...
0xe0,0x00,0x00,0xe0,0xb4,0x00,  //@%..........@%..#@%..
0xe0,0x00,0x00,0xe0,0x2d,0x00,  //@%..........@%...#@%.
0xe0,0x00,0x00,0xe0,0x0b,0x00,  //@%..........@%....#@*
0xe0,0x00,0x00,0xea,0xab,0x40,  //@%..........@#%%%%#@*
0xe0,0x00,0x00,0xbf,0xff,0x40,  //@%..........%@@@@@@@*
0xe0,0x00,0x00,0x00,0x03,0x40,  //@%................*@*
0xe0,0x00,0x00,0x00,0x03,0x40,  //@%...+******......*@*
0xe0,0x1f,0xff,0x80,0x03,0x40,  //@%...*@@@@@@#+....*@*
0xe0,0x07,0x81,0xe0,0x03,0x40,  //@%...+*@#**%@%....*@*
0xe0,0x03,0x80,0xb0,0x03,0x40,  //@%....*@%...#@....*@*
0xe0,0x03,0x80,0xb0,0x03,0x40,  //@%....*@%...#@....*@*
0xe0,0x03,0x81,0xe0,0x03,0x40,  //@%....*@#***@%....*@*
0xe0,0x03,0xff,0x80,0x03,0x40,  //@%....*@@@@@#+....*@*
0xe0,0x03,0x80,0x00,0x03,0x40,  //@%....*@#***......*@*
0xe0,0x03,0x80,0x00,0x03,0x40,  //@%....*@%.........*@*
0xe0,0x07,0x90,0x00,0x03,0x40,  //@%...*%@#*........*@*
0xe0,0x1f,0xf0,0x00,0x03,0x40,  //@%...*@@@@........*@*
0xe0,0x00,0x00,0x00,0x03,0x40,  //@%................*@*
0xe0,0x00,0x00,0x00,0x07,0x40,  //@#*****************@*
0xbf,0xff,0xff,0xff,0xff,0x40,  //#@@@@@@@@@@@@@@@@@@@*


/*  */
0x15,0x55,0x55,0x50,0x00,0x00,  //***************......
0xbf,0xff,0xff,0xfd,0x00,0x00,  //#@@@@@@@@@@@@@@%.....
0xe0,0x00,0x00,0xeb,0x40,0x00,  //@#**********@##@%....
0xe0,0x00,0x00,0xe2,0xd0,0x00,  //@%..........@%.#@%...
0xe0,0x00,0x00,0xe0,0xb4,0x00,  //@%..........@%..#@%..
0xe0,0x00,0x00,0xe0,0x2d,0x00,  //@%..........@%...#@%.
0xe0,0x00,0x00,0xe0,0x0b,0x00,  //@%..........@%....#@*
0xe0,0x00,0x00,0xea,0xab,0x40,  //@%..........@#%%%%#@*
0xe0,0x00,0x00,0xbf,0xff,0x40,  //@%..........%@@@@@@@*
0xe0,0x69,0x00,0x00,0x03,0x40,  //@%..*##*..........*@*
0xe1,0xff,0x40,0x00,0x03,0x40,  //@%.*@@@@*.........*@*
0xe1,0xff,0x40,0x00,0x03,0x40,  //@%.*@@@@*.........*@*
0xe1,0xff,0x40,0x00,0x03,0x40,  //@%.*@@@@*...+.....*@*
0xe0,0x7d,0x00,0xa0,0x03,0x40,  //@%..%@@%...+##....*@*
0xe0,0x00,0x02,0xf8,0x03,0x40,  //@%........+#@@#...*@*
0xe0,0x00,0x0b,0xfe,0x03,0x40,  //@%.......+#@@@@#..*@*
0xe0,0x14,0x2f,0xff,0x83,0x40,  //@%...%%.+#@@@@@@#.*@*
0xe0,0x7e,0xbf,0xff,0xc3,0x40,  //@%..%@@%#@@@@@@@@**@*
0xe1,0xff,0xff,0xff,0xc3,0x40,  //@%.*@@@@@@@@@@@@@**@*
0xe1,0xff,0xff,0xff,0xc3,0x40,  //@%.*@@@@@@@@@@@@@**@*
0xe1,0xff,0xff,0xff,0xc3,0x40,  //@%.*@@@@@@@@@@@@@**@*
0xe0,0x00,0x00,0x00,0x03,0x40,  //@%................*@*
0xe0,0x00,0x00,0x00,0x07,0x40,  //@#*****************@*
0xbf,0xff,0xff,0xff,0xff,0x40,  //#@@@@@@@@@@@@@@@@@@@*


/*  */
0x15,0x55,0x55,0x50,0x00,0x00,  //***************......
0xbf,0xff,0xff,0xfd,0x00,0x00,  //#@@@@@@@@@@@@@@%.....
0xe0,0x00,0x74,0xeb,0x40,0x00,  //@#******%@**@##@%....
0xe0,0x00,0x60,0xe2,0xd0,0x00,  //@%.....**%+.@%.#@%...
0xe0,0x03,0x40,0xe0,0xb4,0x00,  //@%....*@*...@%..#@%..
0xe0,0x01,0x50,0xe0,0x2d,0x00,  //@%....+***+.@%...#@%.
0xe0,0x00,0x70,0xe0,0x0b,0x00,  //@%......*@*.@%....#@*
0xe0,0x02,0x40,0xea,0xab,0x40,  //@%....+%**..@#%%%%#@*
0xe0,0x03,0x40,0xbf,0xff,0x40,  //@%....*@*...%@@@@@@@*
0xe0,0x00,0x70,0x00,0x03,0x40,  //@%......*@*.......*@*
0xe0,0x00,0x60,0x00,0x03,0x40,  //@%.....**%+.......*@*
0xe0,0x03,0x40,0x00,0x03,0x40,  //@%....*@*.........*@*
0xe0,0x03,0x90,0x00,0x03,0x40,  //@%....*@%*+.......*@*
0xe0,0x07,0xf4,0x00,0x03,0x40,  //@%....*@@@%.......*@*
0xe0,0x0b,0xf8,0x00,0x03,0x40,  //@%....%@@@#.......*@*
0xe0,0x0f,0xfc,0x00,0x03,0x40,  //@%....@@@@@+......*@*
0xe0,0x1f,0xfd,0x00,0x03,0x40,  //@%...*@@@@@%......*@*
0xe0,0x2e,0x6e,0x00,0x03,0x40,  //@%...%@#*%@#......*@*
0xe0,0x28,0x0b,0x00,0x03,0x40,  //@%...%#...#@......*@*
0xe0,0x1e,0xae,0x00,0x03,0x40,  //@%...%@#%#@%......*@*
0xe0,0x06,0xe4,0x00,0x03,0x40,  //@%....*#@#%.......*@*
0xe0,0x00,0x00,0x00,0x03,0x40,  //@%................*@*
0xe0,0x00,0x00,0x00,0x07,0x40,  //@#*****************@*
0xbf,0xff,0xff,0xff,0xff,0x40,  //#@@@@@@@@@@@@@@@@@@@*


/*  */
0x15,0x55,0x55,0x50,0x00,0x00,  //***************......
0xbf,0xff,0xff,0xfd,0x00,0x00,  //#@@@@@@@@@@@@@@%.....
0xe0,0x00,0x00,0xeb,0x40,0x00,  //@#**********@##@%....
0xe0,0x00,0x00,0xe2,0xd0,0x00,  //@%..........@%.#@%...
0xe0,0x00,0x00,0xe0,0xb4,0x00,  //@%..........@%..#@%..
0xe0,0x00,0x00,0xe0,0x2d,0x00,  //@%..........@%...#@%.
0xe0,0x00,0x00,0xe0,0x0b,0x00,  //@%..........@%....#@*
0xe0,0x00,0x00,0xea,0xab,0x40,  //@%..........@#%%%%#@*
0xe0,0x00,0x00,0xbf,0xff,0x40,  //@%..........%@@@@@@@*
0xe0,0x00,0x00,0x00,0x03,0x40,  //@%................*@*
0xe0,0x00,0x00,0x00,0x03,0x40,  //@%...........++...*@*
0xe0,0x00,0x00,0x28,0x03,0x40,  //@%......+....##...*@*
0xe0,0x02,0x40,0x1d,0x03,0x40,  //@%.....#*.++.*@*..*@*
0xe0,0x0b,0x4a,0x0a,0x03,0x40,  //@%....#@*.%#+.##..*@*
0xe1,0xaf,0x43,0x47,0x03,0x40,  //@%.*%#@@*.*@%.%@+.*@*
0xe1,0xff,0x42,0x87,0x03,0x40,  //@%.*@@@@*..#%.*@*.*@*
0xe1,0xff,0x42,0x87,0x03,0x40,  //@%.*@@@@*..#%.*@*.*@*
0xe0,0x5f,0x47,0x47,0x03,0x40,  //@%.**%@@*.*@*.%@+.*@*
0xe0,0x07,0x4a,0x0a,0x03,0x40,  //@%....*@*.%#..##..*@*
0xe0,0x01,0x40,0x2d,0x03,0x40,  //@%.....**....%@*..*@*
0xe0,0x00,0x00,0x28,0x03,0x40,  //@%...........#%...*@*
0xe0,0x00,0x00,0x00,0x03,0x40,  //@%................*@*
0xe0,0x00,0x00,0x00,0x07,0x40,  //@#*****************@*
0xbf,0xff,0xff,0xff,0xff,0x40,  //#@@@@@@@@@@@@@@@@@@@*


/*  */
0x15,0x55,0x55,0x50,0x00,0x00,  //***************......
0xbf,0xff,0xff,0xfd,0x00,0x00,  //#@@@@@@@@@@@@@@%.....
0xe0,0x00,0x00,0xeb,0x40,0x00,  //@#**********@##@%....
0xe0,0x00,0x00,0xe2,0xd0,0x00,  //@%..........@%.#@%...
0xe0,0x00,0x00,0xe0,0xb4,0x00,  //@%..........@%..#@%..
0xe0,0x00,0x00,0xe0,0x2d,0x00,  //@%..........@%...#@%.
0xe0,0x00,0x00,0xe0,0x0b,0x00,  //@%..........@%....#@*
0xe0,0x00,0x00,0xea,0xab,0x40,  //@%..........@#%%%%#@*
0xe0,0x00,0x00,0xbf,0xff,0x40,  //@%..........%@@@@@@@*
0xe0,0x00,0x00,0x00,0x03,0x40,  //@%................*@*
0xe0,0x00,0x00,0x00,0x03,0x40,  //@%..+******.....+.*@*
0xe0,0xff,0xfe,0x01,0xc3,0x40,  //@%.*@@@@@@@%...*@**@*
0xe1,0xff,0xff,0x07,0xc3,0x40,  //@%.*@@@@@@@@..*@@**@*
0xe1,0xff,0xff,0x1f,0xc3,0x40,  //@%.*@@@@@@@@.*@@@**@*
0xe1,0xff,0xff,0x3f,0xc3,0x40,  //@%.*@@@@@@@@+@@@@**@*
0xe1,0xff,0xff,0x3f,0xc3,0x40,  //@%.*@@@@@@@@+@@@@**@*
0xe1,0xff,0xff,0x1f,0xc3,0x40,  //@%.*@@@@@@@@.*@@@**@*
0xe1,0xff,0xff,0x07,0xc3,0x40,  //@%.*@@@@@@@@..*@@**@*
0xe0,0xff,0xfe,0x01,0xc3,0x40,  //@%.*@@@@@@@%...*@**@*
0xe0,0x00,0x00,0x00,0x03,0x40,  //@%..+******.....+.*@*
0xe0,0x00,0x00,0x00,0x03,0x40,  //@%................*@*
0xe0,0x00,0x00,0x00,0x03,0x40,  //@%................*@*
0xe0,0x00,0x00,0x00,0x07,0x40,  //@#*****************@*
0xbf,0xff,0xff,0xff,0xff,0x40,  //#@@@@@@@@@@@@@@@@@@@*


/*  */
0x15,0x55,0x55,0x50,0x00,0x00,  //***************......
0xbf,0xff,0xff,0xfd,0x00,0x00,  //#@@@@@@@@@@@@@@%.....
0xe0,0x00,0x00,0xeb,0x40,0x00,  //@#**********@##@%....
0xe0,0x00,0x00,0xe2,0xd0,0x00,  //@%..........@%.#@%...
0xe0,0x00,0x00,0xe0,0xb4,0x00,  //@%..........@%..#@%..
0xe0,0x00,0x00,0xe0,0x2d,0x00,  //@%..........@%...#@%.
0xe0,0x00,0x00,0xe0,0x0b,0x00,  //@%..........@%....#@*
0xe0,0x00,0x00,0xea,0xab,0x40,  //@%..........@#%%%%#@*
0xe0,0x00,0x00,0xbf,0xff,0x40,  //@%..........%@@@@@@@*
0xe0,0x00,0x0a,0x00,0x03,0x40,  //@%........%#......*@*
0xe0,0x00,0x0a,0x00,0x03,0x40,  //@%....*...##.*....*@*
0xe0,0x0e,0x0e,0x38,0x03,0x40,  //@%...+@#..@%+@%...*@*
0xe0,0x2c,0x0d,0x2d,0x03,0x40,  //@%...#@*.+@*.%@*..*@*
0xe0,0xb4,0x0d,0x0b,0x03,0x40,  //@%..%@*..*@*..#@*.*@*
0xe1,0xe0,0x1c,0x03,0x83,0x40,  //@%.*@%...*@*..+@#.*@*
0xe1,0xe0,0x2c,0x03,0x83,0x40,  //@%.*@%...%@...+@#.*@*
0xe0,0xb4,0x28,0x0b,0x03,0x40,  //@%..%@*..##...#@*.*@*
0xe0,0x2c,0x38,0x2d,0x03,0x40,  //@%...#@*.@%..%@*..*@*
0xe0,0x0e,0x34,0x38,0x03,0x40,  //@%...+@#+@%.+@%...*@*
0xe0,0x00,0x34,0x00,0x03,0x40,  //@%....*.*@*..*....*@*
0xe0,0x00,0x70,0x00,0x03,0x40,  //@%......*@*.......*@*
0xe0,0x00,0x00,0x00,0x03,0x40,  //@%................*@*
0xe0,0x00,0x00,0x00,0x07,0x40,  //@#*****************@*
0xbf,0xff,0xff,0xff,0xff,0x40,  //#@@@@@@@@@@@@@@@@@@@*


/*  */
0x00,0x00,0x00,0x55,0x00,  //............****+..
0x00,0x00,0x02,0xff,0xd0,  //..........+#@@@@@*.
0x00,0x00,0x0b,0xff,0xf0,  //..........#@@@@@@@*
0x00,0x00,0x1f,0xeb,0xf8,  //***......%@@@##@@@%
0xfd,0x00,0x2f,0x82,0xfc,  //@@@*.....#@@#..#@@@
0xfd,0x00,0x3f,0x41,0xfc,  //@@@*.....@@@*..%@@@
0xfe,0x00,0x3f,0x41,0xfc,  //@@@%.....@@@*..*@@@
0xbe,0x00,0x3f,0x42,0xf8,  //#@@#.....@@@*..%@@#
0x7f,0x00,0x2f,0x82,0xf8,  //%@@@+....#@@#..#@@%
0x7f,0x40,0x1f,0xc0,0x60,  //*@@@*....%@@@*.+%%*
0x3f,0x40,0x0f,0xe0,0x00,  //+@@@%....+@@@#+....
0x2f,0x80,0x07,0xfd,0x44,  //.#@@#.....*@@@@%***
0x1f,0xc0,0x01,0xff,0xfc,  //.%@@@*.....%@@@@@@@
0x0f,0xe0,0x00,0x7f,0xfc,  //.+@@@%......*@@@@@@
0x0b,0xf0,0x00,0x7f,0x50,  //..#@@@+.....*@@@%**
0x07,0xf8,0x00,0xbe,0x00,  //..*@@@%.....#@@#...
0x02,0xfc,0x02,0xfc,0x00,  //...#@@@*...%@@@*...
0x01,0xfe,0x07,0xf4,0x00,  //...*@@@#..*@@@%....
0x00,0xbf,0x4f,0xe0,0x00,  //....%@@@%*@@@#.....
0x00,0x2f,0xff,0x80,0x00,  //....+#@@@@@@#+.....
0x00,0x0f,0xfe,0x00,0x00,  //.....+@@@@@#+......
0x00,0x02,0xf8,0x00,0x00,  //......*#@@#+.......
0x00,0x00,0x50,0x00,0x00,  //.......+%%+........


/*  */
0x00,0x00,0x01,0x40,0x00,0x00,  //...........**...........
0x00,0x00,0x0b,0xe0,0x00,0x00,  //.........+%@@%+.........
0x00,0x00,0x6f,0xf9,0x00,0x00,  //........*#@@@@#*........
0x00,0x02,0xfb,0xef,0x80,0x00,  //......+%@@%@@%@@%+......
0x00,0x1b,0x83,0xc2,0xe4,0x00,  //.....*#@#*.@@.*#@#*.....
0x00,0xbe,0x03,0xc0,0xbe,0x00,  //...+%@@%...@@...%@@%+...
0x06,0xe0,0x03,0xc0,0x0b,0x90,  //..*#@#*....@@....*#@#*..
0x2f,0x80,0x03,0xc0,0x02,0xf8,  //+%@@%......@@......%@@%+
0xbc,0x00,0x07,0xd0,0x00,0x3e,  //#@@*......*@@*......*@@#
0xfe,0x00,0x2f,0xf8,0x00,0xbf,  //@@@#+...+#@@@@#+...+#@@@
0xfb,0xd1,0xf8,0x2f,0x47,0xef,  //@@#@@*.*@@#**#@@*.*@@#@@
0xf2,0xff,0xe0,0x0b,0xff,0x8f,  //@@.%@@@@@%....%@@@@@%.@@
0xf0,0xbf,0x80,0x02,0xfe,0x0f,  //@@..%@@@%......%@@@%..@@
0xf2,0xfb,0xe0,0x0b,0xef,0x8f,  //@@+#@@#@@#+..+#@@#@@#+@@
0xff,0x80,0xbd,0x7e,0x02,0xff,  //@@@@#*.*#@@**@@#*.*#@@@@
0xfe,0x00,0x2f,0xf8,0x00,0xbf,  //@@@%.....%@@@@%.....%@@@
0xbd,0x00,0x03,0xc0,0x00,0x7e,  //#@@*......*@@*......*@@#
0x2f,0x80,0x03,0xc0,0x02,0xf8,  //.%@@#+.....@@.....+#@@%.
0x02,0xf4,0x03,0xc0,0x1f,0x80,  //..*#@@*....@@....*@@#*..
0x00,0xbe,0x03,0xc0,0xbe,0x00,  //....%@@#+..@@..+#@@%....
0x00,0x0b,0xd3,0xc7,0xe0,0x00,  //.....*#@@*.@@.*@@#*.....
0x00,0x02,0xfb,0xef,0x80,0x00,  //.......%@@#@@#@@%.......
0x00,0x00,0x2f,0xf8,0x00,0x00,  //........*#@@@@#*........
0x00,0x00,0x0b,0xe0,0x00,0x00,  //..........%@@%..........


/*  */
0x00,0x00,0x00,0x16,0x94,0x00,0x00,  //.............*%%%%*........
0x00,0x00,0x01,0xbf,0xfe,0x40,0x00,  //...........*#@@@@@@#*......
0x00,0x00,0x07,0xff,0xff,0xd0,0x00,  //..........%@@@@@@@@@@%.....
0x00,0x00,0x1f,0xff,0xff,0xf4,0x00,  //.........%@@@@@@@@@@@@*....
0x00,0x6e,0x7f,0xff,0xff,0xfc,0x00,  //....*#@%*@@@@@@@@@@@@@@+...
0x01,0xff,0xff,0xff,0xff,0xfd,0x00,  //...%@@@@@@@@@@@@@@@@@@@%...
0x03,0xff,0xff,0xff,0xff,0xfe,0x00,  //..+@@@@@@@@@@@@@@@@@@@@#...
0x07,0xff,0xff,0xff,0xff,0xff,0x00,  //..*@@@@@@@@@@@@@@@@@@@@@...
0x07,0xff,0xeb,0xff,0xeb,0xff,0x00,  //..*@@@@@@##@@@@@@##@@@@@+..
0x0b,0xfe,0x00,0x7d,0x00,0x7f,0x90,  //.+#@@@@%+...*@@%+...%@@@#*.
0x2f,0xf8,0x00,0x18,0x00,0x1f,0xf0,  //+#@@@@%..+*..*#+.++..%@@@@*
0x7f,0xf4,0x3e,0x06,0xbd,0x0f,0xf8,  //%@@@@@*.*@@#+.*#%@@*.+@@@@#
0xbf,0xf0,0x7f,0x81,0xfe,0x0f,0xfc,  //#@@@@@*.*@@@#..%@@@%..@@@@@
0xff,0xf4,0x2d,0x60,0x68,0x0f,0xfc,  //@@@@@@*.+#@%%#..*##*.*@@@@@
0xbf,0xf8,0x00,0x28,0x00,0x2f,0xfc,  //#@@@@@#......#%......%@@@@@
0x7f,0xfe,0x40,0xbe,0x41,0xbf,0xfc,  //%@@@@@@#****%@@#****#@@@@@@
0x2f,0xff,0xff,0xff,0xff,0xff,0xf4,  //+#@@@@@@@@@@@@@@@@@@@@@@@@%
0x0b,0xff,0xff,0xff,0xff,0xff,0xe0,  //.+#@@@@@@@@@@@@@@@@@@@@@@%.
0x01,0xbf,0xff,0xff,0xff,0xfe,0x40,  //..+%#@@@@@@@@@@@@@@@@@@#*..


/*  */
0x00,0x00,0x05,0x50,0x00,0x00,  //.........******.........
0x00,0x02,0xff,0xff,0x80,0x00,  //......*%@@@@@@@@%*......
0x00,0x2f,0x90,0x06,0xf8,0x00,  //.....%@@%******%@@%.....
0x00,0xbd,0x00,0x00,0x7e,0x00,  //...+#@@*........*@@#+...
0x02,0xff,0x40,0x01,0xff,0x80,  //...#@@@@*......*@@@@#...
0x0b,0xff,0xd1,0x47,0xff,0xe0,  //..#@@@@@@******@@@@@@#..
0x1f,0xff,0xff,0xff,0xff,0xf4,  //.*@@@@@@@@@@@@@@@@@@@@*.
0x2a,0xff,0xe4,0x1b,0xff,0xa8,  //.###@@@@@#****#@@@@@###.
0x74,0xbf,0x40,0x01,0xfe,0x1d,  //*@*+#@@@%......%@@@#+*@*
0x70,0x2e,0x00,0x00,0xb8,0x0d,  //%@+.+#@%........%@#+.+@%
0xa0,0x1c,0x00,0x00,0x34,0x0a,  //##...%@*........*@%...##
0xe0,0x2c,0x00,0x00,0x38,0x0b,  //@%...%@..........@%...%@
0xe0,0x28,0x00,0x00,0x28,0x0b,  //@%...%#..........#%...%@
0xe0,0x2c,0x00,0x00,0x38,0x0b,  //@%...%@..........@%...%@
0xa0,0x1c,0x00,0x00,0x34,0x0a,  //##...%@*........*@%...##
0x70,0x7e,0x00,0x00,0xbd,0x0d,  //%@+.*@@#........#@@*.+@%
0x35,0xff,0x80,0x02,0xff,0x5c,  //*@%*@@@@#+....+#@@@@*%@*
0x2b,0xff,0xe5,0x5b,0xff,0xe8,  //.##@@@@@@#%**%#@@@@@@##.
0x0f,0xff,0xff,0xff,0xff,0xf0,  //.*@@@@@@@@@@@@@@@@@@@@*.
0x0b,0xff,0x80,0x02,0xff,0xe0,  //..%@@@@@#++**++#@@@@@%..
0x02,0xfe,0x00,0x00,0xbf,0x80,  //...#@@@#+......+#@@@#...
0x00,0xbd,0x00,0x00,0x7e,0x00,  //....#@@%........%@@#....
0x00,0x1f,0x94,0x16,0xf4,0x00,  //.....*@@#%****%#@@*.....
0x00,0x01,0xbf,0xfe,0x40,0x00,  //......+%#@@@@@@#%+......


/*  */
0x00,0x00,0x60,0x09,0x00,0x00,  //.......*%#*..*#%*.......
0x00,0x0b,0xf0,0x0f,0xe0,0x00,  //.....+%@@@*..*@@@%+.....
0x00,0x7f,0xf0,0x0f,0xfd,0x00,  //....*@@@@@*..*@@@@@*....
0x01,0xff,0x40,0x01,0xff,0x40,  //...*@@@@%+....+%@@@@*...
0x03,0xf8,0x00,0x00,0x2f,0xc0,  //..*@@@#+........+#@@@*..
0x0b,0xe0,0x00,0x00,0x0b,0xe0,  //..#@@#............#@@#..
0x1f,0x80,0x00,0x00,0x02,0xf4,  //.*@@#..............#@@*.
0x2f,0x40,0x00,0x00,0x01,0xf8,  //.#@@*..............*@@#.
0x3e,0x00,0x00,0x00,0x00,0xbc,  //+@@#................#@@+
0x7d,0x00,0x00,0x00,0x00,0x7d,  //*@@%................%@@*
0x7d,0x00,0x00,0x00,0x00,0x7d,  //*@@*................*@@*
0x7d,0x00,0x00,0x00,0x00,0x7d,  //*@@*................*@@*
0x7d,0x00,0x00,0x00,0x00,0x7d,  //*@@*................*@@*
0x7e,0x00,0x00,0x00,0x00,0xbd,  //*@@%................%@@*
0x3e,0x00,0x00,0x00,0x00,0xbc,  //+@@#................#@@+
0x2f,0x40,0x00,0x00,0x01,0xf8,  //.#@@*..............*@@#.
0x1f,0x80,0x00,0x00,0x02,0xf4,  //.*@@#+............+#@@*.
0x0b,0xe0,0x00,0x00,0x0b,0xe0,  //..#@@#............#@@#..
0x02,0xf8,0x00,0x00,0x2f,0x80,  //..+#@@#*........*#@@#+..
0x01,0xff,0x90,0x06,0xff,0x40,  //...*@@@@%*+..+*%@@@@*...
0x00,0x2f,0xff,0xff,0xf8,0x00,  //....*#@@@@@@@@@@@@#*....
0x00,0x07,0xff,0xff,0xd0,0x00,  //......%@@@@@@@@@@%......
0x00,0x00,0x6b,0xe9,0x00,0x00,  //.......+*%#@@#%*+.......


/*  */
0x00,0x00,0x00,0x00,0x00,0x00,  //...........++...........
0x00,0x00,0x02,0x80,0x00,0x00,  //...........##...........
0x00,0x00,0x0b,0xe0,0x00,0x00,  //.....+....#@@#....+.....
0x00,0x40,0x0b,0xe0,0x01,0x00,  //....%+....%@@%....**....
0x01,0x40,0x57,0xc5,0x01,0x40,  //...%%...%%*@@*%%...%%...
0x07,0x01,0xfb,0xee,0x00,0xd0,  //..*@...*@@#@@%@#*..+@%..
0x0a,0x00,0x2f,0xf8,0x00,0xb0,  //.+#%....+#@@@@#+....#@*.
0x1d,0x00,0x1f,0xf0,0x00,0x78,  //.%@*.....*@@@@*.....*@%.
0x3c,0x00,0x0f,0xe0,0x00,0x3c,  //.@@*......@@@#......*@@+
0x7c,0x00,0x0b,0xd0,0x00,0x3d,  //*@@*......%@@%......*@@*
0x7d,0x00,0x07,0xd0,0x00,0x7d,  //%@@*......*@@*......*@@%
0xbe,0x00,0x07,0xd0,0x00,0xbe,  //%@@#......%@@%......#@@%
0xbf,0x40,0x0b,0xe0,0x01,0xfe,  //%@@@*.....#@@#.....*@@@%
0xbf,0xd0,0x1f,0xf0,0x07,0xfe,  //%@@@@*...*@@@@*...*@@@@%
0x7f,0xf9,0xbf,0xf9,0x6f,0xfd,  //%@@@@@%*%@@@@@#%*#@@@@@%
0x7f,0xff,0xff,0xff,0xff,0xfd,  //*@@@@@@@@@@@@@@@@@@@@@@*
0x3f,0xff,0xff,0xff,0xff,0xfc,  //.@@@@@@@@@@@@@@@@@@@@@@+
0x1f,0xff,0xff,0xff,0xff,0xf8,  //.%@@@@@@@@@@@@@@@@@@@@#.
0x0f,0xff,0xff,0xff,0xff,0xf4,  //.+@@@@@@@@@@@@@@@@@@@@*.
0x07,0xff,0xff,0xff,0xff,0xe0,  //..*@@@@@@@@@@@@@@@@@@%..
0x02,0xff,0xff,0xff,0xff,0x80,  //...%@@@@@@@@@@@@@@@@#...
0x00,0x7f,0xff,0xff,0xfe,0x00,  //....%@@@@@@@@@@@@@@#+...
0x00,0x1b,0xff,0xff,0xf8,0x00,  //.....*#@@@@@@@@@@@%.....
0x00,0x01,0xbf,0xfe,0x40,0x00,  //.......*#@@@@@@#%*......


/*  */
0x00,0x00,0x05,0x50,0x00,0x00,  //.........******.........
0x00,0x01,0x54,0x15,0x40,0x00,  //......*%%******%%*......
0x00,0x15,0xb5,0x5e,0x54,0x00,  //.....%**#@%**%@#**%.....
0x00,0x9b,0xf0,0x0f,0xe6,0x00,  //...+%*#@@@+..+@@@#*%+...
0x02,0x7e,0x40,0x01,0xbd,0x80,  //...%*@@#*......*#@@*%...
0x09,0xf4,0x00,0x00,0x1f,0x60,  //..%*@@%....**....%@@*%..
0x12,0x10,0x03,0xc0,0x04,0x84,  //.**#+*....+@@+....*+#**.
0x14,0x00,0x03,0xc0,0x00,0x14,  //.%*+.......@@.......+*%.
0x58,0x05,0x02,0x80,0x50,0x25,  //**#...%*...%%...*%...#**
0x58,0x0f,0x4b,0xe1,0xf0,0x25,  //%*#*.+@@%+%@@%+%@@+.*#*%
0x6d,0x06,0xff,0xff,0x90,0x79,  //%%@*.+%#@@@@@@@@#%+.*@%%
0x6c,0x00,0x7f,0xfd,0x00,0x39,  //%%@*....*@@@@@@*....*@%%
0x6c,0x00,0x7f,0xfd,0x00,0x39,  //*%@*....*@@@@@@*....*@%*
0xac,0x00,0x7f,0xfd,0x00,0x3a,  //%%@*....%@@@@@@%....*@%%
0x5d,0x0b,0xef,0xfb,0xe0,0x75,  //%%@*.+%@@#@@@@#@@%+.*@%%
0x58,0x0b,0x46,0x91,0xe0,0x25,  //%*#*.+#@*.%##%.*@#+.*#*%
0x18,0x05,0x02,0x80,0x50,0x24,  //**#...**...%%...**...#**
0x10,0x00,0x03,0xc0,0x00,0x04,  //.%*+.......@@.......+*%.
0x06,0x10,0x03,0xc0,0x04,0x90,  //.**#**....+@@+....**#**.
0x04,0xb8,0x00,0x00,0x2e,0x10,  //..%*#@%....**....%@#*%..
0x01,0x2e,0x40,0x01,0xb8,0x40,  //...%*#@#*+....+*#@#*%...
0x00,0x8b,0xf0,0x0f,0xe2,0x00,  //....%*%@@@*..*@@@%*%....
0x00,0x15,0xa9,0x6a,0x54,0x00,  //.....*%*%#%%%%#%*%*.....
0x00,0x01,0x55,0x55,0x40,0x00,  //......+%%******%%+......


/*  */
0x06,0xaa,0xaa,0xaa,0xa4,0x00,  //.+%%%%%%%%%%%%%%%%*..
0x2f,0xff,0xff,0xff,0xfd,0x00,  //+#@@@@@@@@@@@@@@@@@%.
0xbf,0xff,0xff,0xff,0xff,0x00,  //%@@@@@@@@@@@@@@@@@@@*
0xff,0xff,0xf9,0xff,0xff,0x40,  //@@@@@@@@@@%*@@@@@@@@*
0xff,0xff,0xf0,0xbf,0xff,0x40,  //@@@@@@@@@@+.%@@@@@@@*
0xff,0xff,0xf4,0xaa,0xff,0x40,  //@@@@@@@@@@**##%#@@@@*
0xff,0xff,0xff,0xe1,0xff,0x40,  //@@@@@@@@@@@@@%.*@@@@*
0xff,0x40,0x10,0x80,0x3f,0x40,  //@@@@%+.**%*.%....@@@*
0xfe,0x04,0x10,0x80,0x3f,0x40,  //@@@#.+*..%*.%+.+*@@@*
0xfd,0x2c,0x30,0xa1,0xff,0x40,  //@@@*.%@*.@*.%%.*@@@@*
0xfd,0x18,0x30,0xa1,0xff,0x40,  //@@@%.*%++@*.%%.*@@@@*
0xff,0x00,0xb0,0xa1,0xff,0x40,  //@@@@*...%@*.%%.*@@@@*
0xff,0x46,0xf0,0xa0,0xaf,0x40,  //@@@@%.*#@@*.%%.*%#@@*
0xff,0x46,0xf0,0xb0,0x2f,0x40,  //@@@@*.%#@@*.%@...%@@*
0xfe,0x40,0x2a,0xb9,0xbf,0x40,  //@@@#*...*##%#@#%%@@@*
0xfd,0x19,0x1f,0xff,0xff,0x40,  //@@@%.%#*.%@@@@@@@@@@*
0xfd,0x19,0x1f,0xff,0xff,0x40,  //@@@*.%%*.%@@@@@@@@@@*
0xbe,0x00,0x2f,0xff,0xff,0x40,  //#@@#+...*#@@@@@@@@@@*
0x7f,0xea,0xff,0xff,0xff,0x00,  //%@@@@#%#@@@@@@@@@@@@*
0x2f,0xff,0xff,0xff,0xfd,0x00,  //.#@@@@@@@@@@@@@@@@@%.
0x06,0xaa,0xaa,0xaa,0x90,0x00,  //..*%%%%%%%%%%%%%%%*..


/*  */
0x00,0x00,0x00,0x40,0x00,0x00,  //...........+**........
0x00,0x00,0x02,0xf0,0x00,0x00,  //..........+#@@+.......
0x00,0x00,0x03,0xf0,0x00,0x00,  //..........*@@@*.......
0x00,0x00,0x02,0xe0,0x00,0x00,  //...........#@#+.......
0x00,0x00,0x00,0x00,0x69,0x00,  //............*+..*%%*..
0x00,0x00,0x00,0x00,0x7d,0x00,  //................*@@*..
0x02,0x90,0x11,0x51,0xbe,0x50,  //..*%%%*+**.***.*%@@%**
0x1f,0xff,0xe3,0xf2,0xff,0xe0,  //.%@@@@@@@%.@@@.%@@@@@%
0x7e,0xaf,0xe3,0xf2,0xbf,0xe0,  //*@@#%#@@@%.@@@.%#@@@@%
0xbc,0x0f,0x83,0xf0,0x7d,0x00,  //#@@+.+@@#..@@@..*@@*..
0xfc,0x0b,0xc3,0xf0,0x7d,0x00,  //@@@...%@@..@@@..*@@*..
0xbc,0x0b,0x83,0xf0,0x7d,0x00,  //#@@...#@#..@@@..*@@*..
0x7e,0x6f,0x43,0xf0,0x7d,0x00,  //*@@#*#@@*..@@@..*@@*..
0x2f,0xfe,0x03,0xf0,0x7d,0x00,  //.#@@@@@%...@@@..*@@*..
0x0b,0xe4,0x03,0xf0,0x7d,0x00,  //..#@@%*....@@@..*@@%..
0x1f,0x00,0x03,0xf0,0x3e,0x60,  //.*@@*......@@@..*@@#*%
0x1f,0x40,0x03,0xf0,0x3f,0xf0,  //.*@@*......@@@...@@@@@
0x0b,0xe5,0x03,0xf0,0x1b,0xe0,  //.+#@@#%*...@@@...*#@@#
0x2f,0xff,0x80,0x00,0x00,0x00,  //.%@@@@@@#..........**.
0xbd,0x1b,0xd0,0x00,0x00,0x00,  //%@@%**%@@%............
0xf8,0x03,0xe0,0x00,0x00,0x00,  //@@%....@@%............
0xf8,0x07,0xd0,0x00,0x00,0x00,  //@@#+..*@@*............
0xbf,0xff,0xc0,0x00,0x00,0x00,  //%@@@@@@@@+............
0x2f,0xfe,0x40,0x00,0x00,0x00,  //.%@@@@@#*.............


/*  */
0x06,0xaa,0xaa,0xaa,0xa4,0x00,  //.+%%%%%%%%%%%%%%%%*..
0x2f,0xff,0xff,0xff,0xfd,0x00,  //+#@@@@@@@@@@@@@@@@@%.
0xbf,0xff,0xff,0xff,0xff,0x00,  //%@@@@@@@@@@@@@@@@@@@*
0xff,0xff,0xff,0xff,0xff,0x40,  //@@@@@@@@@@@@@@@@@@@@*
0xff,0xff,0xff,0xff,0xff,0x40,  //@@@@@@@@@@@@@@@@@@@@*
0xff,0xf5,0xff,0x8b,0xff,0x40,  //@@@@@@**@@@@%*#@@@@@*
0xff,0xf4,0xbf,0x0f,0xff,0x40,  //@@@@@@%.%@@@**@@@@@@*
0xff,0xfc,0x3e,0x2f,0xff,0x40,  //@@@@@@@+*@@%.#@@@@@@*
0xff,0xfe,0x2c,0x7f,0xff,0x40,  //@@@@@@@%.%@**@@@@@@@*
0xff,0xff,0x08,0xbf,0xff,0x40,  //@@@@@@@@**%.#@@@@@@@*
0xff,0xff,0x81,0xff,0xff,0x40,  //@@@@@@@@%.+*@@@@@@@@*
0xff,0xff,0xd2,0xff,0xff,0x40,  //@@@@@@@@@*.#@@@@@@@@*
0xff,0xff,0xd3,0xff,0xff,0x40,  //@@@@@@@@@**@@@@@@@@@*
0xff,0xff,0xd3,0xff,0xff,0x40,  //@@@@@@@@@**@@@@@@@@@*
0xff,0xff,0xd3,0xff,0xff,0x40,  //@@@@@@@@@**@@@@@@@@@*
0xff,0xff,0xd3,0xff,0xff,0x40,  //@@@@@@@@@**@@@@@@@@@*
0xff,0xff,0xeb,0xff,0xff,0x40,  //@@@@@@@@@##@@@@@@@@@*
0xbf,0xff,0xff,0xff,0xff,0x40,  //#@@@@@@@@@@@@@@@@@@@*
0x7f,0xff,0xff,0xff,0xff,0x00,  //%@@@@@@@@@@@@@@@@@@@*
0x2f,0xff,0xff,0xff,0xfd,0x00,  //.#@@@@@@@@@@@@@@@@@%.
0x06,0xaa,0xaa,0xaa,0x90,0x00,  //..*%%%%%%%%%%%%%%%*..


/*  */
0x00,0x05,0x50,0x00,  //.....*****.....
0x01,0xba,0xb9,0x00,  //...*#@#%#@#*...
0x07,0x40,0x07,0x80,  //..%@%+...+*@#..
0x18,0x00,0x00,0xa0,  //.%#*.......+##.
0x34,0x00,0x00,0x34,  //*@*.........+@*
0xa0,0x01,0x40,0x18,  //%%....+**....%#
0xd0,0x0f,0xe0,0x0c,  //@*...*@@@%...*@
0xc0,0x2f,0xf0,0x0c,  //@*...#@@@@+...@
0xc0,0x2f,0xf0,0x0c,  //@*...#@@@@*...@
0xc0,0x2f,0xe0,0x0c,  //@*..+#@@@#...+@
0x90,0xa6,0x40,0x1c,  //#%..##*%%....*@
0x61,0x80,0x00,0x24,  //*#.%#+.......#%
0x03,0x40,0x00,0x60,  //.++@*.......%#+
0x06,0x00,0x02,0xd0,  //..%#.......%@*.
0x0d,0x04,0x5e,0x00,  //.+@*.****%@#*..
0x18,0x1f,0xe4,0x00,  //.*#..*@@@#*....
0x24,0x00,0x00,0x00,  //.#%............
0x30,0x00,0x00,0x00,  //.@*............
0x30,0x00,0x00,0x00,  //*@+............
0x70,0x00,0x00,0x00,  //*@.............
0x70,0x00,0x00,0x00,  //*@.............
0x60,0x00,0x00,0x00,  //*%.............
0x60,0x00,0x00,0x00,  //*#.............
0x70,0x00,0x00,0x00,  //*@.............


/*  */
0x00,0x00,0x01,0x54,0x00,0x00,  //..........*****+........
0x00,0x00,0x7f,0xff,0x80,0x00,  //.......+%@@@@@@@#*......
0x00,0x02,0xff,0xff,0xf4,0x00,  //......+#@@@@@@@@@@%.....
0x00,0x0b,0xff,0xff,0xfc,0x00,  //......#@@@@@@@@@@@@*....
0x00,0x1f,0xff,0xff,0xfe,0x00,  //.....%@@@@@@@@@@@@@#....
0x00,0x3f,0xff,0xff,0xff,0x00,  //....+@@@@@@@@@@@@@@@*...
0x00,0x7f,0xff,0xff,0xff,0x40,  //....*@@@@@@@@@@@@@@@%...
0x00,0x7f,0xff,0xff,0xff,0x80,  //....*@@@@@@@@@@@@@@@#...
0x00,0xbf,0xff,0xff,0xff,0xc0,  //....#@@@@@@@@@@@@@@@@+..
0x00,0xff,0xff,0xff,0xff,0xd0,  //...+@@@@@@@@@@@@@@@@@%..
0x01,0xff,0xff,0xff,0xff,0xd0,  //...*@@@@@@@@@@@@@@@@@%..
0x02,0xff,0xff,0xff,0xff,0xe0,  //...%@@@@@@@@@@@@@@@@@%..
0x0b,0xff,0xff,0xff,0xff,0xf0,  //..#@@@@@@@@@@@@@@@@@@@*.
0x1f,0xff,0xff,0xff,0xff,0xf8,  //.%@@@@@@@@@@@@@@@@@@@@#.
0x3f,0xff,0xff,0xff,0xff,0xfc,  //+@@@@@@@@@@@@@@@@@@@@@@*
0x7f,0xff,0xff,0xff,0xff,0xfd,  //*@@@@@@@@@@@@@@@@@@@@@@%
0xbf,0xff,0xff,0xff,0xff,0xfe,  //%@@@@@@@@@@@@@@@@@@@@@@%
0xbb,0xff,0xff,0xff,0xff,0xee,  //%@%@@@@@@@@@@@@@@@@@@#@%
0x52,0xff,0xff,0xff,0xff,0x89,  //%%.%@@@@@@@@@@@@@@@@#+#*
0x00,0xff,0xff,0xff,0xff,0x40,  //...+@@@@@@@@@@@@@@@@*.+.
0x00,0x7f,0xff,0xff,0xfe,0x00,  //....*@@@@@@@@@@@@@@#....
0x01,0xff,0xff,0xff,0xff,0x80,  //...*@@@@@@@@@@@@@@@@#+..
0x03,0xff,0xff,0xff,0xff,0xe0,  //...@@@@@@@@@@@@@@@@@@%..
0x01,0xff,0xfe,0x1b,0xff,0x80,  //...*@@@@@@@%**#@@@@@#+..


/*  */
0x00,0x01,0xa9,0x40,0x00,0x00,0x00,  //......**%%%%*+.............
0x00,0x6f,0xff,0xf8,0x00,0x00,0x00,  //....*#@@@@@@@@%+...........
0x02,0xff,0xff,0xff,0x40,0x00,0x00,  //..+#@@@@@@@@@@@@*..........
0x0b,0xff,0xff,0xff,0xd0,0x00,0x00,  //.+#@@@@@@@@@@@@@@%.........
0x2f,0xe6,0xff,0x9b,0xf4,0x00,0x00,  //.#@@@%*#@@@@%*#@@@*........
0x7f,0xc0,0xff,0x07,0xf8,0x00,0x00,  //*@@@@+.*@@@@..*@@@#........
0xbf,0xd1,0xff,0x4b,0xfd,0x00,0x00,  //%@@@@%*%@@@@**#@@@@*.......
0xbf,0xff,0xff,0xf9,0x05,0x40,0x00,  //#@@@@@@@@@@@@@#%*****+.....
0xff,0xff,0xff,0xd2,0xff,0xf9,0x00,  //@@@@@@@@@@@@@%*%@@@@@@#*...
0xbf,0xff,0xff,0x5f,0xff,0xff,0x80,  //#@@@@@@@@@@@*%@@@@@@@@@@%..
0xbf,0xff,0xfe,0x7f,0xff,0xff,0xe0,  //%@@@@@@@@@@%%@@@@@@@@@@@@#.
0x7f,0xff,0xf8,0xfe,0x6f,0xdb,0xf4,  //*@@@@@@@@@#*@@@#*#@@@%%@@@%
0x2f,0xff,0xf6,0xfd,0x0f,0xc3,0xfc,  //.%@@@@@@@@%%@@@%.*@@@..@@@@
0x0b,0xff,0xf7,0xff,0xaf,0xeb,0xfc,  //..#@@@@@@@*@@@@@%#@@@##@@@@
0x02,0xff,0xf3,0xff,0xff,0xff,0xfc,  //...#@@@@@@*@@@@@@@@@@@@@@@@
0x00,0xff,0xf7,0xff,0xff,0xff,0xfc,  //...*@@@@@@*@@@@@@@@@@@@@@@@
0x01,0xe5,0xa6,0xff,0xff,0xff,0xfc,  //...%@%**%%*#@@@@@@@@@@@@@@@
0x02,0x00,0x01,0xff,0xff,0xff,0xf4,  //...%*......*@@@@@@@@@@@@@@%
0x00,0x00,0x00,0xbf,0xff,0xff,0xe0,  //............%@@@@@@@@@@@@#.
0x00,0x00,0x00,0x2f,0xff,0xff,0x80,  //.............%@@@@@@@@@@#..
0x00,0x00,0x00,0x06,0xff,0xff,0x00,  //..............*#@@@@@@@@+..
0x00,0x00,0x00,0x00,0x15,0x46,0x40,  //................**%%***#*..
0x00,0x00,0x00,0x00,0x00,0x00,0x00,  //........................*..


/*  */
0x00,0x00,0x00,0x00,0x00,0x01,  //......................**
0x00,0x00,0x00,0x00,0x00,0x2f,  //....................+%@@
0x00,0x00,0x00,0x00,0x01,0xfe,  //...................%@@@%
0x00,0x00,0x00,0x00,0x1b,0xfd,  //.................*#@@@@%
0x00,0x00,0x00,0x00,0xbf,0xfd,  //...............*#@@@@@@*
0x00,0x00,0x00,0x0b,0xfa,0xfc,  //.............+%@@@##@@@*
0x00,0x00,0x00,0x7f,0xe7,0xfc,  //............%@@@@#*@@@@+
0x00,0x00,0x06,0xff,0x8b,0xfc,  //..........*#@@@@#*#@@@@.
0x00,0x00,0x2f,0xfe,0x2f,0xf8,  //........*#@@@@@%+#@@@@%.
0x00,0x02,0xff,0xf4,0xbf,0xf4,  //......+%@@@@@@%.%@@@@@%.
0x00,0x1f,0xff,0xd1,0xff,0xf4,  //.....*@@@@@@@*.%@@@@@@*.
0x01,0xbf,0xfe,0x47,0xff,0xf0,  //...*#@@@@@@#*.*@@@@@@@*.
0x0b,0xff,0xf8,0x0f,0xff,0xf0,  //.*%@@@@@@@#+.+@@@@@@@@+.
0x7f,0xff,0xe0,0x2f,0xff,0xf0,  //%@@@@@@@@#+.+#@@@@@@@@..
0xbf,0xff,0x80,0xbf,0xff,0xe0,  //#@@@@@@@#...#@@@@@@@@%..
0x1b,0xfd,0x01,0xff,0xff,0xd0,  //.*%@@@@%...%@@@@@@@@@%..
0x00,0x64,0x07,0xff,0xff,0xd0,  //...+%#%...*@@@@@@@@@@*..
0x00,0x00,0x0f,0xff,0xff,0xc0,  //.........*@@@@@@@@@@@*..
0x00,0x00,0x2f,0xff,0xff,0xc0,  //........+#@@@@@@@@@@@+..
0x00,0x00,0x7f,0xff,0xff,0xc0,  //........*@@@@@@@@@@@@...
0x00,0x00,0x7f,0x97,0xff,0x80,  //........*@@@#*%@@@@@%...
0x00,0x00,0x7f,0x00,0x6f,0x40,  //........*@@@*...*#@@%...
0x00,0x00,0x7d,0x00,0x02,0x00,  //........*@@*......*%*...
0x00,0x00,0x74,0x00,0x00,0x00,  //........*@%.............


/*  */
0x00,0x00,0x00,0x00,0x00,0x01,  //......................**
0x00,0x00,0x00,0x00,0x00,0x2f,  //....................+%@@
0x00,0x00,0x00,0x00,0x01,0xfe,  //...................%@@@%
0x00,0x00,0x00,0x00,0x1b,0x8d,  //.................*#@%*@%
0x00,0x00,0x00,0x00,0xb9,0x0d,  //...............*#@#*.*@*
0x00,0x00,0x00,0x0b,0xd0,0x1c,  //.............+%@@*...*@*
0x00,0x00,0x00,0x7e,0x00,0x1c,  //............%@@%+....%@+
0x00,0x00,0x06,0xe0,0x00,0x2c,  //..........*#@#*...*..%@.
0x00,0x00,0x2e,0x40,0x20,0x28,  //........*#@#*....%+..#%.
0x00,0x02,0xf4,0x00,0x90,0x34,  //......+%@@%....*#*...@%.
0x00,0x1f,0x80,0x07,0x80,0x34,  //.....*@@%+....*@#...*@*.
0x01,0xb8,0x00,0x2f,0x00,0x70,  //...*#@#*.....%@@*...*@*.
0x0b,0x90,0x00,0xbe,0x00,0x70,  //.*%@#*.....*#@@%....%@+.
0x7d,0x00,0x07,0xfc,0x00,0xb0,  //%@@%......*@@@@+....%@..
0xbe,0x00,0x2f,0xf4,0x00,0xa0,  //#@@%*...+#@@@@*.....#%..
0x1b,0xe5,0xbf,0xe0,0x00,0xd0,  //.*%@@#**#@@@@#......@%..
0x00,0x6f,0xff,0xc0,0x00,0xd0,  //...+%#@@@@@@@*.....*@*..
0x00,0x07,0xff,0x80,0x01,0xc0,  //......*@@@@@%......*@*..
0x00,0x03,0xff,0x90,0x01,0xc0,  //......*@@@@@#%+....%@+..
0x00,0x03,0xff,0xbe,0x42,0xc0,  //......*@@@@@#@@#*..%@...
0x00,0x03,0xfd,0x07,0xe6,0x80,  //......*@@@@%.*%@@#%#%...
0x00,0x03,0xf8,0x00,0x6f,0x40,  //......*@@@%.....*#@@%...
0x00,0x03,0xe0,0x00,0x02,0x00,  //......*@@#........*%*...
0x00,0x03,0x80,0x00,0x00,0x00,  //......+@#...............


/*  */
0x00,0x01,0xaa,0x50,0x00,0x00,  //......+*%%%%%*.......
0x90,0x1f,0xff,0xf9,0x00,0x00,  //#%..+%@@@@@@@@#*.....
0xf4,0xbf,0xff,0xff,0x80,0x00,  //@@%*#@@@@@@@@@@@%....
0xff,0xff,0x96,0xbf,0xe0,0x00,  //@@@@@@@@#%*%#@@@@#...
0xff,0xf8,0x00,0x1b,0xf8,0x00,  //@@@@@@%+.....*#@@@%..
0xff,0xe0,0x00,0x02,0xfc,0x00,  //@@@@@#.........#@@@*.
0xff,0xf4,0x06,0x00,0xbe,0x00,  //@@@@@@%...%%...+#@@%.
0xff,0xfd,0x0b,0x00,0x7f,0x00,  //@@@@@@@%..%@....*@@@+
0x6a,0xa9,0x0b,0x00,0x3f,0x40,  //%%%%%%%*..%@....+@@@*
0x00,0x00,0x0b,0x00,0x3f,0x40,  //..........%@.....@@@*
0x00,0x00,0x0b,0x00,0x2f,0x40,  //..........%@.....%@@*
0x00,0x02,0xab,0x00,0x3f,0x40,  //......+%%%#@.....@@@*
0x00,0x03,0xff,0x00,0x3f,0x40,  //......+@@@@@....+@@@*
0x00,0x00,0x00,0x00,0x7f,0x00,  //................%@@@+
0x00,0x40,0x00,0x00,0xfe,0x00,  //....*..........+@@@%.
0x01,0xd0,0x00,0x02,0xfc,0x00,  //...%@%........+#@@@*.
0x07,0xf8,0x00,0x1f,0xf4,0x00,  //..%@@@#*....+*@@@@%..
0x02,0xff,0xaa,0xff,0xe0,0x00,  //..+#@@@@#%%#@@@@@%...
0x00,0xbf,0xff,0xff,0x40,0x00,  //...+#@@@@@@@@@@@%....
0x00,0x1b,0xff,0xf8,0x00,0x00,  //.....*#@@@@@@@%*.....
0x00,0x00,0x6a,0x40,0x00,0x00,  //.......**%%%*+.......


/*  */
0x00,0x01,0xaa,0x50,0x00,0x00,  //......+*%%%%%*.......
0x00,0x2f,0xeb,0xf9,0x00,0x00,  //....+%@@@##@@@#*.....
0x00,0xb8,0x00,0x1b,0x80,0x00,  //...*#@%*....+*#@%....
0x07,0x80,0x00,0x01,0xe0,0x00,  //..*@#*.........%@#...
0x0a,0x00,0x00,0x00,0x78,0x00,  //.+##+...........%@%..
0x2c,0x00,0x00,0x00,0x2c,0x00,  //.%@*.............%@*.
0x38,0x00,0x00,0x00,0x0e,0x00,  //*@%..............+@#.
0x70,0x00,0x00,0x00,0x07,0x00,  //%@*...............%@+
0xa0,0x00,0x00,0x00,0x07,0x40,  //##................*@*
0xe0,0x00,0x00,0x00,0x03,0x40,  //@%................*@*
0xe0,0x00,0x00,0x00,0x03,0x40,  //@%................*@*
0xe0,0x00,0x00,0x00,0x03,0x40,  //@%................*@*
0xb0,0x00,0x00,0x00,0x07,0x40,  //%@................*@*
0x70,0x00,0x00,0x00,0x0b,0x00,  //%@*...............%@+
0x38,0x00,0x00,0x00,0x0e,0x00,  //+@%..............+@%.
0x2d,0x00,0x00,0x00,0x2c,0x00,  //.%@*.............#@*.
0x0b,0x00,0x00,0x00,0x74,0x00,  //..#@*...........%@%..
0x02,0xd0,0x00,0x02,0xe0,0x00,  //..+#@*........+%@#...
0x00,0xb9,0x00,0x1f,0x40,0x00,  //...+#@#*+...*%@@%....
0x00,0x1b,0xff,0xf8,0x00,0x00,  //.....*#@@@@@@@#*.....
0x00,0x01,0x6a,0x40,0x00,0x00,  //.......*%%%%*+.......


/*  */
0xaa,0xaa,0x00,0x0a,0xaa,0xa0,  //%%%%%%%%+....+%%%%%%%%
0xbf,0xfe,0x00,0x0b,0xff,0xe0,  //#@@@@@@#+....+#@@@@@@%
0x0b,0xf0,0x00,0x00,0xbe,0x00,  //..#@@@..........#@@#..
0x07,0xe0,0x00,0x00,0xbd,0x00,  //..%@@%..........%@@%..
0x07,0xe0,0x00,0x00,0xbd,0x00,  //..*@@%..........%@@*..
0x07,0xe0,0x00,0x00,0xbd,0x00,  //..*@@%..........%@@*..
0x07,0xe0,0x00,0x00,0xbd,0x00,  //..*@@%..........%@@*..
0x07,0xe0,0x00,0x00,0xbd,0x00,  //..*@@%..........%@@*..
0x07,0xe0,0x00,0x00,0xbd,0x00,  //..*@@%..........%@@*..
0x07,0xff,0xff,0xff,0xfd,0x00,  //..*@@@@@@@@@@@@@@@@*..
0x07,0xff,0xff,0xff,0xfd,0x00,  //..*@@@@@@@@@@@@@@@@*..
0x07,0xe0,0x00,0x00,0xbd,0x00,  //..*@@#..........#@@*..
0x07,0xe0,0x00,0x00,0xbd,0x00,  //..*@@%..........%@@*..
0x07,0xe0,0x00,0x00,0xbd,0x00,  //..*@@%..........%@@*..
0x07,0xe0,0x00,0x00,0xbd,0x00,  //..*@@%..........%@@*..
0x07,0xe0,0x00,0x00,0xbd,0x00,  //..*@@%..........%@@*..
0x07,0xe0,0x00,0x00,0xbd,0x00,  //..*@@%..........%@@*..
0x07,0xe0,0x00,0x00,0xbd,0x00,  //..*@@#..........%@@%..
0x0b,0xf0,0x00,0x00,0xfe,0x00,  //.+#@@@*........*@@@#+.
0xbf,0xff,0x40,0x0f,0xff,0xe0,  //%@@@@@@@*....+@@@@@@@#
0x6a,0xaa,0x00,0x0a,0xaa,0xa0,  //*%%%%%%%*.....%%%%%%%%


/*  */
0x00,0x5a,0xaa,0xaa,0x80,  //....*%%%%%%%%%%%%
0x02,0xff,0xff,0xff,0xc0,  //..*#@@@@@@@@@@@@@
0x0f,0xff,0xff,0xff,0x80,  //.*@@@@@@@@@@@@@@#
0x2f,0xff,0xf5,0xfd,0x00,  //.#@@@@@@@@**@@@*+
0x7f,0xff,0xf0,0xfc,0x00,  //*@@@@@@@@@..@@@..
0x7f,0xff,0xf0,0xfc,0x00,  //%@@@@@@@@@..@@@..
0xbf,0xff,0xf0,0xfc,0x00,  //%@@@@@@@@@..@@@..
0x7f,0xff,0xf0,0xfc,0x00,  //%@@@@@@@@@..@@@..
0x7f,0xff,0xf0,0xfc,0x00,  //*@@@@@@@@@..@@@..
0x3f,0xff,0xf0,0xfc,0x00,  //+@@@@@@@@@..@@@..
0x1f,0xff,0xf0,0xfc,0x00,  //.%@@@@@@@@..@@@..
0x07,0xff,0xf0,0xfc,0x00,  //..%@@@@@@@..@@@..
0x01,0xbf,0xf0,0xfc,0x00,  //...*#@@@@@..@@@..
0x00,0x03,0xf0,0xfc,0x00,  //......*@@@..@@@..
0x00,0x03,0xf0,0xfc,0x00,  //.......@@@..@@@..
0x00,0x03,0xf0,0xfc,0x00,  //.......@@@..@@@..
0x00,0x03,0xf0,0xfc,0x00,  //.......@@@..@@@..
0x00,0x03,0xf0,0xfc,0x00,  //.......@@@..@@@..
0x00,0x03,0xf0,0xfc,0x00,  //.......@@@..@@@..
0x00,0x03,0xf0,0xfc,0x00,  //.......@@@..@@@..
0x00,0x01,0xa0,0x68,0x00,  //.......%%%..%%%..


/*  */
0x01,0xff,0x40,0x00,0x00,0x00,  //...*@@@@*............
0x55,0xff,0x55,0x55,0x55,0x00,  //****@@@@*************
0xfd,0xff,0x7f,0xff,0xff,0x40,  //@@@*@@@@*@@@@@@@@@@@*
0x01,0xff,0x40,0x00,0x00,0x00,  //****@@@@************+
0x01,0xff,0x40,0x00,0x00,0x00,  //...*@@@@*............
0x00,0x00,0x00,0x00,0x00,0x00,  //.....................
0x00,0x00,0x00,0x00,0x00,0x00,  //............+***+....
0x00,0x00,0x00,0xbf,0xc0,0x00,  //............#@@@@+...
0x55,0x55,0x54,0xff,0xd5,0x00,  //************@@@@@****
0xff,0xff,0xfd,0xff,0xef,0x40,  //@@@@@@@@@@@*@@@@@%@@*
0x00,0x00,0x00,0xff,0xd0,0x00,  //***********+@@@@@***+
0x00,0x00,0x00,0xaa,0x80,0x00,  //............%%%%%....
0x00,0x00,0x00,0x00,0x00,0x00,  //.....................
0x00,0x05,0x50,0x00,0x00,0x00,  //.....*****...........
0x00,0x2f,0xf0,0x00,0x00,0x00,  //.....%@@@@*..........
0xaa,0x6f,0xf6,0xaa,0xaa,0x40,  //%%%%%%@@@@*%%%%%%%%%*
0xff,0xaf,0xf7,0xff,0xff,0x40,  //@@@@%%@@@@*@@@@@@@@@*
0x00,0x2f,0xf0,0x00,0x00,0x00,  //.....%@@@@*..........
0x00,0x1a,0xa0,0x00,0x00,0x00,  //.....*%%%%...........


/*  */
0x00,0x00,0x00,0x06,0xa0,0x00,  //..............*%%%*..
0x00,0x00,0x00,0x2f,0xfd,0x00,  //.............#@@@@@*.
0x00,0x00,0x00,0x7f,0xff,0x00,  //............*@@@@@@@+
0x00,0x00,0x00,0xbf,0xff,0x40,  //............#@@@@@@@*
0x00,0x00,0x00,0xff,0xff,0x40,  //............@@@@@@@@*
0x00,0x00,0x06,0xff,0xff,0x40,  //..........*#@@@@@@@@*
0x06,0xa0,0x6f,0xff,0xfe,0x00,  //..*%%%*.*#@@@@@@@@@#.
0x2f,0xfe,0xff,0xaf,0xf9,0x00,  //.#@@@@@#@@@@#%@@@@#*.
0x7f,0xff,0xf9,0x06,0x90,0x00,  //*@@@@@@@@@#*..*%%%+..
0xbf,0xff,0x90,0x00,0x00,0x00,  //#@@@@@@@#*...........
0xff,0xff,0x40,0x00,0x00,0x00,  //@@@@@@@@*............
0xbf,0xff,0xd0,0x00,0x00,0x00,  //#@@@@@@@@%+..........
0x7f,0xff,0xfd,0x06,0xa0,0x00,  //*@@@@@@@@@@%+.*%%%*..
0x1f,0xfa,0xff,0xef,0xfd,0x00,  //.%@@@@##@@@@@#@@@@@*.
0x06,0x90,0x2f,0xff,0xff,0x00,  //..*%%%+.*%@@@@@@@@@@+
0x00,0x00,0x02,0xff,0xff,0x40,  //..........*%@@@@@@@@*
0x00,0x00,0x00,0xff,0xff,0x40,  //............@@@@@@@@*
0x00,0x00,0x00,0xbf,0xff,0x40,  //............#@@@@@@@*
0x00,0x00,0x00,0x7f,0xfe,0x00,  //............*@@@@@@#.
0x00,0x00,0x00,0x1f,0xf9,0x00,  //.............%@@@@#*.
0x00,0x00,0x00,0x06,0x90,0x00,  //..............*%%%+..


/*  */
0x06,0xaa,0xaa,0xaa,0xa4,0x00,  //.+%%%%%%%%%%%%%%%%*..
0x2f,0xff,0xff,0xff,0xfd,0x00,  //+#@@@@@@@@@@@@@@@@@%.
0xbf,0xff,0xff,0xff,0xff,0x00,  //%@@@@@@@@@@@@@@@@@@@*
0xff,0xff,0xff,0xe6,0xff,0x40,  //@@@@@@@@@@@@@%%#@@@@*
0xff,0xff,0xff,0x00,0x7f,0x40,  //@@@@@@@@@@@@+...%@@@*
0xff,0xff,0xfd,0x00,0x3f,0x40,  //@@@@@@@@@@@%.....@@@*
0xff,0xff,0xfd,0x00,0x2f,0x40,  //@@@@@@@@@@@*.....#@@*
0xff,0xe6,0xe0,0x00,0x3f,0x40,  //@@@@@%%#@%*......@@@*
0xff,0x00,0x00,0x00,0xbf,0x40,  //@@@@+...+..+*...%@@@*
0xfd,0x00,0x07,0xea,0xff,0x40,  //@@@%.....+%@@#%#@@@@*
0xfd,0x00,0x2f,0xff,0xff,0x40,  //@@@*.....#@@@@@@@@@@*
0xfd,0x00,0x06,0xe6,0xff,0x40,  //@@@%......*#@%*#@@@@*
0xff,0x40,0x40,0x00,0x7f,0x40,  //@@@@*...*...+...%@@@*
0xff,0xea,0xe4,0x00,0x3f,0x40,  //@@@@@#%#@#*......@@@*
0xff,0xff,0xfd,0x00,0x2f,0x40,  //@@@@@@@@@@@*.....#@@*
0xff,0xff,0xfd,0x00,0x3f,0x40,  //@@@@@@@@@@@%.....@@@*
0xff,0xff,0xff,0x40,0xbf,0x40,  //@@@@@@@@@@@@*...#@@@*
0xbf,0xff,0xff,0xea,0xff,0x40,  //#@@@@@@@@@@@@#%#@@@@*
0x7f,0xff,0xff,0xff,0xff,0x00,  //%@@@@@@@@@@@@@@@@@@@*
0x2f,0xff,0xff,0xff,0xfd,0x00,  //.#@@@@@@@@@@@@@@@@@%.
0x06,0xaa,0xaa,0xaa,0x90,0x00,  //..*%%%%%%%%%%%%%%%*..


/*  */
0x00,0x00,0x00,0x00,0x00,0x00,  //....................++..
0x00,0x00,0x00,0x00,0x05,0x55,  //..................*%**%*
0x00,0x00,0x00,0x00,0x01,0x54,  //...................%%%%.
0x00,0x00,0x00,0x00,0x00,0x0a,  //....................+.%%
0x00,0x00,0x00,0x00,0x01,0x54,  //...................%%*%.
0x00,0x00,0x54,0x00,0x05,0x05,  //.......****+...*..%%..%*
0x00,0x1b,0xff,0x97,0x54,0x00,  //.....%#@@@@@#*%@%%%.....
0x01,0xba,0xff,0xff,0xe0,0x00,  //...*#@##@@@@@@@@@#......
0x07,0x90,0xff,0xff,0xf4,0x00,  //..*@#*.*@@@@@@@@@@%.....
0x0e,0x02,0xff,0xff,0xf4,0x00,  //.*@#+.*#@@@@@@@@@@%.....
0x2c,0x1f,0xff,0xff,0xe0,0x00,  //.#@+.%@@@@@@@@@@@#......
0x74,0x7f,0xff,0xff,0xf0,0x00,  //*@%.*@@@@@@@@@@@@@+.....
0xb0,0xbf,0xff,0xff,0xf4,0x00,  //%@*.#@@@@@@@@@@@@@*.....
0xba,0xff,0xff,0xff,0xf8,0x00,  //#@##@@@@@@@@@@@@@@%.....
0xff,0xff,0xff,0xff,0xf8,0x00,  //@@@@@@@@@@@@@@@@@@%.....
0xff,0xff,0xff,0xff,0xf8,0x00,  //@@@@@@@@@@@@@@@@@@%.....
0xbf,0xff,0xff,0xff,0xf8,0x00,  //#@@@@@@@@@@@@@@@@@%.....
0xbf,0xff,0xff,0xff,0xf4,0x00,  //%@@@@@@@@@@@@@@@@@*.....
0x7f,0xff,0xff,0xff,0xf0,0x00,  //*@@@@@@@@@@@@@@@@@+.....
0x2f,0xff,0xff,0xff,0xe0,0x00,  //.#@@@@@@@@@@@@@@@%......
0x0f,0xff,0xff,0xff,0x80,0x00,  //.*@@@@@@@@@@@@@@#+......
0x07,0xff,0xff,0xff,0x00,0x00,  //..*@@@@@@@@@@@@@*.......
0x01,0xbf,0xff,0xf8,0x00,0x00,  //...*#@@@@@@@@@#+........
0x00,0x1b,0xff,0x90,0x00,0x00,  //.....%#@@@@@#*..........


/*  */
0x00,0x00,0x05,0x50,0x00,0x00,  //.........******.........
0x00,0x02,0xff,0xff,0x80,0x00,  //......*%@@@@@@@@%*......
0x00,0x2f,0xbf,0xfe,0xf8,0x00,  //.....%@@#@@@@@@#@@%.....
0x00,0xb8,0x7f,0xfd,0x2e,0x00,  //...+#@%+*@@@@@@*+%@#+...
0x02,0xd0,0x6f,0xf9,0x07,0x80,  //...#@*..*#@@@@#*..*@#...
0x0b,0x40,0x07,0xd0,0x01,0xe0,  //..#@*.....%@@%.....*@#..
0x1e,0x90,0x00,0x00,0x06,0xb4,  //.*@#%*.....++.....*%#@*.
0x2f,0xe0,0x00,0x00,0x0b,0xf8,  //.#@@@%............%@@@#.
0x7f,0xe0,0x00,0x00,0x0b,0xfd,  //*@@@@#.....++.....#@@@@*
0x7f,0xf0,0x02,0x80,0x0f,0xfd,  //%@@@@@....*##*....@@@@@%
0xbf,0xf0,0x1f,0xf4,0x0f,0xfe,  //#@@@@@+..%@@@@%..+@@@@@#
0xff,0xd0,0xbf,0xfe,0x07,0xff,  //@@@@@*..%@@@@@@%..*@@@@@
0xea,0x00,0x7f,0xfd,0x00,0xab,  //@###*...*@@@@@@*...*###@
0xe0,0x00,0x3f,0xfc,0x00,0x0b,  //@%++....+@@@@@@+....++%@
0xa0,0x00,0x2f,0xf8,0x00,0x0a,  //##.......#@@@@#.......##
0x70,0x00,0x1a,0xa4,0x00,0x0d,  //%@+......*%%%%*......+@%
0x34,0x00,0x00,0x00,0x00,0x1c,  //*@%.*..............*.%@*
0x28,0xfe,0x40,0x01,0xbf,0x28,  //.##+@@@#*......*#@@@+##.
0x0e,0xff,0xc0,0x03,0xff,0xb0,  //.*@#@@@@@......@@@@@#@*.
0x0b,0xff,0xd0,0x07,0xff,0xe0,  //..%@@@@@@*....*@@@@@@%..
0x02,0xff,0xe0,0x0b,0xff,0x80,  //...#@@@@@#....#@@@@@#...
0x00,0xbf,0xe0,0x0b,0xfe,0x00,  //....#@@@@%+..+%@@@@#....
0x00,0x1f,0xd4,0x17,0xf4,0x00,  //.....*@@@%****%@@@*.....
0x00,0x01,0xbf,0xfe,0x40,0x00,  //......+%#@@@@@@#%+......


/*  */
0x00,0x01,0xaa,0xaa,0x40,0x00,  //.....+**%%%%%%%%**+.....
0x01,0xbf,0xff,0xff,0xfe,0x40,  //...*%@@@@@@@@@@@@@@%*...
0x0b,0xff,0xff,0xff,0xff,0xe0,  //.+#@@@@@@@@@@@@@@@@@@#+.
0x2f,0xff,0xff,0xff,0xff,0xf8,  //+#@@@@@@@@@@@@@@@@@@@@#+
0xbf,0xfe,0x00,0x00,0xbf,0xfe,  //%@@@@@@%**....**%@@@@@@%
0x55,0x54,0x00,0x00,0x15,0x55,  //*******..........*******
0xff,0xfc,0x00,0x00,0x3f,0xff,  //@@@@@@@..........@@@@@@@
0xff,0xfc,0x00,0x00,0x3f,0xff,  //@@@@@@@..........@@@@@@@
0x6a,0xa4,0x00,0x00,0x1a,0xa9,  //%%%%%%*..........*%%%%%%
0x00,0x00,0x00,0x00,0x00,0x00,  //........................
0x54,0x15,0x05,0x50,0x54,0x15,  //***+.****.****.****.+***
0xfd,0x2f,0x4b,0xe1,0xf8,0x7f,  //@@@*.%@@*.%@@%.*@@%.*@@@
0xfd,0x2f,0x4b,0xe1,0xf8,0x7f,  //@@@*.%@@*.%@@%.*@@%.*@@@
0xa9,0x1a,0x46,0x91,0xa4,0x6a,  //%%%*.%%%*.%%%%.*%%%.*%%%
0x00,0x00,0x00,0x00,0x00,0x00,  //........................
0x01,0x50,0x54,0x15,0x05,0x40,  //..+***..***..***..***+..
0x07,0xf0,0xfc,0x3f,0x0f,0xd0,  //..*@@@.*@@@**@@@*.@@@*..
0x07,0xf0,0xfc,0x3f,0x0f,0xd0,  //..*@@@.*@@@**@@@*.@@@*..
0x07,0xf0,0xfc,0x3f,0x0f,0xd0,  //..*@@@.*@@@++@@@*.@@@*..


/*  */
0x00,0x15,0x50,0x05,0x54,0x00,  //.....*****....*****.....
0x00,0x2f,0xe0,0x0b,0xf8,0x00,  //.....%@@@%....%@@@%.....
0x00,0x2f,0xe0,0x0b,0xf8,0x00,  //.....%@@@%....%@@@%.....
0x00,0x1a,0x90,0x06,0xa4,0x00,  //.....%%%%%....%%%%%.....
0x00,0x00,0x00,0x00,0x00,0x00,  //...+*****++**++*****+...
0x02,0xff,0xdb,0xe7,0xff,0x80,  //...#@@@@@*%@@%*@@@@@#...
0x03,0xff,0xdb,0xe7,0xff,0xc0,  //..+@@@@@@*%@@%*@@@@@@+..
0x07,0xff,0xdb,0xe7,0xff,0xd0,  //..*@@@@@@*%@@%*@@@@@@*..
0x0b,0xff,0xdb,0xe7,0xff,0xe0,  //..%@@@@@@*%@@%*@@@@@@%..
0x0b,0xff,0xdb,0xe7,0xff,0xe0,  //..#@@@@@@*%@@%*@@@@@@#..
0x0f,0xff,0xdb,0xe7,0xff,0xf0,  //.+@@@@@@@*%@@%*@@@@@@@+.
0x1f,0xff,0xdb,0xe7,0xff,0xf4,  //.*@@@@@@@*%@@%*@@@@@@@*.
0x2f,0xff,0xdb,0xe7,0xff,0xf8,  //.#@@@@@@@*%@@%*@@@@@@@#.
0x3f,0xff,0xdb,0xe7,0xff,0xfc,  //.@@@@@@@@*%@@%*@@@@@@@@.
0x7f,0xff,0xd0,0x07,0xff,0xfd,  //*@@@@@@@@*+**+*@@@@@@@@*
0x7f,0xff,0x80,0x02,0xff,0xfd,  //%@@@@@@@#*....*#@@@@@@@%
0xbf,0xff,0x40,0x01,0xff,0xfe,  //#@@@@@@@*......*@@@@@@@#
0xff,0xff,0x40,0x01,0xff,0xff,  //@@@@@@@@*......*@@@@@@@@
0xff,0xff,0x40,0x01,0xff,0xff,  //@@@@@@@@*......*@@@@@@@@
0xff,0xff,0x40,0x01,0xff,0xff,  //@@@@@@@@*......*@@@@@@@@
0xff,0xff,0x40,0x01,0xff,0xff,  //@@@@@@@@*......*@@@@@@@@
0xff,0xff,0x40,0x01,0xff,0xff,  //@@@@@@@@*......*@@@@@@@@
0xff,0xff,0x40,0x01,0xff,0xff,  //@@@@@@@@*......*@@@@@@@@
0xff,0xff,0x40,0x01,0xff,0xff,  //@@@@@@@@*......*@@@@@@@@


/*  */
0x00,0x00,0x00,0x00,0x50,0x00,  //...............+**......
0x00,0x00,0x00,0x02,0xf0,0x00,  //..............+#@@*.....
0x00,0x00,0x00,0x0b,0xf4,0x00,  //.............+#@@@*.....
0x00,0x00,0x00,0x2f,0xe0,0x00,  //............+#@@@#......
0x00,0x00,0x40,0xbf,0x80,0x00,  //.......+*..+#@@@#.......
0x00,0x02,0xd2,0xfe,0x00,0x00,  //......+#@*+#@@@#........
0x00,0x0b,0xfb,0xf8,0x00,0x2d,  //.....+#@@@#@@@#......%@*
0x00,0x2f,0xff,0xe0,0x00,0xbf,  //.....#@@@@@@@#......#@@@
0x00,0x7f,0xff,0x80,0x02,0xfe,  //....*@@@@@@@#......#@@@%
0x00,0xbf,0xff,0xd0,0x0b,0xf8,  //....#@@@@@@@@*....#@@@#.
0x00,0xff,0xff,0xf4,0x2f,0xe0,  //...*@@@@@@@@@@*..#@@@#..
0x01,0xff,0xff,0xfd,0xbf,0x80,  //...*@@@@@@@@@@@*#@@@#...
0x01,0xff,0xff,0xff,0xfe,0x00,  //...*@@@@@@@@@@@@@@@#....
0x01,0xff,0xff,0xff,0xf8,0x00,  //...*@@@@@@@@@@@@@@#.....
0x00,0xff,0xff,0xff,0xf4,0x00,  //...*@@@@@@@@@@@@@@*.....
0x00,0xbf,0xff,0xff,0xfd,0x00,  //....#@@@@@@@@@@@@@@*....
0x00,0x7f,0xff,0xff,0xfe,0x00,  //....*@@@@@@@@@@@@@@#....
0x00,0x7f,0xff,0xff,0xf8,0x00,  //....%@@@@@@@@@@@@@#.....
0x01,0xff,0xff,0xff,0xe0,0x00,  //...%@@@@@@@@@@@@@#......
0x07,0xfe,0xff,0xff,0x40,0x00,  //..%@@@@#@@@@@@@@%.......
0x1f,0xf4,0x1b,0xe4,0x00,0x00,  //.%@@@@*.*%#@@#%+........
0x7f,0xd0,0x00,0x00,0x00,0x00,  //%@@@@*..................
0xff,0x40,0x00,0x00,0x00,0x00,  //@@@@*...................
0xfd,0x00,0x00,0x00,0x00,0x00,  //@@@*....................


/*  */
0x01,0x55,0x55,0x55,0x55,0x40,  //..********************..
0x0e,0xaa,0xaa,0xaa,0xaa,0xb0,  //.*@#%%%%%%%%%%%%%%%%#@*.
0x18,0x00,0x00,0x00,0x00,0x24,  //.*#..................#*.
0x18,0x00,0x00,0x00,0x00,0x14,  //.*%..................**.
0x18,0x00,0x00,0x00,0x00,0x14,  //.*%..................**.
0x18,0x00,0x00,0x00,0x00,0x14,  //.*%..................**.
0x18,0x00,0x00,0x00,0x00,0x14,  //.*%..................**.
0x18,0x00,0x00,0x00,0x00,0x14,  //.*%....+**....+*+....**.
0x18,0x06,0xf8,0x1f,0xd0,0x14,  //.*%...*#@@#..%@@@%...**.
0x18,0x0b,0xfd,0x3f,0xf0,0x14,  //.*%...#@@@@%+@@@@@*..**.
0x18,0x0f,0xfe,0x3f,0xf4,0x14,  //.*%...@@@@@%*@@@@@*..**.
0x18,0x0b,0xfd,0x2f,0xf0,0x14,  //+%%...#@@@@*+#@@@@+..*%+
0xb8,0x02,0xe4,0x0b,0x80,0x1e,  //%@%....%@#*..*#@#*...%@%
0x2e,0x40,0x00,0x00,0x01,0xb8,  //.#@#*+............+*#@#.
0x07,0xfe,0xa9,0x2a,0xbf,0xd0,  //..%@@@@%%%%**%%%%@@@@%..
0x00,0x7f,0xff,0xbf,0xfd,0x00,  //...+%@@@@@@@#@@@@@@%+...
0x00,0x2f,0xff,0xff,0xf8,0x00,  //.....%@@@@@@@@@@@@%.....
0x00,0x3f,0xfe,0xbf,0xfc,0x00,  //.....@@@@@@##@@@@@@.....
0x00,0x3f,0xfe,0xbf,0xfc,0x00,  //.....@@@@@@%%@@@@@@.....
0x00,0x3f,0xfe,0xbf,0xfc,0x00,  //.....@@@@@@%%@@@@@@.....
0x00,0x3f,0xfe,0xbf,0xfc,0x00,  //.....@@@@@@%%@@@@@@.....
0x00,0x2f,0xfe,0xbf,0xf8,0x00,  //.....%@@@@@%%@@@@@%.....
0x00,0x0f,0xfd,0x7f,0xf0,0x00,  //.....+@@@@@%%@@@@@+.....
0x00,0x06,0xf8,0x2f,0x90,0x00,  //......*#@@#++#@@#*......


/*  */
0x05,0x55,0x55,0x55,0x55,0x50,  //.+********************
0x1f,0xff,0xff,0xff,0xff,0xe0,  //.%@@@@@@@@@@@@@@@@@@@%
0x2e,0x55,0x55,0x55,0x55,0xe0,  //.#@#***************%@%
0x7e,0x00,0x00,0x00,0x00,0xe0,  //*@@%...............*@%
0xbe,0x00,0x00,0x00,0x00,0xe0,  //%@@%...............*@%
0xbe,0x00,0x00,0x00,0x00,0xe0,  //%@@%...............*@%
0xbe,0x00,0x28,0x06,0x00,0xe0,  //%@@%.....%%...*%+..*@%
0xbe,0x00,0x3c,0x07,0x00,0xe0,  //%@@%.....@@...*@*..*@%
0xbe,0x00,0x3c,0x07,0x00,0xe0,  //%@@%.....@@...*@*..*@%
0xbe,0x00,0x3c,0x07,0x00,0xe0,  //%@@%.....@@...*@*..*@%
0xbe,0x00,0x3c,0x07,0x00,0xe0,  //%@@%.....@@...*@*..*@%
0xbe,0x00,0x3c,0x07,0x00,0xe0,  //%@@%.....@@...*@*..*@%
0xbe,0x00,0x00,0x00,0x00,0xe0,  //%@@%...............*@%
0xbe,0x00,0x00,0x00,0x02,0xe0,  //%@@%...............#@%
0xbe,0x00,0x00,0x00,0x0b,0x80,  //%@@%..............#@#+
0xbe,0x00,0x00,0x00,0x2e,0x00,  //%@@%.............#@#+.
0xbe,0x55,0x01,0x55,0xb8,0x00,  //%@@#****..+*****#@#+..
0xbf,0xff,0x0b,0xff,0xe0,0x00,  //%@@@@@@@.+#@@@@@@#+...
0xbf,0xff,0x2f,0xff,0x80,0x00,  //%@@@@@@@+#@@@@@@#+....
0x6a,0xaf,0xbe,0xaa,0x00,0x00,  //%%%%%#@@#@@#%%%%+.....
0x00,0x0f,0xf8,0x00,0x00,0x00,  //.....*@@@@#...........
0x00,0x0f,0xe0,0x00,0x00,0x00,  //.....*@@@#............
0x00,0x0a,0x80,0x00,0x00,0x00,  //.....+%%%.............


/*  */
0x00,0x05,0x00,0x00,0x00,  //.....+***..........
0x01,0xbf,0x80,0x00,0x00,  //..+%#@@@%..........
0x0b,0xff,0xc0,0x00,0x00,  //..#@@@@@@..........
0x07,0xff,0xc0,0x00,0x00,  //..*@@@@@@..........
0x02,0xff,0xc0,0x00,0x00,  //...#@@@@@..........
0x00,0xff,0xc0,0x00,0x00,  //...*@@@@@+.........
0x00,0x7f,0xc0,0x00,0x00,  //....%@@@@*.........
0x00,0x2f,0xc0,0x01,0x00,  //.....#@@@*....+*...
0x00,0x0f,0xc0,0x0b,0x40,  //.....*@@@*....#@%..
0x00,0x0b,0xd0,0x2f,0xc0,  //......%@@*...%@@@*.
0x00,0x02,0xd0,0x7f,0xe0,  //......+#@*..*@@@@#.
0x10,0x01,0x80,0xff,0xf0,  //.*.....*#+.+@@@@@@*
0x7d,0x00,0x02,0xff,0x90,  //%@@%*......#@@@@#%.
0xbf,0xe4,0x02,0x94,0x00,  //%@@@@#*....%#%*+...
0xbf,0xfc,0x00,0x00,0x00,  //%@@@@@@*...........
0xbf,0xf8,0x00,0x00,0x00,  //%@@@@@%+...........
0xbe,0x40,0x01,0xe4,0x00,  //%@@%*......*@%*....
0x00,0x01,0x81,0xff,0x90,  //+*.....%#+.%@@@@%*.
0x00,0x07,0xc0,0xbf,0xf4,  //......*@@*..#@@@@@*
0x00,0x0f,0xc0,0x7f,0xf0,  //.....*@@@*..*@@@@@+
0x00,0x2f,0xc0,0x2f,0xd0,  //....+#@@@*...%@@@*.
0x00,0xbf,0xc0,0x0f,0x40,  //....#@@@@*...+@@%..
0x00,0xbf,0xc0,0x05,0x00,  //...+#@@@@*....**...
0x00,0x1f,0xc0,0x00,0x00,  //....+%@@@*.........


/*  */
0x01,0xaa,0xaa,0xaa,0xaa,0xaa,0xa8,  //...*%%%%%%%%%%%%%%%%%%%%%%%
0x01,0xea,0xaa,0xaa,0xaa,0xaa,0xac,  //***%@#%%%%%%%%%%%%%%%%%%%#@
0xff,0xc0,0x00,0x00,0x00,0x00,0x0c,  //@@@@@*...................*@
0xe6,0xc1,0x55,0x54,0x15,0x55,0x0c,  //@#*%@*+*********.*******.*@
0xe1,0xc3,0xff,0xfd,0x2f,0xff,0x0c,  //@%.*@**@@@@@@@@*.%@@@@@@.*@
0xe1,0xc3,0x40,0x1d,0x00,0x00,0x0c,  //@%.*@**@%*****@*.+******.*@
0xe1,0xc3,0x40,0x0d,0x00,0x00,0x0c,  //@%.*@**@*....*@*.........*@
0xe1,0xc3,0x40,0x0d,0x2f,0xff,0x0c,  //@%.*@**@*....*@*.%@@@@@@.*@
0xe1,0xc3,0x40,0x0d,0x1a,0xaa,0x0c,  //@%.*@**@*....*@*.%%%%%%%.*@
0xe1,0xc3,0x40,0x0d,0x00,0x00,0x0c,  //@%.*@**@*....*@*.........*@
0xe1,0xc3,0x95,0x5d,0x15,0x55,0x0c,  //@%.*@**@%****%@*.*******.*@
0xe1,0xc3,0xff,0xfd,0x2f,0xff,0x0c,  //@%.*@**@@@@@@@@*.%@@@@@@.*@
0xe1,0xc0,0x00,0x00,0x00,0x00,0x0c,  //@%.*@*.********+.+******.*@
0xe1,0xc0,0x00,0x00,0x00,0x00,0x0c,  //@%.*@*.********+.+******.*@
0xe1,0xc3,0xff,0xfd,0x2f,0xff,0x0c,  //@%.*@**@@@@@@@@*.%@@@@@@.*@
0xe1,0xc1,0x55,0x54,0x15,0x55,0x0c,  //@%.*@*+*********.*******.*@
0xe1,0xc0,0x00,0x00,0x00,0x00,0x0c,  //@%.%@+...................*@
0xbb,0xea,0xaa,0xaa,0xaa,0xaa,0xac,  //%@%@@%%%%%%%%%%%%%%%%%%%%#@
0x2f,0xff,0xff,0xff,0xff,0xff,0xe4,  //.%@@@@@@@@@@@@@@@@@@@@@@@#*


/*  */
0x00,0x00,0x5a,0xaa,0x40,0x00,0x00,  //.......+*%%%%%%%**........
0x00,0x1b,0xff,0xff,0xf9,0x00,0x00,  //.....*#@@@@@@@@@@@#%+.....
0x01,0xbf,0xff,0xff,0xff,0xe0,0x00,  //...*#@@@@@@@@@@@@@@@@%+...
0x0b,0xff,0xe9,0x5a,0xff,0xfd,0x00,  //.+#@@@@@@#%%**%#@@@@@@@*..
0x7f,0xf9,0x00,0x00,0x0b,0xff,0x80,  //*@@@@@#*+........*%@@@@@%.
0xff,0x90,0x06,0xa5,0x00,0xbf,0xe0,  //@@@@#*...**%%%%*+..+%@@@@%
0xbe,0x02,0xff,0xff,0xe4,0x1b,0xc0,  //#@@%..*%@@@@@@@@@#*..*#@@*
0x24,0x2f,0xff,0xff,0xfe,0x02,0x00,  //.%*..%@@@@@@@@@@@@@#*.+%*.
0x00,0xbf,0xfe,0xab,0xff,0xd0,0x00,  //...+#@@@@@@%%%#@@@@@@%....
0x02,0xff,0x80,0x00,0x6f,0xe0,0x00,  //...%@@@@%*.....+*#@@@#+...
0x00,0xb8,0x01,0x54,0x07,0xd0,0x00,  //....#@#*..*****+..%@@*....
0x00,0x10,0x6f,0xff,0x80,0x00,0x00,  //.....*..*#@@@@@@%+.*+.....
0x00,0x02,0xff,0xff,0xe0,0x00,0x00,  //.......#@@@@@@@@@#*.......
0x00,0x02,0xff,0xbf,0xf0,0x00,0x00,  //.......#@@@@#@@@@@*.......
0x00,0x00,0xa4,0x02,0x90,0x00,0x00,  //........##*...*%#*........
0x00,0x00,0x00,0x40,0x00,0x00,0x00,  //...........+**............
0x00,0x00,0x07,0xf8,0x00,0x00,0x00,  //..........*@@@#...........
0x00,0x00,0x02,0xf0,0x00,0x00,0x00,  //...........#@@*...........
0x00,0x00,0x00,0x80,0x00,0x00,0x00,  //............%*............


/*  */
0x15,0x55,0x55,0x55,0x55,0x40,  //+*********************
0xbf,0xff,0xff,0xff,0xff,0xf0,  //#@@@@@@@@@@@@@@@@@@@@@
0xe0,0x00,0x00,0x00,0x00,0xb0,  //@#******************%@
0xe0,0x00,0x00,0x00,0x00,0x70,  //@%..................*@
0xe0,0x00,0x00,0x00,0x00,0x70,  //@%..................*@
0xe0,0x00,0x00,0x00,0x00,0x70,  //@%..................*@
0xe0,0x00,0x00,0x00,0x00,0x70,  //@%..................*@
0xfa,0xaa,0xaa,0xaa,0xaa,0xb0,  //@@%%%%%%%%%%%%%%%%%%#@
0xff,0xff,0xff,0xff,0xff,0xf0,  //@@@@@@@@@@@@@@@@@@@@@@
0xf0,0x7d,0x0f,0x42,0xd0,0xb0,  //@@*.*@@*.*@@%.*#@%.+#@
0xe0,0x28,0x0b,0x01,0xc0,0x70,  //@%...##...%@...%@*..*@
0xe0,0x3c,0x0b,0x02,0xd0,0xb0,  //@#...@@...#@*..%@*..%@
0xf9,0xbe,0x6f,0x9b,0xf6,0xf0,  //@@#%#@@#%#@@#%%@@@%%@@
0xff,0xff,0xff,0xff,0xff,0xf0,  //@@@@@@@@@@@@@@@@@@@@@@
0xf4,0x7d,0x1f,0x47,0xe0,0xb0,  //@@**%@@%**@@%**@@#**#@
0xe0,0x28,0x0b,0x01,0xc0,0x70,  //@%...##...%@...%@*..*@
0xe0,0x3c,0x0b,0x02,0xc0,0x70,  //@#...@@...#@+..%@*..*@
0xf9,0xbe,0x6f,0x9b,0xc0,0x70,  //@@%*#@@#*%@@#*%@@*..*@
0xff,0xff,0xff,0xff,0xc0,0x70,  //@@@@@@@@@@@@@@@@@*..*@
0xf4,0xbe,0x1f,0x87,0xc0,0x70,  //@@%*%@@%*%@@#**@@*..*@
0xe0,0x28,0x0b,0x01,0xc0,0x70,  //@#...##...#@...%@*..*@
0xe0,0x28,0x0b,0x01,0xc0,0x70,  //@#...##...#@...%@*..%@
0xf4,0xbe,0x1f,0x87,0xe1,0xb0,  //@@%*%@@%*%@@#**@@#**#@
0xbf,0xff,0xff,0xff,0xff,0xe0,  //%@@@@@@@@@@@@@@@@@@@@#


/*  */
0x00,0x55,0x55,0x50,0x00,0x00,  //...+**********+......
0x02,0xff,0xff,0xfe,0x00,0x00,  //...%@@@@@@@@@@@%+....
0x03,0xff,0xff,0xff,0x80,0x00,  //...@@@@@@@@@@@@@#+...
0x03,0xff,0xff,0xff,0xe0,0x00,  //..+@@@@@@@@@@@@@@%...
0x03,0xff,0xff,0xff,0xf0,0x00,  //..*@@@@@@@@@@@@@@@...
0x07,0xff,0xff,0xff,0xf0,0x00,  //..*@@@@@@@@@@@@@@@...
0x07,0xff,0xff,0xff,0xf0,0x00,  //..%@@@@@@@@@@@@@@@...
0x0b,0xff,0xff,0xff,0xe1,0x00,  //..%@@@@@@@@@@@@@@%*%.
0x0b,0xff,0xff,0xff,0xd7,0x00,  //..#@@@@@@@@@@@@@@*%@+
0x0f,0xff,0xff,0xff,0x8b,0x40,  //..@@@@@@@@@@@@@@#.#@*
0x0f,0xff,0xff,0xff,0x5f,0x40,  //.*@@@@@@@@@@@@@@**@@*
0x1f,0xff,0xff,0xfd,0x2f,0x00,  //.*@@@@@@@@@@@@@*+#@@*
0x1f,0xff,0xff,0x90,0xbf,0x00,  //.*@@@@@@@@@@#%+*#@@@+
0x2f,0xf4,0x00,0x0b,0xfe,0x00,  //.%@@@@%****+.*%@@@@#.
0x2f,0xf2,0xaa,0xff,0xfc,0x00,  //.#@@@@.%%%%#@@@@@@@*.
0x3f,0xe3,0xff,0xff,0xf4,0x00,  //.@@@@#+@@@@@@@@@@@%..
0x3f,0xe3,0xff,0xff,0xd0,0x00,  //+@@@@%*@@@@@@@@@@*...
0x3f,0xd7,0xfe,0xa5,0x00,0x00,  //*@@@@**@@@@#%%%*.....
0x7f,0xd7,0xfc,0x00,0x00,0x00,  //*@@@@*%@@@@*.........
0x7f,0xcb,0xfc,0x00,0x00,0x00,  //%@@@@*%@@@@..........
0xbf,0xcf,0xf8,0x00,0x00,0x00,  //%@@@@.@@@@#..........
0x6a,0x8f,0xf8,0x00,0x00,0x00,  //%%%%%.@@@@%..........
0x00,0x0f,0xf4,0x00,0x00,0x00,  //.....*@@@@%..........
0x00,0x1f,0xf4,0x00,0x00,0x00,  //.....*@@@@*..........


/*  */
0x00,0x00,0x00,0x00,0x15,0x50,  //................******+.
0x00,0x00,0x00,0x00,0x7f,0xf4,  //................*@@@@@%.
0x00,0x00,0x00,0x00,0x3f,0xf8,  //................+@@@@@#.
0x00,0x00,0x00,0x00,0x2f,0xfc,  //.................#@@@@@.
0x00,0x00,0x00,0x00,0x2f,0xfc,  //.........*****+..%@@@@@*
0x00,0x00,0x1f,0xfc,0x1f,0xfd,  //........+%@@@@@*.%@@@@@*
0x00,0x00,0x1b,0xfe,0x1f,0xfd,  //........*%#@@@@#.*@@@@@%
0x00,0x00,0x27,0xff,0x4f,0xfe,  //........*#%@@@@@%*@@@@@%
0x00,0x00,0x36,0xff,0xdf,0xfe,  //........*@%#@@@@@*@@@@@%
0x15,0x50,0x7d,0xff,0xeb,0xff,  //*******.*@@%@@@@@%%@@@@@
0x2f,0xf8,0x7e,0xbf,0xf7,0xff,  //+#@@@@#+*@@%#@@@@@*@@@@@
0x1f,0xfe,0xbf,0x7f,0xfa,0xff,  //.*@@@@@%%@@@%@@@@@%%@@@@
0x0b,0xff,0x7f,0x6f,0xfd,0xff,  //..%@@@@@*@@@%#@@@@@*@@@@
0x03,0xff,0xaf,0xdf,0xfd,0xbf,  //..*@@@@@#%@@@%@@@@@%#@@@
0x02,0xff,0xdf,0xdf,0xff,0x7f,  //...%@@@@@%@@@*@@@@@@%@@@
0x00,0xff,0xe7,0xc7,0xff,0x7e,  //...*@@@@@#%@@.%@@@@@*@@#
0x00,0xbf,0xf7,0x83,0xff,0xae,  //....#@@@@@*@%.*@@@@@%#@%
0x00,0x7f,0xfa,0x43,0xff,0xde,  //....*@@@@@%#*..@@@@@@%@%
0x00,0x3f,0xfd,0x02,0xff,0xdd,  //.....@@@@@@%+..%@@@@@%@%
0x00,0x2f,0xfd,0x01,0xff,0xdd,  //.....%@@@@@*...*@@@@@%@*
0x00,0x00,0x00,0x00,0xff,0xe8,  //.....+*****+...*@@@@@%#*
0x00,0x00,0x00,0x00,0xff,0xf4,  //................@@@@@@%.
0x00,0x00,0x00,0x00,0xbf,0xf4,  //................#@@@@@*.
0x00,0x00,0x00,0x00,0xbf,0xf0,  //................%@@@@@*.


/*  */
0x6a,0xaa,0xaa,0xaa,0xaa,0xaa,0xaa,0xa0,  //*%%%%%%%%%%%%%%%%%%%%%%%%%%%%%+
0xbf,0xff,0xff,0xff,0xff,0xff,0xff,0xf8,  //#@@@@@@@@@@@@@@@@@@@@@@@@@@@@@%
0xff,0xff,0xff,0xff,0xff,0xff,0xff,0xf8,  //@@@@@@@@@@@@@@@@@@@@@@@@@@@@@@%
0xff,0xff,0xff,0xff,0xff,0xff,0xff,0xf8,  //@@@@@@@@@@@@@@@@@@@@@@@@@@@@@@%
0xff,0xff,0xff,0xff,0xff,0xff,0xff,0xf8,  //@@@@@@@@@@@@@@@@@@@@@@@@@@@@@@%
0xff,0xff,0xff,0xff,0xff,0xff,0xff,0xf8,  //@@@@@@@@@@@@@@@@@@@@@@@@@@@@@@%
0xf8,0x0b,0xd1,0x83,0x90,0x1f,0x81,0xf8,  //@@%***#@@***#**@#*+..%@@%**%@@%
0xff,0x47,0x82,0x43,0x00,0x1f,0x01,0xf8,  //@@@@*.*@#..%*.*@*..*+*@@+..*@@%
0xff,0x43,0x43,0x47,0x0b,0xfe,0x00,0xf8,  //@@@@***@%.+@*.*@..%@@@@%.+.+@@%
0xff,0x47,0x07,0x07,0x01,0xfd,0x10,0xf8,  //@@@@%.*@*.*@*.*@...%@@@*.%..@@%
0xff,0x82,0x0b,0x0b,0x80,0x78,0x20,0xb8,  //@@@@#.+#..#@..%@#...*@#..#*.%@%
0xff,0xc0,0x0e,0x0b,0xe4,0x24,0x20,0x78,  //@@@@@+.*.*@#..#@@#*..%*.*%*.*@%
0xff,0xd0,0x2e,0x0e,0xb8,0x20,0x00,0x38,  //@@@@@*...%@%..@%#@#..%+.....*@%
0xff,0xe0,0x3d,0x0c,0x00,0x20,0x54,0x38,  //@@@@@%..+@@%.*@+....+%..***.+@%
0xff,0xe0,0x7d,0x1d,0x01,0x91,0xfc,0x38,  //@@@@@#**%@@%**@*****#***@@@**@%
0xff,0xff,0xff,0xff,0xff,0xff,0xff,0xf8,  //@@@@@@@@@@@@@@@@@@@@@@@@@@@@@@%
0xff,0xff,0xff,0xff,0xff,0xff,0xff,0xf8,  //@@@@@@@@@@@@@@@@@@@@@@@@@@@@@@%
0xff,0xff,0xff,0xff,0xff,0xff,0xff,0xf8,  //@@@@@@@@@@@@@@@@@@@@@@@@@@@@@@%
0xff,0xff,0xff,0xff,0xff,0xff,0xff,0xf8,  //@@@@@@@@@@@@@@@@@@@@@@@@@@@@@@%
0xbf,0xff,0xff,0xff,0xff,0xff,0xff,0xf8,  //#@@@@@@@@@@@@@@@@@@@@@@@@@@@@@%
0x2a,0xaa,0xaa,0xaa,0xaa,0xaa,0xaa,0xa0,  //+%%%%%%%%%%%%%%%%%%%%%%%%%%%%%+


/*  */
0x6a,0xaa,0xaa,0xaa,0xaa,0xaa,0xaa,0xa0,  //*%%%%%%%%%%%%%%%%%%%%%%%%%%%%%+
0xbf,0xff,0xfa,0xff,0xfe,0xff,0xff,0xf8,  //#@@@@@@@@@##@@@@@@@#@@@@@@@@@@%
0xff,0xfe,0x40,0x0b,0x40,0x06,0xff,0xf8,  //@@@@@@@#*....*%@%+...+*#@@@@@@%
0xff,0xf8,0x00,0x05,0x40,0x00,0xbf,0xf8,  //@@@@@@#.......%**......+#@@@@@%
0xff,0xe0,0x00,0x10,0x40,0x00,0x2f,0xf8,  //@@@@@#.......**.**.......#@@@@%
0xff,0xc0,0x00,0x10,0x10,0x00,0x1f,0xf8,  //@@@@@*.......%...%.......*@@@@%
0xff,0x80,0x00,0x40,0x00,0x00,0x0b,0xf8,  //@@@@#.......*+...*+.......#@@@%
0xff,0x40,0x00,0x40,0x04,0x00,0x0b,0xf8,  //@@@@*.......%.....*.......%@@@%
0xff,0x40,0x00,0x40,0x04,0x00,0x07,0xf8,  //@@@@*.......*.....*.......*@@@%
0xff,0x40,0x00,0x40,0x04,0x00,0x07,0xf8,  //@@@@*.......%.....*.......%@@@%
0xff,0x40,0x00,0x40,0x00,0x00,0x0b,0xf8,  //@@@@%.......*....+*.......#@@@%
0xff,0x80,0x00,0x10,0x10,0x00,0x0f,0xf8,  //@@@@#.......+*...%.......+@@@@%
0xff,0xd0,0x00,0x10,0x10,0x00,0x2f,0xf8,  //@@@@@%.......%..+*.......%@@@@%
0xff,0xf4,0x00,0x04,0x40,0x00,0x7f,0xf8,  //@@@@@@*.......%+%.......%@@@@@%
0xff,0xfe,0x00,0x07,0x00,0x02,0xff,0xf8,  //@@@@@@@%+.....*@*.....+%@@@@@@%
0xff,0xff,0xe5,0x6f,0xe5,0x6f,0xff,0xf8,  //@@@@@@@@@%**%#@@@#%*%#@@@@@@@@%
0xff,0xff,0xff,0xef,0xff,0xff,0xef,0xf8,  //@@@@@@@@@@@@@%@@@@@@@@@@@#@@@@%
0xff,0xd5,0x55,0x88,0x56,0x55,0x6f,0xf8,  //@@@@@***%***%*%*%**%****%%@@@@%
0xff,0xda,0x55,0x58,0x66,0x56,0x6f,0xf8,  //@@@@@*%%****%*%*%%*%***%%%@@@@%
0xbf,0xff,0xff,0xff,0xff,0xff,0xff,0xf8,  //#@@@@@@@@@@@@@@@@@@@@@@@@@@@@@%
0x2a,0xaa,0xaa,0xaa,0xaa,0xaa,0xaa,0xa0,  //+%%%%%%%%%%%%%%%%%%%%%%%%%%%%%+


/*  */
0x2a,0xaa,0xaa,0xaa,0xaa,0xaa,0xaa,0xa0,  //*%%%%%%%%%%%%%%%%%%%%%%%%%%%%%+
0xbf,0xff,0xff,0xff,0xff,0xff,0xff,0xf8,  //#@@@@@@@@@@@@@@@@@@@@@@@@@@@@@%
0xff,0xff,0xff,0xff,0xff,0xff,0xff,0xf8,  //@@@@@@@@@@@@@@@@@@@@@@@@@@@@@@%
0xff,0xff,0xff,0xff,0xff,0xff,0xff,0xf8,  //@@@@@@@@@@@@@@@@@@@@@@@@@@@@@@%
0xff,0xff,0xff,0xff,0xff,0xff,0xff,0xf8,  //@@@@@@@@@@@@@@@@@@@@@@@@@@@@@@%
0xff,0xff,0xff,0xff,0xff,0xff,0xff,0xf8,  //@@@@@@@@@@@@@@@@@@@@@@@@@@@@@@%
0xe6,0xea,0x6e,0x69,0x6a,0xe9,0x65,0xb8,  //@%*%@%#%*#@%*##%*#%#@%%**%*%#@%
0xd4,0x58,0xa4,0xa0,0x05,0xc8,0xa1,0x38,  //@*****%+%#**%%+...**@*#+%#+%*@%
0xdb,0x18,0x23,0xe0,0x04,0x8c,0x21,0x38,  //@*%@+*%+*#.@@%....*+#*@.*#+%*@%
0xda,0x1b,0x82,0xe0,0x05,0x1c,0xf0,0xb8,  //@*%#+*%@%*+#@#....**+%@*@@+*#@%
0xd0,0x58,0x18,0x14,0x0a,0x3c,0x12,0x38,  //@*++%*%+**#+*%*..+##+@@.*%*#+@%
0xff,0xfe,0xbf,0xbe,0xbf,0xbf,0xff,0xf8,  //@@@@@@@##@@@%@@#%@@@#@@@@@@@@@%
0xff,0xff,0xff,0xff,0xff,0xff,0xff,0x88,  //@@@@@@@@@@@@@@@@@@@@@@@@@@@@#*%
0xff,0xff,0xff,0xff,0xff,0xff,0xf9,0x08,  //@@@@@@@@@@@@@@@@@@@@@@@@@@#*..%
0xff,0xff,0xff,0xff,0xff,0xff,0x90,0x08,  //@@@@@@@@@@@@@@@@@@@@@@@@#*....%
0xff,0xff,0xff,0xff,0xff,0xf4,0x00,0x08,  //@@@@@@@@@@@@@@@@@@@@@@%*......%
0xff,0xff,0xff,0xff,0xfe,0x40,0x00,0x08,  //@@@@@@@@@@@@@@@@@@@#*+........%
0xff,0xff,0xff,0xff,0x90,0x00,0x00,0x08,  //@@@@@@@@@@@@@@@@#*+...........%
0xff,0xff,0xff,0x94,0x00,0x00,0x00,0x08,  //@@@@@@@@@@@@#%*+..............%
0xbf,0xff,0xe5,0x00,0x00,0x00,0x00,0x08,  //#@@@@@@@@#%*******************%
0x2a,0xaa,0xaa,0xaa,0xaa,0xaa,0xaa,0xa0,  //+%%%%%%%%%%%%%%%%%%%%%%%%%%%%%+


/*  */
0x2a,0xaa,0xaa,0xaa,0xaa,0xaa,0xaa,0xa0,  //*%%%%%%%%%%%%%%%%%%%%%%%%%%%%%+
0xbf,0xff,0xff,0xff,0xff,0xff,0xff,0xf8,  //#@@@@@@@@@@@@@@@@@@@@@@@@@@@@@%
0xff,0xff,0xff,0xff,0xff,0xff,0xff,0xf8,  //@@@@@@@@@@@@@@@@@@@@@@@@@@@@@@%
0xff,0xff,0xff,0xff,0xff,0xff,0xff,0xf8,  //@@@@@@@@@@@@@@@@@@@@@@@@@@@@@@%
0xea,0xaa,0xaa,0xaa,0xaa,0xaa,0xaa,0xa8,  //@%%#%%##%%%%%%%%#%%#%%%%#%#%%#%
0x84,0x54,0x45,0x45,0x00,0x44,0x10,0x58,  //%**.*****+**************.**+**%
0x28,0xa1,0x8c,0x14,0xd6,0x1a,0x28,0x98,  //*#%*%#**#*@***%*@*%#**%#.##*%*%
0x6a,0x96,0x4e,0x5a,0x9a,0x26,0x26,0x98,  //*#%%%*%#**@%%*##%*%%.%%#*%*%%*%
0x92,0x89,0x4e,0x94,0xd6,0xa1,0xa2,0x98,  //%**##*#***@%%**+@**#%#**%%.#%*%
0x18,0x11,0x00,0x01,0x00,0x09,0x04,0x18,  //**%*******************#******%%
0xff,0xff,0xff,0xff,0xff,0xff,0xff,0xf8,  //@@@@@@@@@@@@@@@@@@@@@@@@@@@@@@%
0xff,0xf0,0x01,0x00,0x00,0x00,0x00,0x00,  //@@@@@@****+%+***++**++**.**++*+
0xff,0xf2,0x59,0xa5,0xa5,0xa5,0x64,0x94,  //@@@@@@*#**#*##%%%%*%%%***%**#**
0xff,0xf2,0x97,0x26,0xaa,0x6a,0x28,0xa4,  //@@@@@@*#%%*@*%%%%%%#*%%%*#%*%%%
0xff,0xf2,0x59,0xa4,0x20,0xa5,0x15,0x58,  //@@@@@@*#**#*##**+%.*%%****%%**%
0xff,0xf1,0x51,0x13,0x50,0x55,0x10,0x50,  //@@@@@@****+***+@***+*******+***
0xff,0xff,0xff,0xff,0xff,0xff,0xff,0xf8,  //@@@@@@@@@@@@@@@@@@@@@@@@@@@@@@%
0xff,0xff,0xff,0xff,0xff,0xff,0xff,0xf8,  //@@@@@@@@@@@@@@@@@@@@@@@@@@@@@@%
0xff,0xff,0xff,0xff,0xff,0xff,0xff,0xf8,  //@@@@@@@@@@@@@@@@@@@@@@@@@@@@@@%
0xbf,0xff,0xff,0xff,0xff,0xff,0xff,0xf8,  //#@@@@@@@@@@@@@@@@@@@@@@@@@@@@@%
0x2a,0xaa,0xaa,0xaa,0xaa,0xaa,0xaa,0xa0,  //+%%%%%%%%%%%%%%%%%%%%%%%%%%%%%+


/*  */
0x6a,0xaa,0xaa,0xaa,0xaa,0xaa,0xaa,0xa0,  //*%%%%%%%%%%%%%%%%%%%%%%%%%%%%%+
0xbf,0xff,0xff,0xff,0xff,0xff,0xff,0xf8,  //#@@@@@@@@@@@@@@@@@@@@@@@@@@@@@%
0xff,0xff,0xff,0xff,0xff,0xff,0xff,0xf8,  //@@@@@@@@@@@@@@@@@@@@@@@@@@@@@@%
0xff,0xff,0xff,0xff,0xff,0xff,0xff,0xf8,  //@@@@@@@@@@@@@@@@@@@@@@@@@@@@@@%
0xff,0xff,0xff,0xff,0xff,0xff,0xff,0xf8,  //@@@@@@@@@@@@@@@@@@@@@@@@@@@@@@%
0xff,0xff,0xff,0xff,0xff,0xff,0xff,0xf8,  //@@@@@@@@@@@@@@@@@@@@@@@@@@@@@@%
0xfa,0xaf,0xff,0xff,0xea,0xbf,0xfe,0xa8,  //@@#%%#@@@@@@@@@@@#%%%@@@@@@#%#%
0xf4,0x07,0xff,0xff,0xe0,0x0f,0xfe,0x38,  //@@*...*@@@@@@@@@@%...+@@@@@%.@%
0xf0,0xc2,0xaa,0xae,0x93,0x4e,0xa9,0x38,  //@@*+@+*#%###%#@#%*.@*.@%%##*.@%
0xf0,0x40,0x01,0x08,0x51,0x04,0x01,0x38,  //@@*+*.*+++.***#+**.*.+*.+.***@%
0xf0,0x14,0xb2,0x44,0x80,0x62,0xc4,0x78,  //@@.+**%.#@.%%.*+#*.**%.%@+***@%
0xe1,0xf4,0x92,0x82,0xc7,0xe1,0x44,0x78,  //@#.%@@%.%*.##..%@.*@@#.*%.%.%@%
0xe2,0xf9,0x13,0x87,0xcb,0xf4,0x48,0xb8,  //@#*#@@#**%*@#+*@@*%@@@****#*#@%
0xff,0xff,0xff,0x0f,0xff,0xff,0xff,0xf8,  //@@@@@@@@@@@@*+@@@@@@@@@@@@@@@@%
0xff,0xff,0xff,0xff,0xff,0xff,0xff,0xf8,  //@@@@@@@@@@@@@@@@@@@@@@@@@@@@@@%
0xff,0xff,0xff,0xff,0xff,0xff,0xff,0xf8,  //@@@@@@@@@@@@@@@@@@@@@@@@@@@@@@%
0xff,0xff,0xff,0xff,0xff,0xff,0xff,0xf8,  //@@@@@@@@@@@@@@@@@@@@@@@@@@@@@@%
0xff,0xff,0xff,0xff,0xff,0xff,0xff,0xf8,  //@@@@@@@@@@@@@@@@@@@@@@@@@@@@@@%
0xff,0xff,0xff,0xff,0xff,0xff,0xff,0xf8,  //@@@@@@@@@@@@@@@@@@@@@@@@@@@@@@%
0xbf,0xff,0xff,0xff,0xff,0xff,0xff,0xf8,  //#@@@@@@@@@@@@@@@@@@@@@@@@@@@@@%
0x2a,0xaa,0xaa,0xaa,0xaa,0xaa,0xaa,0xa0,  //+%%%%%%%%%%%%%%%%%%%%%%%%%%%%%+


/*  */
0x6a,0xaa,0xaa,0xaa,0xaa,0xaa,0xaa,0xa0,  //*%%%%%%%%%%%%%%%%%%%%%%%%%%%%%+
0xbf,0xff,0xff,0xff,0xff,0xff,0xff,0xf8,  //#@@@@@@@@@@@@@@@@@@@@@@@@@@@@@%
0xff,0xff,0xff,0xff,0xff,0xff,0xff,0xf8,  //@@@@@@@@@@@@@@@@@@@@@@@@@@@@@@%
0xff,0xff,0xff,0xff,0xff,0xff,0xff,0xf8,  //@@@@@@@@@@@@@@@@@@@@@@@@@@@@@@%
0xff,0xff,0xff,0xfe,0xbf,0xff,0xff,0xf8,  //@@@@@@@@@@@@@@@##@@@@@@@@@@@@@%
0xff,0xff,0xaf,0xfc,0x3f,0xff,0xff,0xf8,  //@@@@@@@@%#@@@@@..@@@@@@@@@@@@@%
0xff,0xfd,0x2f,0xfd,0x3f,0xff,0xff,0xf8,  //@@@@@@@*.%@@@@@**@@@@@@@@@@@@@%
0xf9,0x58,0x19,0x69,0x65,0x5b,0xd1,0xb8,  //@@#**%#+.*%**%%**#*%%*#@@%*%#@%
0xe0,0x04,0x04,0x04,0x20,0x02,0x40,0x78,  //@#..+.*...%...*..%.....#*.+.*@%
0xe0,0xac,0x2c,0x18,0x20,0xc2,0x0c,0x38,  //@%.+##@*.%@..%#..%.+@+.%.+@+.@%
0xf0,0x08,0x2c,0x3c,0x20,0xd0,0x00,0x28,  //@@*..*#*.%@..@@..%.*@*.*.....%%
0xfe,0x08,0x2c,0x3c,0x20,0xc1,0x0a,0xa8,  //@@@%+.%*.%@..@@..%.*@*.%.+%%%#%
0xe1,0x09,0x04,0x3c,0x20,0x42,0x01,0x78,  //@#+*+.%*.+%..@@..%..*..#+.***@%
0xe0,0x1e,0x04,0x3c,0x20,0x0b,0x80,0x78,  //@#*.+*@#+.%**@@**%...+#@#*.+*@%
0xff,0xff,0xff,0xff,0xe0,0xff,0xff,0xf8,  //@@@@@@@@@@@@@@@@@%.*@@@@@@@@@@%
0xff,0xff,0xff,0xff,0xe1,0xff,0xff,0xf8,  //@@@@@@@@@@@@@@@@@%.*@@@@@@@@@@%
0xff,0xff,0xff,0xff,0xff,0xff,0xff,0xf8,  //@@@@@@@@@@@@@@@@@@@@@@@@@@@@@@%
0xff,0xff,0xff,0xff,0xff,0xff,0xff,0xf8,  //@@@@@@@@@@@@@@@@@@@@@@@@@@@@@@%
0xff,0xff,0xff,0xff,0xff,0xff,0xff,0xf8,  //@@@@@@@@@@@@@@@@@@@@@@@@@@@@@@%
0xbf,0xff,0xff,0xff,0xff,0xff,0xff,0xf8,  //#@@@@@@@@@@@@@@@@@@@@@@@@@@@@@%
0x2a,0xaa,0xaa,0xaa,0xaa,0xaa,0xaa,0xa0,  //+%%%%%%%%%%%%%%%%%%%%%%%%%%%%%+


/*  */
0x00,0x00,0x00,0x10,0x00,0x00,0x10,  //.............**..........*.
0x00,0x00,0x00,0x78,0x00,0x00,0x78,  //............*@#.........%@#
0x00,0x00,0x01,0xbd,0x40,0x02,0xf8,  //..........+%#@@%*......%@@#
0x00,0x00,0x1f,0xff,0xe0,0x0b,0xe0,  //.........%@@@@@@@#+...#@@#+
0x00,0x00,0x7f,0xff,0xf8,0x2f,0x80,  //........%@@@@@@@@@#++#@@#..
0x00,0x01,0xff,0xff,0xfe,0xbd,0x00,  //.......*@@@@@@@@@@@##@@%...
0x00,0x02,0xff,0xff,0xff,0xf4,0x00,  //.......#@@@@@@@@@@@@@@%....
0x00,0x03,0xff,0xff,0xff,0xd0,0x00,  //.......@@@@@@@@@@@@@@*.....
0x00,0x03,0xff,0xff,0xfe,0x00,0x00,  //......*@@@@@@@@@@@@#*......
0x00,0x03,0xff,0xff,0xf8,0x00,0x00,  //......*@@@@@@@@@@@#+.......
0x00,0x03,0xff,0xff,0xe0,0x00,0x00,  //......*@@@@@@@@@@#.........
0x00,0x07,0xff,0xff,0x80,0x00,0x00,  //......*@@@@@@@@@%..........
0x00,0x07,0xff,0xfd,0x00,0x80,0x00,  //......%@@@@@@@@%....#......
0x00,0x0b,0xff,0xf4,0x02,0xc0,0x00,  //......#@@@@@@@*...+#@*.....
0x00,0x0f,0xff,0x90,0x0b,0xd0,0x00,  //.....+@@@@@@#*...*#@@%.....
0x00,0x1f,0xfe,0x00,0x7f,0xe0,0x00,  //.....*@@@@@#+...*@@@@#.....
0x00,0x2f,0xf8,0x01,0xff,0xf4,0x00,  //....+#@@@@#+...*@@@@@@*....
0x00,0xbf,0xe0,0x07,0xff,0xfc,0x00,  //....%@@@@#....%@@@@@@@@+...
0x01,0xff,0x40,0x2f,0xff,0xfe,0x00,  //...%@@@@%....#@@@@@@@@@#+..
0x07,0xfd,0x00,0xbf,0xff,0xff,0x80,  //..*@@@@*...+#@@@@@@@@@@@%..
0x07,0xf4,0x02,0xff,0xff,0xfe,0x40,  //..%@@@*...+#@@@@@@@@@@@#*..
0x1f,0x80,0x09,0xff,0xc0,0x00,0x00,  //.%@@#*....%%@@@@@..........
0xbe,0x00,0x06,0x6f,0x80,0x00,0x00,  //%@@#+.....*#*#@@%..........
0x38,0x00,0x01,0xae,0x00,0x00,0x00,  //+@#........%#%@#+..........


/*  */
0x00,0x00,0x00,0x10,0x00,0x00,0x10,  //.............**..........*.
0x00,0x00,0x00,0x78,0x00,0x00,0x78,  //............*@#.........%@#
0x00,0x00,0x01,0xbd,0x40,0x02,0xf8,  //..........+%#@@%*......%@@#
0x00,0x00,0x1f,0xeb,0xe0,0x0b,0xe0,  //.........%@@@##@@#+...#@@#+
0x00,0x00,0x78,0x00,0x78,0x2f,0x80,  //........%@%*...+*@#++#@@#..
0x00,0x01,0xe0,0x00,0x1e,0xbd,0x00,  //.......*@%.......*@##@@%...
0x00,0x02,0x80,0x00,0x0b,0xf4,0x00,  //.......##.........%@@@%....
0x00,0x03,0x40,0x00,0x1f,0xd0,0x00,  //.......@%........%@@@*.....
0x00,0x03,0x40,0x00,0x7e,0x00,0x00,  //......*@*.......%@@#*......
0x00,0x03,0x40,0x02,0xf8,0x00,0x00,  //......*@*......#@@#+.......
0x00,0x03,0x40,0x0b,0xe0,0x00,0x00,  //......*@*....+#@@#.........
0x00,0x07,0x00,0x2f,0x80,0x00,0x00,  //......*@*...+#@@%..........
0x00,0x07,0x01,0xfd,0x00,0x80,0x00,  //......%@+..*@@@%....#......
0x00,0x0a,0x07,0xf4,0x01,0xc0,0x00,  //......##..*@@@*....%@*.....
0x00,0x0e,0x1f,0x90,0x00,0xd0,0x00,  //.....+@%.%@@#*.....*@%.....
0x00,0x1d,0xbe,0x00,0x00,0xa0,0x00,  //.....*@*%@@#+.......##.....
0x00,0x2a,0xf8,0x00,0x00,0x74,0x00,  //....+###@@#+........*@*....
0x00,0xbf,0xe0,0x00,0x00,0x2c,0x00,  //....%@@@@#...........#@+...
0x01,0xff,0x40,0x00,0x00,0x0e,0x00,  //...%@@@@%............+@#+..
0x07,0xfd,0x00,0xaa,0xaa,0xab,0x80,  //..*@@@@*...+%%%%%%%%%%#@%..
0x07,0xf4,0x02,0xff,0xff,0xfe,0x40,  //..%@@@*...+#@@@@@@@@@@@#*..
0x1f,0x80,0x09,0xff,0xc0,0x00,0x00,  //.%@@#*....%%@@@@@..........
0xbe,0x00,0x06,0x6f,0x80,0x00,0x00,  //%@@#+.....*#*#@@%..........
0x38,0x00,0x01,0xae,0x00,0x00,0x00,  //+@#........%#%@#+..........


/*  */
0x00,0x06,0xaa,0x40,0x00,  //......%%%%%%%......
0x00,0x1e,0xaa,0xd0,0x00,  //.....%@#%%%#@*.....
0x00,0x28,0x00,0xa0,0x00,  //.....##.....##.....
0x55,0x79,0x55,0xb5,0x54,  //****%@%*****#@%****
0xff,0xff,0xff,0xff,0xf8,  //@@@@@@@@@@@@@@@@@@%
0x1f,0xff,0xff,0xff,0xd0,  //**@@@@@@@@@@@@@@@*+
0x0f,0xff,0xff,0xff,0xc0,  //.*@@@@@@@@@@@@@@@*.
0x0f,0xc3,0x4b,0x0f,0xc0,  //.*@@@**@%.%@.*@@@*.
0x0f,0xc3,0x4b,0x0f,0xc0,  //.*@@@**@*.%@.*@@@*.
0x0f,0xc3,0x4b,0x0f,0xc0,  //.*@@@**@*.%@.*@@@*.
0x0f,0xc3,0x4b,0x0f,0xc0,  //.*@@@**@*.%@.*@@@*.
0x0f,0xc3,0x4b,0x0f,0xc0,  //.*@@@**@*.%@.*@@@*.
0x0f,0xc3,0x4b,0x0f,0xc0,  //.*@@@**@*.%@.*@@@*.
0x0f,0xc3,0x4b,0x0f,0xc0,  //.*@@@**@*.%@.*@@@*.
0x0f,0xc3,0x4b,0x0f,0xc0,  //.*@@@**@*.%@.*@@@*.
0x0f,0xc3,0x4b,0x0f,0xc0,  //.*@@@**@*.%@.*@@@*.
0x0f,0xc3,0x4b,0x0f,0xc0,  //.*@@@**@*.%@.*@@@*.
0x0f,0xeb,0xab,0xaf,0xc0,  //.*@@@##@#%#@%#@@@*.
0x0f,0xff,0xff,0xff,0xc0,  //.*@@@@@@@@@@@@@@@..
0x0b,0xff,0xff,0xff,0x80,  //..#@@@@@@@@@@@@@%..
0x02,0xaa,0xaa,0xa9,0x00,  //..+%%%%%%%%%%%%%...


/*  */
0x00,0x01,0xaa,0x50,0x00,0x00,  //......+*%%%%%*.......
0x00,0x2f,0xeb,0xf9,0x00,0x00,  //....+%@@@##@@@#*.....
0x00,0xb8,0x00,0x1b,0x80,0x00,  //...*#@%*....+*#@%....
0x07,0x80,0x00,0x01,0xe0,0x00,  //..*@#*.........%@#...
0x0a,0x01,0xbf,0x90,0x78,0x00,  //.+##+..*%@@@%*..%@%..
0x2c,0x0b,0xff,0xf8,0x2c,0x00,  //.%@*..%@@@@@@@#..%@*.
0x38,0x2e,0x40,0x2c,0x0e,0x00,  //*@%..%@#*...*#@*.+@#.
0x70,0x38,0x00,0x2c,0x07,0x00,  //%@*.*@#+.....%@*..%@+
0xa0,0xb4,0x00,0x00,0x07,0x40,  //##..%@%......+*...*@*
0xe0,0xb0,0x00,0x00,0x03,0x40,  //@%..#@*...........*@*
0xe0,0xf0,0x00,0x00,0x03,0x40,  //@%..@@*...........*@*
0xe0,0xb4,0x00,0x00,0x03,0x40,  //@%..#@*...........*@*
0xb0,0x78,0x00,0x04,0x07,0x40,  //%@..%@%......**+..*@*
0x70,0x3d,0x00,0x1d,0x0b,0x00,  //%@*.+@@*.....*@*..%@+
0x38,0x1f,0x40,0x6d,0x0e,0x00,  //+@%..%@@%+.+*#@*.+@%.
0x2d,0x07,0xff,0xf8,0x2c,0x00,  //.%@*..*@@@@@@@#..#@*.
0x0b,0x00,0x6a,0x40,0x74,0x00,  //..#@*..+%%%%%*..%@%..
0x02,0xd0,0x00,0x02,0xe0,0x00,  //..+#@*........+%@#...
0x00,0xb9,0x00,0x1f,0x40,0x00,  //...+#@#*+...*%@@%....
0x00,0x1b,0xff,0xf8,0x00,0x00,  //.....*#@@@@@@@#*.....
0x00,0x01,0x6a,0x40,0x00,0x00,  //.......*%%%%*+.......


/*  */
0x00,0x01,0xaa,0x90,0x00,0x00,  //......+*%%%%%*+......
0x00,0x1f,0xeb,0xfd,0x00,0x00,  //....+%@@@#%@@@@%+....
0x00,0xb8,0x00,0x1b,0x80,0x00,  //...*#@%*.....*%@#+...
0x07,0x80,0x00,0x00,0xa0,0x00,  //..*@#*....+....*##+..
0x0a,0x01,0xbe,0x45,0x28,0x00,  //.+##+..*#@@#%.**+##..
0x2c,0x0b,0xea,0xee,0x1d,0x00,  //.%@*..%@@#%#@#@%.*@*.
0x38,0x2e,0x00,0xbd,0x0a,0x00,  //+@%..%@#*...%@@%..##.
0x70,0x38,0x00,0x3d,0x07,0x00,  //%@*.*@#.....+@@*..%@*
0xa0,0xb4,0x00,0x3c,0x03,0x40,  //##..#@*......@@+..*@*
0xe0,0xf0,0x00,0x3c,0x03,0x40,  //@%..@@.......@@...*@*
0xe0,0xe0,0x00,0x38,0x03,0x40,  //@%.*@%......+@%...*@*
0xe0,0xe0,0x00,0x74,0x03,0x40,  //@%.*@%......%@%...*@*
0xb0,0xe0,0x00,0xb4,0x07,0x00,  //%@.*@#.....+#@*...%@*
0x70,0xf0,0x02,0xf0,0x1e,0x00,  //%@*.@@+....#@@*..*@#.
0x38,0x79,0x1b,0xb9,0xb8,0x00,  //+@%.%@#%*%#@#@%*#@#+.
0x1d,0x2f,0xf8,0x3f,0xd0,0x00,  //.%@*.%@@@@#+*@@@@%+..
0x0b,0x01,0x40,0x00,0x00,0x00,  //..#@*.+***....**.....
0x02,0xd0,0x00,0x02,0x40,0x00,  //..+#@*........+%%....
0x00,0xb9,0x00,0x1f,0x40,0x00,  //...+#@#*+...*%@@%....
0x00,0x1b,0xff,0xf8,0x00,0x00,  //.....*#@@@@@@@#*.....
0x00,0x00,0x6a,0x40,0x00,0x00,  //.......**%%%*+.......


/*  */
0x00,0x00,0x00,0x00,0x05,0x40,  //..................***+..
0x00,0x00,0x00,0x00,0x2f,0xf4,  //................+#@@@@%.
0x00,0x00,0x00,0x00,0xbf,0xfd,  //...............+#@@@@@@*
0x00,0x00,0x01,0x42,0xff,0xfe,  //...........%%.+#@@@@@@@#
0x00,0x00,0x07,0xeb,0xff,0xff,  //..........%@@%#@@@@@@@@@
0x00,0x00,0x1f,0xff,0xff,0xfe,  //.........%@@@@@@@@@@@@@#
0x00,0x00,0x3f,0xff,0xff,0xfd,  //........+@@@@@@@@@@@@@@%
0x00,0x00,0x1f,0xff,0xff,0xf8,  //.........*@@@@@@@@@@@@#.
0x00,0x00,0x0b,0xff,0xff,0xe0,  //.........+#@@@@@@@@@@#..
0x00,0x00,0x2f,0xff,0xff,0x80,  //........+#@@@@@@@@@@#...
0x00,0x00,0xbd,0x7f,0xfe,0x00,  //.......+#@@**@@@@@@#....
0x00,0x02,0xf4,0x1f,0xff,0x40,  //......+#@@*..*@@@@@@%...
0x00,0x0b,0xd0,0x0b,0xff,0xc0,  //.....+#@@*....%@@@@@@+..
0x00,0x2f,0x40,0x1f,0xff,0x40,  //....+#@@*....%@@@@@@*...
0x00,0xbd,0x00,0x7e,0x7d,0x00,  //...+#@@*....%@@#*@@*....
0x02,0xf4,0x01,0xf8,0x14,0x00,  //..+#@@*....%@@#..**.....
0x0b,0xd0,0x07,0xe0,0x00,0x00,  //..#@@*....%@@#..........
0x0f,0x40,0x1f,0x80,0x00,0x00,  //.*@@*....%@@#...........
0x0f,0x00,0x7e,0x00,0x00,0x00,  //.*@@*...%@@#............
0x0f,0x01,0xf8,0x00,0x00,0x00,  //.*@@*..%@@#.............
0x1f,0xab,0xe0,0x00,0x00,0x00,  //.*@@#%#@@#..............
0x2f,0xff,0x80,0x00,0x00,0x00,  //.#@@@@@@#...............
0x7f,0xa9,0x00,0x00,0x00,0x00,  //*@@@%%%%................
0xb4,0x00,0x00,0x00,0x00,0x00,  //#@%+....................


/*  */
0x00,0x00,0x00,0x00,0x00,0x14,  //....................***.
0x00,0x00,0x00,0x00,0x01,0xfd,  //...................*@@@%
0x00,0x00,0x00,0x00,0x07,0xff,  //..................%@@@@@
0x00,0x00,0x00,0x00,0x1f,0xfe,  //.................%@@@@@#
0x00,0x00,0x00,0x00,0xbf,0xfd,  //................#@@@@@@*
0x00,0x00,0x00,0x02,0xff,0xf8,  //...............#@@@@@@#.
0x00,0x00,0x00,0x0b,0xff,0xf4,  //.............+#@@@@@@@*.
0x00,0x00,0x00,0x2f,0xff,0xe0,  //............+#@@@@@@@#..
0x00,0x00,0x00,0xbf,0xff,0xc0,  //...........+#@@@@@@@@*..
0x00,0x00,0x03,0xff,0xff,0x80,  //..........+@@@@@@@@@%...
0x00,0x00,0x0b,0xff,0xff,0x00,  //..........%@@@@@@@@@+...
0x00,0x00,0x0b,0xff,0xfd,0x00,  //..........#@@@@@@@@*....
0x00,0x00,0x0b,0xff,0xf8,0x00,  //..........#@@@@@@@#.....
0x00,0x00,0x07,0xff,0xf0,0x00,  //..........*@@@@@@@+.....
0x00,0x01,0x92,0xff,0xd0,0x00,  //......**%*.#@@@@@*......
0x00,0x2f,0xf4,0x6a,0x00,0x00,  //.....#@@@@*.*##%*.......
0x00,0xbf,0xfd,0x00,0x00,0x00,  //....%@@@@@@%+...........
0x80,0xff,0xff,0xc0,0x00,0x00,  //#*.*@@@@@@@@@...........
0xb6,0xff,0xff,0xc0,0x00,0x00,  //#@%#@@@@@@@@@...........
0x7f,0xff,0xff,0x80,0x00,0x00,  //%@@@@@@@@@@@%...........
0x3f,0xff,0xff,0x40,0x00,0x00,  //*@@@@@@@@@@@%...........
0x2f,0xff,0xfe,0x00,0x00,0x00,  //.#@@@@@@@@@#+...........
0x0b,0xff,0xfd,0x00,0x00,0x00,  //.+#@@@@@@@@*............
0x02,0xff,0xe0,0x00,0x00,0x00,  //..+%@@@@@%+.............


/*  */
0x00,0x00,0x00,0x00,0x00,0x00,  //.....*......*.....++....
0x00,0x30,0x00,0xc0,0x06,0x00,  //.....@*....*@+....*#....
0x00,0xb8,0x02,0xd0,0x0b,0x40,  //....#@%...+#@%...+#@*...
0x01,0xf8,0x0b,0xe0,0x2f,0x40,  //...*@@%...%@@%...%@@*...
0x01,0xf8,0x07,0xd0,0x2f,0x40,  //...*@@%...%@@*...%@@*...
0x00,0x50,0x01,0x40,0x05,0x00,  //....**.....**.....**....
0x00,0x54,0x05,0x50,0x15,0x00,  //...****...****...****...
0x01,0xf8,0x0b,0xe0,0x2f,0x40,  //...*@@%...%@@%...%@@*...
0x01,0xf8,0x0b,0xe0,0x2f,0x40,  //...*@@%...%@@%...%@@*...
0x01,0xf8,0x0b,0xe0,0x2f,0x40,  //...*@@%...%@@%...%@@*...
0x01,0xf8,0x0b,0xe0,0x2f,0x40,  //...*@@%...%@@%...%@@*...
0x01,0xf8,0x0b,0xe0,0x2f,0x40,  //...*@@%...%@@%...%@@*...
0x16,0xf9,0x5b,0xe5,0x6f,0x94,  //.**%@@#***#@@#***#@@%**.
0x7f,0xff,0xff,0xff,0xff,0xfd,  //*@@@@@@@@@@@@@@@@@@@@@@*
0xbf,0xff,0xff,0xff,0xff,0xfe,  //#@@@@@@@@@@@@@@@@@@@@@@#
0xfe,0xbf,0xfe,0xbf,0xfe,0xbf,  //@@@##@@@@@@##@@@@@@##@@@
0xe0,0x0b,0xe0,0x0b,0xe0,0x0b,  //@#+..*#@@#*..+#@@#*..+#@
0x41,0x41,0x41,0x41,0x41,0x41,  //*..**..**..**..**..**..*
0x0b,0xe0,0x0b,0xe0,0x0b,0xe0,  //..%@@%....%@@%....%@@%..
0xbf,0xfe,0xbf,0xfe,0xbf,0xfe,  //%@@@@@@%%@@@@@@%%@@@@@@%
0xff,0xff,0xff,0xff,0xff,0xff,  //@@@@@@@@@@@@@@@@@@@@@@@@
0xff,0xff,0xff,0xff,0xff,0xff,  //@@@@@@@@@@@@@@@@@@@@@@@@
0xff,0xff,0xff,0xff,0xff,0xff,  //@@@@@@@@@@@@@@@@@@@@@@@@
0xff,0xff,0xff,0xff,0xff,0xff,  //@@@@@@@@@@@@@@@@@@@@@@@@


/*  */
0x90,0x00,0x00,0x00,0x00,0x00,0x00,  //%%.........................
0xe0,0x00,0x00,0x00,0x00,0x00,0x00,  //@%.........................
0xe0,0x00,0x20,0x00,0x00,0x00,0x00,  //@%......+#+................
0xe0,0x00,0xb8,0x00,0x00,0x00,0x00,  //@%......#@#+...............
0xe0,0x01,0xfe,0x00,0x00,0x00,0x00,  //@%.....%@@@#+..............
0xe0,0x07,0xff,0x80,0x00,0x00,0x00,  //@%....*@@@@@#+.......+*....
0xe0,0x0f,0xff,0xe0,0x00,0x24,0x00,  //@%...+@@@@@@@#+.....*#%....
0xe0,0x2f,0xff,0xf8,0x01,0xf8,0x00,  //@%...#@@@@@@@@#+...*@@#....
0xe0,0xbf,0xff,0xfe,0x07,0xfc,0x00,  //@%..%@@@@@@@@@@#+.%@@@@+...
0xe1,0xff,0xff,0xff,0xaf,0xfd,0x00,  //@%.*@@@@@@@@@@@@#%@@@@@*...
0xe1,0xff,0xff,0xff,0xff,0xfe,0x00,  //@%.*@@@@@@@@@@@@@@@@@@@#...
0xe1,0xff,0xff,0xff,0xff,0xff,0x00,  //@%.*@@@@@@@@@@@@@@@@@@@@...
0xe1,0xff,0xff,0xff,0xff,0xff,0x40,  //@%.*@@@@@@@@@@@@@@@@@@@@*..
0xe1,0xff,0xff,0xff,0xff,0xff,0x40,  //@%.*@@@@@@@@@@@@@@@@@@@@%..
0xe1,0xff,0xff,0xff,0xff,0xff,0x80,  //@%.*@@@@@@@@@@@@@@@@@@@@#..
0xe1,0xff,0xff,0xff,0xff,0xff,0xc0,  //@%.*@@@@@@@@@@@@@@@@@@@@@+.
0xe1,0xff,0xff,0xff,0xff,0xff,0xd0,  //@%.*@@@@@@@@@@@@@@@@@@@@@*.
0xe0,0x00,0x00,0x00,0x00,0x00,0x00,  //@%.+*********************+.
0xe0,0x00,0x00,0x00,0x00,0x00,0x00,  //@%.........................
0xff,0xff,0xff,0xff,0xff,0xff,0xfc,  //@@@@@@@@@@@@@@@@@@@@@@@@@@@
0xaa,0xaa,0xaa,0xaa,0xaa,0xaa,0xa8,  //%%%%%%%%%%%%%%%%%%%%%%%%%%%


/*  */
0x00,0x00,0x00,0x50,0x00,0x00,  //............***........
0x00,0x00,0x00,0xfe,0x40,0x00,  //............@@@#*......
0x00,0x01,0xa0,0xff,0xe0,0x00,  //......+*%%+.@@@@@#*....
0x00,0x2f,0xf0,0xff,0xfd,0x00,  //....+%@@@@*.@@@@@@@*...
0x00,0xbf,0xf0,0xff,0xff,0x00,  //...*#@@@@@*.@@@@@@@@+..
0x07,0xff,0xf0,0xff,0xff,0x80,  //..*@@@@@@@*.@@@@@@@@#..
0x0b,0xff,0xf0,0xff,0xff,0xd0,  //.+#@@@@@@@*.@@@@@@@@@*.
0x2f,0xff,0xf0,0xff,0xff,0xe0,  //.%@@@@@@@@*.@@@@@@@@@#.
0x3f,0xff,0xf0,0xff,0xff,0xf0,  //*@@@@@@@@@*.@@@@@@@@@@.
0x7f,0xff,0xf0,0xff,0xff,0xf0,  //%@@@@@@@@@*.@@@@@@@@@@*
0xbf,0xff,0xf0,0xaa,0xaa,0xa0,  //#@@@@@@@@@*.%%%%%%%%%%+
0xff,0xff,0xf0,0x00,0x00,0x00,  //@@@@@@@@@@*............
0xff,0xff,0xf4,0x15,0x55,0x54,  //@@@@@@@@@@*..**********
0xff,0xff,0xfd,0x0b,0xff,0xfc,  //@@@@@@@@@@@*.+#@@@@@@@@
0xbf,0xff,0xff,0x42,0xff,0xf8,  //%@@@@@@@@@@@*.+#@@@@@@#
0x7f,0xff,0xff,0xd0,0xbf,0xf8,  //%@@@@@@@@@@@@*.+#@@@@@%
0x3f,0xff,0xff,0xf4,0x2f,0xf0,  //+@@@@@@@@@@@@@*.+#@@@@*
0x2f,0xff,0xff,0xfd,0x0b,0xe0,  //.%@@@@@@@@@@@@@*.+#@@#.
0x0b,0xff,0xff,0xff,0x42,0xc0,  //..#@@@@@@@@@@@@@*.+#@+.
0x02,0xff,0xff,0xff,0xc0,0x40,  //..+#@@@@@@@@@@@@@*.+*..
0x00,0xbf,0xff,0xff,0x40,0x00,  //...+#@@@@@@@@@@@%......
0x00,0x1b,0xff,0xf8,0x00,0x00,  //.....*#@@@@@@@#*.......
0x00,0x01,0x6a,0x40,0x00,0x00,  //.......*%%%%*+.........


/*  */
0x90,0x00,0x00,0x00,0x00,0x00,0x00,  //%%.........................
0xe0,0x00,0x00,0x00,0x00,0x00,0x00,  //@%.................+*****+.
0xe0,0x00,0x00,0x00,0x02,0xff,0xe0,  //@%.................#@@@@@%.
0xe0,0x00,0x00,0x00,0x00,0xbf,0xe0,  //@%..................#@@@@%.
0xe0,0x00,0x00,0x00,0x00,0x7f,0xe0,  //@%..................%@@@@%.
0xe0,0x00,0x00,0x00,0x01,0xff,0xe0,  //@%.................%@@@@@%.
0xe0,0x00,0x00,0x00,0x07,0xfe,0xe0,  //@%................%@@@@#@%.
0xe0,0x00,0x05,0x00,0x1f,0xf4,0xa0,  //@%........*%.....%@@@@%.#%.
0xe0,0x00,0x1f,0x40,0x7f,0xd0,0x10,  //@%.......*@@%...%@@@@%...*.
0xe0,0x00,0x7f,0xd1,0xff,0x40,0x00,  //@%......*@@@@%.%@@@@%......
0xe0,0x01,0xff,0xfb,0xfd,0x00,0x00,  //@%.....*@@@@@@#@@@@%.......
0xe0,0x07,0xff,0xff,0xf4,0x00,0x00,  //@%....*@@@@@@@@@@@%........
0xe0,0x1f,0xf9,0xff,0xd0,0x00,0x00,  //@%...*@@@@#%@@@@@%.........
0xe0,0x7f,0xe0,0x7f,0x40,0x00,0x00,  //@%..*@@@@#..%@@@%..........
0xe1,0xff,0x80,0x1d,0x00,0x00,0x00,  //@%.*@@@@#....%@%...........
0xe1,0xfe,0x00,0x00,0x00,0x00,0x00,  //@%.%@@@#......*............
0xe0,0x78,0x00,0x00,0x00,0x00,0x00,  //@%..%@#....................
0xe0,0x10,0x00,0x00,0x00,0x00,0x00,  //@%...*.....................
0xe0,0x00,0x00,0x00,0x00,0x00,0x00,  //@%.........................
0xff,0xff,0xff,0xff,0xff,0xff,0xfc,  //@@@@@@@@@@@@@@@@@@@@@@@@@@@
0xaa,0xaa,0xaa,0xaa,0xaa,0xaa,0xa8,  //%%%%%%%%%%%%%%%%%%%%%%%%%%%


/*  */
0x00,0x1a,0x90,0x00,0x1a,0x80,  //....*%%#%%+.....+%#%%+..
0x02,0xff,0xfd,0x00,0xbf,0xe0,  //...%@@@@@@@%...+#@@@@#+.
0x0b,0xd0,0x6f,0x41,0xe0,0xa0,  //..#@@%***%@@%..%@#**##*.
0x2e,0x00,0x07,0xc2,0xc0,0x00,  //.%@#+.....*@@*.#@*..++..
0x3c,0x00,0x02,0xe2,0xd0,0x00,  //*@@+.......%@%.%@*......
0xb4,0x00,0x00,0xf1,0xe4,0x00,  //%@%........+@@+*@#*.....
0xb0,0x00,0x00,0xb4,0xbf,0x80,  //#@*.........%@%.#@@@%*..
0xf0,0x00,0x00,0x78,0x1b,0xf4,  //@@*.........*@#..%#@@@%.
0xf0,0x00,0x00,0x2d,0x00,0x7d,  //@@*..........#@*...*%@@*
0xb4,0x00,0x00,0x1e,0x00,0x1e,  //%@%..........%@%.....*@#
0x78,0x00,0x01,0x0f,0x00,0x0f,  //*@#+.......%.+@@*....*@@
0x2e,0x00,0x07,0x4b,0x80,0x1e,  //.#@#......*@%.%@#....*@#
0x0b,0x90,0x1f,0x42,0xe0,0x7d,  //.+#@#****%@@%.+#@#***@@*
0x02,0xff,0xfe,0x00,0xff,0xf8,  //..+#@@@@@@@%...*@@@@@@#.
0x00,0x6f,0xa0,0x00,0x2f,0x90,  //....*#@@#%*.....+%@@#*..


/*  */
0x06,0xaa,0xaa,0xaa,0xa4,0x00,  //.+%%%%%%%%%%%%%%%%*..
0x2f,0xff,0xff,0xff,0xfd,0x00,  //+#@@@@@@@@@@@@@@@@@%.
0xbf,0xff,0xff,0xff,0xff,0x00,  //%@@@@@@@@@@@@@@@@@@@*
0xff,0xff,0xff,0xff,0xff,0x40,  //@@@@@@@@@@@@@@@@@@@@*
0xff,0xff,0xff,0xff,0xff,0x40,  //@@@@@@@@@@@@@@@@@@@@*
0xff,0x90,0x1f,0xe0,0x2f,0x40,  //@@@@#*+.*%@@@#*.+%@@*
0xfd,0x00,0x07,0xc0,0x0b,0x40,  //@@@%..**+.*@@+.*++#@*
0xf8,0x2f,0xd1,0x87,0xaf,0x40,  //@@%.+#@@@*.%%.%@##@@*
0xf0,0xbf,0xf0,0x83,0xff,0x40,  //@@*.#@@@@@*.#.*@@@@@*
0xf1,0xff,0xf4,0x50,0x6f,0x40,  //@@.*@@@@@@%.%*.+*#@@*
0xf1,0xff,0xfc,0x34,0x07,0x40,  //@@.*@@@@@@@.*@%+..%@*
0xf1,0xff,0xfd,0x2f,0x83,0x40,  //@@.*@@@@@@@*.#@@#+.@*
0xf4,0xbf,0xf6,0x1f,0xd2,0x40,  //@@*.#@@@@@%#.*@@@*.%*
0xf8,0x2f,0x92,0x07,0x83,0x40,  //@@#.+#@@#*.#*.%@#*.@*
0xfd,0x00,0x07,0x80,0x07,0x40,  //@@@%..+*..*@#+.+..*@*
0xff,0x90,0x6f,0xe4,0x2f,0x40,  //@@@@#****%@@@#***%@@*
0xff,0xff,0xff,0xff,0xff,0x40,  //@@@@@@@@@@@@@@@@@@@@*
0xbf,0xff,0xff,0xff,0xff,0x40,  //#@@@@@@@@@@@@@@@@@@@*
0x7f,0xff,0xff,0xff,0xff,0x00,  //%@@@@@@@@@@@@@@@@@@@*
0x2f,0xff,0xff,0xff,0xfd,0x00,  //.#@@@@@@@@@@@@@@@@@%.
0x06,0xaa,0xaa,0xaa,0x90,0x00,  //..*%%%%%%%%%%%%%%%*..


/*  */
0x00,0x1b,0xff,0xff,0xff,0xe0,0x00,  //....+%#@@@@@@@@@@@@@@%*....
0x01,0xfa,0x5b,0xe5,0x55,0xbe,0x00,  //...*@@#%*%#@@#*****%#@@%+..
0x07,0x80,0x00,0xb4,0x00,0x0b,0x80,  //..%@#*.....*#@%......+%@#+.
0x1e,0x00,0x00,0x1d,0x00,0x01,0xe0,  //.*@#.........%@%.......*@#.
0x28,0x00,0x00,0x0b,0x00,0x00,0x74,  //.##...........#@+.......*@*
0x74,0x00,0x00,0x03,0x40,0x00,0x28,  //*@*...........*@%........##
0xb0,0x00,0x00,0x02,0x80,0x00,0x1c,  //%@.............##........%@
0xe0,0x00,0x00,0x01,0xc0,0x00,0x0c,  //@%.............%@........*@
0xe0,0x00,0x00,0x01,0xc0,0x00,0x0c,  //@%.............*@*.......*@
0xe0,0x00,0x00,0x02,0xc0,0x00,0x1c,  //@%.............%@........*@
0xb0,0x00,0x00,0x02,0x80,0x00,0x1c,  //%@.............##........%@
0x74,0x00,0x00,0x03,0x40,0x00,0x28,  //*@*...........*@%........##
0x28,0x00,0x00,0x0b,0x00,0x00,0x74,  //.##+..........#@+.......%@*
0x0e,0x00,0x00,0x2d,0x00,0x01,0xe0,  //.*@#+........#@*.......%@%.
0x07,0x90,0x01,0xb4,0x00,0x0b,0x80,  //..*@#*.....*#@%......*%@#..
0x00,0xbe,0xaf,0xfa,0xaa,0xbd,0x00,  //...*#@@%%%@@@@%%%%%%#@@%...
0x00,0x1b,0xff,0xff,0xff,0x90,0x00,  //.....*%@@@@@@@@@@@@@#%+....


/*  */
0x00,0x1b,0xff,0xff,0xff,0xe0,0x00,  //....+%#@@@@@@@@@@@@@@%*....
0x01,0xff,0xff,0xff,0xa5,0xbe,0x00,  //...*@@@@@@@@@@@@#%*%#@@%+..
0x07,0xff,0xff,0xf9,0x00,0x0b,0x80,  //..%@@@@@@@@@@@#*.....+%@#+.
0x1f,0xff,0xff,0xe0,0x00,0x01,0xe0,  //.*@@@@@@@@@@@#+........*@#.
0x2f,0xff,0xff,0xc0,0x00,0x00,0x74,  //.#@@@@@@@@@@@*..........*@*
0x7f,0xff,0xff,0x40,0x00,0x00,0x28,  //*@@@@@@@@@@@%............##
0xbf,0xff,0xff,0x00,0x00,0x00,0x1c,  //%@@@@@@@@@@@*............%@
0xff,0xff,0xff,0x00,0x00,0x00,0x0c,  //@@@@@@@@@@@@.............*@
0xff,0xff,0xff,0x00,0x00,0x00,0x0c,  //@@@@@@@@@@@@.............*@
0xff,0xff,0xff,0x00,0x00,0x00,0x1c,  //@@@@@@@@@@@@.............*@
0xbf,0xff,0xff,0x00,0x00,0x00,0x1c,  //%@@@@@@@@@@@*............%@
0x7f,0xff,0xff,0x80,0x00,0x00,0x28,  //*@@@@@@@@@@@%............##
0x2f,0xff,0xff,0xd0,0x00,0x00,0x74,  //.#@@@@@@@@@@@*..........%@*
0x0f,0xff,0xff,0xe0,0x00,0x01,0xe0,  //.*@@@@@@@@@@@#*........%@%.
0x07,0xff,0xff,0xfd,0x00,0x0b,0x80,  //..*@@@@@@@@@@@@%+....*%@#..
0x00,0xbf,0xff,0xff,0xea,0xbd,0x00,  //...*#@@@@@@@@@@@@#%%#@@%...
0x00,0x1b,0xff,0xff,0xff,0x90,0x00,  //.....*%@@@@@@@@@@@@@#%+....


/*  */
0x00,0x00,0x00,0x0f,0xf8,0x00,0x00,0x00,  //.............+@@@@#............
0x00,0x01,0x55,0x45,0x6d,0x00,0x00,0x00,  //.......******.***%@%...........
0x00,0x03,0xff,0x80,0x0b,0x00,0x00,0x00,  //.......@@@@@%.....#@*..........
0x00,0x00,0x07,0xaa,0xab,0x80,0x00,0x00,  //.......+**%@#%%%%%#@#..........
0x00,0x00,0x0f,0xff,0xff,0xd0,0x00,0x00,  //.........+@@@@@@@@@@@%.........
0x01,0xbe,0x6c,0x00,0x1e,0xb6,0xf9,0x00,  //...*#@@#*#@+.....*@##@%#@@#*...
0x0b,0xaa,0xf4,0x00,0x28,0x7e,0xaf,0x80,  //..#@#%%#@@*.....+##.*@@#%%@@%..
0x2d,0x01,0xf8,0x00,0xb0,0xbd,0x01,0xe0,  //.#@*...*@@#.....#@*.#@@%...%@%.
0x74,0x03,0x9d,0x01,0xd1,0xdb,0x00,0xb4,  //*@*...+@#%@*...%@*.%@*#@*...%@*
0xa0,0x0b,0x0a,0x07,0x82,0x83,0x80,0x38,  //##....#@+.##..*@%..##.+@#...+@%
0xe0,0x1e,0xab,0xaa,0x03,0x41,0xd0,0x28,  //@%...%@#%%#@%%##..+@%..*@%...#%
0xe0,0x1a,0xab,0xa8,0x03,0x40,0x90,0x28,  //@%...*%%%%#@%%%*..+@%...%*...#%
0xa0,0x00,0x0a,0x00,0x02,0x80,0x00,0x38,  //##........##.......##.......+@%
0x74,0x00,0x1d,0x00,0x01,0xd0,0x00,0xb4,  //*@*......*@*.......%@*......%@*
0x2d,0x00,0x78,0x00,0x00,0xb4,0x01,0xe0,  //.#@*....*@#.........#@*....%@%.
0x0b,0xaa,0xe0,0x00,0x00,0x2e,0xaf,0x80,  //..#@#%%#@#..........+#@#%%@@%..
0x01,0xbe,0x40,0x00,0x00,0x06,0xf9,0x00,  //...*#@@#*.............*#@@%*...


/*  */
0x00,0x01,0x55,0x40,0x00,0x00,  //......********+......
0x00,0xbf,0xff,0xfe,0x40,0x00,  //...*%@@@@@@@@@@#*....
0x07,0xe5,0x55,0x57,0xe0,0x00,  //..%@@#********%@@#+..
0x0f,0xd0,0x00,0x02,0xf8,0x00,  //.+@@@%*********#@@%..
0x1f,0xff,0xff,0xff,0xfc,0x00,  //.*@@@@@@@@@@@@@@@@@..
0x2e,0x55,0x55,0x55,0x7c,0x00,  //.%@#************%@@*.
0x2c,0x00,0x00,0x00,0x2d,0x00,  //.#@*.............%@*.
0x3c,0x00,0x00,0x00,0x1e,0x00,  //+@@..............*@%.
0x38,0x00,0x00,0x00,0x0e,0x00,  //*@#..............*@#.
0x78,0x00,0x00,0x00,0x0f,0x00,  //%@%..............+@@+
0xb4,0x00,0x00,0x00,0x0b,0x40,  //%@*...............#@*
0xf0,0x00,0x00,0x00,0x0b,0x40,  //@@*...............%@*
0xf9,0x55,0x55,0x55,0x5f,0x40,  //@@#**************%@@*
0xff,0xff,0xff,0xff,0xff,0x40,  //@@@@@@@@@@@@@@@@@@@@*
0xff,0xff,0xff,0xff,0xff,0x40,  //@@@@@@@@@@@@@@@@@@@@*
0xf0,0x7f,0xff,0xfe,0x07,0x40,  //@@*.*@@@@@@@@@@#+.%@*
0xe0,0x2f,0xff,0xfd,0x03,0x40,  //@%...#@@@@@@@@@*..*@*
0xe0,0x3f,0xff,0xfe,0x07,0x40,  //@#...@@@@@@@@@@%..*@*
0xf9,0xbf,0xff,0xff,0x9f,0x40,  //@@#%#@@@@@@@@@@@%%@@*
0xff,0xff,0xff,0xff,0xff,0x40,  //@@@@@@@@@@@@@@@@@@@@*
0xff,0xff,0xff,0xff,0xff,0x40,  //@@@@@@@@@@@@@@@@@@@@*
0x0f,0xc0,0x00,0x01,0xf8,0x00,  //.*@@@*.........*@@%..
0x0f,0xc0,0x00,0x01,0xf8,0x00,  //.*@@@*.........*@@%..
0x0b,0x80,0x00,0x00,0xf4,0x00,  //.+#@#..........*@@%..


/*  */
0x00,0x00,0x1b,0xff,0xe4,0x00,0x00,  //........+%#@@@@@@#*........
0x00,0x01,0xff,0xeb,0xfe,0x00,0x00,  //.......*@@@@@%#@@@@#+......
0x00,0x0b,0xe4,0x00,0x2f,0x80,0x00,  //......%@@#*+....*%@@#*.....
0x00,0x2f,0x40,0x00,0x02,0xe0,0x00,  //.....%@@%.........*#@#+....
0x00,0x7d,0x00,0x00,0x00,0xb8,0x00,  //....*@@*...........+#@#....
0x00,0xb4,0x00,0x00,0x00,0x3d,0x00,  //....#@%.............+@@*...
0x01,0xe0,0xbf,0xff,0xff,0xff,0xf8,  //...*@#..#@@@@@@@@@@@@@@@@@#
0x02,0xd0,0xff,0xff,0xff,0xff,0xfc,  //...#@%.+@@@@@@@@@@@@@@@@@@@
0x03,0xc0,0x00,0x00,0x00,0x0b,0x40,  //..+@@*..+*************#@%**
0x03,0xc0,0x15,0x55,0x54,0x07,0x80,  //..*@@...***********...%@%..
0x03,0xc0,0xff,0xff,0xfd,0x07,0x80,  //..*@@...@@@@@@@@@@@*..*@%..
0x03,0xc0,0x6a,0xaa,0xa8,0x07,0x80,  //..*@@...%%%%%%%%%%%+..%@%..
0x07,0xd0,0x00,0x00,0x00,0x0b,0x40,  //.**@@*************+...%@%..
0xbf,0xff,0xff,0xff,0xfd,0x0f,0x40,  //#@@@@@@@@@@@@@@@@@@*..@@*..
0xbf,0xff,0xff,0xff,0xfd,0x1e,0x00,  //#@@@@@@@@@@@@@@@@@@*.*@#...
0x00,0xf8,0x00,0x00,0x00,0x2d,0x00,  //.***@@%***********+.+#@%...
0x00,0x7d,0x00,0x00,0x00,0xb8,0x00,  //....%@@*............#@#....
0x00,0x2f,0x40,0x00,0x02,0xf0,0x00,  //.....#@@*.........+#@@*....
0x00,0x0b,0xe0,0x00,0x1f,0xd0,0x00,  //......#@@%*.....+%@@@*.....
0x00,0x02,0xff,0xaa,0xfe,0x00,0x00,  //.......%@@@@%%%#@@@#*......
0x00,0x00,0x2f,0xff,0xe4,0x00,0x00,  //........*%@@@@@@@#*........
0x00,0x00,0x01,0x55,0x00,0x00,0x00,  //..........+******..........


/*  */
0x00,0x10,0x00,0x00,0x00,  //....**+..........
0x00,0xf8,0x00,0x1e,0x00,  //...*@@#......%@#.
0x01,0x89,0x00,0x77,0x40,  //...%#.#*....*@%@*
0x01,0xc7,0x00,0x93,0x40,  //...*@.*@....#*.@*
0x00,0xc3,0x41,0xc3,0x00,  //...*@++@*..*@+*@*
0x00,0xd2,0x82,0x87,0x00,  //....@%.##..##.%@.
0x00,0xa1,0xc3,0x4a,0x00,  //....##.*@**@*.##.
0x00,0x70,0xd7,0x0d,0x00,  //....*@++@%%@.+@*.
0x00,0x34,0xae,0x1c,0x00,  //....+@%.%#@%.%@+.
0x00,0x29,0xbd,0x28,0x00,  //.....##*%@@*.##..
0x00,0xaf,0xff,0xb8,0x00,  //...*%#@@@@@@#@%..
0x03,0xbd,0x00,0x6e,0x00,  //..*@#@@%..***#@#+
0x0a,0x0e,0x00,0x02,0x80,  //..%#.+@#......+#%
0x06,0x07,0xe5,0x42,0x80,  //..%#..*@@%****.%#
0x1b,0x42,0xaf,0xe1,0xc0,  //.*#@*..###@@@#.*@
0x7a,0xc1,0xde,0x01,0xc0,  //*@%#@+.%@*@#*..%@
0xa0,0xa0,0xf4,0x02,0x80,  //%#..##++@@%....%#
0xa8,0x2a,0xe0,0x02,0x80,  //%%%.+##%@#.....#%
0xaa,0x1f,0xd0,0x03,0x40,  //%#%#.*@@@*....*@*
0x76,0xad,0xd0,0x0a,0x00,  //*@%###@*@*....##.
0x29,0xb8,0x90,0x1d,0x00,  //.##*%@%.#%...%@*.
0x0e,0x00,0x20,0x78,0x00,  //.*@#*...*%..%@%..
0x02,0xd0,0x06,0xe0,0x00,  //..*#@%*****#@%...
0x00,0x7f,0xfe,0x00,0x00,  //...+%@@@@@@#*....


/*  */
0xaa,0xaa,0xaa,0xaa,0xaa,0xaa,0xa8,  //%%%%%%%%%%%%%%%%%%%%%%%%%%%
0xff,0xff,0xff,0xff,0xff,0xff,0xfc,  //@@@@@@@@@@@@@@@@@@@@@@@@@@@
0xff,0xfe,0xaa,0xaa,0xaa,0xff,0xfc,  //@@@@@@@#%%%%%%%%%%%%@@@@@@@
0xfe,0x40,0x00,0x00,0x00,0x02,0xfc,  //@@@#*+................*%@@@
0xfd,0x00,0x00,0x00,0x00,0x00,0xbc,  //@@@*....................#@@
0xf8,0x02,0xf8,0x00,0x7e,0x40,0x7c,  //@@#...*#@@#*....%@@#%...*@@
0xf8,0x0f,0xff,0x02,0xff,0xe0,0x3c,  //@@%..*@@@@@@*..%@@@@@#..*@@
0xf8,0x2f,0xaf,0x87,0xe6,0xf4,0x3c,  //@@%..#@@%%@@#.*@@#%#@@*.*@@
0xf4,0x3e,0x0b,0xcb,0xc0,0xf4,0x3c,  //@@%.*@@%..%@@.%@@*.*@@%.*@@
0xf4,0x7d,0x01,0x4f,0xc0,0x54,0x3c,  //@@*.*@@*..***+@@@...***.*@@
0xf4,0x7c,0x00,0x0f,0x80,0x00,0x3c,  //@@*.*@@*......@@#.......*@@
0xf4,0x7c,0x00,0x0f,0x80,0x00,0x3c,  //@@*.*@@*......@@#.......*@@
0xf8,0x7d,0x07,0xcb,0xc0,0xf8,0x3c,  //@@%.*@@%..%@@*#@@...@@%.*@@
0xf8,0x3e,0x0b,0x87,0xd1,0xf4,0x3c,  //@@%.+@@#**#@#.%@@%*%@@*.*@@
0xf8,0x1f,0xff,0x42,0xff,0xe0,0x3c,  //@@%..%@@@@@@*.+#@@@@@#+.*@@
0xfc,0x0b,0xfd,0x00,0xbf,0x80,0x7c,  //@@@...%@@@@%...+#@@@#*..%@@
0xfd,0x00,0x50,0x00,0x15,0x00,0xbc,  //@@@%...+**+......***...+#@@
0xff,0x90,0x00,0x00,0x00,0x06,0xfc,  //@@@@%***+..........+**%#@@@
0xff,0xff,0xff,0xff,0xff,0xff,0xfc,  //@@@@@@@@@@@@@@@@@@@@@@@@@@@
0xff,0xff,0xff,0xff,0xff,0xff,0xfc,  //@@@@@@@@@@@@@@@@@@@@@@@@@@@
0xaa,0xaa,0xaa,0xaa,0xaa,0xaa,0xa8,  //%%%%%%%%%%%%%%%%%%%%%%%%%%%


/*  */
0xaa,0xaa,0x40,0x01,0xa0,  //%%%%%%%%%*.....*%%
0xff,0xff,0xf4,0x01,0xf0,  //@@@@@@@@@@%....*@@
0xff,0xff,0xfe,0x01,0xf0,  //@@@@@@@@@@@%...*@@
0xfc,0x00,0xbf,0x41,0xf0,  //@@@*****%@@@*..*@@
0xfc,0x00,0x1f,0x81,0xf0,  //@@@......%@@#..*@@
0xfc,0x1a,0x0b,0xc1,0xf0,  //@@@..%%%+.#@@+.*@@
0xfc,0x2f,0x0b,0xc1,0xf0,  //@@@..%@@*.%@@*.*@@
0xfc,0x2f,0x0b,0xc1,0xf0,  //@@@..%@@*.%@@*.*@@
0xfc,0x2f,0x0b,0xc1,0xf0,  //@@@..%@@*.%@@*.*@@
0xfc,0x2f,0x0b,0xc1,0xf0,  //@@@..%@@*.%@@*.*@@
0xfc,0x2f,0x0b,0xc1,0xf0,  //@@@..%@@*.%@@*.*@@
0xfc,0x2f,0x0b,0xc1,0xf0,  //@@@..%@@*.%@@*.*@@
0xfc,0x2f,0x0b,0xc1,0xf0,  //@@@..%@@*.%@@*.*@@
0xfc,0x2f,0x06,0x82,0xf0,  //@@@..%@@*.%%%+.#@@
0xfc,0x2f,0x00,0x03,0xf0,  //@@@..%@@*.....*@@@
0xfc,0x2f,0x00,0x1b,0xd0,  //@@@..%@@*....*#@@%
0xfc,0x2f,0xff,0xff,0x80,  //@@@..%@@@@@@@@@@#.
0xfc,0x2f,0xff,0xfe,0x00,  //@@@..%@@@@@@@@@#+.
0xfc,0x2f,0xff,0xe4,0x00,  //@@@..%@@@@@@@%*...


/*  */
0x1a,0xaa,0xaa,0xaa,0xa8,0x00,  //.*%%%%%%%%%%%%%%%%%+.
0x7f,0xff,0xff,0xff,0xfe,0x00,  //*@@@@@@@@@@@@@@@@@@#.
0xbf,0xff,0xff,0xff,0xff,0x40,  //#@@@@@@@@@@@@@@@@@@@*
0xff,0xff,0xff,0xff,0xff,0x40,  //@@@@@@@@@@@@@@@@@@@@*
0xff,0xff,0xff,0xff,0xff,0x40,  //@@@@@@@@@@@@@@@@@@@@*
0xff,0xff,0xff,0xff,0xff,0x40,  //@@@@@@@@@@@@@@@@@@@@*
0xff,0xff,0xff,0xff,0xff,0x40,  //@@@@@@@@@@@@@@@@@@@@*
0xfe,0xae,0xaf,0xea,0xaf,0x40,  //@@@%%#@#%#@@@#%%%#@@*
0xe0,0x00,0x03,0x40,0x07,0x40,  //@#+...*...*@*.....*@*
0xe2,0xe2,0xd3,0x1f,0xd3,0x40,  //@%.#@%.#@%.@**@@@*.@*
0xe3,0xe3,0xe3,0x1f,0xd3,0x40,  //@%.@@%.@@%.@**@@@*.@*
0xe3,0xe3,0xe3,0x1f,0xd3,0x40,  //@%.@@%.@@%.@**@@@*.@*
0xe3,0xe3,0xe3,0x00,0x07,0x40,  //@%.@@%.@@%.@*+....*@*
0xff,0xff,0xff,0x1f,0xff,0x40,  //@@@@@@@@@@@@**@@@@@@*
0xff,0xff,0xff,0x1f,0xff,0x40,  //@@@@@@@@@@@@**@@@@@@*
0xff,0xff,0xff,0xaf,0xff,0x40,  //@@@@@@@@@@@@##@@@@@@*
0xff,0xff,0xff,0xff,0xff,0x40,  //@@@@@@@@@@@@@@@@@@@@*
0xff,0xff,0xff,0xff,0xff,0x40,  //@@@@@@@@@@@@@@@@@@@@*
0xbf,0xff,0xff,0xff,0xff,0x40,  //#@@@@@@@@@@@@@@@@@@@*
0x3f,0xff,0xff,0xff,0xfe,0x00,  //*@@@@@@@@@@@@@@@@@@#.
0x0a,0xaa,0xaa,0xaa,0xa4,0x00,  //.*%%%%%%%%%%%%%%%%%..


/*  */
0x06,0xaa,0xaa,0xaa,0xa4,0x00,  //.+%%%%%%%%%%%%%%%%*..
0x2f,0xff,0xff,0xff,0xfd,0x00,  //+#@@@@@@@@@@@@@@@@@%.
0xbf,0xff,0xff,0xff,0xff,0x00,  //%@@@@@@@@@@@@@@@@@@@*
0xff,0xfd,0x55,0x6f,0xff,0x40,  //@@@@@@@%*****#@@@@@@*
0xff,0xfc,0x00,0x1f,0xff,0x40,  //@@@@@@@......*@@@@@@*
0xff,0xf8,0x00,0x0f,0xff,0x40,  //@@@@@@%...+..+@@@@@@*
0xff,0xf4,0x04,0x0b,0xff,0x40,  //@@@@@@*...*...#@@@@@*
0xff,0xf0,0x08,0x07,0xff,0x40,  //@@@@@@+..*#...%@@@@@*
0xff,0xe0,0x1c,0x03,0xff,0x40,  //@@@@@#...*@...+@@@@@*
0xff,0xd0,0x2c,0x02,0xff,0x40,  //@@@@@*...%@*...#@@@@*
0xff,0xc0,0x3d,0x01,0xff,0x40,  //@@@@@+...@@%...%@@@@*
0xff,0x80,0x3e,0x00,0xff,0x40,  //@@@@#...*@@#...*@@@@*
0xff,0x40,0x7f,0x00,0xbf,0x40,  //@@@@%...%@@@+...#@@@*
0xff,0x00,0x00,0x40,0x7f,0x40,  //@@@@+......**...%@@@*
0xfe,0x00,0x07,0x80,0x3f,0x40,  //@@@#......*@%...*@@@*
0xfd,0x00,0x1f,0x80,0x2f,0x40,  //@@@%.....%@@#....#@@*
0xfc,0x00,0xbf,0xc0,0x2f,0x40,  //@@@*....#@@@@+...%@@*
0xbe,0xaa,0xff,0xea,0xaf,0x40,  //#@@%%%%#@@@@@#%%%#@@*
0x7f,0xff,0xff,0xff,0xff,0x00,  //%@@@@@@@@@@@@@@@@@@@+
0x2f,0xff,0xff,0xff,0xfd,0x00,  //.#@@@@@@@@@@@@@@@@@*.
0x06,0xaa,0xaa,0xaa,0x90,0x00,  //..*%%%%%%%%%%%%%%%*..


/*  */
0x00,0x01,0x00,0x10,0x00,0x40,0x00,  //......+**************......
0x00,0x07,0xaa,0xaa,0xaa,0xc0,0x00,  //......%@#%%%%#%%%###@......
0x00,0x09,0x40,0x01,0x50,0x50,0x00,  //.....+#%*......****+%*.....
0x00,0x15,0x10,0x10,0x10,0x20,0x00,  //.....%**.*..***..**.+#+....
0x00,0x21,0x09,0x00,0x10,0x18,0x00,  //....*#.*.*%*+...+*...*%....
0x00,0x92,0x41,0x00,0x00,0x08,0x00,  //....#*+%*+.*...+*.....#*...
0x01,0xd1,0x00,0x40,0x00,0x06,0x00,  //...%@***...+*.+*......*#+..
0x02,0x81,0x00,0x14,0x00,0x02,0x40,  //...#%..*....+**.......+#*..
0x05,0x11,0x00,0x10,0x00,0x01,0x80,  //..*%.*.*....+%*......+*%#..
0x08,0x05,0x00,0x40,0x00,0x11,0x50,  //.+#+..**....*.+*....+*.*%%.
0x24,0x01,0x01,0x00,0x40,0x40,0x20,  //.%*....%...*...+*..+%.*+.#+
0x20,0x01,0x44,0x00,0x41,0x04,0x18,  //*#.....%*.*.....**.*..*..*%
0x90,0x01,0x20,0x00,0x14,0x04,0x0c,  //#%.....*+#.......**...*...@
0x20,0x01,0x44,0x00,0x10,0x04,0x18,  //*#.....**+*......**+..*..%%
0x14,0x02,0x01,0x00,0x40,0x00,0x20,  //.%%....%...*....*..*+.*.+#.
0x08,0x05,0x00,0x41,0x00,0x50,0x90,  //..#+..**....*..*....**+.%*.
0x06,0x11,0x00,0x14,0x00,0x20,0x80,  //..*%.*.*.....**......%.*#..
0x02,0x81,0x00,0x14,0x00,0x16,0x00,  //...#%+.*.....%*......**#*..
0x01,0xd6,0x55,0x96,0x55,0x6a,0x00,  //...%@**%****%**#*****%##...
0x00,0x91,0x01,0x00,0x00,0x08,0x00,  //....%*.*...*...+*...+*#+...
0x00,0x21,0x04,0x00,0x00,0x24,0x00,  //....+#.*..*.....+*..*%%....
0x00,0x15,0x10,0x00,0x00,0x60,0x00,  //.....%%*.*.......+*.%#.....
0x00,0x09,0x40,0x00,0x00,0x90,0x00,  //......#**.........+*#*.....
0x00,0x07,0xff,0xff,0xff,0xc0,0x00,  //......%@@@@@@@@@@@@@@......


/*  */
0x00,0x00,0x00,0x00,0x00,  //..................+
0x00,0x00,0x00,0x00,0x08,  //.................+%
0x00,0x00,0x00,0x00,0x28,  //................+#%
0x00,0x00,0x00,0x00,0xb8,  //...............+#@%
0x00,0x00,0x00,0x02,0xf8,  //..............+#@@%
0x06,0xaa,0xaa,0xab,0xf8,  //..*%%%%%%%%%%%#@@@%
0x2f,0xff,0xff,0xff,0xf8,  //.%@@@@@@@@@@@@@@@@%
0x7f,0xff,0xff,0xff,0xf8,  //*@@@@@@@@@@@@@@@@@%
0xbf,0xff,0xff,0xff,0xf8,  //#@@@@@@@@@@@@@@@@@%
0xff,0xff,0xff,0xff,0xf8,  //@@@@@@@@@@@@@@@@@@%
0xff,0x80,0x00,0x1f,0xf8,  //@@@@#*.......*@@@@%
0xff,0x80,0x00,0x0b,0xf8,  //@@@@%.........#@@@%
0xff,0x80,0x00,0x0b,0xf8,  //@@@@%.........%@@@%
0xff,0x80,0x00,0x0b,0xf8,  //@@@@%.........%@@@%
0xff,0x80,0x00,0x0b,0xf8,  //@@@@%.........%@@@%
0xff,0x80,0x00,0x0b,0xf8,  //@@@@%.........%@@@%
0xff,0x80,0x00,0x0b,0xf8,  //@@@@%.........%@@@%
0xff,0x80,0x00,0x07,0xf8,  //@@@@%.........%@@@%
0xff,0x80,0x00,0x01,0xf8,  //@@@@#..........%@@%
0xff,0xd0,0x00,0x00,0xb8,  //@@@@@%**********#@%
0xff,0xff,0xff,0xff,0xf8,  //@@@@@@@@@@@@@@@@@@%
0xbf,0xff,0xff,0xff,0xf4,  //#@@@@@@@@@@@@@@@@@%
0x3f,0xff,0xff,0xff,0xf0,  //*@@@@@@@@@@@@@@@@@+
0x1b,0xff,0xff,0xff,0x80,  //.*#@@@@@@@@@@@@@#*.


/*  */
0x00,0x01,0xa9,0x00,0x00,0x00,  //......+*%%%%+........
0x00,0x1f,0xe4,0x00,0x00,0x00,  //....+%@@@#*..........
0x00,0xbf,0x40,0x06,0x80,0x00,  //...*#@@@*.....*#%....
0x07,0xf8,0x00,0x6f,0xe0,0x00,  //..*@@@#+....*#@@@#...
0x0b,0xe0,0x02,0xff,0x90,0x00,  //.+#@@#....*#@@@@%*...
0x2f,0x80,0x1f,0xf4,0x00,0x00,  //.%@@#....%@@@@%+.....
0x3e,0x00,0xbf,0x80,0x01,0x00,  //+@@#....#@@@#+....+*.
0x7c,0x02,0xfd,0x00,0x2f,0x00,  //%@@+...#@@@*....*%@@.
0xb4,0x0b,0xf4,0x02,0xff,0x00,  //#@*...#@@@*....%@@@@*
0xe0,0x2f,0xc0,0x0b,0xf9,0x00,  //@#...%@@@*...*#@@@#*+
0xc0,0x7f,0x40,0x7f,0xd0,0x00,  //@*..*@@@*...*@@@@*...
0x80,0xbd,0x01,0xfe,0x00,0x00,  //#...#@@*...%@@@#+....
0x01,0xf8,0x07,0xf4,0x01,0x00,  //+..%@@%...*@@@%....%*
0x03,0xf0,0x0f,0xd0,0x0b,0x00,  //...@@@+..*@@@%...+#@.
0x07,0xd0,0x2f,0x40,0x7d,0x00,  //..*@@%..+#@@%...*@@%.
0x0b,0xc0,0xbe,0x01,0xfc,0x00,  //..#@@+..%@@#...*@@@+.
0x0b,0x40,0xf8,0x07,0xfc,0x00,  //..#@%..*@@#+..*@@@@*.
0x02,0x02,0xf4,0x0f,0xfd,0x00,  //..+#*..%@@*..*@@@@@%.
0x00,0x03,0xe0,0x2f,0xfe,0x00,  //...+..+@@#...#@@@@@#.
0x00,0x07,0xd0,0x78,0x6f,0x00,  //......%@@*..%@%**#@@*
0x00,0x00,0x40,0x40,0x01,0x00,  //.......**...*+....+**


/*  */
0x00,0x6b,0xf9,0x01,0xbf,0xa4,0x00,  //....*%#@@@#%*.+*%@@@#%*+...
0x06,0xfe,0xaf,0xeb,0xea,0xff,0x80,  //..*#@@@#%#@@@##@@#%%@@@@%+.
0x0e,0x56,0xa5,0xb9,0x54,0x06,0xd0,  //..@#%**%%%**%@#%*%*..+*#@*.
0x0e,0xbf,0xff,0x56,0xf4,0x00,0xd0,  //.+@%#@@@@@@@%%*#@@*....*@%.
0x0d,0xff,0xff,0xef,0xf8,0x00,0xe0,  //.*@%@@@@@@@@@#@@@@%....+@%.
0x1d,0xff,0xff,0xff,0xf8,0x00,0xe0,  //.*@%@@@@@@@@@@@@@@%.....@%.
0x1d,0xff,0xff,0xff,0xf8,0x00,0xb0,  //.*@%@@@@@@@@@@@@@@%.....#@.
0x1d,0xff,0xff,0xff,0xf8,0x00,0xb0,  //.%@*@@@@@@@@@@@@@@%.....%@.
0x2d,0xff,0xff,0xff,0xfc,0x00,0xb0,  //.%@%@@@@@@@@@@@@@@@.....%@*
0x2d,0xff,0xff,0xff,0xfc,0x00,0x70,  //.#@*@@@@@@@@@@@@@@@.....*@*
0x3a,0xff,0xff,0xff,0xfc,0x00,0x74,  //.@#%@@@@@@@@@@@@@@@.....*@*
0x3a,0xff,0xff,0xff,0xfc,0x00,0x34,  //+@%%@@@@@@@@@@@@@@@.....*@*
0x37,0xff,0xff,0xff,0xfc,0x00,0x38,  //*@%@@@@@@@@@@@@@@@@+....*@%
0x77,0xff,0xff,0xff,0xfc,0x00,0x38,  //*@*@@@@@@@@@@@@@@@@*.....@%
0x77,0xe5,0x56,0xfe,0x54,0x00,0x38,  //*@%@@#%***%#@@@#%**+.....@#
0x75,0x6b,0xfa,0x55,0xbf,0xe4,0x2c,  //%@***%#@@@#%*%*%#@@@@#%+.%@
0xbb,0xfe,0xab,0xef,0xea,0xbf,0xac,  //%@%@@@@%%%#@@#@@@#%%#@@@##@
0xbe,0x40,0x00,0xb9,0x00,0x06,0xfc,  //#@@#%+.....*%@#*......*%@@@
0x90,0x00,0x00,0x10,0x00,0x00,0x18,  //%%*..........*+.........+*%


/*  */
0x00,0x00,0x00,0x6f,0xf9,0x00,0x00,  //............*#@@@@#%.......
0x00,0x00,0x01,0xff,0xff,0x80,0x00,  //...........%@@@@@@@@#+.....
0x00,0x00,0x07,0xff,0xff,0xe0,0x00,  //..........%@@@@@@@@@@#.....
0x00,0x00,0x0f,0xff,0xff,0xf4,0x00,  //.........*@@@@@@@@@@@@%....
0x00,0x19,0x2f,0xff,0xff,0xfc,0x00,  //.....*%%+%@@@@@@@@@@@@@....
0x00,0xbf,0xff,0xff,0xe0,0xfd,0x00,  //...+#@@@@@@@@@@@@%**@@@*...
0x02,0xff,0xff,0xff,0xd0,0xfd,0x00,  //...%@@@@@@@@@@@@@*..@@@*...
0x03,0xff,0xff,0xff,0xd0,0xfd,0x00,  //...@@@@@@@@@@@@@@*..@@@*...
0x03,0xff,0xff,0xe0,0x90,0xfd,0x00,  //...@@@@@@@@@@%..#*..@@@%...
0x0b,0xff,0xe5,0x90,0x90,0xff,0x80,  //..%@@@@@@#**#*..%*..@@@@#*.
0x2f,0xe0,0xa0,0x90,0x90,0xff,0xf0,  //.#@@@#**%%..%*..%*..@@@@@@*
0x7f,0xe0,0x60,0x90,0x90,0xff,0xf8,  //*@@@@%..*%..%*..%*..@@@@@@#
0xbf,0xe0,0x60,0x90,0x90,0xff,0xfc,  //#@@@@%..*%..%*..%*..@@@@@@@
0xff,0xe0,0x60,0x90,0x90,0xff,0xfc,  //@@@@@%..*%..%*..%*..@@@@@@@
0xff,0xe0,0x60,0x90,0x90,0xff,0xfc,  //@@@@@%..*%..%*..%*..@@@@@@@
0xbf,0xe0,0x60,0x90,0x90,0xff,0xfc,  //%@@@@%..*%..%*..%*..@@@@@@@
0x3f,0xe5,0xa5,0xa5,0xa5,0xff,0xf8,  //*@@@@#%*##**##**##*%@@@@@@%
0x1f,0xff,0xff,0xff,0xff,0xff,0xe0,  //.%@@@@@@@@@@@@@@@@@@@@@@@#.
0x02,0xff,0xff,0xff,0xff,0xff,0x40,  //..*#@@@@@@@@@@@@@@@@@@@@%..


/*  */
0x55,0x55,0x55,0x55,0x55,0x00,  //*********************
0xea,0xaa,0xaa,0xaa,0xaa,0x40,  //@#%%%%%%%%%%%%%%%%%#*
0xc4,0x55,0x11,0x11,0x16,0x40,  //@*************+****%*
0xc0,0x00,0x00,0x00,0x02,0x40,  //@*.................%*
0xd5,0x55,0x55,0x55,0x56,0x40,  //@%*****************#*
0xea,0xaa,0xaa,0xaa,0xaa,0x40,  //@#%%%%%%%%%%%%%%%%%#*
0xc4,0x55,0x11,0x11,0x16,0x40,  //@*************+****%*
0xc4,0x00,0x00,0x00,0x06,0x40,  //@**...............*%*
0xc0,0x00,0x00,0x00,0x02,0x40,  //@**...............*%*
0xc4,0x00,0x6e,0x00,0x06,0x40,  //@**.....%#@%*.....*%*
0xc0,0x02,0xff,0xd0,0x02,0x40,  //@**....#@@@@@*....*%*
0xc4,0x07,0x44,0xa0,0x06,0x40,  //@**...%@****##....*%*
0xc0,0x0b,0x2a,0xf0,0x02,0x40,  //@**...#@+%%%@@*...*%*
0xc4,0x0f,0x94,0xb0,0x06,0x40,  //@**...@@%**+%@*...*%*
0xc0,0x0b,0x28,0xb0,0x02,0x40,  //@**...#@*%%*%@+...*%*
0xc4,0x03,0x96,0xe0,0x06,0x40,  //@**...*@#**#@%....*%*
0xc4,0x01,0xff,0x80,0x06,0x40,  //@**....*@@@@%.....*%*
0xc4,0x00,0x14,0x00,0x06,0x40,  //@*%.....+**+......*%*
0xe1,0x00,0x00,0x00,0x56,0x40,  //@%***..........+***#*
0x2e,0x50,0x00,0x15,0x79,0x00,  //*%@#***+.....***%@#%+
0x01,0xe5,0x41,0x5b,0x90,0x00,  //..+%@#****.***%@#*...
0x00,0x1b,0x41,0xb8,0x00,0x00,  //....+*#@%*+*#@%*.....
0x00,0x01,0xbe,0x40,0x00,0x00,  //.......*#@@#%+.......
0x00,0x00,0x04,0x00,0x00,0x00,  //.........**..........


/*  */
0x7f,0xff,0x00,0x00,0x02,0xff,0xf8,  //%@@@@@@@*..........#@@@@@@#
0xff,0xff,0x80,0x00,0x03,0xff,0xfc,  //@@@@@@@@%.........*@@@@@@@@
0xff,0xff,0x80,0x00,0x03,0xff,0xfc,  //@@@@@@@@%.........*@@@@@@@@
0xff,0xff,0x95,0x55,0x57,0xff,0xfc,  //@@@@@@@@#*********%@@@@@@@@
0xff,0xff,0xff,0xff,0xff,0xff,0xfc,  //@@@@@@@@@@@@@@@@@@@@@@@@@@@
0xff,0xff,0xff,0xff,0xff,0xff,0xfc,  //@@@@@@@@@@@@@@@@@@@@@@@@@@@
0xff,0xff,0xff,0xff,0xff,0xff,0xfc,  //@@@@@@@@@@@@@@@@@@@@@@@@@@@
0xff,0xff,0xff,0xff,0xff,0xff,0xfc,  //@@@@@@@@@@@@@@@@@@@@@@@@@@@
0xff,0xfa,0xaf,0xff,0xfa,0xbf,0xfc,  //@@@@@@#%%#@@@@@@@@#%#@@@@@@
0xff,0xd0,0x07,0xff,0x80,0x0b,0xfc,  //@@@@@%....%@@@@@#*...*#@@@@
0xff,0x80,0x02,0xff,0x40,0x07,0xfc,  //@@@@%......#@@@@*.....*@@@@
0xff,0x40,0x01,0xff,0x00,0x03,0xfc,  //@@@@*......*@@@@.......@@@@
0xff,0x00,0x01,0xff,0x00,0x03,0xfc,  //@@@@*......*@@@@.......@@@@
0xff,0x40,0x01,0xff,0x00,0x03,0xfc,  //@@@@%......%@@@@+.....+@@@@
0xff,0x80,0x03,0xff,0x80,0x0b,0xfc,  //@@@@#+....*@@@@@%.....%@@@@
0xff,0xe4,0x1b,0xff,0xe0,0x2f,0xfc,  //@@@@@#****#@@@@@@%***%@@@@@
0xff,0xff,0xff,0xff,0xff,0xff,0xfc,  //@@@@@@@@@@@@@@@@@@@@@@@@@@@
0xff,0xff,0xff,0xff,0xff,0xff,0xfc,  //@@@@@@@@@@@@@@@@@@@@@@@@@@@
0xff,0xff,0xff,0xff,0xff,0xff,0xfc,  //@@@@@@@@@@@@@@@@@@@@@@@@@@@
0xff,0xff,0xff,0xff,0xff,0xff,0xfc,  //@@@@@@@@@@@@@@@@@@@@@@@@@@@
0x6f,0xff,0xff,0xff,0xff,0xff,0xf8,  //*#@@@@@@@@@@@@@@@@@@@@@@@@%


/*  */
0x00,0x00,0x00,0x15,0x40,0x00,0x00,  //.............**%*+.........
0x00,0x00,0x01,0xaa,0xf8,0x00,0x00,  //...........*##%#@@%........
0x00,0x00,0x02,0x40,0x1e,0x00,0x00,  //..........*#*....*@#.......
0x00,0x00,0x00,0x00,0x07,0x40,0x00,  //......*...+.......*@*......
0x01,0xbf,0x90,0x00,0x02,0x80,0x00,  //...*#@@@#%+........%#......
0x0b,0xea,0xbd,0x00,0x01,0xc0,0x00,  //..#@@#%%#@@*.......*@......
0x2e,0x40,0x0b,0x40,0x00,0xc0,0x00,  //.#@#*....*#@%......*@+.....
0x7c,0x00,0x01,0xd0,0x01,0xef,0x80,  //*@@+.......%@%.....*@#@@%+.
0xb4,0x00,0x00,0x74,0x00,0x96,0xe0,  //%@%.........%@*....*#%*%@#+
0xf0,0x00,0x00,0x1d,0x00,0x00,0x78,  //@@*..........%@*........*@#
0xf0,0x00,0x00,0x0a,0x00,0x00,0x2c,  //@@*...........##+........#@
0xb4,0x00,0x00,0x02,0x80,0x00,0x2c,  //#@*...........+##........%@
0x78,0x00,0x00,0x10,0xe0,0x00,0x2c,  //%@#..........%.*@#.......#@
0x2d,0x00,0x00,0x90,0x78,0x00,0x7c,  //+#@%.......*#%..*@#*....%@@
0x0f,0x90,0x1a,0x40,0x1f,0x96,0xf4,  //.*@@#*****##*....*@@#%%#@@*
0x02,0xff,0xe4,0x00,0x02,0xff,0x90,  //..+%@@@@@#%+......+%@@@@#*.


/*  */
0xbf,0xc0,0x00,0x00,0x00,0x00,  //#@@@@+................
0x56,0xd5,0x55,0x55,0x55,0x50,  //***%@%****************
0x00,0xff,0xff,0x6f,0xff,0xf0,  //...*@@@@@@@@%%@@@@@@@@
0x00,0xff,0xff,0x0f,0xff,0xf0,  //....@@@@@@@@.*@@@@@@@@
0x00,0xbf,0xff,0x0f,0xff,0xf0,  //....%@@@@@@@.*@@@@@@@@
0x00,0x7f,0xd0,0x00,0xbf,0xf0,  //....%@@@@%......#@@@@@
0x00,0x7f,0xe0,0x00,0xbf,0xf0,  //....*@@@@%**..**#@@@@@
0x00,0x3f,0xff,0x0f,0xff,0xf0,  //....+@@@@@@@.*@@@@@@@@
0x00,0x2f,0xff,0x0f,0xff,0xf0,  //.....#@@@@@@.*@@@@@@@@
0x00,0x2f,0xff,0xaf,0xff,0xf0,  //.....%@@@@@@##@@@@@@@@
0x00,0x1f,0xff,0xfe,0x95,0x00,  //.....*@@@@@@@@@#%%***+
0x00,0x0e,0x94,0x00,0x00,0x00,  //.....*@#%****.........
0x00,0x0e,0x00,0x00,0x00,0x00,  //.....+@%..............
0x00,0x1e,0x55,0x55,0x55,0x00,  //.....*@%************..
0x00,0x2f,0xff,0xff,0xff,0x40,  //.....%@@@@@@@@@@@@@@*.
0x00,0x0a,0x00,0x00,0x1a,0x00,  //.....*##**********##+.
0x00,0x2f,0x40,0x00,0x2f,0x40,  //.....%@@*........%@@*.
0x00,0x2f,0x40,0x00,0x2f,0x40,  //.....%@@*........%@@*.
0x00,0x09,0x00,0x00,0x09,0x00,  //.....+%%.........+%%..


/*  */
0xbf,0xc0,0x00,0x00,0x00,0x00,  //#@@@@+................
0x56,0xd5,0x55,0x55,0x55,0x50,  //***%@%****************
0x00,0xff,0xff,0x6f,0xff,0xf0,  //...*@@@@@@@@%%@@@@@@@@
0x00,0xff,0xff,0x0f,0xff,0xf0,  //....@@@@@@@@.*@@@@@@@@
0x00,0xbf,0xff,0x0f,0xff,0xf0,  //....%@@@@@@@.*@@@@@@@@
0x00,0x7f,0x87,0x0d,0x2f,0xf0,  //....%@@@%.%@.*@*.#@@@@
0x00,0x7f,0x81,0x04,0x3f,0xf0,  //....*@@@#..%.**.+@@@@@
0x00,0x3f,0xe0,0x00,0xbf,0xf0,  //....+@@@@#.....+#@@@@@
0x00,0x2f,0xf8,0x02,0xff,0xf0,  //.....#@@@@#...+#@@@@@@
0x00,0x2f,0xfe,0x0b,0xff,0xf0,  //.....%@@@@@#.+#@@@@@@@
0x00,0x1f,0xff,0xbe,0x95,0x00,  //.....*@@@@@@#@@#%%***+
0x00,0x0e,0x94,0x00,0x00,0x00,  //.....*@#%****.........
0x00,0x0e,0x00,0x00,0x00,0x00,  //.....+@%..............
0x00,0x1e,0x55,0x55,0x55,0x00,  //.....*@%************..
0x00,0x2f,0xff,0xff,0xff,0x40,  //.....%@@@@@@@@@@@@@@*.
0x00,0x0a,0x00,0x00,0x1a,0x00,  //.....*##**********##+.
0x00,0x2f,0x40,0x00,0x2f,0x40,  //.....%@@*........%@@*.
0x00,0x2f,0x40,0x00,0x2f,0x40,  //.....%@@*........%@@*.
0x00,0x09,0x00,0x00,0x09,0x00,  //.....+%%.........+%%..


/*  */
0x00,0x1a,0xaa,0xaa,0xaa,0xa0,0x00,  //.....%%%%%%%%%%%%%%%%%+....
0x00,0x7a,0xae,0xaa,0xea,0xb8,0x00,  //....*@#%%%@#%%%#@#%%%@#....
0x00,0xe0,0x1d,0x00,0xe0,0x1d,0x00,  //...+@#...*@*...+@#...*@%...
0x02,0xc0,0x28,0x00,0x74,0x0b,0x40,  //...#@+...##.....%@*...%@*..
0x0b,0x40,0x74,0x00,0x28,0x02,0x80,  //..%@*...*@*......##....##+.
0x1e,0x00,0xa0,0x00,0x1d,0x00,0xe0,  //.*@%....##.......*@*...*@#.
0x38,0x01,0xd0,0x00,0x0a,0x00,0x74,  //+@#....*@*........##....*@%
0xbf,0xff,0xff,0xff,0xff,0xff,0xfc,  //#@@@@@@@@@@@@@@@@@@@@@@@@@@
0x7e,0xaa,0xea,0xaa,0xab,0xaa,0xb8,  //%@@%%%%#@%%%%%%%%%#@#%%%#@#
0x2d,0x01,0xd0,0x00,0x0a,0x00,0xa0,  //.#@%...*@*........##...+##+
0x0b,0x40,0xa0,0x00,0x1d,0x02,0xd0,  //..#@%...##.......*@*..+#@*.
0x02,0xd0,0x70,0x00,0x28,0x0b,0x40,  //...#@*..%@*......##..+#@*..
0x00,0xb4,0x38,0x00,0x74,0x2d,0x00,  //....#@*.+@%.....*@%..#@*...
0x00,0x2d,0x1c,0x00,0xb0,0xb4,0x00,  //....+#@*.%@*....%@+.#@*....
0x00,0x0b,0x0d,0x00,0xd2,0xd0,0x00,  //.....+#@**@%...*@%.#@%.....
0x00,0x02,0x8b,0x01,0xcb,0x40,0x00,  //......+##+%@+..%@*#@%......
0x00,0x00,0xa7,0x43,0x9d,0x00,0x00,  //.......+##%@%.+@%%@%.......
0x00,0x00,0x7b,0x87,0xb4,0x00,0x00,  //........*@#@#.%@#@%........
0x00,0x00,0x1f,0xdb,0xe0,0x00,0x00,  //.........*@@@%#@@#.........
0x00,0x00,0x07,0xff,0x80,0x00,0x00,  //..........*@@@@@#..........
0x00,0x00,0x01,0xfe,0x00,0x00,0x00,  //...........*@@@#...........
0x00,0x00,0x00,0x78,0x00,0x00,0x00,  //............%@#............


/*  */
0x00,0x00,0x00,0x54,0x00,0x00,0x00,  //............****...........
0x00,0x00,0x00,0xfd,0x00,0x00,0x00,  //............@@@*...........
0x00,0x00,0x6a,0xfe,0xa4,0x00,0x00,  //........*%%%@@@#%%%........
0x00,0x00,0x7a,0xaa,0xa8,0x00,0x00,  //.......*%@#%%%%%%##*+......
0x00,0x03,0xf0,0x00,0x2f,0x40,0x00,  //......*@@@*......%@@*......
0x00,0x03,0x90,0x00,0x17,0x40,0x00,  //......*@%*+..*+..*%@*......
0x00,0x03,0x46,0xfe,0x43,0x40,0x00,  //......*@*.*%@@@#*+*@*......
0x00,0x03,0xbf,0xff,0xfb,0x40,0x00,  //......*@#@@@@@@@@@#@%......
0x00,0x6f,0xff,0xff,0xff,0xe4,0x00,  //....*%@@@@@@@@@@@@@@@#%....
0x00,0xff,0xff,0xff,0xff,0xfd,0x00,  //....@@@@@@@@@@@@@@@@@@@*...
0x00,0x7f,0xff,0xff,0xff,0xf8,0x00,  //....%@@@@@@@@@@@@@@@@@#....
0x00,0x2f,0xff,0xff,0xff,0xf0,0x00,  //.....#@@@@@@@@@@@@@@@@*....
0x00,0x0f,0xff,0xff,0xff,0xe0,0x00,  //.....*@@@@@@@@@@@@@@@%.....
0x00,0x07,0xff,0xff,0xff,0x80,0x00,  //......%@@@@@@@@@@@@@#......
0x00,0x03,0xff,0xff,0xff,0x40,0x00,  //......*@@@@@@@@@@@@@*......
0x00,0x03,0xff,0xff,0xff,0x40,0x00,  //......*@@@@@@@@@@@@@*......
0x00,0x03,0xff,0xff,0xff,0x40,0x00,  //......*@@@@@@@@@@@@@*......
0x00,0x43,0xff,0xff,0xff,0x50,0x00,  //....*.*@@@@@@@@@@@@@%*..*+.
0x22,0xd7,0xff,0xff,0xff,0xf5,0xe0,  //+#*#@%%@@@@@@@@@@@@@@@%*@#+
0x7f,0xbe,0xfe,0xfb,0xeb,0xef,0xb8,  //*@@@#@@#@@@#@@#@@##@@#@@#@#
0x1d,0x28,0x74,0x91,0x82,0x46,0x10,  //.*@*.##.*@*+#%.%#++#%.%#+*+
0x11,0x82,0x46,0x1d,0x28,0x74,0x90,  //.*.%#++#%.%#+*@*.##.*@*+#%.
0x7b,0xeb,0xef,0xbf,0xbe,0xfe,0xf4,  //*@#@@##@@#@@#@@@#@@#@@@#@@%
0x1e,0x7d,0xb5,0xe2,0xd7,0x8b,0x54,  //.%@#*@@*#@%*@#*#@%%@#*#@*%%


/*  */
0x00,0x01,0x01,0x00,0x00,  //......**..+**......
0x00,0x0f,0xaf,0x80,0x00,  //.....*@@#%@@#+.....
0x00,0x2f,0xff,0xd0,0x00,  //.....#@@@@@@@%.....
0x00,0x3f,0xff,0xf0,0x00,  //....+@@@@@@@@@+....
0x01,0xbf,0xff,0xf9,0x00,  //..+*#@@@@@@@@@#*+..
0x0f,0xff,0xff,0xff,0x80,  //.+@@@@@@@@@@@@@@#..
0x06,0xbf,0xff,0xf9,0x00,  //..*%#@@@@@@@@@#%*..
0x00,0xa0,0x54,0x24,0x00,  //....%%*******#*....
0x00,0x60,0x10,0x34,0x00,  //....%#...%..+@*....
0x0f,0xf4,0x74,0xbf,0x80,  //.+@@@@%*%@**%@@@#..
0x07,0xff,0xff,0xff,0x40,  //..%@@@@@@@@@@@@@%..
0x03,0xff,0xff,0xff,0x00,  //..*@@@@@@@@@@@@@+..
0x0b,0xf7,0xff,0xbf,0x80,  //..#@@@%@@@@@%@@@%..
0x2f,0xf0,0xb8,0x7f,0xd0,  //.%@@@@*+#@#+*@@@@%.
0x3f,0xf4,0x70,0x7f,0xf0,  //*@@@@@*.*@*.%@@@@@+
0x7f,0xf4,0x30,0xbf,0xf4,  //%@@@@@%.+@..%@@@@@*
0xbf,0xf8,0x30,0xff,0xf4,  //%@@@@@#.*@+.@@@@@@%
0xff,0xfc,0x74,0xff,0xf8,  //@@@@@@@.*@*+@@@@@@%
0xff,0xfc,0xb5,0xff,0xf8,  //@@@@@@@*%@%*@@@@@@%
0xff,0xfd,0xf9,0xff,0xf8,  //@@@@@@@*@@#%@@@@@@%
0xbf,0xfe,0xfe,0xff,0xf8,  //#@@@@@@#@@@%@@@@@@%
0x3f,0xff,0xff,0xff,0xe0,  //*@@@@@@@@@@@@@@@@#+
0x06,0xaa,0xaa,0xaa,0x40,  //.+%%%%%%%%%%%%%%%+.


/*  */
0x00,0x00,0x00,0x0f,0xf8,0x2e,0x00,0x00,  //.............+@@@@#.+#@#.......
0x01,0x50,0x00,0x05,0x6e,0xbf,0x00,0x00,  //...****+......***%@%#@@@.......
0x07,0xff,0x80,0x00,0x0b,0xfe,0x00,0x00,  //..*@@@@@%*........#@@@@#.......
0x00,0x17,0xfa,0xaa,0xab,0x80,0x00,0x00,  //...***%@@@%%%%%%%%#@#**+.......
0x00,0x00,0xbf,0xff,0xff,0xd0,0x00,0x00,  //.......+#@@@@@@@@@@@@%.........
0x01,0xbe,0xbf,0xff,0xfd,0xb6,0xf9,0x00,  //...*#@@##@@@@@@@@@@*#@%#@@%*...
0x0b,0xaa,0xff,0xff,0xf4,0x7e,0xaf,0x80,  //..#@#%%#@@@@@@@@@@%.*@@#%%@@%..
0x2d,0x03,0xff,0xff,0xe0,0xbd,0x01,0xe0,  //.#@*..+@@@@@@@@@@#..#@@%...%@%.
0x74,0x07,0xff,0xff,0xd1,0xdb,0x00,0xb4,  //*@*...%@@@@@@@@@@%.%@*#@*...%@*
0xa0,0x0f,0xff,0xff,0xc2,0x83,0x80,0x38,  //##...+@@@@@@@@@@@*.##.+@#...+@%
0xe0,0x2f,0xff,0xff,0xc3,0x41,0xd0,0x28,  //@%...%@@@@@@@@@@@*+@%..*@%...#%
0xe0,0x1a,0xab,0xaa,0x83,0x40,0x90,0x28,  //@%...*%%%%#@%%%%%.+@%...%*...#%
0xa0,0x00,0x0a,0x00,0x02,0x80,0x00,0x38,  //##........##.......##.......+@%
0x74,0x00,0x1d,0x00,0x01,0xd0,0x00,0xb0,  //*@*......*@*.......%@*......%@*
0x2d,0x00,0x78,0x00,0x00,0xb4,0x01,0xe0,  //.#@*....*@#.........#@*....%@%.
0x0b,0xaa,0xe0,0x00,0x00,0x2e,0xaf,0x80,  //..#@#%%#@#..........+#@#%%@@%..
0x01,0xbe,0x40,0x00,0x00,0x06,0xf9,0x00,  //...*#@@#*.............*#@@%*...


/*  */
0x00,0x01,0xb8,0x00,0x00,  //.......*#@#*.......
0x00,0x03,0xff,0x00,0x00,  //......*@@@@@+......
0x00,0x07,0xff,0x40,0x00,  //......*@@@@@*......
0x00,0x07,0xff,0x40,0x00,  //......*@@@@@*......
0x00,0x02,0xfe,0x00,0x00,  //......+#@@@#.......
0x00,0x00,0xa4,0x00,0x00,  //.......+%%%+.......
0x00,0x0a,0xaa,0x40,0x00,  //.....+%%%%%%%......
0x00,0x2f,0xff,0xd0,0x00,  //.....%@@@@@@@%.....
0x00,0x2f,0xff,0xe0,0x00,  //.....%@@@@@@@%.....
0x00,0x2f,0xff,0xe0,0x00,  //.....%@@@@@@@%.....
0x00,0x2f,0xff,0xe0,0x00,  //.....%@@@@@@@%.....
0x00,0x2f,0xff,0xe0,0x00,  //.....%@@@@@@@%.....
0x00,0x2f,0xff,0xe0,0x00,  //.....%@@@@@@@%.....
0x00,0x2f,0xff,0xd0,0x00,  //.....%@@@@@@@%.....
0x00,0x03,0xff,0x00,0x00,  //......*@@@@@.......
0x00,0x03,0xff,0x00,0x00,  //......*@@@@@.......
0x00,0x03,0xff,0x00,0x00,  //......*@@@@@.......
0x06,0xe3,0xff,0x2a,0x40,  //..*%@#*@@@@@+##%*..
0x2f,0x93,0xff,0x1b,0xe0,  //*#@@%**@@@@@.%#@@#+
0xa4,0x02,0xfe,0x00,0x78,  //##*....#@@@#....*@%
0xa4,0x00,0x00,0x00,0x78,  //##*............+*@%
0x2f,0x94,0x00,0x5b,0xe0,  //+#@@%%*******%#@@#+
0x06,0xff,0xff,0xfa,0x40,  //..*%@@@@@@@@@@#%*..


/*  */
0x01,0xaa,0x40,0x01,0xaa,0x40,  //...*%%%%*......*%%%%*...
0x0b,0xff,0xe0,0x0b,0xff,0xe0,  //..#@@@@@@#*..*#@@@@@@#..
0x2f,0xff,0xfd,0x7f,0xff,0xf8,  //.#@@@@@@@@@**@@@@@@@@@#.
0x7f,0xff,0x9f,0xff,0xff,0xfd,  //*@@@@@@@#%@@@@@@@@@@@@@*
0xbf,0xff,0x47,0xff,0xff,0xfe,  //%@@@@@@@%.%@@@@@@@@@@@@%
0xff,0xff,0x07,0xff,0xff,0xff,  //@@@@@@@@*.*@@@@@@@@@@@@@
0xff,0xff,0x03,0xff,0xff,0xff,  //@@@@@@@@...@@@@@@@@@@@@@
0xbf,0xfe,0x02,0xf8,0xbf,0xfe,  //#@@@@@@%...#@@%.%@@@@@@#
0x7f,0xfd,0x11,0xf4,0x3f,0xfd,  //%@@@@@@*.*.*@@*.*@@@@@@%
0x3f,0xfc,0x20,0xf0,0x2f,0xfc,  //+@@@@@@*.#.+@@...%@@@@@+
0x15,0x54,0x30,0xa0,0x05,0x54,  //.******.+@*.#%.*.+*****.
0x00,0x00,0x74,0x52,0x00,0x00,  //........*@%.%*.#*.......
0x01,0xaa,0xf8,0x43,0xea,0x40,  //...%%%%%@@#.*+.@@%%%%...
0x00,0xbf,0xfc,0x07,0xfe,0x00,  //....#@@@@@@++.*@@@@#....
0x00,0x2f,0xfd,0x0b,0xf8,0x00,  //.....#@@@@@*..%@@@#.....
0x00,0x0b,0xfe,0x0b,0xe0,0x00,  //......%@@@@%..#@@%......
0x00,0x01,0xff,0x0f,0x40,0x00,  //.......%@@@@.*@@%.......
0x00,0x00,0x7f,0xad,0x00,0x00,  //........%@@@##@%........
0x00,0x00,0x1f,0xf4,0x00,0x00,  //.........%@@@@%.........
0x00,0x00,0x07,0xd0,0x00,0x00,  //..........%@@%..........
0x00,0x00,0x01,0x40,0x00,0x00,  //...........%%...........


/*  */
0x00,0x05,0x50,0x00,  //.....+****.....
0x00,0xbf,0xfd,0x00,  //...*#@@@@@@%...
0x07,0x90,0x1b,0x80,  //..%@#%****#@#..
0x1e,0x00,0x01,0xe0,  //.*@#+......*@#.
0x28,0x00,0x00,0x74,  //+##.........*@*
0x74,0x00,0x00,0x28,  //%@*..........##
0xa0,0x00,0x00,0x1c,  //##...........*@
0xe0,0x00,0x00,0x0c,  //@%...........*@
0xe0,0x00,0x00,0x0c,  //@%...........*@
0xa0,0x00,0x00,0x1c,  //##...........*@
0x70,0x00,0x00,0x2c,  //%@+..........%@
0x38,0x00,0x00,0x34,  //*@%.........*@%
0x2d,0x00,0x00,0xa0,  //.%@%.......+##+
0x0b,0x80,0x07,0xc0,  //..#@%*...+*@@*.
0x01,0xfe,0xbe,0x00,  //...%@@@##@@#+..
0x00,0x1b,0x94,0x00,  //....+%#@#%*....
0x00,0x03,0x40,0x00,  //......*@*......
0x00,0x03,0x40,0x00,  //......*@*......
0x00,0x03,0x40,0x00,  //......*@*......
0x01,0xab,0xaa,0x00,  //...*%%#@#%%%...
0x01,0xff,0xff,0x00,  //...*@@@@@@@@...
0x00,0x03,0x40,0x00,  //......*@*......
0x00,0x03,0x40,0x00,  //......*@*......
0x00,0x03,0x40,0x00,  //......*@*......


/*  */
0x00,0x00,0x00,0x0a,0xaa,0x00,  //.............+%%%%%%*
0x00,0x00,0x00,0x0a,0xaf,0x40,  //.............+%%%#@@*
0x00,0x00,0x00,0x00,0x2f,0x40,  //................+#@@*
0x00,0x00,0x00,0x00,0xb7,0x40,  //...............+#@%@*
0x00,0x00,0x00,0x02,0xd3,0x40,  //..............+#@**@*
0x00,0x16,0x90,0x0b,0x43,0x40,  //.....*%%%*+..+#@*.*@*
0x01,0xbf,0xfe,0x2d,0x03,0x40,  //...*#@@@@@@%*#@*..+@*
0x07,0x90,0x0b,0xf4,0x00,0x00,  //..%@#*+..*%@@@*......
0x1e,0x00,0x01,0xe0,0x00,0x00,  //.%@%.......*@#.......
0x38,0x00,0x00,0x74,0x00,0x00,  //+@#.........*@%......
0x70,0x00,0x00,0x2c,0x00,0x00,  //%@*..........#@......
0xa0,0x00,0x00,0x1c,0x00,0x00,  //##...........*@*.....
0xe0,0x00,0x00,0x0d,0x00,0x00,  //@%...........*@*.....
0xe0,0x00,0x00,0x0d,0x00,0x00,  //@%...........*@*.....
0xa0,0x00,0x00,0x1c,0x00,0x00,  //##...........*@*.....
0x70,0x00,0x00,0x28,0x00,0x00,  //%@*..........##......
0x38,0x00,0x00,0x74,0x00,0x00,  //+@#.........*@%......
0x1e,0x00,0x01,0xe0,0x00,0x00,  //.%@%.......*@#.......
0x07,0x90,0x0b,0x80,0x00,0x00,  //..%@#*+..*%@#+.......
0x01,0xbf,0xfe,0x00,0x00,0x00,  //...*#@@@@@@%+........
0x00,0x16,0x90,0x00,0x00,0x00,  //.....*%%%*+..........


/*  */
0x14,0x00,0x00,0x10,  //.**.........**+
0x1d,0x00,0x00,0xa0,  //.*@*........##.
0x0a,0x00,0x02,0xd0,  //..##*......#@*.
0x02,0xd0,0x1b,0x40,  //..+#@%****#@%..
0x00,0xbf,0xfd,0x00,  //...+#@@@@@@%...
0x02,0xe9,0x6f,0x40,  //..+#@#%*%#@@*..
0x0b,0x40,0x02,0xd0,  //.+#@*.....*#@*.
0x2d,0x00,0x00,0xb0,  //.#@*........#@*
0x74,0x00,0x00,0x38,  //*@%.........+@%
0xb0,0x00,0x00,0x1c,  //%@...........%@
0xa0,0x00,0x00,0x1c,  //##...........*@
0xe0,0x00,0x00,0x0c,  //@%...........*@
0xe0,0x00,0x00,0x0c,  //@%...........*@
0xb0,0x00,0x00,0x1c,  //%@...........%@
0x74,0x00,0x00,0x28,  //*@*..........##
0x2c,0x00,0x00,0xb0,  //.#@+........%@*
0x0e,0x00,0x02,0xd0,  //.+@#*.....+#@%.
0x02,0xe5,0x6f,0x40,  //..*#@#***%@@%..
0x00,0x6f,0xf8,0x00,  //....%#@@@@%*...
0x00,0x07,0x40,0x00,  //......*@%......
0x00,0x03,0x40,0x00,  //......*@*......
0x00,0x2f,0xf0,0x00,  //.....%@@@@*....
0x00,0x1b,0xa0,0x00,  //.....%#@#%+....
0x00,0x03,0x40,0x00,  //......*@*......


/*  */
0x00,0x00,0x00,0x05,0x50,  //.............+*****
0x00,0x00,0x00,0x0f,0xf8,  //.............*@@@@%
0x00,0x00,0x00,0x01,0xf8,  //..............*%@@%
0x00,0x00,0x00,0x07,0xa8,  //.......+......*@##%
0x00,0x6f,0xe4,0x1e,0x28,  //....*#@@@#%+.*@#.%%
0x02,0xe9,0x6f,0x78,0x14,  //..+#@#%*%#@@%@#..**
0x0b,0x40,0x02,0xe0,0x00,  //.+#@*.....*#@#.....
0x2d,0x00,0x00,0xb0,0x00,  //.#@*........#@*....
0x74,0x00,0x00,0x38,0x00,  //*@%.........+@%....
0xb0,0x00,0x00,0x1c,0x00,  //%@...........%@+...
0xa0,0x00,0x00,0x1c,0x00,  //##...........*@*...
0xe0,0x00,0x00,0x0d,0x00,  //@%...........*@*...
0xe0,0x00,0x00,0x0d,0x00,  //@%...........*@*...
0xb0,0x00,0x00,0x1c,0x00,  //%@...........%@+...
0x74,0x00,0x00,0x28,0x00,  //*@*..........##....
0x2c,0x00,0x00,0xb0,0x00,  //.#@+........%@*....
0x0e,0x00,0x02,0xd0,0x00,  //.+@#*.....+#@%.....
0x02,0xe5,0x6f,0x40,0x00,  //..*#@#***%@@%......
0x00,0x6f,0xf8,0x00,0x00,  //....%#@@@@%*.......
0x00,0x07,0x40,0x00,0x00,  //......*@%..........
0x00,0x03,0x40,0x00,0x00,  //......*@*..........
0x00,0x2f,0xf0,0x00,0x00,  //.....%@@@@*........
0x00,0x1b,0xa0,0x00,0x00,  //.....%#@#%+........
0x00,0x03,0x40,0x00,0x00,  //......*@*..........


/*  */
0x55,0x40,0x00,0x00,0x15,0x50,  //*****............*****
0xff,0xc0,0x00,0x00,0x2f,0xf0,  //@@@@@+...........%@@@@
0xfd,0x14,0x00,0x00,0x07,0xf0,  //@@@%+%*..........+*@@@
0xeb,0xb8,0x00,0x00,0x0b,0xb0,  //@##@%@%....+.....+#@#@
0xe2,0xe0,0xbf,0xe4,0x2d,0x70,  //@%+#@#.*%@@@@#*.+#@**@
0x57,0xfb,0xe5,0xbe,0xb4,0x10,  //***@@@%@@#%*%@@%#@*.+*
0x0e,0x3e,0x00,0x07,0xd0,0x00,  //.+@#*@@#+.....%@@*....
0x04,0x78,0x00,0x01,0xe0,0x00,  //..%+*@%........*@%....
0x00,0xa0,0x00,0x00,0xb0,0x00,  //....##..........%@*...
0x00,0xd0,0x00,0x00,0x34,0x00,  //...*@*..........+@%...
0x01,0xc0,0x00,0x00,0x38,0x00,  //...*@*...........@%...
0x01,0xc0,0x00,0x00,0x28,0x00,  //...*@*...........%%...
0x01,0xc0,0x00,0x00,0x38,0x00,  //...*@*...........@%...
0x01,0xd0,0x00,0x00,0x34,0x00,  //...*@*..........+@%...
0x00,0xa0,0x00,0x00,0x70,0x00,  //....##..........%@*...
0x00,0x74,0x00,0x01,0xe0,0x00,  //....*@%........*@%....
0x00,0x2e,0x00,0x07,0x80,0x00,  //.....#@%......*@#+....
0x00,0x0b,0x95,0x6e,0x00,0x00,  //......%@#%**%#@#+.....
0x00,0x01,0xbf,0xe4,0x00,0x00,  //.......*#@@@@#*.......
0x00,0x00,0x0b,0x00,0x00,0x00,  //.........+#@+.........
0x00,0x00,0x0b,0x00,0x00,0x00,  //..........%@..........
0x00,0x00,0x7f,0xe0,0x00,0x00,  //........*@@@@%........
0x00,0x00,0x2b,0x90,0x00,0x00,  //........*%#@%*........
0x00,0x00,0x0b,0x00,0x00,0x00,  //..........%@..........


/*  */
0x00,0x05,0x50,0x05,0x50,0x00,  //.....*****....*****.....
0x00,0xbf,0xfd,0x7f,0xfe,0x00,  //...*#@@@@@@%%@@@@@@#*...
0x07,0x90,0x1b,0xe4,0x06,0xd0,  //..%@#%****#@@#****%#@%..
0x1e,0x00,0x0b,0xe0,0x00,0xb4,  //.*@#+.....#@@#.....+#@*.
0x28,0x00,0x1d,0x74,0x00,0x28,  //+##......*@**@*......##+
0x74,0x00,0x28,0x28,0x00,0x1d,  //%@*......##..##......*@%
0xa0,0x00,0x34,0x1c,0x00,0x0a,  //##......*@*..*@*......##
0xe0,0x00,0x70,0x0d,0x00,0x0b,  //@%......*@*..*@*......%@
0xe0,0x00,0x70,0x0d,0x00,0x0b,  //@%......*@*..*@*......%@
0xa0,0x00,0x34,0x1c,0x00,0x0a,  //##......*@*..*@*......##
0x70,0x00,0x38,0x2c,0x00,0x0d,  //%@+......@%..%@......+@%
0x38,0x00,0x1c,0x34,0x00,0x2c,  //*@%......%@**@%......%@*
0x2d,0x00,0x0a,0xa0,0x00,0x78,  //.%@%.....+####+.....%@%.
0x0b,0x80,0x07,0xd0,0x02,0xe0,  //..#@%*...+%@@%+...*%@#..
0x01,0xfe,0xbe,0xbe,0xbf,0x40,  //...%@@@##@@##@@##@@@%...
0x00,0x1b,0x94,0x16,0xe4,0x00,  //....+%#@#%*..*%#@#%+....
0x00,0x03,0x40,0x01,0xc0,0x00,  //......*@*......*@*......
0x00,0x03,0x40,0x01,0xc0,0x00,  //......*@*......*@*......
0x00,0x03,0x40,0x01,0xc0,0x00,  //......*@*......*@*......
0x01,0xab,0xaa,0xaa,0xea,0x40,  //...*%%#@#%%%%%%#@#%%*...
0x01,0xff,0xff,0xff,0xff,0x40,  //...*@@@@@@@@@@@@@@@@*...
0x00,0x03,0x40,0x01,0xc0,0x00,  //......*@*......*@*......
0x00,0x03,0x40,0x01,0xc0,0x00,  //......*@*......*@*......
0x00,0x03,0x40,0x01,0xc0,0x00,  //......*@*......*@*......


/*  */
0x00,0x00,0x00,0x05,0x50,0x00,0x00,  //.............+*****.......
0x00,0x00,0x00,0x0f,0xf8,0x00,0x00,  //.............*@@@@%.......
0x00,0x00,0x00,0x01,0xf8,0x00,0x00,  //..............*%@@%.......
0x00,0x00,0x00,0x07,0xa8,0x00,0x00,  //.......+......*@##%.......
0x00,0x6f,0xe4,0x1e,0x28,0x00,0x00,  //....*#@@@#%+.*@#.%%.......
0x02,0xe9,0x6f,0x78,0x14,0x15,0x40,  //..+#@#%*%#@@%@#..**.+****+
0x0b,0x40,0x02,0xe0,0x00,0x7f,0xe0,  //.+#@*.....*#@#......*@@@@%
0x2d,0x00,0x00,0xb0,0x00,0x07,0xe0,  //.#@*........#@*......*%@@%
0x74,0x00,0x00,0x38,0x00,0x1e,0xe0,  //*@%.........+@%......*@#@%
0xb0,0x00,0x01,0xaf,0x90,0x78,0xe0,  //%@.........*%#@@%*..*@#.@%
0xa0,0x00,0x0b,0xee,0xf9,0xe0,0x90,  //##.......+#@@#@#@@#*@#..%*
0xe0,0x00,0x2d,0x0d,0x1f,0x80,0x00,  //@%......+#@%+*@*.*@@#.....
0xe0,0x00,0xb4,0x0d,0x02,0x80,0x00,  //@%......#@*..*@*..+##.....
0xb0,0x01,0xd0,0x1c,0x01,0xd0,0x00,  //%@.....*@*...%@+...*@%....
0x74,0x02,0x80,0x28,0x00,0xa0,0x00,  //*@*....##....##.....##....
0x2c,0x03,0x80,0xb0,0x00,0x70,0x00,  //.#@+...@%...%@*.....%@+...
0x0a,0x43,0x42,0xd0,0x00,0x70,0x00,  //.+##*.+@*.+#@%......*@*...
0x02,0xe7,0xaf,0x40,0x00,0x70,0x00,  //..+#@#%@%%@@%.......*@*...
0x00,0x6f,0xf8,0x00,0x00,0xb0,0x00,  //....*#@@@@%*........%@....
0x00,0x02,0xc0,0x00,0x00,0xe0,0x00,  //......+%@*.........+@#....
0x00,0x00,0xe0,0x00,0x02,0xc0,0x00,  //.......+@#.........#@*....
0x00,0x00,0x78,0x00,0x0b,0x40,0x00,  //........*@#+......%@%.....
0x00,0x00,0x1f,0x50,0x6d,0x00,0x00,  //.........*@@%***%#@%......
0x00,0x00,0x02,0xff,0xe4,0x00,0x00,  //..........*%@@@@@#*.......


/*  */
0x00,0x00,0x00,0x00,0x00,0x05,0x54,  //......................*****
0x00,0x00,0x00,0x00,0x00,0x0b,0xfc,  //......................%@@@@
0x00,0x00,0x00,0x00,0x00,0x00,0xbc,  //......................+*#@@
0x00,0x00,0x00,0x00,0x00,0x02,0xec,  //.......++.......+......#@#@
0x00,0x6f,0xe4,0x1b,0xf9,0x0b,0x4c,  //....*#@@@#%++%#@@@#*..#@%*@
0x02,0xe9,0x6f,0xf9,0x6b,0xad,0x04,  //..+#@#%*%#@@@@#%*%#@##@%.+*
0x0b,0x40,0x07,0xd0,0x01,0xf8,0x00,  //.+#@*.....%@@%.....*@@%....
0x2d,0x00,0x0e,0xb0,0x00,0x78,0x00,  //.#@*.....*@##@*.....*@#....
0x74,0x00,0x2c,0x38,0x00,0x1d,0x00,  //*@%......%@++@%......%@*...
0xb0,0x00,0x34,0x1c,0x00,0x0e,0x00,  //%@......+@%..%@+......@%...
0xa0,0x00,0x34,0x1c,0x00,0x0a,0x00,  //##......*@*..*@*......##...
0xe0,0x00,0x70,0x0d,0x00,0x0b,0x00,  //@%......*@*..*@*......%@...
0xe0,0x00,0x70,0x0d,0x00,0x0b,0x00,  //@%......*@*..*@*......%@...
0xb0,0x00,0x34,0x1c,0x00,0x0e,0x00,  //%@......+@%..%@+......@%...
0x74,0x00,0x28,0x28,0x00,0x1d,0x00,  //*@*......##..##......*@*...
0x2c,0x00,0x0e,0xb0,0x00,0x38,0x00,  //.#@+.....*@%%@*.....+@#....
0x0e,0x00,0x0b,0xe0,0x00,0xb0,0x00,  //.+@#*.....%@@%.....*#@+....
0x02,0xe5,0x6f,0xf9,0x5b,0x80,0x00,  //..*#@#***%@@@@%***#@#*.....
0x00,0x6f,0xf8,0x2f,0xf9,0x00,0x00,  //....%#@@@@%**%@@@@#%+......
0x00,0x07,0x40,0x00,0x00,0x00,0x00,  //......*@%......**+.........
0x00,0x03,0x40,0x00,0x00,0x00,0x00,  //......*@*..................
0x00,0x2f,0xf0,0x00,0x00,0x00,0x00,  //.....%@@@@*................
0x00,0x1b,0xa0,0x00,0x00,0x00,0x00,  //.....%#@#%+................
0x00,0x03,0x40,0x00,0x00,0x00,0x00,  //......*@*..................


/*  */
0x00,0x00,0x00,0x0a,0xaa,0x00,  //.............+%%%%%%*
0x00,0x00,0x00,0x0a,0xaf,0x40,  //.............+%%%#@@*
0x00,0x00,0x00,0x40,0x2f,0x40,  //...........+%...+#@@*
0x00,0x00,0x02,0xd0,0xb7,0x40,  //...........%@%.+#@%@*
0x00,0x00,0x00,0xba,0xd3,0x40,  //............#@%#@**@*
0x00,0x16,0x90,0x2f,0x43,0x40,  //.....*%%%*+..#@@*.*@*
0x01,0xbf,0xfe,0x2f,0x43,0x40,  //...*#@@@@@@%*#@@%.+@*
0x07,0x90,0x0b,0xf6,0xd0,0x00,  //..%@#*+..*%@@@*#@%...
0x1e,0x00,0x01,0xe0,0xa0,0x00,  //.%@%.......*@#..##...
0x38,0x00,0x00,0x74,0x00,0x00,  //+@#.........*@%......
0x70,0x00,0x00,0x2c,0x00,0x00,  //%@*..........#@......
0xa0,0x00,0x00,0x1c,0x00,0x00,  //##...........*@*.....
0xe0,0x00,0x00,0x0d,0x00,0x00,  //@%...........*@*.....
0xe0,0x00,0x00,0x0d,0x00,0x00,  //@%...........*@*.....
0xa0,0x00,0x00,0x1c,0x00,0x00,  //##...........*@*.....
0x70,0x00,0x00,0x28,0x00,0x00,  //%@*..........##......
0x38,0x00,0x00,0x74,0x00,0x00,  //+@#.........*@%......
0x1e,0x00,0x01,0xe0,0x00,0x00,  //.%@%.......*@#.......
0x07,0x90,0x0b,0x80,0x00,0x00,  //..%@#*+..*%@#+.......
0x01,0xbf,0xfe,0x00,0x00,0x00,  //...*#@@@@@@%+........
0x00,0x16,0x90,0x00,0x00,0x00,  //.....*%%%*+..........


/*  */
0x00,0x01,0x00,0x00,  //.......*+......
0x00,0x07,0x80,0x00,  //......%@#+.....
0x00,0x1f,0xe0,0x00,  //.....%@@@#+....
0x00,0x7b,0xb8,0x00,  //....%@#@#@#....
0x00,0x13,0x54,0x00,  //....+%*@***....
0x00,0x17,0x94,0x00,  //....**%@%**....
0x00,0xbf,0xfc,0x00,  //....%@@@@@@*...
0x00,0x07,0x40,0x00,  //....+**@%**....
0x00,0x03,0x40,0x00,  //......*@*......
0x00,0x2b,0xe4,0x00,  //....*%#@@%*....
0x02,0xfa,0xbe,0x40,  //...%@@#%%@@#*..
0x0b,0x80,0x06,0xd0,  //..#@%+....*#@*.
0x2d,0x00,0x00,0xb0,  //.%@*.......+#@+
0x38,0x00,0x00,0x38,  //*@%.........*@%
0xb0,0x00,0x00,0x2c,  //%@+..........%@
0xa0,0x00,0x00,0x1c,  //##...........*@
0xe0,0x00,0x00,0x0c,  //@%...........*@
0xe0,0x00,0x00,0x0c,  //@%...........*@
0xb0,0x00,0x00,0x1c,  //%@...........%@
0x74,0x00,0x00,0x28,  //*@*..........##
0x28,0x00,0x00,0x74,  //.##+........%@*
0x0e,0x00,0x01,0xe0,  //.*@#*......%@%.
0x07,0xe4,0x1b,0x80,  //..*@@%***%#@%..
0x00,0xbf,0xf9,0x00,  //...+%@@@@@#*...


/*  */
0x00,0x01,0x40,0x00,0x00,0x00,0x00,  //.....+***+................
0x00,0xbf,0xf9,0x00,0x00,0x00,0x00,  //...+%@@@@@#*..............
0x07,0xe4,0x1b,0x80,0x00,0x00,0x00,  //..*@@%***%#@%.............
0x0e,0x00,0x01,0xe0,0x00,0x00,0x00,  //.*@#*......%@%.......*....
0x28,0x00,0x00,0x74,0x28,0xb4,0x00,  //.##+........%@*..%%.%@*...
0x74,0x00,0x00,0x28,0x28,0x2d,0x00,  //*@*..........##..%%.+#@*..
0xb0,0x00,0x00,0x1c,0x28,0x0b,0x40,  //%@...........%@+.%%..+#@*.
0xe0,0x00,0x00,0x0d,0x69,0x5b,0xc0,  //@%...........*@%*##***%@@*
0xe0,0x00,0x00,0x0f,0xff,0xff,0xe0,  //@%...........*@@@@@@@@@@@%
0xa0,0x00,0x00,0x1d,0x28,0x0b,0x80,  //##...........*@**##***#@#.
0xb0,0x00,0x00,0x2c,0x28,0x1e,0x00,  //%@+..........%@+.%%..%@#..
0x38,0x00,0x00,0x38,0x28,0x78,0x00,  //*@%.........*@%..%%.%@#...
0x2d,0x00,0x00,0xb0,0x14,0x60,0x00,  //.%@*.......+#@+..**.*#....
0x0b,0x80,0x06,0xd0,0x00,0x00,0x00,  //..#@%+....*#@*............
0x02,0xfa,0xbe,0x00,0x00,0x00,0x00,  //...%@@#%%@@#*.............
0x00,0x2b,0xe4,0x00,0x00,0x00,0x00,  //....*%#@@#*...............


/*  */
0x00,0x05,0x50,0x00,  //.....*****.....
0x00,0xbf,0xfd,0x00,  //...*#@@@@@@%...
0x07,0x90,0x1b,0x80,  //..%@#%****#@#..
0x1e,0x00,0x01,0xe0,  //.*@#+......*@#.
0x28,0x00,0x00,0x74,  //+##.........*@*
0x74,0x00,0x00,0x28,  //%@*..........##
0xa0,0x00,0x00,0x1c,  //##...........*@
0xe0,0x00,0x00,0x0c,  //@%...........*@
0xe0,0x00,0x00,0x0c,  //@%...........*@
0xa0,0x00,0x00,0x1c,  //##...........*@
0x70,0x00,0x00,0x2c,  //%@+..........%@
0x38,0x00,0x00,0x34,  //*@%.........*@%
0x2d,0x00,0x00,0xa0,  //.%@%.......+##+
0x0b,0x80,0x07,0xc0,  //..#@%*...+*@@*.
0x01,0xfe,0xbe,0x00,  //...%@@@##@@#+..
0x00,0x1b,0x94,0x00,  //....+%#@#%*....
0x00,0x03,0x40,0x00,  //......*@*......
0x00,0x03,0x40,0x00,  //......*@*......
0x00,0x03,0x40,0x00,  //......*@*......
0x00,0x03,0x40,0x00,  //......*@*......
0x00,0x03,0x40,0x00,  //......*@*......
0x00,0x03,0x40,0x00,  //......*@*......
0x00,0x03,0x40,0x00,  //......*@*......
0x00,0x03,0x40,0x00,  //......*@*......


/*  */
0x00,0xbf,0xf9,0x00,  //...+%@@@@@#*...
0x07,0xe4,0x1b,0x80,  //..*@@%***%#@%..
0x0e,0x00,0x01,0xe0,  //.*@#*......%@%.
0x28,0x00,0x00,0x74,  //.##+........%@*
0x74,0x00,0x00,0x28,  //*@*..........##
0xb0,0x00,0x00,0x1c,  //%@...........%@
0xe0,0x00,0x00,0x0c,  //@%...........*@
0xe0,0x00,0x00,0x0c,  //@%...........*@
0xa0,0x00,0x00,0x1c,  //##...........*@
0xb0,0x00,0x00,0x2c,  //%@+..........%@
0x38,0x00,0x00,0x38,  //*@%.........*@%
0x2d,0x00,0x00,0xb0,  //.%@*.......+#@+
0x0b,0x80,0x06,0xd0,  //..#@%+....*#@*.
0x02,0xfa,0xbe,0x00,  //...%@@#%%@@#*..
0x00,0x2b,0xe4,0x00,  //....*%#@@%*....


/*  */
0x6a,0xaa,0xaa,0xaa,0xaa,0x00,  //%%%%%%%%%%%%%%%%%%%%*
0xff,0xff,0xff,0xff,0xff,0x40,  //@@@@@@@@@@@@@@@@@@@@*
0xff,0xff,0xff,0xff,0xff,0x40,  //@@@@@@@@@@@@@@@@@@@@*
0xff,0xff,0xff,0x90,0x2f,0x40,  //@@@@@@@@@@@@#****#@@*
0xff,0xff,0xfe,0x00,0x2f,0x40,  //@@@@@@@@@@@#.....%@@*
0xff,0xff,0xfc,0x00,0x2f,0x40,  //@@@@@@@@@@@*.....%@@*
0xff,0xff,0xfc,0x06,0xaf,0x40,  //@@@@@@@@@@@...*%%#@@*
0xff,0xff,0xfc,0x0b,0xff,0x40,  //@@@@@@@@@@@...%@@@@@*
0xff,0xff,0xfc,0x0b,0xff,0x40,  //@@@@@@@@@@@...%@@@@@*
0xff,0xff,0xa8,0x06,0xaf,0x40,  //@@@@@@@@#%%...%%%#@@*
0xff,0xff,0x00,0x00,0x2f,0x40,  //@@@@@@@@*........#@@*
0xff,0xff,0x00,0x00,0x3f,0x40,  //@@@@@@@@*........@@@*
0xff,0xff,0x40,0x00,0x3f,0x40,  //@@@@@@@@***...+**@@@*
0xff,0xff,0xfc,0x0b,0xff,0x40,  //@@@@@@@@@@@...%@@@@@*
0xff,0xff,0xfc,0x0b,0xff,0x40,  //@@@@@@@@@@@...%@@@@@*
0xff,0xff,0xfc,0x0b,0xff,0x40,  //@@@@@@@@@@@...%@@@@@*
0xff,0xff,0xfc,0x0b,0xff,0x40,  //@@@@@@@@@@@...%@@@@@*
0xff,0xff,0xfc,0x0b,0xff,0x40,  //@@@@@@@@@@@...%@@@@@*
0xff,0xff,0xfc,0x0b,0xff,0x40,  //@@@@@@@@@@@...%@@@@@*
0xff,0xff,0xfc,0x0b,0xff,0x40,  //@@@@@@@@@@@...%@@@@@*
0x6a,0xaa,0xa8,0x06,0xaa,0x00,  //*%%%%%%%%%%...%%%%%%+


/*  */
0x00,0x01,0x54,0x00,0x00,  //......******.....
0x00,0x6f,0xff,0x90,0x00,  //....*#@@@@@@#*...
0x02,0xfa,0x6b,0xf8,0x00,  //..+#@@#%%%#@@@%..
0x0b,0x90,0x00,0xbe,0x00,  //.+#@#*.....*#@@%.
0x2e,0x00,0x00,0x2f,0x40,  //.#@#+........#@@*
0x7d,0x05,0x00,0x0f,0x80,  //*@@*..**+....*@@#
0xb8,0x1f,0x80,0x0f,0xc0,  //%@#..*@@#.....@@@
0xf4,0x2f,0xc0,0x0f,0xc0,  //@@%..#@@@.....@@@
0xf4,0x3f,0x80,0x0f,0xc0,  //@@*..@@@#.....@@@
0xb4,0x3f,0x40,0x0f,0xc0,  //#@%..@@@%....+@@@
0xb8,0x2f,0x00,0x1f,0x80,  //%@#..%@@*....*@@#
0x7d,0x2f,0x00,0x2f,0x40,  //*@@*.#@@.....%@@%
0x1d,0x3f,0x00,0x3f,0x00,  //.%@*.@@@....+@@@+
0x00,0x7f,0x40,0xbd,0x00,  //..+.*@@@*..+#@@%.
0x00,0x7f,0xeb,0xf8,0x00,  //....%@@@@%%@@@#..
0x00,0xbd,0xff,0xe0,0x00,  //....#@@*@@@@@%...
0x00,0xf8,0x15,0x00,0x00,  //....@@#.+***+....
0x00,0xf4,0x00,0x00,0x00,  //...*@@%..........
0x01,0xf0,0x00,0x00,0x00,  //...*@@*..........
0x01,0xe0,0x00,0x00,0x00,  //...*@#...........
0x01,0xd0,0x00,0x00,0x00,  //...*@*...........
0x01,0x80,0x00,0x00,0x00,  //...*#............
0x00,0x00,0x00,0x00,0x00,  //...++............


/*  */
0x00,0x01,0xae,0x90,0x00,0x00,  //......+*%#@#%*+......
0x00,0x1f,0xea,0xfd,0x00,0x00,  //.....%@@@%%%@@@%.....
0x00,0xb8,0x00,0x1b,0x80,0x00,  //...+#@%*.....*%@#+...
0x02,0xd0,0x00,0x01,0xe0,0x00,  //..+#@*.........*@#+..
0x0b,0x40,0x00,0x00,0x78,0x00,  //..#@*...........*@#..
0x1d,0x06,0x00,0x00,0x1d,0x00,  //.*@*..%%+........*@*.
0x28,0x0f,0x40,0x00,0x0a,0x00,  //.##..*@@*.........##.
0x34,0x1f,0x80,0x00,0x07,0x00,  //*@%..*@@#.........%@+
0x70,0x1f,0x40,0x00,0x03,0x40,  //*@*..*@@%.........*@*
0x70,0x0f,0x00,0x00,0x03,0x40,  //*@...+@@+.........+@*
0x70,0x07,0x80,0x00,0x03,0x40,  //%@....*@%..........@*
0x70,0x02,0xd0,0x10,0x03,0x40,  //*@+....%@%...*....*@*
0x74,0x00,0xb9,0xb8,0x07,0x00,  //*@*.....#@#*#@#*..*@*
0x38,0x00,0x2f,0xfd,0x0a,0x00,  //.@%......%@@@@@%..##.
0x1c,0x00,0x06,0xf8,0x0d,0x00,  //.%@*......*%@@#+.*@%.
0x0d,0x00,0x00,0x00,0x28,0x00,  //.*@%........++..+##..
0x1c,0x00,0x00,0x00,0xb0,0x00,  //.%@+...........+#@*..
0x28,0x64,0x00,0x06,0xd0,0x00,  //.##.*%*.......*#@*...
0x3f,0xfe,0x55,0xae,0x00,0x00,  //+@@@@@@#%***%#@#*....
0x7a,0x46,0xff,0xe4,0x00,0x00,  //%@#%*+*#@@@@@#*......
0x40,0x00,0x00,0x00,0x00,0x00,  //**.......***.........


/*  */
0xaa,0xaa,0xaa,0xaa,0xaa,0xaa,  //%%%%%%%%%%%%%%%%%%%%%%%%
0xea,0xaa,0xaa,0xaa,0xff,0x9b,  //@#%%%%%%%%%%%%%#@@@@#*#@
0xe0,0x00,0x00,0x01,0xff,0x03,  //@%.............*@@@@*.*@
0xe5,0x55,0x55,0x56,0xff,0x47,  //@#*************%@@@@*.%@
0xff,0xff,0xff,0xff,0xff,0xff,  //@@@@@@@@@@@@@@@@@@@@@@@@
0x00,0x00,0x00,0x00,0x00,0x00,  //************************
0x00,0x00,0x00,0x00,0x00,0x00,  //........................
0xff,0xff,0xff,0xff,0xff,0xff,  //@@@@@@@@@@@@@@@@@@@@@@@@
0xea,0xaa,0xaa,0xaa,0xff,0x8b,  //@#%%%%%%%%%%%%%#@@@@%*#@
0xe0,0x00,0x00,0x01,0xff,0x03,  //@%.............*@@@@*.*@
0xe5,0x55,0x55,0x56,0xff,0x4b,  //@#*************%@@@@%*%@
0xff,0xff,0xff,0xff,0xff,0xff,  //@@@@@@@@@@@@@@@@@@@@@@@@
0x00,0x00,0x00,0x00,0x00,0x00,  //************************
0x00,0x00,0x00,0x00,0x00,0x00,  //************************
0xff,0xff,0xff,0xff,0xff,0xff,  //@@@@@@@@@@@@@@@@@@@@@@@@
0xe5,0x55,0x55,0x56,0xff,0x4b,  //@#*************%@@@@%*%@
0xe0,0x00,0x00,0x01,0xff,0x03,  //@%.............*@@@@*.*@
0xea,0xaa,0xaa,0xaa,0xff,0x8b,  //@#%%%%%%%%%%%%%#@@@@%*#@
0xff,0xff,0xff,0xff,0xff,0xff,  //@@@@@@@@@@@@@@@@@@@@@@@@


/*  */
0x00,0x01,0xa9,0x00,0x00,0x00,0x00,  //.......*%%%*...............
0x00,0x0b,0xff,0x80,0x00,0x00,0x00,  //.....+#@@@@@#..............
0x00,0x2f,0xff,0xe0,0x00,0x00,0x00,  //.....#@@@@@@@%.............
0x00,0x7f,0xff,0xf0,0x00,0x00,0x00,  //....*@@@@@@@@@*............
0x00,0xbf,0xff,0xf4,0x00,0x00,0x00,  //....%@@@@@@@@@*............
0x00,0xbf,0xff,0xf4,0x00,0x00,0x00,  //....%@@@@@@@@@*............
0x00,0x7f,0xff,0xf4,0x00,0x00,0x00,  //....%@@@@@@@@@*............
0x00,0x3f,0xff,0xf0,0x03,0xf0,0x00,  //....*@@@@@@@@@+...+@@@*....
0x00,0x1f,0xff,0xd0,0x03,0xf0,0x00,  //.....%@@@@@@@*....*@@@*....
0x00,0x47,0xfe,0x44,0x03,0xf0,0x00,  //...**.*@@@@#*+*+..*@@@*....
0x0b,0xe4,0x10,0x6a,0x43,0xf0,0x00,  //..#@@#*.***.*#%%*.*@@@*....
0x2f,0xfe,0x5a,0x80,0x03,0xf0,0x00,  //.%@@@@@#%*%##.....*@@@*....
0x3f,0xff,0xff,0x4a,0xab,0xfa,0xa8,  //*@@@@@@@@@@@*+%%%%#@@@#%%%%
0x7f,0xff,0xff,0x4f,0xff,0xff,0xfc,  //%@@@@@@@@@@@**@@@@@@@@@@@@@
0xbf,0xff,0xff,0x4f,0xff,0xff,0xfc,  //%@@@@@@@@@@@**@@@@@@@@@@@@@
0xff,0xff,0xff,0x45,0x57,0xf5,0x54,  //@@@@@@@@@@@@*+****%@@@%****
0xff,0xff,0xff,0x80,0x03,0xf0,0x00,  //@@@@@@@@@@@@#****+*@@@*....
0xff,0xff,0xff,0xff,0xd3,0xf0,0x00,  //@@@@@@@@@@@@@@@@@**@@@*....
0xbf,0xff,0xff,0xff,0xd3,0xf0,0x00,  //#@@@@@@@@@@@@@@@@**@@@*....
0x3f,0xff,0xff,0xff,0xd3,0xf0,0x00,  //*@@@@@@@@@@@@@@@@**@@@*....
0x06,0xaa,0xaa,0xaa,0x42,0xa0,0x00,  //.+%%%%%%%%%%%%%%%++%%%+....


/*  */
0x00,0x01,0xa9,0x00,0x00,0x00,0x00,  //.......*%%%*...............
0x00,0x0b,0xff,0x80,0x00,0x00,0x00,  //.....+#@@@@@#..............
0x00,0x2f,0xff,0xe0,0x00,0x00,0x00,  //.....#@@@@@@@%.............
0x00,0x7f,0xff,0xf0,0x00,0x00,0x00,  //....*@@@@@@@@@*............
0x00,0xbf,0xff,0xf4,0x00,0x00,0x00,  //....%@@@@@@@@@*............
0x00,0xbf,0xff,0xf4,0x00,0x00,0x00,  //....%@@@@@@@@@*............
0x00,0x7f,0xff,0xf4,0x00,0x00,0x00,  //....%@@@@@@@@@*............
0x00,0x3f,0xff,0xf0,0x00,0x00,0x00,  //....*@@@@@@@@@+............
0x00,0x1f,0xff,0xd0,0x00,0x00,0x00,  //.....%@@@@@@@*...+.........
0x00,0x47,0xfe,0x44,0x24,0x00,0xa0,  //...**.*@@@@#*+*.+#%.....##.
0x0b,0xe4,0x10,0x64,0xbd,0x02,0xf8,  //..#@@#*.***.*#*+#@@%...#@@#
0x2f,0xfe,0x5a,0xf0,0xbf,0x4b,0xf8,  //.%@@@@@#%*%#@@*+#@@@%.#@@@#
0x3f,0xff,0xff,0xf8,0x2f,0xef,0xe0,  //*@@@@@@@@@@@@@#.+#@@@#@@@#+
0x7f,0xff,0xff,0xfe,0x0b,0xff,0x80,  //%@@@@@@@@@@@@@@#.+#@@@@@#+.
0xbf,0xff,0xff,0xff,0x83,0xff,0x00,  //%@@@@@@@@@@@@@@@#.*@@@@@+..
0xff,0xff,0xff,0xff,0x4b,0xff,0x40,  //@@@@@@@@@@@@@@@@*.#@@@@@%..
0xff,0xff,0xff,0xfd,0x2f,0xff,0xd0,  //@@@@@@@@@@@@@@@*.#@@@@@@@%.
0xff,0xff,0xff,0xf4,0xbf,0x9b,0xf4,  //@@@@@@@@@@@@@@*.#@@@#*#@@@%
0xbf,0xff,0xff,0xf0,0xfe,0x02,0xfc,  //#@@@@@@@@@@@@@**@@@#+.+#@@@
0x3f,0xff,0xff,0xf8,0x78,0x00,0xb4,  //*@@@@@@@@@@@@@%.*@#+...+#@*
0x06,0xaa,0xaa,0xa9,0x00,0x00,0x00,  //.+%%%%%%%%%%%%%*.*+.....+*.


/*  */
0xbd,0x00,0x00,0x00,0x00,0x00,0x00,  //#@@*.......................
0xfd,0x00,0x00,0x00,0x00,0x00,0x00,  //@@@*.......................
0xfd,0x05,0x40,0x00,0x00,0x00,0x00,  //@@@*..***+.................
0xfd,0x2f,0xe0,0x6a,0xaa,0xa9,0x00,  //@@@*.%@@@#+.%%%%%%%%%%%%*..
0xfd,0x7f,0xf8,0xff,0xff,0xff,0xd0,  //@@@**@@@@@#.@@@@@@@@@@@@@%.
0xfd,0xbf,0xfc,0xff,0xff,0xff,0xf4,  //@@@*%@@@@@@+@@@@@@@@@@@@@@*
0xfd,0xbf,0xfc,0xff,0xff,0xff,0xfc,  //@@@*%@@@@@@.@@@@@@@@@@@@@@@
0xfd,0x3f,0xf8,0xff,0xff,0xff,0xfc,  //@@@**@@@@@%.@@@@@@@@@@@@@@@
0xfd,0x1f,0xe0,0xff,0xff,0xff,0xfc,  //@@@*.*@@@%..@@@@@@@@@@@@@@@
0xfd,0x00,0x00,0x00,0x00,0x00,0x00,  //@@@*...*+...***************
0xfe,0xaa,0xaa,0xaa,0xaa,0xaa,0xa8,  //@@@#%%%%%%%%%%%%%%%%%%%%%%%
0xff,0xff,0xff,0xff,0xff,0xff,0xfc,  //@@@@@@@@@@@@@@@@@@@@@@@@@@@
0xff,0xff,0xff,0xff,0xff,0xff,0xfc,  //@@@@@@@@@@@@@@@@@@@@@@@@@@@
0xfe,0x55,0x55,0x55,0x55,0x55,0xfc,  //@@@%********************@@@
0xfd,0x00,0x00,0x00,0x00,0x00,0xfc,  //@@@*....................@@@
0xfd,0x00,0x00,0x00,0x00,0x00,0xfc,  //@@@*....................@@@
0xfd,0x00,0x00,0x00,0x00,0x00,0xfc,  //@@@*....................@@@


/*  */
0x54,0x00,0x00,0x00,0x15,0x00,  //****.............****
0x7e,0x00,0x00,0x00,0x3f,0x00,  //%@@#............*@@@+
0x3f,0x00,0x00,0x00,0xbe,0x00,  //+@@@*...........%@@%.
0x1f,0x80,0x00,0x00,0xfc,0x00,  //.%@@%..........+@@@*.
0x0f,0xc0,0x00,0x01,0xf8,0x00,  //.*@@@+.........%@@#..
0x0b,0xd0,0x00,0x02,0xf4,0x00,  //..#@@%.........#@@*..
0x5b,0xe0,0x00,0x07,0xf5,0x00,  //**%@@#........*@@@%**
0xff,0xf4,0x00,0x0b,0xff,0x40,  //@@@@@@*.......#@@@@@*
0xff,0xf8,0x00,0x0f,0xff,0x40,  //@@@@@@#......*@@@@@@*
0x00,0xfc,0x00,0x1f,0x80,0x00,  //...+@@@*.....%@@%....
0x00,0xbe,0x00,0x3f,0x40,0x00,  //****#@@%*****@@@****+
0xff,0xff,0xff,0xff,0xff,0x40,  //@@@@@@@@@@@@@@@@@@@@*
0xff,0xff,0xff,0xff,0xff,0x40,  //@@@@@@@@@@@@@@@@@@@@*
0x00,0x1f,0xc1,0xf8,0x00,0x00,  //******@@@**%@@#*****+
0x00,0x0b,0xd2,0xf4,0x00,0x00,  //......#@@*.%@@%......
0x00,0x07,0xe3,0xf0,0x00,0x00,  //......%@@%+@@@+......
0x00,0x03,0xfb,0xe0,0x00,0x00,  //......+@@@#@@%.......
0x00,0x02,0xff,0xc0,0x00,0x00,  //.......%@@@@@*.......
0x00,0x00,0xff,0x80,0x00,0x00,  //.......*@@@@#........
0x00,0x00,0xbf,0x40,0x00,0x00,  //........#@@@*........
0x00,0x00,0x7e,0x00,0x00,0x00,  //........*@@#.........
0x00,0x00,0x2d,0x00,0x00,0x00,  //.........#@*.........
0x00,0x00,0x1c,0x00,0x00,0x00,  //.........%@+.........
0x00,0x00,0x04,0x00,0x00,0x00,  //.........+%..........


/*  */
0x00,0x55,0x55,0x55,0x40,0x00,  //...+*************....
0x0b,0xff,0xff,0xff,0xf4,0x00,  //.+%@@@@@@@@@@@@@@@*..
0x2f,0xff,0xff,0xff,0xfd,0x00,  //+#@@@@@@@@@@@@@@@@@%.
0xba,0xaa,0xaa,0xaa,0xaf,0x40,  //%@#%%%%%%%%%%%%%%%@@*
0xf4,0x00,0x00,0x00,0x0f,0x40,  //@@*...............@@*
0xf4,0x00,0x00,0x00,0x0f,0x40,  //@@*...............@@*
0xf4,0x00,0x00,0x00,0x0f,0x40,  //@@*...............@@*
0xf4,0x00,0x00,0x00,0x0f,0x40,  //@@*...............@@*
0xf4,0x00,0x00,0x00,0x0f,0x40,  //@@*...............@@*
0xf4,0x00,0x00,0x00,0x0f,0x40,  //@@*...............@@*
0xf4,0x00,0x00,0x00,0x0f,0x40,  //@@%***************@@*
0xff,0xff,0xff,0xff,0xff,0x40,  //@@@@@@@@@@@@@@@@@@@@*
0xff,0xff,0xff,0xff,0xff,0x40,  //@@@@@@@@@@@@@@@@@@@@*
0xff,0xff,0x91,0xff,0xff,0x40,  //@@@@@@@@#**%@@@@@@@@*
0xff,0xff,0x00,0x7f,0xff,0x40,  //@@@@@@@@+...*@@@@@@@*
0xff,0xfe,0x00,0x3f,0xff,0x40,  //@@@@@@@%....*@@@@@@@*
0xff,0xfe,0x00,0x3f,0xff,0x40,  //@@@@@@@#....*@@@@@@@*
0xbf,0xff,0x40,0xbf,0xff,0x40,  //#@@@@@@@*...%@@@@@@@*
0x7f,0xff,0xe6,0xff,0xfe,0x00,  //*@@@@@@@@%%#@@@@@@@#+
0x1f,0xff,0xff,0xff,0xf8,0x00,  //.%@@@@@@@@@@@@@@@@#+.
0x01,0xbf,0xff,0xff,0x90,0x00,  //..*%#@@@@@@@@@@@%*...
0x00,0x2f,0xff,0xfd,0x00,0x00,  //.....#@@@@@@@@@*.....
0x00,0xbf,0xff,0xff,0x40,0x00,  //....#@@@@@@@@@@@*....
0x02,0xff,0xff,0xff,0xd0,0x00,  //...#@@@@@@@@@@@@@*...


/*  */
0x00,0x55,0x55,0x55,0x40,0x00,  //...+*************....
0x0b,0xff,0xff,0xff,0xf4,0x00,  //.+%@@@@@@@@@@@@@@@*..
0x2f,0xff,0xff,0xff,0xfd,0x00,  //+#@@@@@@@@@@@@@@@@@%.
0xba,0xaa,0xae,0xaa,0xab,0x40,  //%@#%%%%%%#@#%%%%%%#@*
0xf0,0x00,0x1c,0x00,0x03,0x40,  //@@*......*@*......*@*
0xf0,0x00,0x1c,0x00,0x03,0x40,  //@@*......*@*......*@*
0xf0,0x00,0x1c,0x00,0x03,0x40,  //@@*......*@*......*@*
0xf0,0x00,0x1c,0x00,0x03,0x40,  //@@*......*@*......*@*
0xf0,0x00,0x1c,0x00,0x03,0x40,  //@@*......*@*......*@*
0xf0,0x00,0x1c,0x00,0x03,0x40,  //@@*......*@*......*@*
0xf4,0x00,0x1d,0x00,0x07,0x40,  //@@*******%@********@*
0xff,0xff,0xff,0xff,0xff,0x40,  //@@@@@@@@@@@@@@@@@@@@*
0xff,0xff,0xff,0xff,0xff,0x40,  //@@@@@@@@@@@@@@@@@@@@*
0xfe,0xbf,0xff,0xff,0xaf,0x40,  //@@@%#@@@@@@@@@@@%#@@*
0xf0,0x1f,0xff,0xf8,0x07,0x40,  //@@+..%@@@@@@@@#+..%@*
0xe0,0x0f,0xff,0xf4,0x03,0x40,  //@%....@@@@@@@@%...*@*
0xe0,0x0f,0xff,0xf8,0x03,0x40,  //@#...+@@@@@@@@%...*@*
0xb4,0x2f,0xff,0xfd,0x0b,0x40,  //#@%.+#@@@@@@@@@*.+#@*
0x7f,0xff,0xff,0xff,0xfe,0x00,  //*@@@@@@@@@@@@@@@@@@#+
0x1f,0xff,0xff,0xff,0xf8,0x00,  //.%@@@@@@@@@@@@@@@@#+.
0x01,0xbf,0xff,0xff,0x90,0x00,  //..*%#@@@@@@@@@@@%*...
0x00,0x2f,0xff,0xfd,0x00,0x00,  //.....#@@@@@@@@@*.....
0x00,0xbf,0xff,0xff,0x40,0x00,  //....#@@@@@@@@@@@*....
0x02,0xff,0xff,0xff,0xd0,0x00,  //...#@@@@@@@@@@@@@*...


/*  */
0x40,0x00,0x00,0x00,0x80,0x00,  //%*.............+%*......
0xf8,0x00,0x00,0x02,0xf8,0x00,  //@@%*...........#@@%*....
0xff,0x80,0x00,0x07,0xff,0x80,  //@@@@%*........*@@@@@%*..
0xff,0xf8,0x00,0x0f,0xff,0xf8,  //@@@@@@%*.....+@@@@@@@@%*
0xff,0xff,0x00,0x2f,0xff,0xfe,  //@@@@@@@@.....%@@@@@@@@@%
0xff,0xff,0x00,0x7f,0xff,0xf8,  //@@@@@@@@+...*@@@@@@@@@#+
0xff,0xff,0x10,0xbf,0xff,0xf5,  //@@@@@@@@**..#@@@@@@@@@**
0xff,0xff,0x31,0xff,0xff,0xe3,  //@@@@@@@@*@+*@@@@@@@@@#+@
0xff,0xff,0x38,0xff,0xff,0xcb,  //@@@@@@@@*@%*@@@@@@@@@*%@
0xff,0xff,0x3d,0x7f,0xff,0x5f,  //@@@@@@@@*@@*%@@@@@@@%*@@
0xff,0xff,0x3e,0x2f,0xfe,0x2f,  //@@@@@@@@*@@#+#@@@@@#+#@@
0xff,0xff,0x3f,0x5f,0xfd,0x7f,  //@@@@@@@@*@@@%*@@@@@*%@@@
0xff,0xff,0x3f,0xcb,0xf8,0xff,  //@@@@@@@@*@@@@*%@@@%*@@@@
0xff,0xff,0x2f,0xe3,0xf2,0xff,  //@@@@@@@@+%@@@#+@@@+#@@@@
0xff,0xff,0x02,0xf5,0xd7,0xff,  //@@@@@@@@..*%@@**@%*@@@@@
0xff,0xff,0x00,0x28,0x8b,0xff,  //@@@@@@@@....*%#+%+#@@@@@
0xbf,0xff,0x00,0x01,0x2f,0xff,  //#@@@@@@@......**.%@@@@@@
0x2f,0xff,0x00,0x00,0x2f,0xff,  //*%@@@@@@.........%@@@@@@
0x02,0xff,0x00,0x00,0x02,0xff,  //..*%@@@@..........*%@@@@
0x00,0x2f,0x00,0x00,0x00,0x2f,  //....*%@@............*%@@
0x00,0x01,0x00,0x00,0x00,0x01,  //......**..............**


/*  */
0xaa,0xaa,0xaa,0xaa,0xaa,0x40,  //%%%%%%%%%%%%%%%%%%%%*
0xff,0xff,0xff,0xff,0xff,0x40,  //@@@@@@@@@@@@@@@@@@@@*
0xff,0xff,0xff,0xff,0xff,0x40,  //@@@@@@@@@@@@@@@@@@@@*
0xff,0xff,0xff,0xff,0xff,0x40,  //@@@@@@@@@@@@@@@@@@@@*
0xff,0xff,0xff,0xff,0xff,0x40,  //@@@@@@@@@@@@@@@@@@@@*
0xff,0xf5,0xff,0x8b,0xff,0x40,  //@@@@@@**@@@@%*#@@@@@*
0xff,0xf4,0xbf,0x0f,0xff,0x40,  //@@@@@@%.%@@@**@@@@@@*
0xff,0xfc,0x3e,0x2f,0xff,0x40,  //@@@@@@@+*@@%.#@@@@@@*
0xff,0xfe,0x2c,0x7f,0xff,0x40,  //@@@@@@@%.%@**@@@@@@@*
0xff,0xff,0x08,0xbf,0xff,0x40,  //@@@@@@@@**%.#@@@@@@@*
0xff,0xff,0x81,0xff,0xff,0x40,  //@@@@@@@@%.+*@@@@@@@@*
0xff,0xff,0xd2,0xff,0xff,0x40,  //@@@@@@@@@*.#@@@@@@@@*
0xff,0xff,0xd3,0xff,0xff,0x40,  //@@@@@@@@@**@@@@@@@@@*
0xff,0xff,0xd3,0xff,0xff,0x40,  //@@@@@@@@@**@@@@@@@@@*
0xff,0xff,0xd3,0xff,0xff,0x40,  //@@@@@@@@@**@@@@@@@@@*
0xff,0xff,0xd3,0xff,0xff,0x40,  //@@@@@@@@@**@@@@@@@@@*
0xff,0xff,0xeb,0xff,0xff,0x40,  //@@@@@@@@@##@@@@@@@@@*
0xff,0xff,0xff,0xff,0xff,0x40,  //@@@@@@@@@@@@@@@@@@@@*
0xff,0xff,0xff,0xff,0xff,0x40,  //@@@@@@@@@@@@@@@@@@@@*
0xff,0xff,0xff,0xff,0xff,0x40,  //@@@@@@@@@@@@@@@@@@@@*
0xaa,0xaa,0xaa,0xaa,0xaa,0x40,  //%%%%%%%%%%%%%%%%%%%%*


/*  */
0x00,0x00,0x00,0x05,0x40,0x00,0x00,0x00,  //.............+***............
0x00,0x00,0x00,0x25,0xa0,0x00,0x00,0x00,  //............+%%%##...........
0x00,0x00,0x00,0x00,0x14,0x00,0x00,0x00,  //..........+****+.**..........
0x00,0x00,0x1b,0xea,0x90,0x00,0x00,0x00,  //........+*#@@#%##%*..........
0x00,0x00,0x1a,0x00,0x7d,0x00,0x00,0x00,  //........+%%#*...*@@%.........
0x00,0x02,0xfc,0x00,0x1f,0x80,0x00,0x00,  //......+%@@@*.....*@@#........
0x02,0x1f,0xf8,0x09,0x0b,0xe0,0x10,0x00,  //..+%+*@@@@#..+%*..#@@%..*%...
0x04,0x4b,0xf8,0x0b,0x8b,0xf0,0x44,0x00,  //..%***#@@@%...%@%.%@@@*.*+*..
0x05,0x6b,0xf8,0x4b,0xcb,0xfe,0x54,0x00,  //..%*%##@@@#.**#@@.#@@@@%**%..
0x08,0x4f,0xfc,0xbf,0x9f,0xfc,0x48,0x00,  //..#.*+@@@@@+#@@@#*@@@@@+**%..
0x08,0x1f,0xfe,0x6e,0x6f,0xfc,0x08,0x00,  //..%.**@@@@@#*#@#*#@@@@@**.%..
0x05,0x6f,0xff,0xea,0xff,0xfd,0x50,0x00,  //..***%@@@@@@@###@@@@@@@%*%+..
0x00,0x9b,0x98,0x08,0x15,0xb9,0x80,0x00,  //...+%*#@%*%***#**%%*#@#*%....
0x02,0xeb,0x48,0x08,0x14,0xfb,0xd0,0x00,  //...%@##@*.%...%..**.@@%@@%...
0x07,0xf8,0x48,0x09,0x64,0x4b,0xf4,0x00,  //..%@@@#.%.%...#**%***.#@@@*..
0x0b,0xf9,0x15,0x50,0x05,0x1b,0xf4,0x00,  //..%@@@#*.%*%*%*...*%.%#@@@*..
0x02,0xf1,0x40,0x00,0x00,0x97,0xe0,0x00,  //..*#@@*%*...........%*%@@#...
0x00,0x80,0x50,0x00,0x02,0x01,0x40,0x00,  //...+%*..*%........+%+..%*+...
0x0a,0x80,0x08,0x00,0x18,0x01,0xa4,0x00,  //.*%##*...*%*.....*%....*##%+.
0x39,0x90,0x02,0x81,0x90,0x01,0x5a,0x00,  //+@#%%*....+#%*+%#%.....%%%##.
0x97,0xa0,0x24,0x14,0x05,0x01,0xa6,0x40,  //#%*@%%..*%%*+*%*.*%%+.+%##*#%
0x9f,0x56,0x40,0x00,0x00,0x54,0xbd,0x40,  //%%@@%**#*..........+%%*+#@@%*
0x1a,0xad,0x54,0x00,0x05,0x6e,0xa9,0x00,  //*%%%#%@%*************%@%#%%%+
0x00,0x90,0x00,0x00,0x00,0x01,0x84,0x00,  //.***%******************%%+*+.


/*  */
0x00,0x00,0x00,0x00,0x00,0x00,0x00,0x00,  //+..............................
0x00,0x00,0x00,0x00,0x00,0x00,0x00,0x00,  //+*.............................
0x14,0x00,0x00,0x00,0x00,0x00,0x00,0x00,  //.%*............................
0x0a,0x40,0x00,0x00,0x00,0x00,0x00,0x00,  //..##*+.........................
0x01,0xfa,0x40,0x00,0x00,0x00,0x00,0x00,  //...%@@#%***+...................
0x00,0x1f,0xff,0xff,0xff,0xff,0xaa,0x40,  //....*%@@@@@@@@@@@@@@@@@@%%%%*+.
0x00,0x00,0x6b,0xff,0xff,0xff,0xff,0xf4,  //.......*%%#@@@@@@@@@@@@@@@@@@@%
0x00,0x00,0x00,0x00,0x00,0x05,0x6f,0xf8,  //.............***********%#@@@@%
0x00,0x00,0x00,0x00,0x00,0x00,0x07,0xe0,  //..........................*@@#+
0x00,0x00,0x00,0x00,0x00,0x00,0x03,0x80,  //...........................@#*.
0x00,0x00,0x00,0x00,0x00,0x00,0x06,0x00,  //..........................%#+..
0x00,0x00,0x00,0x00,0x00,0x00,0x18,0x00,  //.........................*#+...
0x00,0x00,0x00,0x00,0x00,0x00,0x60,0x00,  //........................*#.....
0x00,0x00,0x00,0x00,0x00,0x01,0x80,0x00,  //.......................*%......
0x00,0x00,0x00,0x00,0x00,0x01,0x00,0x00,  //......................+%.......
0x00,0x00,0x00,0x00,0x00,0x00,0x00,0x00,  //......................*........
0x00,0x00,0x00,0x00,0x00,0x00,0x00,0x00,  //.....................+.........
0x00,0x00,0x00,0x00,0x00,0x00,0x00,0x00,  //...............................
0x00,0x02,0x90,0x00,0x29,0x00,0x00,0x00,  //......+%#*......+%#*...........
0x00,0x0b,0xf0,0x00,0xbf,0x00,0x00,0x00,  //......#@@@+.....#@@@+..........
0x00,0x0f,0xf0,0x00,0xff,0x40,0x00,0x00,  //......@@@@*.....@@@@*..........
0x00,0x0b,0xe0,0x00,0x7e,0x00,0x00,0x00,  //......%@@#......%@@#+..........
0x00,0x01,0x40,0x00,0x14,0x00,0x00,0x00,  //.......**+.......**+...........


/*  */
0x00,0x00,0x05,0x50,0x00,0x00,  //.........******.........
0x00,0x02,0x94,0x16,0x80,0x00,  //......*%#%****%#%*......
0x00,0x28,0x1a,0xa4,0x28,0x00,  //.....%%**%%%%%%**%%.....
0x00,0x92,0xfe,0xbf,0x86,0x00,  //...+#**#@@@##@@@#**#+...
0x02,0x1f,0xd0,0x07,0xf4,0x80,  //...#+%@@@%+..+%@@@%+#...
0x08,0x7f,0x41,0x41,0xfd,0x20,  //..#*%@@@*..**..*@@@%*#..
0x15,0xfe,0x0b,0xe0,0xbf,0x54,  //.*%*@@@%.+#@@#+.%@@@*%*.
0x22,0xfd,0x2f,0xf8,0x7f,0x88,  //.#+#@@@*.#@@@@#.*@@@#+#.
0x57,0xfc,0x3f,0xfc,0x3f,0xd5,  //*%*@@@@*.@@@@@@.*@@@@*%*
0x4b,0xfc,0x3f,0xfc,0x3f,0xe1,  //%*#@@@@*.@@@@@@.*@@@@#*%
0x8f,0xe9,0x6a,0xa9,0x6b,0xf2,  //#+@@@#%%*%%%%%%*%%#@@@+#
0x8f,0xc4,0x00,0x00,0x03,0xf2,  //#*@@@**...........*@@@*#
0x8f,0xc8,0x01,0x40,0x03,0xf2,  //%*@@@*%....**.....*@@@*%
0xcf,0xc8,0x07,0xd0,0x03,0xf3,  //@*@@@*%...%@@%....*@@@*@
0x8f,0xc8,0x0b,0xe0,0x03,0xf2,  //#+@@@*%...%@@%....*@@@+#
0x4b,0xc8,0x02,0x80,0x03,0xe1,  //%*#@@*%...+##+....*@@#*%
0x17,0xc8,0x02,0x80,0x03,0xd4,  //*%*@@*%....%%.....*@@*%*
0x22,0xc8,0x01,0x40,0x03,0x88,  //.#+#@*%....**.....*@#+#.
0x08,0xc4,0x00,0x00,0x03,0x20,  //.*%*@**...........*@*%*.
0x09,0x6a,0xaa,0xaa,0xa9,0x60,  //..%**#%%%%%%%%%%%%#**%..
0x02,0x5f,0xff,0xff,0xf5,0x80,  //...#**@@@@@@@@@@@@**#...
0x00,0x92,0xff,0xff,0x86,0x00,  //....#*+%@@@@@@@@%+*#....
0x00,0x19,0x16,0x94,0x64,0x00,  //.....*#*+*%%%%*+*#*.....
0x00,0x01,0xa5,0x5a,0x40,0x00,  //......+%#%****%#%+......


/*  */
0x7f,0xff,0xff,0xff,0xff,0xff,0xff,0x40,  //*@@@@@@@@@@@@@@@@@@@@@@@@@@@*..
0xa5,0x55,0x55,0x55,0x55,0x55,0x56,0xc0,  //##*************************#@..
0xe0,0x00,0x00,0x00,0x00,0x00,0x01,0xc0,  //@%.........................*@*.
0xe1,0xaa,0xaa,0xaa,0xaa,0xaa,0x91,0xc0,  //@%.*%%%%%%%%%%%%%%%%%%%%%%.*@*.
0xe1,0xff,0xff,0xff,0xff,0xff,0xe1,0xe0,  //@%.*@@@@@@@@@@@@@@@@@@@@@%.*@#+
0xe1,0xff,0xff,0xff,0xff,0xff,0xe1,0xa8,  //@%.*@@@@@@@@@@@@@@@@@@@@@%.*%#%
0xe1,0xff,0xff,0xff,0xff,0xff,0xe0,0x28,  //@%.*@@@@@@@@@@@@@@@@@@@@@%...%%
0xe1,0xff,0xff,0xff,0xff,0xff,0xe0,0x28,  //@%.*@@@@@@@@@@@@@@@@@@@@@%...%%
0xe1,0xff,0xff,0xff,0xff,0xff,0xe0,0x28,  //@%.*@@@@@@@@@@@@@@@@@@@@@%...%%
0xe1,0xff,0xff,0xff,0xff,0xff,0xe0,0x28,  //@%.*@@@@@@@@@@@@@@@@@@@@@%...%%
0xe1,0xff,0xff,0xff,0xff,0xff,0xe0,0x28,  //@%.*@@@@@@@@@@@@@@@@@@@@@%...%%
0xe1,0xff,0xff,0xff,0xff,0xff,0xe1,0xf8,  //@%.*@@@@@@@@@@@@@@@@@@@@@%.*@@%
0xe1,0xff,0xff,0xff,0xff,0xff,0xe1,0xe0,  //@%.*@@@@@@@@@@@@@@@@@@@@@%.*@%+
0xe0,0x55,0x55,0x55,0x55,0x55,0x51,0xc0,  //@%.***********************.*@*.
0xe0,0x00,0x00,0x00,0x00,0x00,0x01,0xc0,  //@%.........................*@*.
0xaa,0xaa,0xaa,0xaa,0xaa,0xaa,0xaa,0xc0,  //##%%%%%%%%%%%%%%%%%%%%%%%%%#@..
0x2f,0xff,0xff,0xff,0xff,0xff,0xfe,0x40,  //+#@@@@@@@@@@@@@@@@@@@@@@@@@#*..


/*  */
0x7f,0xff,0xff,0xff,0xff,0xff,0xff,0x40,  //*@@@@@@@@@@@@@@@@@@@@@@@@@@@*..
0xa5,0x55,0x55,0x55,0x55,0x55,0x56,0xc0,  //##*************************#@..
0xe0,0x00,0x00,0x00,0x00,0x00,0x01,0xc0,  //@%.........................*@*.
0xe1,0xaa,0xaa,0xaa,0xaa,0x40,0x01,0xc0,  //@%.*%%%%%%%%%%%%%%%%*......*@*.
0xe1,0xff,0xff,0xff,0xff,0x40,0x01,0xe0,  //@%.*@@@@@@@@@@@@@@@@*......*@#+
0xe1,0xff,0xff,0xff,0xff,0x40,0x01,0xa8,  //@%.*@@@@@@@@@@@@@@@@*......*%#%
0xe1,0xff,0xff,0xff,0xff,0x40,0x00,0x28,  //@%.*@@@@@@@@@@@@@@@@*........%%
0xe1,0xff,0xff,0xff,0xff,0x40,0x00,0x28,  //@%.*@@@@@@@@@@@@@@@@*........%%
0xe1,0xff,0xff,0xff,0xff,0x40,0x00,0x28,  //@%.*@@@@@@@@@@@@@@@@*........%%
0xe1,0xff,0xff,0xff,0xff,0x40,0x00,0x28,  //@%.*@@@@@@@@@@@@@@@@*........%%
0xe1,0xff,0xff,0xff,0xff,0x40,0x00,0x28,  //@%.*@@@@@@@@@@@@@@@@*........%%
0xe1,0xff,0xff,0xff,0xff,0x40,0x01,0xf8,  //@%.*@@@@@@@@@@@@@@@@*......*@@%
0xe1,0xff,0xff,0xff,0xff,0x40,0x01,0xe0,  //@%.*@@@@@@@@@@@@@@@@*......*@%+
0xe0,0x55,0x55,0x55,0x55,0x00,0x01,0xc0,  //@%.******************......*@*.
0xe0,0x00,0x00,0x00,0x00,0x00,0x01,0xc0,  //@%.........................*@*.
0xaa,0xaa,0xaa,0xaa,0xaa,0xaa,0xaa,0xc0,  //##%%%%%%%%%%%%%%%%%%%%%%%%%#@..
0x2f,0xff,0xff,0xff,0xff,0xff,0xfe,0x40,  //+#@@@@@@@@@@@@@@@@@@@@@@@@@#*..


/*  */
0x7f,0xff,0xff,0xff,0xff,0xff,0xff,0x40,  //*@@@@@@@@@@@@@@@@@@@@@@@@@@@*..
0xa5,0x55,0x55,0x55,0x55,0x55,0x56,0xc0,  //##*************************#@..
0xe0,0x00,0x00,0x00,0x00,0x00,0x01,0xc0,  //@%.........................*@*.
0xe1,0xaa,0xaa,0xa9,0x00,0x00,0x01,0xc0,  //@%.*%%%%%%%%%%%*...........*@*.
0xe1,0xff,0xff,0xfd,0x00,0x00,0x01,0xe0,  //@%.*@@@@@@@@@@@*...........*@#+
0xe1,0xff,0xff,0xfd,0x00,0x00,0x01,0xa8,  //@%.*@@@@@@@@@@@*...........*%#%
0xe1,0xff,0xff,0xfd,0x00,0x00,0x00,0x28,  //@%.*@@@@@@@@@@@*.............%%
0xe1,0xff,0xff,0xfd,0x00,0x00,0x00,0x28,  //@%.*@@@@@@@@@@@*.............%%
0xe1,0xff,0xff,0xfd,0x00,0x00,0x00,0x28,  //@%.*@@@@@@@@@@@*.............%%
0xe1,0xff,0xff,0xfd,0x00,0x00,0x00,0x28,  //@%.*@@@@@@@@@@@*.............%%
0xe1,0xff,0xff,0xfd,0x00,0x00,0x00,0x28,  //@%.*@@@@@@@@@@@*.............%%
0xe1,0xff,0xff,0xfd,0x00,0x00,0x01,0xf8,  //@%.*@@@@@@@@@@@*...........*@@%
0xe1,0xff,0xff,0xfd,0x00,0x00,0x01,0xe0,  //@%.*@@@@@@@@@@@*...........*@%+
0xe0,0x55,0x55,0x54,0x00,0x00,0x01,0xc0,  //@%.*************...........*@*.
0xe0,0x00,0x00,0x00,0x00,0x00,0x01,0xc0,  //@%.........................*@*.
0xaa,0xaa,0xaa,0xaa,0xaa,0xaa,0xaa,0xc0,  //##%%%%%%%%%%%%%%%%%%%%%%%%%#@..
0x2f,0xff,0xff,0xff,0xff,0xff,0xfe,0x40,  //+#@@@@@@@@@@@@@@@@@@@@@@@@@#*..


/*  */
0x7f,0xff,0xff,0xff,0xff,0xff,0xff,0x40,  //*@@@@@@@@@@@@@@@@@@@@@@@@@@@*..
0xa5,0x55,0x55,0x55,0x55,0x55,0x56,0xc0,  //##*************************#@..
0xe0,0x00,0x00,0x00,0x00,0x00,0x01,0xc0,  //@%.........................*@*.
0xe1,0xaa,0xa0,0x00,0x00,0x00,0x01,0xc0,  //@%.*%%%%%%+................*@*.
0xe1,0xff,0xf0,0x00,0x00,0x00,0x01,0xe0,  //@%.*@@@@@@*................*@#+
0xe1,0xff,0xf0,0x00,0x00,0x00,0x01,0xa8,  //@%.*@@@@@@*................*%#%
0xe1,0xff,0xf0,0x00,0x00,0x00,0x00,0x28,  //@%.*@@@@@@*..................%%
0xe1,0xff,0xf0,0x00,0x00,0x00,0x00,0x28,  //@%.*@@@@@@*..................%%
0xe1,0xff,0xf0,0x00,0x00,0x00,0x00,0x28,  //@%.*@@@@@@*..................%%
0xe1,0xff,0xf0,0x00,0x00,0x00,0x00,0x28,  //@%.*@@@@@@*..................%%
0xe1,0xff,0xf0,0x00,0x00,0x00,0x00,0x28,  //@%.*@@@@@@*..................%%
0xe1,0xff,0xf0,0x00,0x00,0x00,0x01,0xf8,  //@%.*@@@@@@*................*@@%
0xe1,0xff,0xf0,0x00,0x00,0x00,0x01,0xe0,  //@%.*@@@@@@*................*@%+
0xe0,0x55,0x50,0x00,0x00,0x00,0x01,0xc0,  //@%.*******+................*@*.
0xe0,0x00,0x00,0x00,0x00,0x00,0x01,0xc0,  //@%.........................*@*.
0xaa,0xaa,0xaa,0xaa,0xaa,0xaa,0xaa,0xc0,  //##%%%%%%%%%%%%%%%%%%%%%%%%%#@..
0x2f,0xff,0xff,0xff,0xff,0xff,0xfe,0x40,  //+#@@@@@@@@@@@@@@@@@@@@@@@@@#*..


/*  */
0x7f,0xff,0xff,0xff,0xff,0xff,0xff,0x40,  //*@@@@@@@@@@@@@@@@@@@@@@@@@@@*..
0xa5,0x55,0x55,0x55,0x55,0x55,0x56,0xc0,  //##*************************#@..
0xe0,0x00,0x00,0x00,0x00,0x00,0x01,0xc0,  //@%.........................*@*.
0xe0,0x00,0x00,0x00,0x00,0x00,0x01,0xc0,  //@%.........................*@*.
0xe0,0x00,0x00,0x00,0x00,0x00,0x01,0xe0,  //@%.........................*@#+
0xe0,0x00,0x00,0x00,0x00,0x00,0x01,0xa8,  //@%.........................*%#%
0xe0,0x00,0x00,0x00,0x00,0x00,0x00,0x28,  //@%...........................%%
0xe0,0x00,0x00,0x00,0x00,0x00,0x00,0x28,  //@%...........................%%
0xe0,0x00,0x00,0x00,0x00,0x00,0x00,0x28,  //@%...........................%%
0xe0,0x00,0x00,0x00,0x00,0x00,0x00,0x28,  //@%...........................%%
0xe0,0x00,0x00,0x00,0x00,0x00,0x00,0x28,  //@%...........................%%
0xe0,0x00,0x00,0x00,0x00,0x00,0x01,0xf8,  //@%.........................*@@%
0xe0,0x00,0x00,0x00,0x00,0x00,0x01,0xe0,  //@%.........................*@%+
0xe0,0x00,0x00,0x00,0x00,0x00,0x01,0xc0,  //@%.........................*@*.
0xe0,0x00,0x00,0x00,0x00,0x00,0x01,0xc0,  //@%.........................*@*.
0xaa,0xaa,0xaa,0xaa,0xaa,0xaa,0xaa,0xc0,  //##%%%%%%%%%%%%%%%%%%%%%%%%%#@..
0x2f,0xff,0xff,0xff,0xff,0xff,0xfe,0x40,  //+#@@@@@@@@@@@@@@@@@@@@@@@@@#*..


/*  */
0x40,0x00,0x00,0x00,  //**..............
0xf4,0x00,0x00,0x00,  //@@*.............
0xfd,0x00,0x00,0x00,  //@@@*............
0xff,0x40,0x00,0x00,  //@@@@*...........
0xff,0xd0,0x00,0x00,  //@@@@@*..........
0xff,0xf4,0x00,0x00,  //@@@@@@*.........
0xff,0xfd,0x00,0x00,  //@@@@@@@*........
0xff,0xff,0x40,0x00,  //@@@@@@@@*.......
0xff,0xff,0xd0,0x00,  //@@@@@@@@@*......
0xff,0xff,0xf4,0x00,  //@@@@@@@@@@*.....
0xff,0xff,0xfd,0x00,  //@@@@@@@@@@@*....
0xff,0xff,0xff,0x40,  //@@@@@@@@@@@@*...
0xff,0xff,0xff,0xd0,  //@@@@@@@@@@@@@*..
0xff,0xff,0xff,0xf4,  //@@@@@@@@@@@@@@*.
0xff,0xff,0xff,0xfc,  //@@@@@@@@@@@@@@@*
0xff,0xff,0xea,0xa8,  //@@@@@@@@@#%%%%%*
0xff,0xff,0xe0,0x00,  //@@@@@@@@@%......
0xff,0xef,0xf0,0x00,  //@@@@@#@@@@+.....
0xff,0x8f,0xf4,0x00,  //@@@@#+@@@@%.....
0xfe,0x07,0xf8,0x00,  //@@@#..%@@@#.....
0xf8,0x03,0xfd,0x00,  //@@#...*@@@@*....
0xe0,0x02,0xfe,0x00,  //@#.....#@@@#....
0x00,0x01,0xff,0x00,  //+......*@@@@+...
0x00,0x00,0xb9,0x00,  //........#@#*....


/*  */
0x54,0x00,0x15,  //***+....+***
0xff,0x82,0xff,  //@@@@#++#@@@@
0x01,0xeb,0x40,  //***%@##@%***
0x00,0x7d,0x00,  //....*@@*....
0x00,0x28,0x00,  //.....##.....
0x00,0x28,0x00,  //.....%%.....
0x00,0x28,0x00,  //.....%%.....
0x00,0x28,0x00,  //.....%%.....
0x00,0x28,0x00,  //.....%%.....
0x00,0x28,0x00,  //.....%%.....
0x00,0x28,0x00,  //...+*##*+...
0x01,0xff,0x40,  //...*@@@@*...
0x00,0x69,0x00,  //...**##**...
0x00,0x28,0x00,  //.....%%.....
0x00,0x28,0x00,  //.....%%.....
0x00,0x28,0x00,  //.....%%.....
0x00,0x28,0x00,  //.....%%.....
0x00,0x28,0x00,  //.....%%.....
0x00,0x28,0x00,  //.....%%.....
0x00,0x28,0x00,  //.....%%.....
0x00,0x3c,0x00,  //.....@@.....
0x00,0x7d,0x00,  //....*@@*....
0x06,0xeb,0x90,  //***%@##@%***
0xff,0x82,0xff,  //@@@@%..%@@@@


/*  */
0x55,0x40,0x00,0x00,0x00,0x05,0x54,  //*****+................*****
0xff,0xc0,0x00,0x00,0x00,0x0b,0xfc,  //@@@@@*................%@@@@
0xe1,0xea,0xaa,0xaa,0xaa,0xab,0x1c,  //@#*%@#%%%%%%%%%%%%%%%%#@**@
0xe1,0xea,0xaa,0xaa,0xaa,0xab,0x1c,  //@#*%@#%%%%%%%%%%%%%%%%#@**@
0xff,0xc0,0x00,0x00,0x00,0x0b,0xfc,  //@@@@@*................%@@@@
0x5e,0x55,0x55,0x55,0x40,0x05,0xe4,  //*%@%*************+....**@#*
0x0d,0x2f,0xff,0xff,0xc0,0x00,0xe0,  //.*@*.%@@@@@@@@@@@*......@%.
0x0d,0x28,0x00,0x01,0xc0,0x00,0xe0,  //.*@*.%#********%@*......@%.
0x0d,0x28,0x00,0x01,0xc0,0x00,0xe0,  //.*@*.%%........*@*......@%.
0x0d,0x28,0x00,0x01,0xff,0xf0,0xe0,  //.*@*.%%........*@@@@@@*.@%.
0x0d,0x28,0x00,0x01,0xea,0xb0,0xe0,  //.*@*.%%........*@#%%#@*.@%.
0x0d,0x28,0x00,0x01,0xc0,0x70,0xe0,  //.*@*.%%........*@*..*@*.@%.
0x0d,0x28,0x00,0x01,0xc0,0x70,0xe0,  //.*@*.%%........*@*..*@*.@%.
0x0d,0x28,0x00,0x01,0xc0,0x70,0xe0,  //.*@*.%%........*@*..*@*.@%.
0x0d,0x2a,0xaa,0xaa,0xc0,0x70,0xe0,  //.*@*.%#%%%%%%%%#@*..*@*.@%.
0x0d,0x1a,0xab,0xaa,0x80,0x70,0xe0,  //.*@*.%%%%%#@%%%%%+..*@*.@%.
0x0d,0x00,0x0b,0x00,0x00,0x70,0xe0,  //.*@*......%@........*@*.@%.
0x0d,0x00,0x0b,0x55,0x55,0xb0,0xe0,  //.*@*......%@********%@*.@%.
0x0d,0x00,0x0b,0xff,0xff,0xf0,0xe0,  //.*@*......%@@@@@@@@@@@*.@%.
0xae,0x80,0x00,0x00,0x00,0x06,0xe8,  //%#@#%+....+***********%%@#%
0xff,0xc0,0x00,0x00,0x00,0x0b,0xfc,  //@@@@@*................%@@@@
0xe1,0xff,0xff,0xff,0xff,0xff,0x0c,  //@%.*@@@@@@@@@@@@@@@@@@@@.*@
0xe1,0xea,0xaa,0xaa,0xaa,0xab,0x1c,  //@#*%@#%%%%%%%%%%%%%%%%#@**@
0xff,0xc0,0x00,0x00,0x00,0x0b,0xfc,  //@@@@@*................%@@@@


/*  */
0x55,0x40,0x00,0x00,0x15,0x50,0x00,0x00,  //*****+...........*****+........
0xff,0xc0,0x00,0x00,0x2f,0xf0,0x00,0x00,  //@@@@@*...........%@@@@*........
0xe1,0xea,0xaa,0xaa,0xa8,0x70,0x00,0x00,  //@#*%@#%%%%%%%%%%%##*%@*........
0xe1,0xea,0xaa,0xaa,0xa8,0x70,0x00,0x00,  //@#*%@#%%%%%%%%%%%##*%@*........
0xff,0xc0,0x00,0x00,0x2f,0xf0,0x00,0x00,  //@@@@@*...........%@@@@*........
0x5e,0x40,0x00,0x00,0x17,0x90,0x05,0x54,  //*%@%*+...........*%@%*+..+*****
0x0d,0x00,0x00,0x00,0x03,0x40,0x0f,0xf8,  //.*@*..............*@*....*@@@@%
0x0d,0x00,0x00,0x00,0x03,0xaa,0xad,0x28,  //.*@*..............*@#%%%%#@%*#%
0x0d,0x00,0x00,0x00,0x03,0xff,0xfd,0x28,  //.*@*..............*@@@@@@@@*.%%
0x0d,0x00,0x00,0x00,0x03,0x40,0x0f,0xf8,  //.*@*..............*@*....*@@@@%
0x0d,0x00,0x00,0x00,0x03,0x40,0x0a,0xe4,  //.*@*..............*@*....+%#@#%
0x0d,0x00,0x00,0x00,0x03,0x40,0x01,0xc0,  //.*@*..............*@*......*@*.
0x0d,0x00,0x00,0x00,0x03,0x40,0x01,0xc0,  //.*@*..............*@*......*@*.
0x0d,0x00,0x00,0x00,0x03,0x40,0x01,0xc0,  //.*@*..............*@*......*@*.
0xae,0x80,0x00,0x00,0x1b,0xa0,0x01,0xc0,  //%#@#%+...........%#@#%+....*@*.
0xea,0xd0,0x00,0x00,0x2a,0xb0,0x01,0xc0,  //@#%#@************##%#@*....*@*.
0xe1,0xff,0xff,0xff,0xf8,0x70,0x01,0xc0,  //@%.*@@@@@@@@@@@@@@%.*@*....*@*.
0xe6,0xd5,0x5b,0x55,0x69,0xb0,0x01,0xc0,  //@#*%@%****#@*****##*%@*....*@*.
0xff,0xc0,0x0b,0x00,0x2f,0xf0,0x01,0xc0,  //@@@@@*....%@.....%@@@@*....*@*.
0x00,0x00,0x6b,0x90,0x00,0x00,0x0a,0xe4,  //*****...*%#@%%...+****...+%#@#%
0x00,0x00,0x7f,0xe0,0x00,0x00,0x0f,0xf8,  //........*@@@@%...........*@@@@%
0x00,0x00,0x70,0xff,0xff,0xff,0xfd,0x28,  //........*@*.@@@@@@@@@@@@@@@*.%%
0x00,0x00,0x74,0xea,0xaa,0xaa,0xad,0x28,  //........*@**@#%%%%%%%%%%%#@%*#%
0x00,0x00,0x7f,0xe0,0x00,0x00,0x0f,0xf8,  //........*@@@@%...........*@@@@%


/*  */
0x6a,0xaa,0xaa,0xaa,0xaa,0x00,  //%%%%%%%%%%%%%%%%%%%%+
0xff,0xff,0xff,0xff,0xff,0x40,  //@@@@@@@@@@@@@@@@@@@@*
0xff,0xff,0xff,0xff,0xff,0x40,  //@@@@@@@@@@@@@@@@@@@@*
0xff,0xff,0xff,0xff,0xff,0x40,  //@@@@@@@@@@@@@@@@@@@@*
0xff,0xff,0xff,0xff,0xff,0x40,  //@@@@@@@@@@@@@@@@@@@@*
0xff,0xff,0xff,0xff,0xff,0x40,  //@@@@@@@@@@@@@@@@@@@@*
0xff,0xff,0xff,0xff,0xff,0x40,  //@@@@@@@@@@@@@@@@@@@@*
0xff,0xff,0xff,0xff,0xff,0x40,  //@@@@@@@@@@@@@@@@@@@@*
0xff,0xff,0xff,0xff,0xff,0x40,  //@@@@@@@@@@@@@@@@@@@@*
0xff,0xff,0xff,0xff,0xff,0x40,  //@@@@@@@@@@@@@@@@@@@@*
0xff,0xff,0xff,0xff,0xff,0x40,  //@@@@@@@@@@@@@@@@@@@@*
0xff,0xff,0xff,0xff,0xff,0x40,  //@@@@@@@@@@@@@@@@@@@@*
0xff,0xff,0xff,0xff,0xff,0x40,  //@@@@@@@@@@@@@@@@@@@@*
0xff,0xff,0xff,0xfa,0xaa,0x40,  //@@@@@@@@@@@@@@#%%%%%*
0xff,0xff,0xff,0xe0,0x00,0x00,  //@@@@@@@@@@@@@#.......
0xff,0xff,0xff,0xe0,0x55,0x00,  //@@@@@@@@@@@@@%.******
0xff,0xff,0xff,0xe1,0xff,0x00,  //@@@@@@@@@@@@@%.*@@@@*
0xff,0xff,0xff,0xe1,0xfd,0x00,  //@@@@@@@@@@@@@%.*@@@%.
0xff,0xff,0xff,0xe1,0xf4,0x00,  //@@@@@@@@@@@@@%.*@@%..
0xff,0xff,0xff,0xe1,0xd0,0x00,  //@@@@@@@@@@@@@%.*@%...
0x6a,0xaa,0xaa,0x90,0x00,0x00,  //*%%%%%%%%%%%%%.**....


/*  */
0x6a,0xaa,0xaa,0xaa,0xaa,0x00,  //%%%%%%%%%%%%%%%%%%%%+
0xea,0xaa,0xaa,0xaa,0xab,0x40,  //@#%%%%%%%%%%%%%%%%#@*
0xe0,0x00,0x00,0x00,0x03,0x40,  //@%................*@*
0xe0,0x00,0x00,0x00,0x03,0x40,  //@%................*@*
0xe0,0x00,0x00,0x00,0x03,0x40,  //@%................*@*
0xe0,0x00,0x00,0x00,0x03,0x40,  //@%................*@*
0xe0,0x00,0x00,0x00,0x03,0x40,  //@%................*@*
0xe0,0x00,0x00,0x00,0x03,0x40,  //@%................*@*
0xe0,0x00,0x00,0x00,0x03,0x40,  //@%................*@*
0xe0,0x00,0x00,0x00,0x03,0x40,  //@%................*@*
0xe0,0x00,0x00,0x00,0x03,0x40,  //@%................*@*
0xe0,0x00,0x00,0x00,0x03,0x40,  //@%................*@*
0xe0,0x00,0x00,0x00,0x03,0x40,  //@%................*@*
0xe0,0x00,0x00,0x00,0x07,0x40,  //@%.............****@*
0xe0,0x00,0x00,0x0b,0xff,0x40,  //@%...........+#@@@@@*
0xe0,0x00,0x00,0x0e,0x5b,0x40,  //@%...........*@%**%@*
0xe0,0x00,0x00,0x0d,0x0b,0x00,  //@%...........*@*..#@*
0xe0,0x00,0x00,0x0d,0x2d,0x00,  //@%...........*@*.#@%.
0xe0,0x00,0x00,0x0d,0xb4,0x00,  //@%...........*@%#@%..
0xff,0xff,0xff,0xff,0xd0,0x00,  //@@@@@@@@@@@@@@@@@%...
0x6a,0xaa,0xaa,0xaa,0x00,0x00,  //*%%%%%%%%%%%%%%%*....


/*  */
0x6a,0xaa,0xaa,0xaa,0xaa,0xaa,0xaa,0xa0,  //*%%%%%%%%%%%%%%%%%%%%%%%%%%%%%+
0xbf,0xff,0xff,0xff,0xff,0xff,0xff,0xf8,  //#@@@@@@@@@@@@@@@@@@@@@@@@@@@@@%
0xff,0xff,0xff,0xff,0xff,0xff,0xff,0xf8,  //@@@@@@@@@@@@@@@@@@@@@@@@@@@@@@%
0xff,0xff,0xff,0xff,0xff,0xff,0xff,0xf8,  //@@@@@@@@@@@@@@@@@@@@@@@@@@@@@@%
0xff,0xff,0xff,0xff,0xff,0xff,0xff,0xf8,  //@@@@@@@@@@@@@@@@@@@@@@@@@@@@@@%
0xff,0xff,0xff,0xff,0xff,0xff,0xff,0xf8,  //@@@@@@@@@@@@@@@@@@@@@@@@@@@@@@%
0xff,0xff,0xff,0xfa,0xbf,0xff,0xff,0xf8,  //@@@@@@@@@@@@@@#%%@@@@@@@@@@@@@%
0xff,0xf8,0x0e,0x40,0x02,0x00,0x00,0xb8,  //@@@@@@%..*@#*......#*......+#@%
0xff,0xf8,0x08,0x06,0xe6,0x03,0xe0,0x38,  //@@@@@@%..*#+..%#@#%#*..@@%..*@%
0xff,0xf8,0x04,0x0f,0xff,0x02,0x90,0x78,  //@@@@@@%..*%..*@@@@@@*..%%*..*@%
0xff,0xf8,0x04,0x1f,0xff,0x00,0x00,0xb8,  //@@@@@@%..**..*@@@@@@*..**..*#@%
0xff,0xf8,0x04,0x0f,0xff,0x03,0xe0,0x28,  //@@@@@@%..*%..*@@@@@@*..@@#...#%
0xe6,0xa0,0x1c,0x06,0xa6,0x02,0xa0,0x28,  //@#*%#%+..%@+..*##%*#*..%%%...#%
0xe0,0x00,0x7e,0x40,0x02,0x40,0x00,0xb8,  //@#*....+%@@#*+....*#********%@%
0xff,0xff,0xff,0xff,0xff,0xff,0xff,0xf8,  //@@@@@@@@@@@@@@@@@@@@@@@@@@@@@@%
0xff,0xff,0xff,0xff,0xff,0xff,0xff,0xf8,  //@@@@@@@@@@@@@@@@@@@@@@@@@@@@@@%
0xff,0xff,0xff,0xff,0xff,0xff,0xff,0xf8,  //@@@@@@@@@@@@@@@@@@@@@@@@@@@@@@%
0xff,0xff,0xff,0xff,0xff,0xff,0xff,0xf8,  //@@@@@@@@@@@@@@@@@@@@@@@@@@@@@@%
0xff,0xff,0xff,0xff,0xff,0xff,0xff,0xf8,  //@@@@@@@@@@@@@@@@@@@@@@@@@@@@@@%
0xbf,0xff,0xff,0xff,0xff,0xff,0xff,0xf8,  //#@@@@@@@@@@@@@@@@@@@@@@@@@@@@@%
0x2a,0xaa,0xaa,0xaa,0xaa,0xaa,0xaa,0xa0,  //+%%%%%%%%%%%%%%%%%%%%%%%%%%%%%+


/*  */
0x6a,0xaa,0xaa,0xaa,0xaa,0xaa,0xaa,0xa0,  //*%%%%%%%%%%%%%%%%%%%%%%%%%%%%%+
0xbf,0xff,0xff,0xaa,0xaf,0xff,0xff,0xf8,  //#@@@@@@@@@@@#%%%%#@@@@@@@@@@@@%
0xff,0xff,0xd0,0x50,0x00,0x6f,0xff,0xf8,  //@@@@@@@@@%*****+...+*#@@@@@@@@%
0xff,0xfe,0x1b,0xff,0x80,0x07,0xff,0xf8,  //@@@@@@@#+*#@@@@@%+....*@@@@@@@%
0xff,0xf8,0xbf,0xff,0xf4,0x00,0xbf,0xf8,  //@@@@@@#+#@@@@@@@@@*....+#@@@@@%
0xff,0xe2,0xfe,0xfe,0xfd,0x00,0x7f,0xf8,  //@@@@@#*#@@@#@@@#@@@*....*@@@@@%
0xff,0xd7,0xe1,0xfc,0x7e,0x00,0x2f,0xf8,  //@@@@@**@@#**@@@.%@@#+....%@@@@%
0xff,0xcb,0xc1,0xfc,0x2f,0x40,0x0f,0xf8,  //@@@@@+#@@*.*@@@..%@@%....*@@@@%
0xff,0x9f,0x41,0xfc,0x0f,0x80,0x0f,0xf8,  //@@@@#*@@%..*@@@..+@@#.....@@@@%
0xff,0x9f,0x41,0xfc,0x0b,0xc0,0x0b,0xf8,  //@@@@%*@@*..*@@@...#@@.....%@@@%
0xff,0x5f,0x01,0xfc,0x0b,0xc0,0x0b,0xf8,  //@@@@**@@*..*@@@...%@@.....%@@@%
0xff,0x9f,0x41,0xfc,0x0b,0xc0,0x0b,0xf8,  //@@@@%*@@*..*@@@...#@@.....%@@@%
0xff,0x8f,0x81,0xfc,0x0f,0x80,0x0f,0xf8,  //@@@@#*@@%..*@@@..*@@#.....@@@@%
0xff,0xcb,0xd1,0xfc,0x2f,0x40,0x1f,0xf8,  //@@@@@+#@@*.*@@@..#@@*....*@@@@%
0xff,0xd7,0xf5,0xfc,0xbe,0x00,0x2f,0xf8,  //@@@@@%*@@@**@@@+#@@#.....#@@@@%
0xff,0xf1,0xff,0xff,0xfc,0x00,0x7f,0xf8,  //@@@@@@*%@@@@@@@@@@@*....%@@@@@%
0xff,0xf8,0x7f,0xff,0xe0,0x01,0xff,0xf8,  //@@@@@@#+%@@@@@@@@#*....*@@@@@@%
0xff,0xfe,0x4b,0xfe,0x40,0x0b,0xff,0xf8,  //@@@@@@@#**%@@@@#%....+%@@@@@@@%
0xff,0xff,0xe4,0x00,0x00,0x7f,0xff,0xf8,  //@@@@@@@@@#****+....*%@@@@@@@@@%
0xbf,0xff,0xff,0xff,0xff,0xff,0xff,0xf8,  //#@@@@@@@@@@@@@@@@@@@@@@@@@@@@@%
0x2a,0xaa,0xaa,0xaa,0xaa,0xaa,0xaa,0xa0,  //+%%%%%%%%%%%%%%%%%%%%%%%%%%%%%+


/*  */
0x15,0x55,0x55,0x55,0x50,0x00,  //.*****************......
0xbf,0xff,0xff,0xff,0xf4,0x00,  //%@@@@@@@@@@@@@@@@@%.....
0xe0,0x00,0x00,0x00,0x28,0x00,  //@#***************#%.....
0xe0,0x00,0x00,0x00,0x28,0x00,  //@%...............%%.....
0xe0,0x00,0x00,0x00,0x14,0x00,  //@%...............%%.....
0xe0,0x01,0x55,0x55,0x55,0x50,  //@%....*****************.
0xe0,0x1f,0xff,0xff,0xff,0xfd,  //@%...*@@@@@@@@@@@@@@@@@%
0xe0,0x28,0x00,0x00,0x00,0x0b,  //@%...%#***************#@
0xe0,0x28,0x00,0x00,0x00,0x0b,  //@%...%%...............%@
0xe0,0x28,0x00,0x00,0x00,0x0b,  //@%...%%...............%@
0xe0,0x28,0x00,0x00,0x00,0x0b,  //@%...%%...............%@
0xe0,0x28,0x00,0x00,0x00,0x0b,  //@%...%%...............%@
0xe0,0x28,0x00,0x00,0x00,0x0b,  //@%...%%...............%@
0xe0,0x28,0x00,0x00,0x00,0x0b,  //@%...%%...............%@
0xe0,0x28,0x00,0x00,0x00,0x0b,  //@%...%%...............%@
0xe0,0x28,0x00,0x00,0x00,0x0b,  //@%...%%...............%@
0xe0,0x28,0x00,0x00,0x00,0x0b,  //@%...%%...............%@
0xe5,0x28,0x00,0x00,0x00,0x0b,  //@#**+%%...............%@
0x7f,0x28,0x00,0x00,0x00,0x0b,  //*@@@*%%...............%@
0x00,0x28,0x00,0x00,0x00,0x0b,  //.+**.%%...............%@
0x00,0x28,0x00,0x00,0x00,0x0b,  //.....%%...............%@
0x00,0x28,0x00,0x00,0x00,0x0b,  //.....%%...............%@
0x00,0x28,0x00,0x00,0x00,0x0b,  //.....%#***************#@
0x00,0x1f,0xff,0xff,0xff,0xfd,  //.....*@@@@@@@@@@@@@@@@@%


/*  */
0x00,0x00,0x00,0x15,0x00,0x00,0x00,0x00,  //.............***.............
0x00,0x00,0x00,0x7f,0x40,0x00,0x00,0x00,  //............*@@@%............
0x00,0x1a,0xaa,0xa1,0xea,0xaa,0x00,0x00,  //.....%%%%%%%#%.*@%%%%%%%.....
0x00,0x1a,0xaa,0xa1,0xea,0xaa,0x00,0x00,  //.....%%%%%%%#%.*@%%%%%%%.....
0x00,0x00,0x00,0x7f,0x40,0x00,0x00,0x00,  //............*@@@%............
0x00,0x00,0x00,0x1d,0x00,0x00,0x00,0x00,  //.....**......*@%......+*.....
0x00,0x28,0x00,0x0d,0x00,0x0a,0x00,0x00,  //.....##......*@*......##+....
0x00,0x55,0x00,0x0d,0x00,0x14,0x80,0x00,  //....%**%.....*@*.....***%....
0x00,0x82,0x00,0x0d,0x00,0x20,0x80,0x00,  //...+#..#+....*@*.....#..%*...
0x02,0x00,0x80,0x0d,0x00,0x50,0x20,0x00,  //...%*..*%....*@*....**..+#...
0x02,0x00,0x80,0x0d,0x00,0x80,0x14,0x00,  //..*%....%*...*@*...+#....%*..
0x08,0x00,0x20,0x0d,0x01,0x40,0x08,0x00,  //..%*....*%...*@*...%*....+#..
0x18,0x00,0x24,0x0d,0x02,0x00,0x05,0x00,  //.*%......%*..*@*..*#......**.
0x20,0x00,0x08,0x0d,0x08,0x00,0x02,0x00,  //.#+......+#..*@*..%*.......#.
0x50,0x00,0x05,0x0d,0x08,0x00,0x01,0x40,  //*%........%*.*@*.*%........**
0x80,0x00,0x02,0x0d,0x24,0x00,0x00,0x80,  //#**********#.*@*.%**********#
0xbf,0xff,0xfe,0x0d,0x2f,0xff,0xff,0xc0,  //#@@@@@@@@@@#.*@*.%@@@@@@@@@@@
0x7f,0xff,0xfd,0x0d,0x0f,0xff,0xff,0x40,  //*@@@@@@@@@@*.*@*.*@@@@@@@@@@%
0x1b,0xff,0xe4,0x0d,0x02,0xff,0xf9,0x00,  //.*#@@@@@@#*..*@*..*#@@@@@@#*.
0x00,0x69,0x00,0x0d,0x00,0x1a,0x50,0x00,  //...*%%%%*....*@*....**%%%*...
0x00,0x00,0x00,0x0d,0x00,0x00,0x00,0x00,  //.............*@*.............
0x00,0x00,0x00,0x0d,0x00,0x00,0x00,0x00,  //.............*@*.............
0x00,0x00,0x00,0x1d,0x00,0x00,0x00,0x00,  //.....+********@%********.....
0x00,0x2f,0xff,0xff,0xff,0xff,0x00,0x00,  //.....%@@@@@@@@@@@@@@@@@@.....


/*  */
0x55,0x55,0x55,0x55,0x55,0x00,  //*********************
0xff,0xff,0xff,0xff,0xff,0x40,  //@@@@@@@@@@@@@@@@@@@@*
0x1d,0x00,0x00,0x00,0x28,0x00,  //+*@%*************##*.
0x0d,0x00,0x00,0x00,0x38,0x00,  //.*@*.............@%..
0x0d,0x00,0x00,0x00,0x38,0x00,  //..@%.............@%..
0x0a,0x00,0x00,0x00,0x34,0x00,  //..##............*@*..
0x07,0x00,0x00,0x00,0x70,0x00,  //..%@+...........%@+..
0x03,0x40,0x00,0x00,0xe0,0x00,  //..*@%..........+@#...
0x02,0xc0,0x00,0x02,0xc0,0x00,  //...%@*.........%@*...
0x00,0xe0,0x00,0x07,0x80,0x00,  //...+@#........*@%....
0x00,0x78,0x00,0x1e,0x00,0x00,  //....*@#+.....*@#.....
0x00,0x1e,0x40,0xb8,0x00,0x00,  //.....*@#*..*%@#+.....
0x00,0x07,0xd2,0xf0,0x00,0x00,  //......%@@*.%@@*......
0x00,0x1e,0x40,0x78,0x00,0x00,  //.....%@#*..+%@#+.....
0x00,0x78,0x00,0x1a,0x00,0x00,  //....%@#......*##+....
0x00,0xe0,0x00,0x07,0x80,0x00,  //...*@#........*@#....
0x02,0xc0,0x00,0x01,0xd0,0x00,  //...#@+.........%@*...
0x03,0x40,0x00,0x00,0xa0,0x00,  //..*@%...........##...
0x0b,0x00,0x00,0x00,0x70,0x00,  //..%@+...........%@*..
0x0a,0x00,0x00,0x00,0x34,0x00,  //..##............*@*..
0x0d,0x00,0x00,0x00,0x38,0x00,  //.+@%.............@%..
0x0d,0x00,0x00,0x00,0x38,0x00,  //.*@*.............@%..
0x1d,0x00,0x00,0x00,0x28,0x00,  //**@%*************##*+
0xff,0xff,0xff,0xff,0xff,0x40,  //@@@@@@@@@@@@@@@@@@@@*


/*  */
0x55,0x55,0x55,0x55,0x55,0x00,  //*********************
0xff,0xff,0xff,0xff,0xff,0x40,  //@@@@@@@@@@@@@@@@@@@@*
0x1d,0x00,0x00,0x00,0x28,0x00,  //+*@%*************##*.
0x0d,0x00,0x00,0x00,0x38,0x00,  //.*@%*************@%..
0x0f,0xff,0xff,0xff,0xf8,0x00,  //..@@@@@@@@@@@@@@@@%..
0x0b,0xff,0xff,0xff,0xf4,0x00,  //..#@@@@@@@@@@@@@@@*..
0x07,0xff,0xff,0xff,0xf0,0x00,  //..%@@@@@@@@@@@@@@@+..
0x03,0xff,0xff,0xff,0xe0,0x00,  //..*@@@@@@@@@@@@@@#...
0x02,0xff,0xff,0xff,0xc0,0x00,  //...%@@@@@@@@@@@@@*...
0x00,0xff,0xff,0xff,0x80,0x00,  //...+@@@@@@@@@@@@%....
0x00,0x7f,0xff,0xfe,0x00,0x00,  //....*@@@@@@@@@@#.....
0x00,0x1f,0xff,0xf8,0x00,0x00,  //.....*@@@@@@@@#+.....
0x00,0x07,0xff,0xf0,0x00,0x00,  //......%@@@@@@@*......
0x00,0x1e,0x40,0x78,0x00,0x00,  //.....%@#****%@#+.....
0x00,0x78,0x00,0x1e,0x00,0x00,  //....%@#......*@#+....
0x00,0xe0,0x00,0x07,0x80,0x00,  //...*@#........*@#....
0x02,0xc0,0x00,0x01,0xd0,0x00,  //...#@+.........%@*...
0x03,0x40,0x00,0x00,0xa0,0x00,  //..*@%...........##...
0x0b,0x00,0x00,0x00,0x70,0x00,  //..%@+...........%@*..
0x0a,0x00,0x00,0x00,0x34,0x00,  //..##............*@*..
0x0d,0x00,0x00,0x00,0x38,0x00,  //.+@%.............@%..
0x0d,0x00,0x00,0x00,0x38,0x00,  //.*@*.............@%..
0x1d,0x00,0x00,0x00,0x28,0x00,  //**@%*************##*+
0xff,0xff,0xff,0xff,0xff,0x40,  //@@@@@@@@@@@@@@@@@@@@*


/*  */
0x55,0x55,0x55,0x55,0x55,0x00,  //*********************
0xff,0xff,0xff,0xff,0xff,0x40,  //@@@@@@@@@@@@@@@@@@@@*
0x1d,0x00,0x00,0x00,0x28,0x00,  //+*@%*************##*.
0x0d,0x00,0x00,0x00,0x38,0x00,  //.*@*.............@%..
0x0d,0x00,0x00,0x00,0x38,0x00,  //..@%.............@%..
0x0a,0x00,0x00,0x00,0x34,0x00,  //..##............*@*..
0x07,0x00,0x00,0x00,0x70,0x00,  //..%@*...........%@+..
0x03,0xaa,0xaa,0xaa,0xe0,0x00,  //..*@#%%%%%%%%%%%@#...
0x02,0xff,0xff,0xff,0xc0,0x00,  //...%@@@@@@@@@@@@@*...
0x00,0xff,0xff,0xff,0x80,0x00,  //...+@@@@@@@@@@@@%....
0x00,0x7f,0xff,0xfe,0x00,0x00,  //....*@@@@@@@@@@#.....
0x00,0x1f,0xff,0xf8,0x00,0x00,  //.....*@@@@@@@@#+.....
0x00,0x07,0xff,0xf0,0x00,0x00,  //......%@@@@@@@*......
0x00,0x1e,0x40,0x78,0x00,0x00,  //.....%@#****%@#+.....
0x00,0x78,0x00,0x1a,0x00,0x00,  //....%@#......*##+....
0x00,0xe0,0x00,0x07,0x80,0x00,  //...*@#........*@#....
0x02,0xc0,0x00,0x01,0xd0,0x00,  //...#@+.........%@*...
0x03,0x40,0x00,0x00,0xa0,0x00,  //..*@%...........##...
0x0b,0x55,0x55,0x55,0xb0,0x00,  //..%@%***********#@*..
0x0b,0xff,0xff,0xff,0xf4,0x00,  //..#@@@@@@@@@@@@@@@*..
0x0f,0xff,0xff,0xff,0xf8,0x00,  //.+@@@@@@@@@@@@@@@@%..
0x0f,0xff,0xff,0xff,0xf8,0x00,  //.*@@@@@@@@@@@@@@@@%..
0x1f,0xff,0xff,0xff,0xf8,0x00,  //**@@@@@@@@@@@@@@@@#*+
0xff,0xff,0xff,0xff,0xff,0x40,  //@@@@@@@@@@@@@@@@@@@@*


/*  */
0x55,0x55,0x55,0x55,0x55,0x00,  //*********************
0xff,0xff,0xff,0xff,0xff,0x40,  //@@@@@@@@@@@@@@@@@@@@*
0x1d,0x00,0x00,0x00,0x28,0x00,  //+*@%*************##*.
0x0d,0x00,0x00,0x00,0x38,0x00,  //.*@*.............@%..
0x0d,0x00,0x00,0x00,0x38,0x00,  //..@%.............@%..
0x0a,0x00,0x00,0x00,0x34,0x00,  //..##............*@*..
0x07,0x00,0x00,0x00,0x70,0x00,  //..%@+...........%@+..
0x03,0x40,0x00,0x00,0xe0,0x00,  //..*@%..........+@#...
0x02,0xc0,0x00,0x02,0xc0,0x00,  //...%@*.........%@*...
0x00,0xe0,0x00,0x07,0x80,0x00,  //...+@#........*@%....
0x00,0x78,0x00,0x1e,0x00,0x00,  //....*@#+.....*@#.....
0x00,0x1e,0x40,0xb8,0x00,0x00,  //.....*@#*..*%@#+.....
0x00,0x07,0xd2,0xf0,0x00,0x00,  //......%@@*.%@@*......
0x00,0x1e,0x40,0x78,0x00,0x00,  //.....%@#*..+%@#+.....
0x00,0x78,0x00,0x0a,0x00,0x00,  //....%@#......*##+....
0x00,0xe0,0x00,0x07,0x80,0x00,  //...*@#********%@#....
0x02,0xff,0xff,0xff,0xd0,0x00,  //...#@@@@@@@@@@@@@*...
0x03,0xff,0xff,0xff,0xe0,0x00,  //..*@@@@@@@@@@@@@@#...
0x0b,0xff,0xff,0xff,0xf0,0x00,  //..%@@@@@@@@@@@@@@@*..
0x0b,0xff,0xff,0xff,0xf4,0x00,  //..#@@@@@@@@@@@@@@@*..
0x0f,0xff,0xff,0xff,0xf8,0x00,  //.+@@@@@@@@@@@@@@@@%..
0x0f,0xff,0xff,0xff,0xf8,0x00,  //.*@@@@@@@@@@@@@@@@%..
0x1f,0xff,0xff,0xff,0xf8,0x00,  //**@@@@@@@@@@@@@@@@#*+
0xff,0xff,0xff,0xff,0xff,0x40,  //@@@@@@@@@@@@@@@@@@@@*


/*  */
0x55,0x55,0x55,0x55,0x55,0x00,  //*********************
0xff,0xff,0xff,0xff,0xff,0x40,  //@@@@@@@@@@@@@@@@@@@@*
0xff,0xff,0xff,0xff,0xff,0x40,  //@@@@@@@@@@@@@@@@@@@@*
0x00,0x00,0x00,0x00,0x00,0x00,  //..****************+..
0x0f,0xff,0xff,0xff,0xf8,0x00,  //.*@@@@@@@@@@@@@@@@%..
0x0f,0xff,0xff,0xff,0xf4,0x00,  //..@@@@@@@@@@@@@@@@%..
0x07,0xff,0xff,0xff,0xf0,0x00,  //..%@@@@@@@@@@@@@@@+..
0x03,0xff,0xff,0xff,0xe0,0x00,  //..+@@@@@@@@@@@@@@%...
0x01,0xff,0xff,0xff,0x80,0x00,  //...*@@@@@@@@@@@@#+...
0x00,0x7f,0xff,0xfe,0x00,0x00,  //....%@@@@@@@@@@#+....
0x00,0x1f,0xff,0xf8,0x00,0x00,  //.....%@@@@@@@@#+.....
0x00,0x02,0xff,0xe0,0x00,0x00,  //......*#@@@@@%.......
0x00,0x00,0xff,0x80,0x00,0x00,  //.......*@@@@#........
0x00,0x07,0xff,0xe0,0x00,0x00,  //......*@@@@@@#+......
0x00,0x1f,0xff,0xf9,0x00,0x00,  //.....%@@@@@@@@#*.....
0x00,0xbf,0xff,0xff,0x40,0x00,  //....#@@@@@@@@@@@*....
0x01,0xff,0xff,0xff,0xc0,0x00,  //...%@@@@@@@@@@@@@+...
0x03,0xff,0xff,0xff,0xe0,0x00,  //..*@@@@@@@@@@@@@@#...
0x0b,0xff,0xff,0xff,0xf0,0x00,  //..%@@@@@@@@@@@@@@@*..
0x0f,0xff,0xff,0xff,0xf4,0x00,  //..@@@@@@@@@@@@@@@@%..
0x0f,0xff,0xff,0xff,0xf8,0x00,  //.*@@@@@@@@@@@@@@@@%..
0x00,0x00,0x00,0x00,0x00,0x00,  //+*******************.
0xff,0xff,0xff,0xff,0xff,0x40,  //@@@@@@@@@@@@@@@@@@@@*
0xff,0xff,0xff,0xff,0xff,0x40,  //@@@@@@@@@@@@@@@@@@@@*


/*  */
0x00,0x05,0x7e,0x69,0x00,0x00,  //.....***%@@#%##*.....
0x00,0x7f,0xe6,0xeb,0xa4,0x00,  //....%@@@@%%#@##@%%*..
0x01,0xe1,0x80,0x82,0xfe,0x00,  //...*@%**%..*%..#@@@#.
0x06,0xc0,0x40,0x41,0x47,0x40,  //..*%@*..*...*..**.%@*
0x2f,0xc0,0x00,0x40,0x03,0x40,  //+#@@@*..*...*..*..*@*
0xb4,0x80,0x00,0x00,0x03,0x40,  //%@**#*............*@*
0xe0,0x00,0x00,0x00,0x03,0x40,  //@%..**............*@*
0xe0,0x00,0x00,0x00,0x03,0x40,  //@%..**............*@*
0xe0,0x00,0x00,0x00,0x03,0x40,  //@%..**............*@*
0xe0,0x00,0x00,0x00,0x07,0x40,  //@%...+............*@*
0xa0,0x00,0x00,0x00,0x0b,0x00,  //##................%@+
0x78,0x00,0x00,0x00,0x0a,0x00,  //*@#...............##.
0x1e,0x00,0x00,0x00,0x0d,0x00,  //.%@#.............+@%.
0x07,0x80,0x00,0x00,0x1d,0x00,  //..*@#+...........*@*.
0x01,0xe0,0x00,0x00,0x1c,0x00,  //...*@#+..........%@+.
0x00,0x78,0x00,0x00,0x28,0x00,  //....*@%..........%#..
0x00,0x28,0x00,0x00,0x28,0x00,  //.....%#..........#%..
0x00,0x1f,0xff,0xff,0xf4,0x00,  //.....*@@@@@@@@@@@@*..
0x00,0x06,0xaa,0xaa,0x90,0x00,  //......*%%%%%%%%%%*...


/*  */
0x00,0x00,0x01,0x40,0x00,0x00,  //..........***+........
0x00,0x00,0x1f,0xe0,0x00,0x00,  //.........%@@@#+.......
0x00,0x02,0xb8,0x7a,0x40,0x00,  //......*%%@#**@#%%.....
0x00,0x0f,0xb0,0x2e,0xe0,0x00,  //.....*@@#@*..%@#@#....
0x00,0x2c,0x10,0x20,0x70,0x00,  //.....%@+.**..%..%@*...
0x00,0x28,0x00,0x10,0x38,0x00,  //.....%#..**..*..*@%*..
0x00,0x28,0x00,0x10,0x3f,0x80,  //.....%%..**..*..*@@@#.
0x00,0x28,0x00,0x10,0x21,0xd0,  //.....%%..**..*..*#*%@%
0x00,0x28,0x00,0x10,0x00,0xa0,  //.....%%..**..*..**..#%
0x00,0x28,0x00,0x10,0x00,0xa0,  //.....%%..**..*..**..%%
0x00,0x28,0x00,0x10,0x00,0xa0,  //..+*+%%..**..*..**..%%
0x2f,0xe8,0x00,0x10,0x00,0xa0,  //.%@@@#%..**..*..**..%%
0x79,0xb8,0x00,0x00,0x00,0xa0,  //%@%*#@%..++..*..++..%%
0xa0,0x28,0x00,0x00,0x00,0xa0,  //##...#%.............%%
0xe0,0x08,0x00,0x00,0x00,0xa0,  //@#...+%.............%%
0xb0,0x00,0x00,0x00,0x00,0xa0,  //%@*...*.............#%
0x28,0x00,0x00,0x00,0x00,0xe0,  //+##+................@%
0x0e,0x00,0x00,0x00,0x00,0xd0,  //.*@#...............+@%
0x07,0x40,0x00,0x00,0x00,0xd0,  //..%@%..............*@*
0x02,0xc0,0x00,0x00,0x01,0xc0,  //...#@*.............*@*
0x00,0xa0,0x00,0x00,0x02,0xc0,  //...+##+............%@.
0x00,0x38,0x00,0x00,0x02,0x80,  //....*@#............##.
0x00,0x1e,0x00,0x00,0x07,0x40,  //.....%@%***********@%.
0x00,0x0b,0xff,0xff,0xfe,0x00,  //......%@@@@@@@@@@@@#..


/*  */
0x00,0xa9,0x00,0x00,0x00,0x00,  //...+%%%*................
0x02,0xef,0x90,0x00,0x00,0x00,  //..+#@#@@#%+.............
0x0b,0x01,0xbe,0x40,0x00,0x00,  //..%@*.+*#@@#*...........
0x0a,0x00,0x06,0xf9,0x55,0x40,  //..%#.....+%#@@%*******..
0x0b,0x00,0x00,0x6f,0xff,0xf8,  //..%@+.......*%@@@@@@@@#.
0x03,0x90,0x00,0x01,0x00,0x1d,  //..*@#%*.......+%*****%@%
0x00,0xbe,0x40,0x04,0x00,0x0b,  //...*#@@#*+....*+......#@
0x1b,0xff,0xf9,0x00,0x00,0x0b,  //.*#@@@@@@@%*.+*.......%@
0x7a,0xaa,0xaa,0x00,0x00,0x0b,  //*@#%%%%%%%%%.**.......%@
0xa0,0x00,0x00,0x00,0x00,0x0b,  //##...........**..+....%@
0xe0,0x00,0x00,0x00,0x00,0x0b,  //@%...........**..*....%@
0xa0,0x00,0x00,0x50,0x00,0x0b,  //##+........****..*....%@
0x3e,0xaa,0xa4,0x00,0x10,0x0b,  //*@@#%%%%%%**.+*..*....%@
0x0a,0xab,0x80,0x05,0x80,0x0b,  //.*%%%%%@#+....**%*....%@
0x00,0x03,0x40,0x14,0x00,0x0b,  //......+@*....**+.*+...%@
0x00,0x02,0x81,0x40,0x04,0x0b,  //.......##+.**+....*...%@
0x00,0x01,0xf8,0x00,0x10,0x0b,  //.......*@@%......%+...#@
0x00,0x00,0x74,0x01,0x40,0x2d,  //........*@*...+**...*%@%
0x00,0x00,0x38,0x14,0x1b,0xf8,  //........+@%.+**.**%@@@%.
0x00,0x00,0x1f,0xff,0xfe,0x40,  //.........%@@@@@@@@@%*+..
0x00,0x00,0x06,0xaa,0x40,0x00,  //..........*%%%%%**......


/*  */
0x15,0x55,0x55,0x55,0x40,0x00,0x00,  //.****************..........
0x7f,0xff,0xff,0xff,0xe0,0x00,0x00,  //*@@@@@@@@@@@@@@@@#.........
0xa0,0x00,0x00,0x00,0x78,0x00,0x00,  //##**************%@%........
0xe0,0x00,0x00,0x00,0x2d,0x00,0x00,  //@%.+**********+..%@*.......
0xa4,0x00,0x00,0x00,0x0a,0x00,0x00,  //##************+...##+......
0x34,0x00,0x00,0x00,0x03,0x80,0x00,  //*@*...............*@#......
0x38,0x00,0x00,0x00,0x01,0xd0,0x00,  //.@#................*@%.....
0x1e,0xaa,0xaa,0xa4,0x00,0xb0,0x00,  //.%@#%%%%%%%%%%%.....#@*....
0x06,0xff,0xff,0xfc,0x00,0x28,0x00,  //..*#@@@@@@@@@@@*....+##+...
0x00,0x00,0x00,0x2c,0x00,0x0e,0x00,  //.............%@+.....*@#...
0x00,0x00,0x00,0x38,0x00,0x07,0x40,  //......+******@#.......%@*..
0x00,0x2f,0xff,0xf4,0x00,0x02,0xc0,  //....+#@@@@@@@@*........#@*.
0x00,0xb5,0x55,0x50,0x00,0x00,0xa0,  //....#@%*******.........+##.
0x01,0xd0,0x00,0x00,0x00,0x00,0x74,  //...*@*..................*@%
0x01,0xc0,0x00,0x00,0x00,0x00,0x28,  //...*@*...................##
0x01,0xd0,0x00,0x00,0x00,0x00,0x1c,  //...*@********+...........*@
0x00,0xbf,0xff,0xf8,0x00,0x00,0x0c,  //...+#@@@@@@@@@%*.........*@
0x00,0x15,0x55,0x5f,0x80,0x00,0x0c,  //....+********%@@%*.......*@
0x00,0x00,0x00,0x01,0xf4,0x00,0x0c,  //..............+%@@%......*@
0x00,0x00,0x00,0x00,0x28,0x00,0x0c,  //................+#%......*@
0x00,0x00,0x00,0x00,0x28,0x00,0x0c,  //.................%%......*@
0x00,0x00,0x00,0x00,0x28,0x00,0x0c,  //.................%%......*@
0x00,0x00,0x00,0x00,0x2c,0x00,0x1c,  //.................%@******%@
0x00,0x00,0x00,0x00,0x0f,0xff,0xf8,  //.................*@@@@@@@@#


/*  */
0x00,0x00,0x00,0x05,0x00,0x00,0x00,  //.............***+.........
0x00,0x14,0x00,0x7f,0x80,0x00,0x00,  //....+**+....%@@@#+........
0x00,0xbf,0x40,0xe1,0xe0,0x00,0x00,  //...*#@@@*..+@#**@%........
0x02,0x82,0x81,0xc0,0xb8,0x00,0x00,  //...##**##..*@*..%@%*......
0x1b,0x41,0xc2,0xc0,0xaf,0x00,0x00,  //.*#@%..*@*.%@...##@@*.....
0x7a,0x80,0xd2,0x80,0x43,0x80,0x00,  //*@##%..*@%.##..+*.+@%.....
0xa0,0x40,0xe3,0x41,0x03,0x80,0x00,  //##..*...@%+@%..*...@%.....
0xe0,0x00,0xb7,0x00,0x03,0x40,0x00,  //@%..++..%@*@*..*..+@%.....
0xa0,0x10,0x7b,0x00,0x07,0x40,0x00,  //##...*..*@#@...*..*@*.....
0x70,0x00,0x3e,0x00,0x07,0x00,0x00,  //%@+..*..*@@#...*..%@+.....
0x34,0x00,0x3d,0x00,0x0a,0x00,0x00,  //*@*..*...@@%..*...##......
0x38,0x00,0x2d,0x04,0x0d,0x00,0x00,  //.@%..++..%@*..*..+@%......
0x28,0x00,0x04,0x00,0x1d,0x15,0x00,  //.##...+..**+..+..*@*+***..
0x1c,0x00,0x00,0x00,0x1d,0xbf,0x80,  //.%@+.............%@*#@@@#.
0x0d,0x00,0x00,0x00,0x2f,0x91,0xd0,  //.*@*.............%@@#**%@*
0x0d,0x00,0x00,0x00,0x2e,0x00,0xe0,  //.*@*.............%@#+...@%
0x0d,0x00,0x00,0x00,0x24,0x00,0xd0,  //.+@%.............%%....+@%
0x0a,0x00,0x00,0x00,0x00,0x02,0xc0,  //..##.............+....+#@*
0x0b,0x00,0x00,0x00,0x00,0x1b,0x40,  //..%@+................*#@*.
0x07,0x40,0x00,0x00,0x00,0xb8,0x00,  //..*@*...............%@#*..
0x03,0x40,0x00,0x00,0x02,0xe0,0x00,  //..+@%.............+#@%....
0x02,0x80,0x00,0x00,0x1f,0x40,0x00,  //...##............*@@*.....
0x01,0xd0,0x00,0x00,0xb8,0x00,0x00,  //...%@***********%@#*......
0x00,0xbf,0xff,0xff,0xe0,0x00,0x00,  //...+#@@@@@@@@@@@@%........


/*  */
0x00,0x01,0x50,0x00,0x00,0x00,  //.......***............
0x00,0x0b,0xf8,0x00,0x00,0x00,  //......#@@@#+..........
0x00,0x1d,0x1e,0x00,0x00,0x00,  //.....%@%**@%..........
0x00,0x28,0x0b,0x00,0x00,0x00,  //.....%#...#@..........
0x00,0x28,0x0b,0x00,0x00,0x00,  //.....%%...%@..........
0x00,0x28,0x0b,0x00,0x00,0x00,  //.....%%...%@..........
0x00,0x28,0x0b,0x00,0x00,0x00,  //.....%%...%@+.........
0x00,0x28,0x0b,0xe5,0x40,0x00,  //.....%%...%@@#***+....
0x00,0x28,0x0a,0x6f,0xf5,0x00,  //.....%%...%#%#@@@@**+.
0x00,0x28,0x04,0x09,0x2f,0xd0,  //.....%%...%..+#**#@@@*
0x00,0x28,0x04,0x00,0x14,0xb0,  //..+*+%%...*...*..*%*#@
0x2f,0xe8,0x00,0x00,0x00,0x70,  //.%@@@#%...*...+..*..*@
0x79,0xb8,0x00,0x00,0x00,0x70,  //%@%*#@%.............*@
0xa0,0x28,0x00,0x00,0x00,0x70,  //##...#%.............*@
0xe0,0x08,0x00,0x10,0x00,0x70,  //@#...+%..++..*..++..*@
0xb0,0x00,0x00,0x10,0x00,0x70,  //%@*...*..**..*..**..*@
0x28,0x00,0x00,0x10,0x00,0x70,  //+##+.....**..*..**..%@
0x0e,0x00,0x00,0x10,0x00,0xa0,  //.*@#.....**..*..**..##
0x07,0x40,0x00,0x10,0x00,0xe0,  //..%@%....**..*..**..@%
0x02,0xc0,0x00,0x00,0x00,0xd0,  //...#@*.......+.....*@*
0x00,0xa0,0x00,0x00,0x01,0xc0,  //...+##+............%@+
0x00,0x38,0x00,0x00,0x02,0x80,  //....*@#............##.
0x00,0x1e,0x00,0x00,0x07,0x80,  //.....%@%***********@%.
0x00,0x0b,0xff,0xff,0xfe,0x00,  //......%@@@@@@@@@@@@#+.


/*  */
0x00,0x00,0x15,0x00,0x00,0x00,  //........+***.........
0x00,0x00,0xbf,0x80,0x00,0x00,  //.......+#@@@%........
0x01,0x02,0xd1,0xd0,0x00,0x00,  //..**+..#@**%@*.......
0x2f,0xe3,0x40,0xe0,0x00,0x00,  //.#@@@%+@%...@%.......
0x74,0xbb,0x40,0xe0,0x00,0x00,  //%@%*%@%@*...@%.......
0xe0,0x2f,0x40,0xe0,0x00,0x00,  //@#...#@@*...@%.......
0xe0,0x1f,0x40,0xe0,0x00,0x00,  //@#...%@@*...@%.......
0x70,0x0f,0x40,0xe9,0x00,0x00,  //%@+..+@@*...@#%*.....
0x34,0x0b,0x40,0xff,0x80,0x00,  //*@%...#@*...@@@@#....
0x28,0x07,0x40,0xc1,0xe4,0x00,  //.##...*@*...@*.%@#%+.
0x1c,0x02,0x40,0x80,0xee,0x00,  //.%@*...#*...%..*@#@#+
0x0e,0x01,0x40,0x01,0x07,0x40,  //.+@%...%*..**..*+.*@*
0x0b,0x00,0x01,0x01,0x03,0x40,  //..%@...+*..*...*..*@*
0x07,0x40,0x01,0x04,0x07,0x40,  //..*@*.....+*..*+..%@*
0x02,0x81,0x04,0x44,0x07,0x40,  //...##.+******.*...%@*
0x01,0xd0,0x00,0x10,0x13,0x40,  //...%@**......%*..**@*
0x01,0xd0,0x00,0x10,0x13,0x40,  //...*@*.......%...**@*
0x01,0xc0,0x15,0x50,0x47,0x00,  //...*@*...****%..*+%@+
0x01,0xc0,0x00,0x05,0x4a,0x00,  //...*@*........***.##.
0x01,0xc0,0x00,0x00,0x0e,0x00,  //...*@*............@%.
0x01,0xc0,0x00,0x00,0x0d,0x00,  //...*@*...........*@*.
0x01,0xc0,0x00,0x00,0x1c,0x00,  //...*@*...........%@+.
0x00,0xe0,0x00,0x00,0x78,0x00,  //...*@#***********@#..
0x00,0x7f,0xff,0xff,0xe0,0x00,  //....*@@@@@@@@@@@@#+..


/*  */
0xaa,0xaa,0xa8,0x0a,0x00,0x02,0x80,  //%%%%%%%%%%%*.*%%+.....*%%*
0xff,0xff,0xfd,0x1f,0x40,0x0b,0xd0,  //@@@@@@@@@@@*.*@@%.....%@@*
0xaa,0xbe,0xa8,0x1f,0xc0,0x0f,0xd0,  //%%%%#@@%%%%*.%@@@....+@@@*
0x00,0x7c,0x00,0x2f,0xd0,0x1f,0xd0,  //....*@@......%@@@*...%@@@%
0x00,0x7c,0x00,0x2f,0xe0,0x2f,0xe0,  //....*@@......%@@@#...#@@@%
0x00,0x7c,0x00,0x2f,0xf4,0x7e,0xe0,  //....*@@......#@@@@*.*@@#@%
0x00,0x7c,0x00,0x3e,0xb8,0xba,0xe0,  //....*@@......@@%#@%.#@#%@%
0x00,0x7c,0x00,0x3d,0x7d,0xf6,0xf0,  //....*@@......@@%*@@*@@*%@@
0x00,0x7c,0x00,0x3d,0x2f,0xe1,0xf0,  //....*@@......@@*.#@@@#.%@@
0x00,0x7c,0x00,0x3d,0x1f,0xd1,0xf0,  //....*@@.....*@@*.%@@@*.*@@
0x00,0x7c,0x00,0x3d,0x0f,0xc1,0xf0,  //....*@@.....*@@*.+@@@..*@@
0x00,0x7c,0x00,0x3c,0x06,0x41,0xf0,  //....*@@.....*@@*..%%*..*@@
0x00,0x7c,0x00,0x7c,0x00,0x00,0xf0,  //....*@@.....*@@*.......*@@
0x00,0x7c,0x00,0x7c,0x00,0x00,0xf0,  //....*@@.....*@@+.......+@@


/*  */
0x00,0x00,0x05,0x50,0x00,0x00,  //.........******.........
0x00,0x02,0xff,0xff,0x80,0x00,  //......*%@@@@@@@@%*......
0x00,0x2f,0xe9,0x6b,0xf8,0x00,  //.....%@@@#%**%#@@@%.....
0x00,0xbd,0x00,0x00,0x7e,0x00,  //...+#@@%*......*%@@#+...
0x02,0xe0,0x00,0x00,0x0b,0x80,  //...#@#*..........*#@#...
0x0b,0x80,0x55,0x40,0x02,0xe0,  //..#@#+.*******....+#@#..
0x1e,0x02,0xff,0xf8,0x00,0xb4,  //.*@#+..%@@@@@@#*...+#@*.
0x2d,0x02,0xff,0xfe,0x00,0x78,  //.#@*...%@@@@@@@#+...*@#.
0x78,0x02,0xf0,0x1f,0x40,0x2d,  //*@#....%@@...%@@*....#@*
0x74,0x02,0xf0,0x0f,0x80,0x1d,  //%@%....%@@....@@%....%@%
0xb0,0x02,0xf0,0x0f,0x40,0x0e,  //#@*....%@@...+@@%....*@#
0xf0,0x02,0xf0,0x2f,0x00,0x0f,  //@@*....%@@***#@@*....*@@
0xf0,0x02,0xff,0xfe,0x00,0x0f,  //@@*....%@@@@@@@%.....*@@
0xf0,0x02,0xff,0xf8,0x00,0x0f,  //@@*....%@@@@@@#......*@@
0xb4,0x02,0xf0,0xbc,0x00,0x1e,  //#@*....%@@**#@@+.....*@#
0x74,0x02,0xf0,0x3d,0x00,0x1d,  //%@%....%@@..*@@%.....%@%
0x38,0x02,0xf0,0x2f,0x00,0x2c,  //*@#....%@@...%@@*....#@*
0x2d,0x02,0xf0,0x0f,0x80,0x78,  //.#@%...%@@...*@@%...%@#.
0x0f,0x02,0xf0,0x0b,0xc0,0xf0,  //.*@@*..%@@....%@@*.*@@*.
0x0b,0x80,0x00,0x00,0x02,0xe0,  //..%@#+.+*+.....**.+#@%..
0x02,0xe4,0x00,0x00,0x1b,0x80,  //...#@#*..........*#@#...
0x00,0xbe,0x40,0x01,0xbe,0x00,  //....#@@#*......*#@@#....
0x00,0x1f,0xfa,0xaf,0xf4,0x00,  //.....*@@@@#%%#@@@@*.....
0x00,0x01,0xbf,0xfe,0x40,0x00,  //......+%#@@@@@@#%+......


/*  */
0x00,0x00,0x05,0x50,0x00,0x00,  //.........******.........
0x00,0x02,0xff,0xff,0x80,0x00,  //......*%@@@@@@@@%*......
0x00,0x2f,0xe9,0x6b,0xf8,0x00,  //.....%@@@#%**%#@@@%.....
0x00,0xbd,0x00,0x00,0x7e,0x00,  //...+#@@%*......*%@@#+...
0x02,0xe0,0x00,0x00,0x0b,0x80,  //...#@#*..........*#@#...
0x0b,0x80,0x00,0x00,0x02,0xe0,  //..#@#+............+#@#..
0x1e,0x00,0x00,0x00,0x00,0xb4,  //.*@#+..............+#@*.
0x2d,0x00,0x00,0x00,0x00,0x78,  //.#@*................*@#.
0x78,0x0b,0xe4,0x07,0xf8,0x2d,  //*@#..*#@@#*...%@@@%+.#@*
0x74,0x7f,0xfd,0x2f,0xfe,0x1d,  //%@%.*@@@@@@*.#@@@@@#.%@%
0xb0,0xf8,0x18,0x79,0x08,0x0e,  //#@*+@@#+.*#.%@#*.*#*.*@#
0xf1,0xf0,0x00,0xf4,0x00,0x0f,  //@@**@@......@@*......*@@
0xf1,0xf0,0x00,0xf0,0x00,0x0f,  //@@**@@......@@*......*@@
0xf1,0xf0,0x00,0xb4,0x00,0x0f,  //@@**@@+...+.#@%......*@@
0xb4,0xb8,0x1c,0x7d,0x1a,0x1e,  //#@*.#@#**%@*%@@***#%.*@#
0x74,0x7f,0xfd,0x2f,0xfe,0x1d,  //%@%.*@@@@@@*.#@@@@@#.%@%
0x38,0x0a,0xe0,0x06,0xe4,0x2c,  //*@#..*%#@%*...*#@#%..#@*
0x2d,0x00,0x00,0x00,0x00,0x78,  //.#@%................%@#.
0x0f,0x00,0x00,0x00,0x00,0xf0,  //.*@@*..............*@@*.
0x0b,0x80,0x00,0x00,0x02,0xe0,  //..%@#+............+#@%..
0x02,0xe4,0x00,0x00,0x1b,0x80,  //...#@#*..........*#@#...
0x00,0xbe,0x40,0x01,0xbe,0x00,  //....#@@#*......*#@@#....
0x00,0x1f,0xfa,0xaf,0xf4,0x00,  //.....*@@@@#%%#@@@@*.....
0x00,0x01,0xbf,0xfe,0x40,0x00,  //......+%#@@@@@@#%+......


/*  */
0x00,0x00,0x00,0x00,0x40,0x00,0x00,  //........+.......*.........
0x00,0x00,0xa0,0x01,0xd0,0x00,0x00,  //.......+##.....%@%........
0x00,0x02,0xf8,0x07,0xf4,0x00,0x00,  //......+#@@#...%@@@%.......
0x00,0x0b,0x54,0x1e,0x2d,0x00,0x00,  //.....+#@*%*..%@#*#@%......
0x00,0x2d,0x00,0x78,0x0b,0x40,0x00,  //....+#@*....%@#+..#@%.....
0x00,0xb4,0x01,0xf0,0x02,0xd0,0x00,  //...+#@*....*@@*....#@%....
0x02,0xd0,0x00,0x78,0x00,0xb4,0x00,  //..+#@*......%@#.....#@%...
0x0b,0x40,0x00,0x1e,0x00,0x2d,0x00,  //.+#@*........%@#.....#@%..
0x2d,0x00,0x40,0x07,0x80,0x0b,0x40,  //+#@*....%+....%@#.....#@%.
0xb8,0x00,0xe0,0x01,0xd0,0x03,0xd0,  //#@%....*@#+....%@%....*@@*
0x2d,0x00,0x78,0x00,0x40,0x0b,0x40,  //+#@%....*@#+....*....+#@%.
0x0b,0x40,0x1e,0x00,0x00,0x2d,0x00,  //.+#@%....*@#+.......+#@%..
0x02,0xd0,0x07,0x80,0x00,0xb4,0x00,  //..+#@%....*@#+.....+#@%...
0x00,0xb4,0x02,0xe0,0x02,0xd0,0x00,  //...+#@%....#@%....+#@%....
0x00,0x2d,0x0b,0x80,0x0b,0x40,0x00,  //....+#@%..#@#....+#@%.....
0x00,0x0b,0x6e,0x02,0x6d,0x00,0x00,  //.....+#@%#@#..+#*#@%......
0x00,0x02,0xf8,0x07,0xf4,0x00,0x00,  //......+#@@#...*@@@%.......
0x00,0x00,0xa0,0x01,0xd0,0x00,0x00,  //.......+##.....*@%........


/*  */
0x00,0x00,0x05,0x50,0x00,0x00,  //.........******.........
0x00,0x02,0xff,0xff,0x80,0x00,  //......*%@@@@@@@@%*......
0x00,0x2f,0xff,0xff,0xf8,0x00,  //.....%@@@@@@@@@@@@%.....
0x00,0xbf,0xff,0xff,0xfe,0x00,  //...+#@@@@@@@@@@@@@@#+...
0x02,0xff,0xff,0xff,0xff,0x80,  //...#@@@@@@@@@@@@@@@@#...
0x0b,0xff,0xff,0xff,0xff,0xe0,  //..#@@@@@@@@@@@@@@@@@@#..
0x1f,0xff,0xef,0xe7,0xff,0xf4,  //.*@@@@@@@%@@@#*@@@@@@@*.
0x2f,0xff,0x47,0x81,0xff,0xf8,  //.#@@@@@@%.*@#+.*@@@@@@#.
0x7f,0xfd,0x02,0x00,0x7f,0xfd,  //*@@@@@@%..+#+.+.*@@@@@@*
0x7f,0xf4,0x28,0x1d,0x1f,0xfd,  //%@@@@@%.+##+.*@*.*@@@@@%
0xbf,0xd0,0xbd,0x1f,0x47,0xfe,  //#@@@@%.+#@@*.*@@*.*@@@@#
0xff,0x42,0x9b,0x47,0xd1,0xff,  //@@@@%.+##*#@*.*@@*.*@@@@
0xfe,0x0b,0x42,0xd1,0xe0,0xbf,  //@@@#..#@*.+#@*.%@#..%@@@
0xff,0x42,0xd0,0xb7,0x81,0xff,  //@@@@%.+#@*.+#@%@#+.%@@@@
0xbf,0xd0,0xb4,0x2e,0x07,0xfe,  //#@@@@%.+#@*.+#@#+.%@@@@#
0x7f,0xf4,0x24,0x68,0x1f,0xfd,  //%@@@@@%.+#*.*##+.%@@@@@%
0x3f,0xfd,0x01,0x80,0x7f,0xfc,  //*@@@@@@%...*#...%@@@@@@*
0x2f,0xff,0x47,0xd1,0xff,0xf8,  //.#@@@@@@%.*@@*.%@@@@@@#.
0x0f,0xff,0xef,0xfb,0xff,0xf0,  //.*@@@@@@@%@@@@%@@@@@@@*.
0x0b,0xff,0xff,0xff,0xff,0xe0,  //..%@@@@@@@@@@@@@@@@@@%..
0x02,0xff,0xff,0xff,0xff,0x80,  //...#@@@@@@@@@@@@@@@@#...
0x00,0xbf,0xff,0xff,0xfe,0x00,  //....#@@@@@@@@@@@@@@#....
0x00,0x1f,0xff,0xff,0xf4,0x00,  //.....*@@@@@@@@@@@@*.....
0x00,0x01,0xbf,0xfe,0x40,0x00,  //......+%#@@@@@@#%+......


/*  */
0x00,0x00,0x00,0x55,0x54,0x00,0x00,0x00,  //...........****%****...........
0x00,0x00,0x6f,0xaa,0xab,0xe4,0x00,0x00,  //.......+%#@@#%%%%%#@@%*........
0x00,0x0b,0x90,0x00,0x00,0x1a,0x40,0x00,  //.....+%@#*+.........*%##*......
0x6a,0xbe,0xa4,0x00,0x00,0x6b,0xea,0xa4,  //%%%%%@@#%%*.........*%#@@#%%%%*
0x3f,0xfa,0xae,0x00,0x02,0xea,0xbf,0xe0,  //+@@@@@%%%#@#*.....*#@#%%%@@@@#.
0x2f,0x40,0x02,0xd0,0x1e,0x00,0x0b,0xd0,  //.%@@*.....*#@*...*@#*....+%@@%.
0x1d,0x00,0x00,0xa0,0x34,0x00,0x01,0xd0,  //.%@*........##+.*@%........*@*.
0x34,0x0b,0x90,0x24,0xa0,0x1b,0x80,0xa0,  //+@*..*%@#*...#%.##...%#@%+..%#.
0x60,0x34,0x64,0x1c,0xd0,0xa0,0xa0,0x34,  //%#..*@***#%..*@*@*..#%**%#+.+@*
0xa0,0x91,0x0c,0x0e,0xc1,0x84,0x24,0x28,  //#%..#*+*.+@+.*@%@..*#.**.%%..#%
0xd0,0xcb,0x89,0x0f,0xc1,0x4f,0x08,0x28,  //@*..@.%@%.%*..@@@..%**@@+*%..%%
0x90,0xc7,0x48,0x0f,0xc1,0x4a,0x18,0x28,  //#%..@+%@*.#*.+@@@..*%+##.*%..%%
0xa0,0x60,0x18,0x0f,0xc0,0xc0,0x24,0x24,  //%#..%%...*#..*@@@+.*@+..+#*..#%
0x70,0x2a,0xa0,0x2f,0xd0,0x7a,0x90,0x30,  //*@+..##%##+..%@@@*..*@%%#%..*@*
0x28,0x05,0x40,0x3f,0xf0,0x05,0x00,0xa0,  //.##...***...*@@@@@+..+**+...##.
0x0d,0x00,0x00,0xaf,0xe8,0x00,0x02,0xc0,  //.*@%.......*##@@@##+.......#@+.
0x07,0x90,0x07,0x87,0x4b,0x40,0x1a,0x40,  //..*@#*+..*%@#.%@*+#@%+..+*##*..
0x00,0xbf,0xf9,0x02,0x01,0xff,0xf8,0x00,  //...*%@@@@@#*...%...%@@@@@@%+...


/*  */
0x00,0x05,0x40,0x00,  //.....+****.....
0x00,0xbf,0xf8,0x00,  //...+%@@@@@#+...
0x02,0xff,0xfe,0x00,  //...#@@@@@@@#+..
0x0b,0xf9,0x7f,0x80,  //..%@@@%*%@@@#..
0x0f,0xd0,0x0f,0xd0,  //.+@@@*...+@@@*.
0x1f,0x80,0x07,0xd0,  //.*@@#.....%@@%.
0x1f,0x40,0x07,0xe0,  //.*@@*.....*@@%.
0x1f,0x80,0x07,0xd0,  //.*@@#.....%@@%.
0x0f,0xd0,0x0f,0xd0,  //.+@@@*...+@@@*.
0x0b,0xf9,0x7f,0x80,  //..%@@@%*%@@@#..
0x02,0xff,0xfe,0x00,  //...#@@@@@@@#+..
0x00,0xbf,0xf8,0x00,  //...+%@@@@@#+...
0x14,0x05,0x40,0x10,  //.**..+****..**.
0x7e,0x00,0x01,0xf4,  //*@@%+.....+%@@%
0x7f,0xe9,0xaf,0xf8,  //*@@@@#%*%#@@@@%
0x1f,0xff,0xff,0xe0,  //.%@@@@@@@@@@@%.
0x02,0xff,0xfe,0x40,  //..*%@@@@@@@#*..
0x00,0x0b,0x80,0x00,  //.....*#@#*.....
0x00,0x1f,0xe0,0x00,  //.....%@@@#.....
0x00,0x7f,0xf8,0x00,  //....%@@@@@#....
0x01,0xfe,0xfe,0x00,  //...%@@@%@@@#...
0x07,0xf4,0x7f,0x80,  //..%@@@%.*@@@#..
0x1f,0xd0,0x1f,0xd0,  //.*@@@%...*@@@%.
0x0f,0x40,0x07,0xd0,  //.*@@%.....*@@*.


/*  */
0x06,0xaa,0xaa,0xaa,0xa4,0x00,  //.+%%%%%%%%%%%%%%%%*..
0x2f,0xff,0xfb,0xff,0xfd,0x00,  //+#@@@@@@@@#@@@@@@@@%.
0xbf,0xfe,0x00,0x7f,0xff,0x00,  //%@@@@@@#*...*@@@@@@@*
0xff,0xf8,0x00,0x1f,0xff,0x40,  //@@@@@@#......*@@@@@@*
0xff,0xf0,0x29,0x0b,0xff,0x40,  //@@@@@@*.+%#%..%@@@@@*
0xff,0xf0,0xbf,0x07,0xff,0x40,  //@@@@@@..%@@@*.*@@@@@*
0xff,0xf0,0xbf,0x47,0xff,0x40,  //@@@@@@..%@@@*.*@@@@@*
0xff,0xf0,0x7e,0x07,0xff,0x40,  //@@@@@@+.*@@#..%@@@@@*
0xff,0xf8,0x00,0x0b,0xff,0x40,  //@@@@@@%..+*...#@@@@@*
0xff,0xfd,0x00,0x2f,0xff,0x40,  //@@@@@@@*....+#@@@@@@*
0xff,0xe7,0x95,0xa6,0xff,0x40,  //@@@@@#%@#**%##*#@@@@*
0xff,0xc0,0x6a,0x41,0xff,0x40,  //@@@@@*.+%%%%*..%@@@@*
0xff,0xd0,0x00,0x02,0xff,0x40,  //@@@@@%........+#@@@@*
0xff,0xf9,0x00,0x1f,0xff,0x40,  //@@@@@@#**...*%@@@@@@*
0xff,0xff,0x81,0xff,0xff,0x40,  //@@@@@@@@#+.*@@@@@@@@*
0xff,0xfe,0x00,0x7f,0xff,0x40,  //@@@@@@@#....*@@@@@@@*
0xff,0xf8,0x04,0x1f,0xff,0x40,  //@@@@@@#..+%..*@@@@@@*
0xbf,0xf0,0x2d,0x07,0xff,0x40,  //#@@@@@..+#@%..*@@@@@*
0x7f,0xf0,0xbf,0x47,0xff,0x00,  //%@@@@@++#@@@%.%@@@@@*
0x2f,0xff,0xff,0xff,0xfd,0x00,  //.#@@@@@@@@@@@@@@@@@%.
0x06,0xaa,0xaa,0xaa,0x90,0x00,  //..*%%%%%%%%%%%%%%%*..


/*  */
0x2a,0xaa,0xaa,0xaa,0xaa,0xa0,  //+%%%%%%%%%%%%%%%%%%%%%+
0xbf,0xff,0xff,0xff,0xff,0xf8,  //#@@@@@@@@@@@@@@@@@@@@@#
0xff,0xff,0xff,0xff,0xff,0xfc,  //@@@@@@@@@@@@@@@@@@@@@@@
0xff,0xff,0xff,0xff,0xff,0xfc,  //@@@@@@@@@@@@@@@@@@@@@@@
0xff,0xff,0xff,0xff,0xff,0xfc,  //@@@@@@@@@@@@@@@@@@@@@@@
0xff,0xff,0xff,0xff,0xff,0xfc,  //@@@@@@@@@@@@@@@@@@@@@@@
0xff,0x82,0xff,0xfe,0x0b,0xfc,  //@@@@#+.#@@@@@@@#++#@@@@
0xff,0x40,0x7f,0xf8,0x07,0xfc,  //@@@@*...%@@@@@#...*@@@@
0xff,0x80,0x1f,0xe0,0x0b,0xfc,  //@@@@#....%@@@%....%@@@@
0xff,0xe0,0x07,0x40,0x1f,0xfc,  //@@@@@#....%@%....%@@@@@
0xff,0xf8,0x01,0x00,0xbf,0xfc,  //@@@@@@#....*....#@@@@@@
0xbf,0xfe,0x00,0x02,0xff,0xf8,  //%@@@@@@#.......#@@@@@@%
0x7f,0xff,0x80,0x0b,0xff,0xf4,  //*@@@@@@@#.....#@@@@@@@%
0x3f,0xff,0xe0,0x2f,0xff,0xf0,  //+@@@@@@@@#...#@@@@@@@@+
0x2f,0xff,0xf9,0xbf,0xff,0xe0,  //.%@@@@@@@@#%#@@@@@@@@%.
0x0f,0xff,0xff,0xff,0xff,0xc0,  //.+@@@@@@@@@@@@@@@@@@@+.
0x07,0xff,0xff,0xff,0xff,0x40,  //..*@@@@@@@@@@@@@@@@@*..
0x01,0xff,0xff,0xff,0xfd,0x00,  //...*@@@@@@@@@@@@@@@%...
0x00,0x6f,0xff,0xff,0xe4,0x00,  //....*#@@@@@@@@@@@#*....
0x00,0x06,0xff,0xfe,0x40,0x00,  //......%#@@@@@@@#%+.....
0x00,0x00,0x1a,0x90,0x00,0x00,  //........**%%%**........


/*  */
0x55,0x55,0x15,0x55,0x05,0x54,0x15,0x54,  //********.*******.*******+******
0x2f,0xf4,0x02,0xf8,0x02,0xe0,0x0b,0xd0,  //*#@@@@*+.+*%@@#*.+*#@%*+.*#@@*+
0x0b,0xe0,0x00,0xb8,0x02,0x80,0x03,0x40,  //..%@@%......#@%....%%.....+@*..
0x02,0xe0,0x00,0x7c,0x03,0x00,0x06,0x00,  //...#@#......*@@+..+@+.....*#...
0x01,0xf4,0x00,0x2d,0x06,0x00,0x09,0x00,  //...*@@*......#@%..%%......#%...
0x00,0xb8,0x00,0x1f,0x0c,0x00,0x1c,0x00,  //....#@#......*@@+.@*.....*@+...
0x00,0x7d,0x00,0x0f,0x58,0x00,0x28,0x00,  //....*@@*.....+@@**%......%%....
0x00,0x3e,0x00,0x07,0xa0,0x00,0x30,0x00,  //.....@@%......%@##*.....+@*....
0x00,0x1f,0x00,0x03,0xe0,0x00,0x60,0x00,  //.....%@@+.....+@@#......%#.....
0x00,0x0f,0x40,0x02,0xf0,0x00,0xd0,0x00,  //.....+@@%......%@@+....+@*.....
0x00,0x0b,0xc0,0x02,0xf4,0x01,0x80,0x00,  //......%@@......#@@%....*#......
0x00,0x03,0xd0,0x06,0xb8,0x02,0x40,0x00,  //......*@@*....*#%@#....#*......
0x00,0x02,0xe0,0x08,0x7d,0x07,0x00,0x00,  //.......#@#....#**@@*..*@+......
0x00,0x01,0xf4,0x18,0x2e,0x09,0x00,0x00,  //.......*@@*..*%..#@#..#%.......
0x00,0x00,0xb8,0x20,0x1f,0x4c,0x00,0x00,  //........#@#.+#*..*@@**@*.......
0x00,0x00,0x7c,0x60,0x0f,0x98,0x00,0x00,  //........%@@*%%....@@%%%........
0x00,0x00,0x3e,0xc0,0x07,0xf4,0x00,0x00,  //........+@@%@*....%@@@*........
0x00,0x00,0x2f,0x80,0x03,0xe0,0x00,0x00,  //.........%@@%.....+@@#.........
0x00,0x00,0x0f,0x00,0x02,0xd0,0x00,0x00,  //.........*@@*......%@*.........
0x00,0x00,0x0a,0x00,0x01,0xc0,0x00,0x00,  //..........#%.......*@..........


/*  */
0x00,0x00,0x05,0x50,0x00,0x00,  //.........******.........
0x00,0x02,0xfa,0xaf,0x80,0x00,  //......*%@@#%%#@@%*......
0x00,0x2e,0x00,0x00,0xb8,0x00,  //.....%@%*..++..*%@%.....
0x00,0xa0,0x6b,0xf9,0x0a,0x00,  //...+##*.*#%@@@#*.*##+...
0x02,0x86,0xff,0xff,0x82,0x80,  //...##.*#@@@@@@@@#*.##...
0x0a,0x1f,0xff,0xff,0xa4,0xa0,  //..##.%@@@@@@@@@@##%.##..
0x18,0x7f,0xff,0xff,0x6d,0x24,  //.*#+*@@@@@@@@@@@*#@*+#*.
0x24,0xbf,0xff,0xfd,0xbf,0x18,  //.#**%@@@@@@@@@@*%@@@+*#.
0x72,0xff,0xff,0xe0,0xff,0x8d,  //*@.%@@@@@@@@@#**@@@@%.@*
0x63,0xff,0xff,0x82,0xff,0xc9,  //%%+@@@@@@@@@#+.#@@@@@+%%
0x97,0xff,0xfe,0x07,0xff,0x86,  //#**@@@@@@@@#+.*@@@@@%**#
0xc7,0xff,0xf9,0x0b,0xff,0xd3,  //@**@@@@@@@#*++#@@@@@@**@
0xc7,0xff,0xf6,0xaf,0xff,0xd3,  //@**@@@@@@@*#%%@@@@@@@**@
0xc7,0xff,0xe0,0x7f,0xff,0xd3,  //@**@@@@@@#.+*@@@@@@@@**@
0x92,0xff,0xc1,0xff,0xff,0xd6,  //#**%@@@@@*.*@@@@@@@@@**#
0x63,0xff,0x47,0xff,0xff,0xc9,  //%%.@@@@@%.%@@@@@@@@@@.%%
0x31,0xfe,0x1f,0xff,0xff,0x4c,  //*@+%@@@#.%@@@@@@@@@@%+@*
0x24,0xbd,0x7f,0xff,0xfe,0x18,  //.#%+#@@*%@@@@@@@@@@%+%#.
0x0c,0x79,0xff,0xff,0xfd,0x30,  //.*@+*@#%@@@@@@@@@@@*+@*.
0x0a,0x1e,0xff,0xff,0xf4,0xa0,  //..%#.*@#@@@@@@@@@@*.#%..
0x02,0x82,0xff,0xef,0x82,0x80,  //...##+*%@@@@@#@@#*+##...
0x00,0xa4,0x6b,0xe5,0x1a,0x00,  //....##*.*%#@@%**.*##....
0x00,0x1e,0x40,0x01,0xb4,0x00,  //.....*@#*+....+*#@*.....
0x00,0x01,0xbe,0xbe,0x40,0x00,  //......+%#@@##@@#%+......


/*  */
0x00,0x00,0x05,0x50,0x00,0x00,  //.........******.........
0x00,0x02,0xff,0xff,0x80,0x00,  //......*%@@@@@@@@%*......
0x00,0x2f,0xff,0xff,0xf8,0x00,  //.....%@@@@@@@@@@@@%.....
0x00,0xbf,0xff,0xff,0xfe,0x00,  //...+#@@@@@@@@@@@@@@#+...
0x02,0xff,0xff,0xff,0xff,0x80,  //...#@@@@@@@@@@@@@@@@#+..
0x02,0xff,0xff,0xff,0xff,0xe0,  //...#@@@@@@@@@@@@@@@@@#..
0x10,0xff,0xf9,0x56,0xaa,0xf4,  //.***@@@@@@%****%%%%%@@*.
0x28,0xbf,0x80,0x00,0x00,0x00,  //.#%.%@@@%+..............
0x7c,0x2d,0x05,0x50,0x1a,0xa9,  //*@@*.#@%..****..+*%%%%%*
0x7e,0x08,0x2f,0xf8,0x2f,0xfd,  //%@@%.*#..%@@@@%..#@@@@@%
0xbf,0x00,0x7f,0xfd,0x1f,0xfe,  //#@@@*.+.%@@@@@@%.*@@@@@#
0xff,0x80,0xbf,0xfe,0x0f,0xff,  //@@@@#...#@@@@@@#.*@@@@@@
0xff,0xd0,0xff,0xff,0x0f,0xff,  //@@@@@*..@@@@@@@@.*@@@@@@
0xff,0xe0,0xbf,0xfe,0x0f,0xff,  //@@@@@#..#@@@@@@#.*@@@@@@
0xbf,0xf4,0x7f,0xfd,0x1f,0xfe,  //#@@@@@*.*@@@@@@*.*@@@@@#
0x7f,0xf8,0x1f,0xf4,0x2f,0xfd,  //%@@@@@#..%@@@@%..#@@@@@%
0x3f,0xfe,0x01,0x40,0x7f,0xfc,  //*@@@@@@%..+**+..*@@@@@@*
0x2f,0xff,0x80,0x00,0xff,0xf8,  //.#@@@@@@#*.....+@@@@@@#.
0x0f,0xff,0xfa,0x82,0xff,0xf4,  //.*@@@@@@@@#%%..#@@@@@@*.
0x0b,0xff,0xff,0x47,0xff,0xe0,  //..%@@@@@@@@@%.*@@@@@@%..
0x02,0xff,0xfe,0x0f,0xff,0x80,  //...#@@@@@@@#++@@@@@@#...
0x00,0xbf,0xfd,0x2f,0xfe,0x00,  //....#@@@@@@*.%@@@@@#....
0x00,0x1f,0xf8,0x7f,0xf4,0x00,  //.....*@@@@#.*@@@@@*.....
0x00,0x01,0xb4,0xbe,0x40,0x00,  //......+%#@*+#@@#%+......


/*  */
0x00,0x00,0x00,0x00,0x00,0x00,  //...++...................
0x02,0x00,0x14,0x00,0x10,0x00,  //...#*...+*%.....+%+.....
0x07,0x01,0xf0,0x00,0x09,0x00,  //..%@*..%@@+......+#%....
0x0f,0x0b,0xd0,0x00,0x07,0x80,  //.+@@**%@@*........*@#...
0x1f,0xff,0xc0,0x00,0x02,0xe0,  //.%@@@@@@@..........#@%..
0x3f,0xff,0x90,0x00,0x01,0xf4,  //.@@@@@@@#***.......*@@*.
0x7f,0xff,0xff,0x00,0x00,0xf8,  //*@@@@@@@@@@@*......+@@#.
0x7f,0xff,0xfe,0x00,0x04,0xfd,  //%@@@@@@@@@@#.....**.@@@*
0xbf,0xff,0xe4,0x00,0x09,0xfd,  //%@@@@@@@@%*.......#*@@@%
0xff,0xff,0xd0,0x00,0x07,0xfe,  //@@@@@@@@@*........*@@@@#
0xff,0xfe,0x60,0x00,0x03,0xff,  //@@@@@@@#%%........*@@@@@
0xff,0xfe,0x00,0x10,0x03,0xff,  //@@@@@@@#....+*+...*@@@@@
0xff,0xff,0x41,0xfc,0x07,0xff,  //@@@@@@@@%.+*@@@...*@@@@@
0xbf,0xff,0xff,0xe4,0x0b,0xfe,  //#@@@@@@@@@@@@%*...%@@@@#
0x7f,0xff,0xff,0x80,0x1f,0xfd,  //%@@@@@@@@@@@#....*@@@@@%
0x3f,0xff,0xe9,0x00,0x7f,0xfd,  //*@@@@@@@@%%*....*@@@@@@*
0x2f,0xff,0xe4,0x06,0xff,0xf8,  //.#@@@@@@@#*..+*#@@@@@@#.
0x0f,0xff,0xff,0xff,0xff,0xf0,  //.*@@@@@@@@@@@@@@@@@@@@*.
0x0b,0xff,0xff,0xff,0xff,0xe0,  //..%@@@@@@@@@@@@@@@@@@%..
0x02,0xff,0xff,0xff,0xff,0x80,  //...#@@@@@@@@@@@@@@@@#...
0x00,0xbf,0xff,0xff,0xfe,0x00,  //....#@@@@@@@@@@@@@@%....
0x00,0x1f,0xff,0xff,0xf4,0x00,  //.....*@@@@@@@@@@@@*.....
0x00,0x01,0xbf,0xfe,0x40,0x00,  //......+%#@@@@@@#%+......


/*  */
0x00,0x00,0x05,0x50,0x00,0x00,  //.........******.........
0x00,0x02,0xff,0xff,0x80,0x00,  //......*%@@@@@@@@%*......
0x00,0x2f,0xfe,0x40,0x54,0x00,  //.....%@@@@@#*+..*%*.....
0x00,0xbf,0xf4,0x06,0xfe,0x00,  //...+#@@@@@*...%#@@@#+...
0x02,0xff,0x80,0x02,0xff,0x80,  //...#@@@@#+....*#@@@@#...
0x0b,0xff,0x00,0x00,0xbf,0xe0,  //..#@@@@@+.......#@@@@#..
0x1f,0xfd,0x00,0x00,0x3f,0xf4,  //.*@@@@@*........+@@@@@*.
0x2f,0xf8,0x00,0x00,0x1f,0xf8,  //.#@@@@#..........%@@@@#.
0x7f,0xf4,0x00,0x00,0x0f,0xfd,  //*@@@@@*..........+@@@@@*
0x7f,0xf0,0x00,0x00,0x0b,0xfd,  //%@@@@@+...........#@@@@%
0xbf,0xf0,0x00,0x00,0x0b,0xfe,  //#@@@@@............%@@@@#
0xff,0xe0,0x00,0x00,0x07,0xff,  //@@@@@%............*@@@@@
0xff,0xe0,0x00,0x00,0x07,0xff,  //@@@@@%............*@@@@@
0xff,0xe0,0x00,0x00,0x07,0xff,  //@@@@@#............%@@@@@
0xbf,0xf0,0x00,0x00,0x0b,0xfe,  //#@@@@@............%@@@@#
0x7f,0xf0,0x00,0x00,0x0b,0xfd,  //%@@@@@+...........#@@@@%
0x3f,0xf4,0x00,0x00,0x0f,0xfc,  //*@@@@@%..........*@@@@@*
0x2f,0xf8,0x00,0x00,0x2f,0xf8,  //.#@@@@#..........%@@@@#.
0x0f,0xfd,0x00,0x00,0x3f,0xf0,  //.*@@@@@%........*@@@@@*.
0x0b,0xff,0x40,0x00,0xbf,0xe0,  //..%@@@@@*......+#@@@@%..
0x02,0xff,0xd0,0x06,0xff,0x80,  //...#@@@@@*....*#@@@@#...
0x00,0xbf,0xf4,0x06,0xfa,0x00,  //....#@@@@@%...*#@@#%....
0x00,0x1f,0xfe,0x40,0x10,0x00,  //.....*@@@@@#%******.....
0x00,0x01,0xbf,0xfe,0x40,0x00,  //......+%#@@@@@@#%+......


/*  */
0x00,0x00,0x00,0x01,0xbf,0xf4,  //..............+*#@@@@@%.
0x00,0x00,0x06,0xaf,0xe4,0x09,  //.........+*%%%@@@%*..+#*
0x00,0x00,0xbf,0xff,0xe4,0x01,  //.......+%@@@@@@@@#*...+%
0x00,0x07,0xff,0xff,0xfe,0x01,  //......*@@@@@@@@@@@@%...%
0x00,0x1f,0xff,0xff,0xff,0x81,  //.....%@@@@@@@@@@@@@@#..*
0x00,0x79,0xff,0xff,0xff,0xe4,  //....*@#%@@@@@@@@@@@@@#*+
0x00,0xa7,0xf8,0x01,0xbf,0xf8,  //...+#%*@@@#*..+*#@@@@@%.
0x01,0x4b,0xd0,0x00,0x2f,0xf8,  //...%%+#@@%......+#@@@@#.
0x01,0x2f,0x80,0x00,0x0f,0xfd,  //...%.#@@#........*@@@@@*
0x00,0xbf,0x40,0x00,0x0b,0xfe,  //..+.%@@@%.........#@@@@%
0x01,0xff,0x95,0x55,0x5b,0xfe,  //...*@@@@%*********#@@@@#
0x02,0xff,0xff,0xff,0xff,0xff,  //..+#@@@@@@@@@@@@@@@@@@@@
0x0b,0xff,0xff,0xff,0xff,0xff,  //..%@@@@@@@@@@@@@@@@@@@@@
0x0f,0xff,0x95,0x55,0x55,0x55,  //.*@@@@@@%***************
0x2f,0xff,0x40,0x00,0x00,0x00,  //.%@@@@@@%...............
0x3a,0xff,0x80,0x00,0x05,0x54,  //+@##@@@@#........+*****+
0x75,0xff,0xe0,0x00,0x2f,0xf8,  //*@%%@@@@@#......+#@@@@#.
0xb0,0xbf,0xf9,0x01,0xbf,0xf4,  //%@++#@@@@@#*+.+*#@@@@@*.
0xa0,0x7f,0xff,0xff,0xff,0xe0,  //##..*@@@@@@@@@@@@@@@@#..
0xe0,0x1f,0xff,0xff,0xff,0x80,  //@%...%@@@@@@@@@@@@@@#...
0xe0,0x07,0xff,0xff,0xfe,0x00,  //@%....*@@@@@@@@@@@@%....
0xb0,0x02,0xbf,0xff,0xe4,0x00,  //%@+...+%%@@@@@@@@#*.....
0x2e,0xa4,0x05,0xa9,0x00,0x00,  //+#@%%%%+.+*%%%%**.......


/*  */
0x2a,0xaa,0xaa,0xaa,0xaa,0xaa,0x40,  //+%%%%%%%%%%%%%%%%%%%%%%%%.
0xba,0xaa,0xaa,0xaa,0xaa,0xaa,0xd0,  //#@%%%%%%%%%%%%%%%%%%%%%#@%
0xe0,0x00,0x00,0x00,0x00,0x00,0xe0,  //@%......................@%
0xe0,0x00,0x00,0x00,0x00,0x00,0xe0,  //@%......................@%
0xe0,0x00,0x00,0x00,0x00,0x00,0xe0,  //@%......................@%
0xe0,0x00,0x00,0x00,0x00,0x00,0xe0,  //@%......................@%
0xe0,0x00,0x00,0x00,0x00,0x00,0xe0,  //@%......................@%
0xe0,0x00,0x00,0x00,0x00,0x00,0xe0,  //@%......................@%
0xe0,0x00,0x00,0x00,0x00,0x00,0xe0,  //@%......................@%
0xe0,0x00,0x00,0x00,0x00,0x00,0xe0,  //@%......................@%
0xe0,0x00,0x00,0x00,0x00,0x00,0xe0,  //@%......................@%
0xe0,0x00,0x00,0x00,0x00,0x00,0xe0,  //@%......................@%
0xe0,0x00,0x00,0x00,0x00,0x00,0xe0,  //@%......................@%
0xe0,0x00,0x00,0x00,0x00,0x00,0xe0,  //@%......................@%
0xe0,0x00,0x00,0x00,0x00,0x00,0xe0,  //@%......................@%
0xe5,0x55,0x55,0x55,0x55,0x55,0xe0,  //@#**********************@%
0x7f,0xff,0xff,0xff,0xff,0xff,0x80,  //*@@@@@@@@@@@@@@@@@@@@@@@#+
0x00,0x00,0x00,0xe0,0x00,0x00,0x00,  //.+**********@#**********+.
0x00,0x00,0x00,0xe0,0x00,0x00,0x00,  //............@%............
0x00,0x03,0xff,0xff,0xf8,0x00,0x00,  //......+@@@@@@@@@@@%.......
0x00,0x02,0xaa,0xaa,0xa4,0x00,0x00,  //......+%%%%%%%%%%%%.......


/*  */
0x2a,0x00,0x00,0x00,0x06,0xa8,  //+%%%+.............*%%%%+
0xbc,0x00,0x00,0x00,0x02,0xfe,  //%@@*...............#@@@%
0xb4,0x00,0x00,0x00,0x00,0xfe,  //%@%................*@@@%
0xb0,0x00,0x1a,0x40,0x00,0xbe,  //%@+......*%%*.......%@@%
0xa0,0x00,0x7f,0xd0,0x16,0xfe,  //%%......%@@@@%..+*%#@@@%
0x90,0x00,0xff,0xfb,0xff,0xfe,  //%%......@@@@@@%@@@@@@@@%
0x90,0x00,0xff,0xff,0xff,0xfe,  //%*.....*@@@@@@@@@@@@@@@%
0x90,0x00,0xff,0xff,0xff,0xfe,  //%*......@@@@@@@@@@@@@@@%
0x90,0x00,0xff,0xff,0xff,0xfe,  //%%......@@@@@@@@@@@@@@@%
0xa0,0x00,0xbf,0xff,0xff,0xfe,  //%%......%@@@@@@@@@@@@@@%
0xa0,0x00,0x7f,0xff,0xff,0xfe,  //%#......%@@@@@@@@@@@@@@%
0xb0,0x00,0x7f,0xff,0xff,0xfe,  //%@+.....*@@@@@@@@@@@@@@%
0xb4,0x00,0x3f,0xff,0xff,0xfe,  //%@*.....+@@@@@@@@@@@@@@%
0xb4,0x00,0x2f,0xff,0xfe,0x46,  //%@%......#@@@@@@@@@%%*%%
0xb8,0x00,0x1f,0xff,0x40,0x06,  //%@%......%@@@@@@*+....%%
0xbc,0x00,0x1f,0xfe,0x00,0x0a,  //%@@......*@@@@@#......%%
0xbc,0x00,0x0b,0xfd,0x00,0x0a,  //%@@*......#@@@@%......#%
0xbd,0x00,0x02,0xe4,0x00,0x0e,  //%@@%......+%@#*......+@%
0xbe,0x00,0x00,0x00,0x00,0x1e,  //%@@#.................%@%
0xbf,0x40,0x00,0x00,0x00,0x3e,  //%@@@%...............+@@%
0x2a,0x80,0x00,0x00,0x00,0xa8,  //.%%%%+..............%%%.


/*  */
0x00,0x55,0x55,0x55,0x00,  //...+************+..
0x01,0xff,0xff,0xff,0x00,  //...*@@@@@@@@@@@@+..
0x01,0xc0,0x00,0x00,0x00,  //...*@..............
0x01,0xc1,0xaf,0xa4,0x00,  //...*@..*%#@@#%*....
0x01,0xc3,0x95,0x6e,0x40,  //...*@.+@%****%@#*..
0x01,0xc0,0x00,0x01,0xe0,  //...*@.....**...*@#.
0x01,0xc1,0xbf,0xe0,0x20,  //...*@..*#@@@@%*.+#*
0x01,0xcb,0x90,0x6e,0x00,  //...*@+#@%****#@%...
0x01,0xe8,0x00,0x06,0x80,  //...*@##+......*##..
0x01,0xe0,0x6f,0x80,0xd0,  //...*@#..*#@@#*.*@%.
0x00,0x81,0xe5,0xb4,0x70,  //...+%+.%@%**#@*.*@+
0x00,0x07,0x40,0x2c,0x34,  //......*@*....%@+.@*
0x00,0x0a,0x25,0x0d,0x28,  //......%#.#*%*.@*.#%
0x00,0x09,0x1e,0x0a,0x28,  //......%%.*@#..#%.%%
0x00,0x09,0x1b,0x09,0x28,  //++....%*.%#@*.#*.%%
0xa0,0x49,0x10,0x1c,0x24,  //%%.+*.%*.*.*+*@*.#*
0x61,0xc9,0x00,0x78,0x70,  //%#.*@+%*.+..*@%.*@+
0x34,0xa9,0x2f,0xd0,0xa0,  //+@*.#%%*.%@@@%..#%.
0x28,0x3d,0x05,0x02,0x80,  //.%#.*@@*.+**+.+##+.
0x0d,0x1e,0x40,0x1a,0x00,  //.+@%.*@#*...+*##+..
0x07,0x42,0xff,0xf4,0x14,  //..*@%.+%@@@@@@%..%%
0x01,0xe0,0x15,0x40,0xb4,  //...*@%+.+****..+%@*
0x00,0x2d,0x00,0x07,0x80,  //....*#@%*...+*%@#*.
0x00,0x06,0xff,0xf9,0x00,  //......*#@@@@@@#*...


/*  */
0x00,0x00,0x05,0x50,0x00,0x00,  //.........+*****.........
0x00,0x00,0xbf,0xfe,0x00,0x00,  //.......*#@@@@@@#*.......
0x00,0x07,0xff,0xff,0xc0,0x00,  //......*@@@@@@@@@@*......
0x00,0x0f,0xfe,0xbf,0xe0,0x00,  //.....*@@@@@##@@@@#......
0x00,0x2f,0xe0,0x1f,0xf0,0x00,  //.....%@@@#*..*@@@@*.....
0x00,0x3f,0xd0,0x0f,0xf0,0x00,  //.....@@@@*...*@@@@*.....
0x00,0x00,0x00,0x0f,0xf0,0x00,  //......+**....*@@@@*.....
0x00,0x00,0x01,0x5f,0xf0,0x00,  //..........+**%@@@@*.....
0x00,0x00,0x6f,0xff,0xf0,0x00,  //........*#@@@@@@@@*.....
0x00,0x02,0xff,0xff,0xf0,0x00,  //......*#@@@@@@@@@@*.....
0x00,0x0f,0xf8,0x0f,0xf0,0x00,  //.....*@@@@%*.*@@@@*.....
0x00,0x2f,0xe0,0x0f,0xf0,0x00,  //.....#@@@%...*@@@@*.....
0x00,0x3f,0xc0,0x0f,0xf0,0x00,  //....+@@@@*...*@@@@*.....
0x00,0x3f,0xc0,0x1f,0xf4,0x00,  //....*@@@@*...*@@@@*.....
0x00,0x3f,0xe0,0x2f,0xf8,0x00,  //....*@@@@#..+#@@@@#.....
0x00,0x3f,0xfe,0xff,0xfe,0x00,  //.....@@@@@@%@@@@@@@%....
0x00,0x1f,0xff,0xe6,0xf8,0x00,  //.....%@@@@@@@#*#@@#+....
0x00,0x07,0xff,0x80,0xa0,0x00,  //......%@@@@@#+.+##+.....
0x00,0x00,0x54,0x00,0x00,0x68,  //*......+****....++.+%%%*
0x24,0x00,0x00,0x00,0x00,0x09,  //+#*................***%%
0x0a,0x40,0x00,0x00,0x00,0x45,  //.+##*..............*%+%*
0x02,0xe4,0x00,0x00,0x1b,0x48,  //...%@#%*........*%#@*.#.
0x00,0x2f,0xe9,0xab,0xf8,0x00,  //....*#@@@%%%%%%@@@%+.++.
0x00,0x06,0xff,0xfe,0x40,0x00,  //......*%@@@@@@@#%*......


/*  */
0x00,0x14,0x00,0x01,0x50,0x00,  //....****......+***....
0x00,0xff,0x00,0x0b,0xf4,0x00,  //...*@@@@*.....#@@@%...
0x01,0xd7,0x40,0x0d,0x28,0x00,  //...*@**@*....*@%*#%...
0x01,0xc3,0x40,0x1d,0x28,0x00,  //.+*%@**@%*****@*.%#*+.
0x7f,0xc3,0xff,0xfd,0x2f,0xe0,  //%@@@@**@@@@@@@@*.%@@@#
0xff,0xc3,0xff,0xfd,0x2f,0xf0,  //@@@@@**@@@@@@@@*.%@@@@
0xff,0xd7,0xff,0xfd,0x2f,0xf0,  //@@@@@**@@@@@@@@%*#@@@@
0xff,0xff,0xff,0xff,0xff,0xf0,  //@@@@@@@@@@@@@@@@@@@@@@
0xff,0xff,0xff,0xff,0xff,0xf0,  //@@@@@@@@@@@@@@@@@@@@@@
0xe0,0x00,0x00,0x00,0x00,0x70,  //@%..................*@
0xe0,0x00,0x00,0x00,0x00,0x70,  //@%..................*@
0xe0,0x00,0x01,0x00,0x00,0x70,  //@%........**........*@
0xe0,0x00,0x0b,0x00,0x00,0x70,  //@%........%@........*@
0xe0,0x00,0x0b,0x00,0x00,0x70,  //@%........%@........*@
0xe0,0x00,0x0b,0x00,0x00,0x70,  //@%........%@........*@
0xe0,0x03,0xff,0xfd,0x00,0x70,  //@%....+@@@@@@@@*....*@
0xe0,0x02,0xab,0xa8,0x00,0x70,  //@%....+%%%#@%%%*....*@
0xe0,0x00,0x0b,0x00,0x00,0x70,  //@%........%@........*@
0xe0,0x00,0x0b,0x00,0x00,0x70,  //@%........%@........*@
0xe0,0x00,0x0b,0x00,0x00,0x70,  //@%........%@........*@
0xe0,0x00,0x00,0x00,0x00,0x70,  //@%........++........*@
0xe0,0x00,0x00,0x00,0x00,0x70,  //@%..................*@
0xe0,0x00,0x00,0x00,0x00,0x70,  //@#******************%@
0xbf,0xff,0xff,0xff,0xff,0xe0,  //%@@@@@@@@@@@@@@@@@@@@#


/*  */
0x00,0x14,0x00,0x01,0x50,0x00,  //....****......+***....
0x00,0xff,0x00,0x0b,0xf4,0x00,  //...*@@@@*.....#@@@%...
0x01,0xd7,0x40,0x0d,0x28,0x00,  //...*@**@*....*@%*#%...
0x01,0xc3,0x40,0x1d,0x28,0x00,  //.+*%@**@%*****@*.%#*+.
0x7f,0xc3,0xff,0xfd,0x2f,0xe0,  //%@@@@**@@@@@@@@*.%@@@#
0xff,0xc3,0xff,0xfd,0x2f,0xf0,  //@@@@@**@@@@@@@@*.%@@@@
0xff,0xd7,0xff,0xfd,0x2f,0xf0,  //@@@@@**@@@@@@@@%*#@@@@
0xff,0xff,0xff,0xff,0xff,0xf0,  //@@@@@@@@@@@@@@@@@@@@@@
0xff,0xff,0xff,0xff,0xff,0xf0,  //@@@@@@@@@@@@@@@@@@@@@@
0xe0,0x00,0x00,0x00,0x00,0x70,  //@%..................*@
0xe0,0x00,0x00,0x00,0x00,0x70,  //@%..................*@
0xe0,0x00,0x00,0x00,0x00,0x70,  //@%..................*@
0xe0,0x00,0x00,0x00,0x00,0x70,  //@%..................*@
0xe0,0x00,0x00,0x00,0x00,0x70,  //@%..................*@
0xe0,0x00,0x00,0x00,0x00,0x70,  //@%..................*@
0xe0,0x03,0xff,0xfd,0x00,0x70,  //@%....+@@@@@@@@*....*@
0xe0,0x02,0xaa,0xa8,0x00,0x70,  //@%....+%%%%%%%%*....*@
0xe0,0x00,0x00,0x00,0x00,0x70,  //@%..................*@
0xe0,0x00,0x00,0x00,0x00,0x70,  //@%..................*@
0xe0,0x00,0x00,0x00,0x00,0x70,  //@%..................*@
0xe0,0x00,0x00,0x00,0x00,0x70,  //@%..................*@
0xe0,0x00,0x00,0x00,0x00,0x70,  //@%..................*@
0xe0,0x00,0x00,0x00,0x00,0x70,  //@#******************%@
0xbf,0xff,0xff,0xff,0xff,0xe0,  //%@@@@@@@@@@@@@@@@@@@@#


/*  */
0x00,0x14,0x00,0x01,0x50,0x00,  //....****......+***....
0x00,0xff,0x00,0x0b,0xf4,0x00,  //...*@@@@*.....#@@@%...
0x01,0xd7,0x40,0x0d,0x28,0x00,  //...*@**@*....*@%*#%...
0x01,0xc3,0x40,0x1d,0x28,0x00,  //.+*%@**@%*****@*.%#*+.
0x7f,0xc3,0xff,0xfd,0x2f,0xe0,  //%@@@@**@@@@@@@@*.%@@@#
0xff,0xc3,0xff,0xfd,0x2f,0xf0,  //@@@@@**@@@@@@@@*.%@@@@
0xff,0xd7,0xff,0xfd,0x2f,0xf0,  //@@@@@**@@@@@@@@%*#@@@@
0xff,0xff,0xff,0xff,0xff,0xf0,  //@@@@@@@@@@@@@@@@@@@@@@
0xff,0xff,0xff,0xff,0xff,0xf0,  //@@@@@@@@@@@@@@@@@@@@@@
0xe0,0x00,0x00,0x00,0x00,0x70,  //@%..................*@
0xe0,0x00,0x00,0x00,0x00,0x70,  //@%..................*@
0xe0,0x00,0x00,0x00,0x00,0x70,  //@%..................*@
0xe0,0x01,0x80,0x14,0x00,0x70,  //@%.....*#+...%%.....*@
0xe0,0x01,0xe0,0x74,0x00,0x70,  //@%.....*@#+.%@%.....*@
0xe0,0x00,0x7a,0xd0,0x00,0x70,  //@%......*@#%@%......*@
0xe0,0x00,0x1f,0x80,0x00,0x70,  //@%.......*@@%.......*@
0xe0,0x00,0x1f,0x80,0x00,0x70,  //@%.......%@@#+......*@
0xe0,0x00,0x75,0xe0,0x00,0x70,  //@%......%@%*@#+.....*@
0xe0,0x01,0xd0,0x78,0x00,0x70,  //@%.....%@%..*@#.....*@
0xe0,0x00,0x40,0x14,0x00,0x70,  //@%.....+%....**.....*@
0xe0,0x00,0x00,0x00,0x00,0x70,  //@%..................*@
0xe0,0x00,0x00,0x00,0x00,0x70,  //@%..................*@
0xe0,0x00,0x00,0x00,0x00,0x70,  //@#******************%@
0xbf,0xff,0xff,0xff,0xff,0xe0,  //%@@@@@@@@@@@@@@@@@@@@#


/*  */
0x00,0x14,0x00,0x01,0x50,0x00,  //....****......+***....
0x00,0xff,0x00,0x0b,0xf4,0x00,  //...*@@@@*.....#@@@%...
0x01,0xd7,0x40,0x0d,0x28,0x00,  //...*@**@*....*@%*#%...
0x01,0xc3,0x40,0x1d,0x28,0x00,  //.+*%@**@%*****@*.%#*+.
0x7f,0xc3,0xff,0xfd,0x2f,0xe0,  //%@@@@**@@@@@@@@*.%@@@#
0xff,0xc3,0xff,0xfd,0x2f,0xf0,  //@@@@@**@@@@@@@@*.%@@@@
0xff,0xd7,0xff,0xfd,0x2f,0xf0,  //@@@@@**@@@@@@@@%*#@@@@
0xff,0xff,0xff,0xff,0xff,0xf0,  //@@@@@@@@@@@@@@@@@@@@@@
0xff,0xff,0xff,0xff,0xff,0xf0,  //@@@@@@@@@@@@@@@@@@@@@@
0xe0,0x00,0x00,0x00,0x00,0x70,  //@%..................*@
0xe0,0x00,0x00,0x00,0x00,0x70,  //@%..................*@
0xe0,0x00,0x00,0x00,0x00,0x70,  //@%..................*@
0xe0,0x00,0x00,0x00,0x80,0x70,  //@%.............+#+..*@
0xe0,0x00,0x00,0x02,0xc0,0x70,  //@%............+#@*..*@
0xe0,0x00,0x00,0x0b,0x40,0x70,  //@%...........+#@*...*@
0xe0,0x05,0x00,0x2d,0x00,0x70,  //@%....%%....+#@*....*@
0xe0,0x07,0x40,0xb4,0x00,0x70,  //@%....%@%..+#@*.....*@
0xe0,0x01,0xd2,0xd0,0x00,0x70,  //@%.....%@%+#@*......*@
0xe0,0x00,0x7f,0x40,0x00,0x70,  //@%......%@@@*.......*@
0xe0,0x00,0x1d,0x00,0x00,0x70,  //@%.......%@*........*@
0xe0,0x00,0x00,0x00,0x00,0x70,  //@%........+.........*@
0xe0,0x00,0x00,0x00,0x00,0x70,  //@%..................*@
0xe0,0x00,0x00,0x00,0x00,0x70,  //@#******************%@
0xbf,0xff,0xff,0xff,0xff,0xe0,  //%@@@@@@@@@@@@@@@@@@@@#


/*  */
0x55,0x50,0x00,0x00,0x00,0x00,  //*******.................
0xff,0xf8,0x00,0x00,0x00,0x00,  //@@@@@@%.................
0xff,0xf8,0x00,0x00,0x00,0x00,  //@@@@@@%.................
0xff,0xf8,0x00,0x00,0x00,0x00,  //@@@@@@%.................
0xff,0xf8,0x00,0x00,0x00,0x00,  //@@@@@@%.................
0xff,0xf8,0x00,0x00,0x00,0x00,  //@@@@@@%.................
0xff,0xf8,0x00,0x00,0x00,0x00,  //@@@@@@%.................
0xff,0xf8,0x00,0x08,0x00,0x05,  //@@@@@@%......+%+......*%
0xff,0xf8,0x00,0x2d,0x00,0x1f,  //@@@@@@%.....*#@*.....%@@
0xff,0xf8,0x01,0xfd,0x00,0xbf,  //@@@@@@%....*@@@*...+#@@@
0xff,0xf8,0x0b,0xfd,0x02,0xff,  //@@@@@@%...%@@@@*..*#@@@@
0xff,0xf8,0x2f,0xfd,0x1f,0xff,  //@@@@@@%.+#@@@@@*.*@@@@@@
0xff,0xf8,0xbf,0xfd,0x7f,0xff,  //@@@@@@%*#@@@@@@%%@@@@@@@
0xff,0xfb,0xff,0xff,0xff,0xff,  //@@@@@@#@@@@@@@@@@@@@@@@@
0xff,0xff,0xff,0xff,0xff,0xff,  //@@@@@@@@@@@@@@@@@@@@@@@@
0xff,0xff,0xff,0xff,0xff,0xff,  //@@@@@@@@@@@@@@@@@@@@@@@@
0xff,0xff,0xff,0xff,0xff,0xff,  //@@@@@@@@@@@@@@@@@@@@@@@@
0xff,0xff,0xff,0xff,0xff,0xff,  //@@@@@@@@@@@@@@@@@@@@@@@@
0xff,0xff,0xff,0xff,0xff,0xff,  //@@@@@@@@@@@@@@@@@@@@@@@@
0xff,0xff,0xff,0xff,0xff,0xff,  //@@@@@@@@@@@@@@@@@@@@@@@@
0xff,0xff,0xff,0xff,0xff,0xff,  //@@@@@@@@@@@@@@@@@@@@@@@@
0xff,0xff,0xff,0xff,0xff,0xff,  //@@@@@@@@@@@@@@@@@@@@@@@@
0xff,0xff,0xff,0xff,0xff,0xff,  //@@@@@@@@@@@@@@@@@@@@@@@@
0xff,0xff,0xff,0xff,0xff,0xff,  //@@@@@@@@@@@@@@@@@@@@@@@@


/*  */
0x00,0x15,0x40,0x00,  //....+****.....
0x02,0xff,0xf4,0x00,  //...%@@@@@@%...
0x0b,0xe6,0xfe,0x00,  //.+#@@#%#@@@#..
0x2e,0x16,0xff,0x40,  //.#@#+**#@@@@%.
0x78,0xbf,0xff,0xc0,  //*@#+%@@@@@@@@+
0xb5,0xff,0xff,0xd0,  //%@*%@@@@@@@@@*
0xf2,0xff,0xff,0xe0,  //@@*#@@@@@@@@@%
0xf7,0xff,0xff,0xe0,  //@@*@@@@@@@@@@%
0xbf,0xff,0xff,0xd0,  //#@@@@@@@@@@@@%
0x7f,0xff,0xff,0xd0,  //%@@@@@@@@@@@@*
0x3f,0xff,0xff,0x80,  //*@@@@@@@@@@@#.
0x1f,0xff,0xff,0x00,  //.%@@@@@@@@@@*.
0x07,0xff,0xf9,0x00,  //..%@@@@@@@#*..
0x00,0xbf,0x90,0x00,  //...*%@@@#%+...
0x00,0x00,0x00,0x00,  //......+.......
0x00,0x2f,0x40,0x00,  //.....%@@*.....
0x00,0x2f,0x40,0x00,  //.....%@@*.....
0x00,0x2f,0x40,0x00,  //.....%@@*.....
0x00,0x2f,0x40,0x00,  //.....%@@*.....
0x00,0x2f,0x40,0x00,  //.....%@@*.....
0x00,0x2f,0x40,0x00,  //.....%@@*.....
0x00,0x2f,0x40,0x00,  //.....%@@*.....
0x00,0x2f,0x40,0x00,  //.....%@@*.....
0x00,0x2f,0x40,0x00,  //.....%@@*.....


/*  */
0x00,0x00,0x01,0x40,0x00,0x00,  //..........****..........
0x00,0x00,0x0b,0xe0,0x00,0x00,  //..........%@@%..........
0x0a,0xaa,0xab,0xea,0xaa,0x90,  //.+%%%%%%%%#@@#%%%%%%%*..
0x0f,0xff,0xff,0xff,0xff,0xf4,  //.*@@@@@@@@@@@@@@@@@@@@*.
0x0f,0xff,0xff,0xff,0xff,0xfc,  //.*@@@@@@@@@@@@@@@@@@@@@*
0x0f,0xff,0xff,0xff,0xff,0xf8,  //.*@@@@@@@@@@@@@@@@@@@@#.
0x0f,0xff,0xff,0xff,0xff,0xe0,  //.*@@@@@@@@@@@@@@@@@@@#..
0x00,0x00,0x00,0x00,0x00,0x00,  //..*******************...
0x00,0x00,0x06,0x90,0x00,0x00,  //..........%%%%..........
0x00,0x00,0x0b,0xe0,0x00,0x00,  //..........%@@%..........
0x00,0x00,0x0b,0xe0,0x00,0x00,  //...*******#@@#********..
0x0b,0xff,0xff,0xff,0xff,0xf0,  //..#@@@@@@@@@@@@@@@@@@@*.
0x2f,0xff,0xff,0xff,0xff,0xf0,  //.#@@@@@@@@@@@@@@@@@@@@*.
0x3f,0xff,0xff,0xff,0xff,0xf0,  //*@@@@@@@@@@@@@@@@@@@@@*.
0x1f,0xff,0xff,0xff,0xff,0xf0,  //.*@@@@@@@@@@@@@@@@@@@@*.
0x06,0xaa,0xaa,0xaa,0xaa,0xa0,  //..*%%%%%%%%%%%%%%%%%%%+.
0x00,0x00,0x00,0x00,0x00,0x00,  //..........+**+..........
0x00,0x00,0x0b,0xe0,0x00,0x00,  //..........%@@%..........
0x00,0x00,0x0b,0xe0,0x00,0x00,  //..........%@@%..........
0x00,0x00,0x0b,0xe0,0x00,0x00,  //..........%@@%..........
0x00,0x00,0x0b,0xe0,0x00,0x00,  //..........%@@%..........
0x00,0x00,0x0b,0xe0,0x00,0x00,  //..........%@@%..........
0x00,0x00,0x0b,0xe0,0x00,0x00,  //..........%@@%..........
0x00,0x00,0x0b,0xe0,0x00,0x00,  //..........%@@%..........


/*  */
0x00,0x00,0x10,0x00,0x00,0x00,0x04,  //........**+..............+*
0x00,0x06,0xfe,0x40,0x00,0x01,0xbc,  //......*#@@@#*..........*#@@
0x00,0x7e,0x67,0xe4,0x00,0x1b,0xec,  //...*%@@#%#%@@#%+....+%#@@%@
0x1b,0xe4,0x20,0x6f,0x96,0xf9,0x0c,  //.*#@@#*..%..*#@@#**#@@#*.*@
0xb9,0x00,0x20,0x01,0xff,0x40,0x0c,  //#@#%+....%....*%@@@@%*...*@
0xe0,0x00,0x20,0x00,0x28,0x00,0x0c,  //@#.......%.......%%......*@
0xe0,0x00,0x20,0x00,0x14,0x00,0x0c,  //@%.......%.......**......*@
0xe0,0x00,0x20,0x00,0x14,0x00,0x0c,  //@%.......%.......**......*@
0xe0,0x00,0x20,0x00,0x14,0x00,0x0c,  //@%.......%.......**......*@
0xe0,0x00,0x20,0x00,0x14,0x00,0x0c,  //@%.......%.......**......*@
0xe0,0x00,0x20,0x00,0x14,0x00,0x0c,  //@%.......%.......**......*@
0xe0,0x00,0x20,0x00,0x14,0x00,0x0c,  //@%.......%.......**......*@
0xe0,0x00,0x20,0x00,0x14,0x00,0x0c,  //@%.......%.......**......*@
0xe0,0x00,0x20,0x00,0x14,0x00,0x0c,  //@%.......%.......**......*@
0xe0,0x00,0x20,0x00,0x14,0x00,0x0c,  //@%.......%.......**......*@
0xe0,0x00,0x20,0x00,0x14,0x00,0x0c,  //@%.......%.......**......*@
0xe0,0x00,0x20,0x00,0x14,0x00,0x0c,  //@%.......%.......**......*@
0xe0,0x00,0x20,0x00,0x14,0x00,0x0c,  //@%.......%.......**......*@
0xe0,0x00,0x20,0x00,0x14,0x00,0x0c,  //@%.......%.......**......*@
0xe0,0x00,0x64,0x00,0x14,0x00,0x1c,  //@%......*#*......**......*@
0xe0,0x06,0xfe,0x40,0x14,0x01,0xbc,  //@%...+%#@@@#%+...**...+%#@@
0xe1,0xbe,0x46,0xf9,0x14,0x6f,0x90,  //@%.*#@@#*+*#@@%*.**.*%@@#*+
0xeb,0xd0,0x00,0x2f,0xaa,0xf8,0x00,  //@##@@%*.....*%@@####@@%*...
0xf9,0x00,0x00,0x01,0xbe,0x40,0x00,  //@@#*..........+*#@@#*+.....


/*  */
0x00,0x04,0x40,0x00,0x00,0x01,  //......*+*+.............*
0x00,0x6c,0xb4,0x00,0x00,0x1b,  //....*#@*%@%+.........*#@
0x02,0xfc,0xbf,0x40,0x01,0xbf,  //..*#@@@*%@@@%+.....*#@@@
0x2f,0xfc,0xbf,0xf4,0x1b,0xff,  //*%@@@@@*%@@@@@%+.*#@@@@@
0xff,0xfc,0xbf,0xfe,0x3f,0xff,  //@@@@@@@*%@@@@@@%*@@@@@@@
0xff,0xfc,0xbf,0xfe,0x3f,0xff,  //@@@@@@@*%@@@@@@%*@@@@@@@
0xff,0xfc,0xbf,0xfe,0x3f,0xff,  //@@@@@@@*%@@@@@@%*@@@@@@@
0xff,0xfc,0xbf,0xfe,0x3f,0xff,  //@@@@@@@*%@@@@@@%*@@@@@@@
0xff,0xfc,0xbf,0xfe,0x3f,0xff,  //@@@@@@@*%@@@@@@%*@@@@@@@
0xff,0xfc,0xbf,0xfe,0x3f,0xff,  //@@@@@@@*%@@@@@@%*@@@@@@@
0xff,0xfc,0xbf,0xfe,0x3f,0xff,  //@@@@@@@*%@@@@@@%*@@@@@@@
0xff,0xfc,0xbf,0xfe,0x3f,0xff,  //@@@@@@@*%@@@@@@%*@@@@@@@
0xff,0xfc,0xbf,0xfe,0x3f,0xff,  //@@@@@@@*%@@@@@@%*@@@@@@@
0xff,0xfc,0xbf,0xfe,0x3f,0xff,  //@@@@@@@*%@@@@@@%*@@@@@@@
0xff,0xfc,0xbf,0xfe,0x3f,0xff,  //@@@@@@@*%@@@@@@%*@@@@@@@
0xff,0xfc,0xbf,0xfe,0x3f,0xff,  //@@@@@@@*%@@@@@@%*@@@@@@@
0xff,0xfc,0xbf,0xfe,0x3f,0xff,  //@@@@@@@*%@@@@@@%*@@@@@@@
0xff,0xfc,0xbf,0xfe,0x3f,0xff,  //@@@@@@@*%@@@@@@%*@@@@@@@
0xff,0xfc,0xbf,0xfe,0x3f,0xff,  //@@@@@@@*%@@@@@@%*@@@@@@@
0xff,0xfc,0xbf,0xfe,0x3f,0xff,  //@@@@@@@*%@@@@@@%*@@@@@@@
0xff,0xfc,0xbf,0xfe,0x3f,0xff,  //@@@@@@@*%@@@@@@%*@@@@@@@
0xff,0xe0,0x1b,0xfe,0x3f,0xf4,  //@@@@@%*..*#@@@@%*@@@@@%+
0xfe,0x00,0x01,0xbe,0x3f,0x80,  //@@@#*......*#@@%*@@@%+..
0xe4,0x00,0x00,0x1a,0x38,0x00,  //@#*..........*#%*@%*....


/*  */
0x00,0x01,0xbf,0xfe,0x40,0x00,  //......+%%@@@@@@%%+......
0x00,0x2f,0xff,0xff,0xf8,0x00,  //....*%@@@@@@@@@@@@%*....
0x01,0xff,0xff,0xff,0xff,0x40,  //...%@@@@@@@@@@@@@@@@%...
0x0b,0xff,0xff,0xff,0xff,0xe0,  //..#@@@@@@@@@@@@@@@@@@#..
0x2f,0xff,0xff,0xff,0xff,0xf8,  //.%@@@@@@@@@@@@@@@@@@@@%.
0x3f,0xff,0xff,0xff,0xff,0xfc,  //*@@@@@@@@@@@@@@@@@@@@@@*
0xbf,0xfa,0xfe,0xbf,0xaf,0xfe,  //%@@@@@%#@@@##@@@#%@@@@@%
0xbf,0xd0,0xb4,0x1e,0x07,0xfe,  //#@@@@*..%@%..%@%..*@@@@#
0xff,0xc0,0x70,0x0d,0x03,0xff,  //@@@@@*..*@*..*@*..*@@@@@
0xbf,0xd0,0xb8,0x2e,0x07,0xfe,  //#@@@@%..#@%..%@#..%@@@@#
0x7f,0xfb,0xfe,0xbf,0xef,0xfd,  //%@@@@@#@@@@##@@@@#@@@@@%
0x3f,0xff,0xff,0xff,0xff,0xfc,  //*@@@@@@@@@@@@@@@@@@@@@@*
0x1f,0xff,0xff,0xff,0xff,0xf4,  //.%@@@@@@@@@@@@@@@@@@@@%.
0x07,0xff,0xff,0xff,0xff,0xd0,  //..%@@@@@@@@@@@@@@@@@@%..
0x01,0xff,0xff,0xff,0xff,0x40,  //...*@@@@@@@@@@@@@@@@*...
0x00,0xbf,0xff,0xff,0xf4,0x00,  //....#@@@@@@@@@@@@@%+....
0x00,0xff,0xef,0xf9,0x40,0x00,  //...+@@@@@%@@@@%%*.......
0x01,0xfe,0x40,0x00,0x00,0x00,  //...*@@@#*...............
0x07,0xf8,0x00,0x00,0x00,0x00,  //..*@@@%+................
0x0e,0x40,0x00,0x00,0x00,0x00,  //.+@%%+..................


/*  */
0x00,0x01,0xbf,0xfe,0x40,0x00,  //......+*%@@@@@@%*+......
0x00,0x2f,0xe9,0x6b,0xf8,0x00,  //....*%@@@%%**%%@@@%*....
0x01,0xf4,0x00,0x00,0x1f,0x40,  //...%@@%*........*%@@%...
0x0b,0x80,0x00,0x00,0x02,0xe0,  //..#@%+............+%@#..
0x1d,0x00,0x00,0x00,0x00,0x74,  //.%@%................%@%.
0x38,0x00,0x00,0x00,0x00,0x2c,  //*@%..................%@*
0xb0,0x00,0x00,0x00,0x00,0x0e,  //%@+...*+...++...+*...+@%
0xa0,0x1f,0x07,0xd0,0xf4,0x0a,  //##...%@@*.*@@*.*@@%...##
0xe0,0x2f,0x4b,0xe1,0xf8,0x0b,  //@%...%@@*.%@@%.*@@%...%@
0xa0,0x1e,0x03,0xc0,0xb4,0x0a,  //##...*@#+.*@@*.+#@*...##
0x70,0x00,0x00,0x00,0x00,0x0d,  //%@*...+..........+...*@%
0x38,0x00,0x00,0x00,0x00,0x2c,  //*@#..................#@*
0x1e,0x00,0x00,0x00,0x00,0xb4,  //.%@%................#@%.
0x07,0x80,0x00,0x00,0x02,0xd0,  //..%@#*............*#@%..
0x01,0xf4,0x00,0x00,0x6f,0x40,  //...*@@*........+*#@@*...
0x00,0x70,0x2a,0xab,0xf4,0x00,  //....%@+.+%%%%%#@@@%+....
0x00,0xa0,0xbf,0xf9,0x40,0x00,  //....##.*#@@@@@%%*.......
0x01,0xeb,0x90,0x00,0x00,0x00,  //...*@%%@#*..............
0x07,0xfe,0x00,0x00,0x00,0x00,  //..*@@@@%+...............
0x0f,0x90,0x00,0x00,0x00,0x00,  //.+@@#%*.................


/*  */
0x00,0x28,0x00,0x00,  //....+%%.......
0x01,0xb8,0x00,0x00,  //...*#@%.......
0x1b,0xf8,0x00,0x00,  //.*#@@@%.......
0xbf,0xf8,0x00,0x00,  //%@@@@@%......*
0xff,0xf8,0x00,0xa0,  //@@@@@@%....*%%
0xff,0xf8,0x07,0xe0,  //@@@@@@%..+%@@%
0xff,0xf8,0x6f,0xe0,  //@@@@@@%.*#@@@%
0xff,0xf6,0xff,0xe0,  //@@@@@@%%@@@@@%
0xff,0x80,0x6f,0xe0,  //@@@@#*..*#@@@%
0xf9,0x00,0x07,0xe0,  //@@#*......%@@%
0xd0,0x00,0x00,0xa0,  //@%.........+%%
0x40,0x00,0x00,0x10,  //*............*
0xe0,0x00,0x00,0xa0,  //@%+........*#%
0xfd,0x00,0x0b,0xe0,  //@@@%.....+%@@%
0xff,0x90,0x7f,0xe0,  //@@@@#*..%@@@@%
0xff,0xf6,0xff,0xe0,  //@@@@@@%#@@@@@%
0xff,0x83,0xff,0xe0,  //@@@@%+*@@@@@@%
0xf8,0x03,0xff,0xe0,  //@@#*..*@@@@@@%
0x90,0x03,0xff,0xe0,  //#*....*@@@@@@%
0x00,0x03,0xff,0x90,  //+.....*@@@@@#*
0x00,0x03,0xfd,0x00,  //......*@@@@%..
0x00,0x03,0xe0,0x00,  //......*@@%*...
0x00,0x02,0x40,0x00,  //......*#*.....


/*  */
0x00,0x19,0x00,0x00,0xae,0x40,  //.....*%%+......*%#@#*.
0x00,0xbf,0x80,0x07,0xff,0xd0,  //....%@@@#.....*@@@@@@*
0x02,0xff,0xd0,0x0f,0xff,0xe0,  //..+#@@@@@*...*@@@@@@@%
0x0b,0xff,0xd0,0x2f,0xff,0xe0,  //.+#@@@@@@%...%@@@@@@@#
0x2f,0xff,0xe0,0x2b,0xff,0xe0,  //*#@@@@@@@%..+#%@@@@@@#
0x76,0xff,0xe0,0x01,0xff,0xe0,  //%@%%@@@@@#.....*@@@@@%
0x00,0xbf,0xf0,0x00,0xff,0xd0,  //.+..#@@@@@.....*@@@@@*
0x00,0x7f,0xf0,0x01,0xff,0x80,  //....*@@@@@*....%@@@@#.
0x00,0x3f,0xf4,0x02,0xff,0x40,  //....+@@@@@*....#@@@@*.
0x00,0x2f,0xf8,0x07,0xfe,0x00,  //.....#@@@@%...*@@@@#..
0x00,0x1f,0xfc,0x0f,0xfc,0x00,  //.....%@@@@@..+@@@@@*..
0x00,0x1f,0xfd,0x2f,0xf4,0x00,  //.....*@@@@@*.#@@@@%...
0x00,0x0f,0xff,0xff,0xe0,0x00,  //......@@@@@@@@@@@#....
0x00,0x0b,0xff,0xff,0x80,0x00,  //......#@@@@@@@@@#+....
0x00,0x07,0xff,0xff,0x00,0x00,  //......%@@@@@@@@@*.....
0x00,0x03,0xff,0xfd,0x00,0x00,  //......+@@@@@@@@*......
0x00,0x02,0xff,0xf4,0x00,0x00,  //.......%@@@@@@*.......
0x00,0x00,0xff,0x80,0x00,0x00,  //.......+@@@@#*........
0x00,0x00,0x29,0x00,0x00,0x00,  //........*%%*..........


/*  */
0xaa,0xaa,0xaa,0xaa,0xaa,0x40,  //%%%%%%%%%%%%%%%%%%%%*
0xff,0xff,0xff,0xff,0xff,0x40,  //@@@@@@@@@@@@@@@@@@@@*
0xff,0xfa,0xaa,0xab,0xff,0x40,  //@@@@@@#%%%%%%%#@@@@@*
0xff,0xf8,0x00,0x0b,0xff,0x40,  //@@@@@@%......+#@@@@@*
0xff,0xfd,0x00,0x2f,0xff,0x40,  //@@@@@@@*.....#@@@@@@*
0xff,0xff,0x00,0x7f,0xff,0x40,  //@@@@@@@@+...%@@@@@@@*
0xff,0xff,0x80,0xff,0xff,0x40,  //@@@@@@@@#..*@@@@@@@@*
0xff,0xff,0x80,0xff,0xff,0x40,  //@@@@@@@@%..+@@@@@@@@*
0xff,0xff,0x40,0xbf,0xff,0x40,  //@@@@@@@@*...#@@@@@@@*
0xff,0xfe,0x00,0x7f,0xff,0x40,  //@@@@@@@#....*@@@@@@@*
0xff,0xfd,0x00,0x3f,0xff,0x40,  //@@@@@@@%.....@@@@@@@*
0xff,0xfc,0x00,0x2f,0xff,0x40,  //@@@@@@@*.....%@@@@@@*
0xff,0xf8,0x00,0x1f,0xff,0x40,  //@@@@@@#......*@@@@@@*
0xff,0xf4,0x00,0x0f,0xff,0x40,  //@@@@@@%.......@@@@@@*
0xff,0xf0,0x00,0x0b,0xff,0x40,  //@@@@@@*.......%@@@@@*
0xff,0xf4,0x00,0x0b,0xff,0x40,  //@@@@@@*.......#@@@@@*
0xff,0xfd,0x00,0x2f,0xff,0x40,  //@@@@@@@%.....#@@@@@@*
0xff,0xff,0x40,0xbf,0xff,0x40,  //@@@@@@@@%..+#@@@@@@@*
0xff,0xff,0xd2,0xff,0xff,0x40,  //@@@@@@@@@%+#@@@@@@@@*
0xff,0xff,0xff,0xff,0xff,0x40,  //@@@@@@@@@@@@@@@@@@@@*
0xaa,0xaa,0xaa,0xaa,0xaa,0x40,  //%%%%%%%%%%%%%%%%%%%%*


/*  */
0xaa,0xaa,0xaa,0xaa,0xaa,0x40,  //%%%%%%%%%%%%%%%%%%%%*
0xff,0xff,0xff,0xff,0xff,0x40,  //@@@@@@@@@@@@@@@@@@@@*
0xff,0xff,0xff,0xff,0xff,0x40,  //@@@@@@@@@@@@@@@@@@@@*
0xff,0xff,0xff,0xe7,0xff,0x40,  //@@@@@@@@@@@@@#*@@@@@*
0xff,0xff,0xff,0x41,0xbf,0x40,  //@@@@@@@@@@@@**.*%@@@*
0xff,0xf4,0x02,0x40,0xbf,0x40,  //@@@@@@*...*#%...#@@@*
0xff,0xd0,0x41,0x80,0xff,0x40,  //@@@@@*..*..*#..+@@@@*
0xff,0xc0,0xd5,0x99,0xff,0x40,  //@@@@@*.*@**%#*#*@@@@*
0xff,0xc0,0xff,0xff,0xff,0x40,  //@@@@@*.*@@@@@@@@@@@@*
0xfe,0x00,0x07,0x01,0xff,0x40,  //@@@#*...***@****@@@@*
0xfe,0x00,0x0b,0x00,0xff,0x40,  //@@@#*...**%@*..*@@@@*
0xff,0xc0,0xff,0xc0,0xff,0x40,  //@@@@@*.*@@@@@*.*@@@@*
0xff,0xc0,0xff,0xc0,0xff,0x40,  //@@@@@*.*@@@@@*.*@@@@*
0xff,0xc0,0xff,0xc0,0xff,0x40,  //@@@@@*.*@@@@@*.*@@@@*
0xff,0xc0,0xff,0xc0,0xff,0x40,  //@@@@@*.*@@@@@*.*@@@@*
0xff,0xc0,0xff,0xc0,0xff,0x40,  //@@@@@*.*@@@@@*.*@@@@*
0xfe,0x40,0x5f,0x40,0x7f,0x40,  //@@@#*..+*%@@*+.+%@@@*
0xfe,0x00,0x1f,0x00,0x7f,0x40,  //@@@#******@@*****@@@*
0xff,0xff,0xff,0xff,0xff,0x40,  //@@@@@@@@@@@@@@@@@@@@*
0xff,0xff,0xff,0xff,0xff,0x40,  //@@@@@@@@@@@@@@@@@@@@*
0xaa,0xaa,0xaa,0xaa,0xaa,0x40,  //%%%%%%%%%%%%%%%%%%%%*


/*  */
0x00,0x00,0x00,0x14,0x01,0x40,  //.............**+...**+..
0x00,0x00,0x00,0x26,0xa7,0xe0,  //.............#%##%%@@#+.
0x00,0x00,0x00,0x10,0x0b,0xf0,  //............*%...*#@@@*.
0x00,0x00,0x00,0x50,0x03,0xe0,  //............%*....*@@#..
0x00,0x00,0x00,0x80,0x00,0x40,  //............%+.....**+..
0x00,0x00,0x00,0xc0,0x00,0x00,  //............@...........
0x00,0x00,0x00,0x80,0x00,0x00,  //...........*%...........
0x00,0x00,0x01,0x40,0x00,0x00,  //..........*%%*..........
0x00,0x01,0xbf,0xfe,0x40,0x00,  //......+%#@@@@@@#%+......
0x1a,0x1f,0xff,0xff,0xf4,0xa4,  //.%#%*%@@@@@@@@@@@@%*%#%.
0x7f,0xff,0xff,0xff,0xff,0xfd,  //%@@@@@@@@@@@@@@@@@@@@@@%
0xff,0xff,0xff,0xff,0xff,0xff,  //@@@@@@@@@@@@@@@@@@@@@@@@
0xbf,0xf9,0xbf,0xfe,0x6f,0xfe,  //#@@@@@%*%@@@@@@%*%@@@@@#
0x3f,0xe0,0x1f,0xf4,0x0b,0xfd,  //*@@@@#...%@@@@%...#@@@@*
0x1f,0xd0,0x1f,0xf4,0x07,0xf4,  //.*@@@%...*@@@@*...%@@@%.
0x2f,0xe0,0x2f,0xf8,0x0b,0xf8,  //.%@@@#...%@@@@%...#@@@%.
0x1f,0xf9,0xbf,0xfe,0x6f,0xf4,  //.*@@@@#*#@@@@@@#*#@@@@%.
0x0f,0xff,0xff,0xff,0xff,0xf0,  //.*@@@@@@@@@@@@@@@@@@@@*.
0x0b,0xfe,0xbf,0xfe,0xbf,0xe0,  //..%@@@@%%@@@@@@%%@@@@#..
0x02,0xfe,0x05,0x50,0xbf,0x80,  //..+#@@@#++****++#@@@#+..
0x00,0xbf,0xe5,0x5b,0xfe,0x00,  //...+#@@@@#%**%#@@@@#+...
0x00,0x1b,0xff,0xff,0xe4,0x00,  //.....*#@@@@@@@@@@#*.....
0x00,0x01,0xaf,0xfa,0x40,0x00,  //.......*%#@@@@#%*.......


/*  */
0x00,0x00,0x15,0x50,0x00,0x00,  //........******+.......
0x00,0x06,0xff,0xfe,0x00,0x00,  //.....+%#@@@@@@@%*.....
0x00,0x6f,0xff,0xff,0xe0,0x00,  //....*#@@@@@@@@@@@%....
0x01,0xff,0xff,0xff,0xf8,0x00,  //...%@@@@@@@@@@@@@@#...
0x07,0xff,0xff,0xff,0xfe,0x00,  //..*@@@@@@@@@@@@@@@@%..
0x0b,0xf9,0x00,0x6f,0xff,0x40,  //.+#@@@#**..+*#@@@@@@*.
0x1f,0x80,0x00,0x07,0xff,0x80,  //.%@@%*.++.....%@@@@@#.
0x3d,0x06,0x00,0x02,0xff,0xd0,  //+@@*..*%.......#@@@@@*
0x60,0x1c,0x00,0x01,0xff,0xe0,  //*#+..%@*.......%@@@@@%
0x80,0x7c,0x00,0x01,0xff,0xe0,  //%+..%@@........*@@@@@#
0x40,0xff,0xff,0xff,0xff,0xf0,  //*..+@@@@@@@@@@@@@@@@@@
0x01,0xff,0xff,0xff,0xff,0xf0,  //...%@@@@@@@@@@@@@@@@@@
0x02,0xff,0xff,0xff,0xff,0xf0,  //...#@@@@@@@@@@@@@@@@@@
0x03,0xff,0xff,0xff,0xff,0xf0,  //..+@@@@@@@@@@@@@@@@@@@
0x03,0xfc,0x00,0x00,0x00,0x00,  //..*@@@@***************
0x03,0xfc,0x00,0x00,0x00,0x00,  //..*@@@@+..............
0x03,0xfd,0x00,0x00,0x00,0x00,  //..*@@@@*..............
0x02,0xfe,0x00,0x00,0x00,0x00,  //...#@@@#+..........+..
0x01,0xff,0x90,0x00,0x06,0x00,  //...%@@@@#*.......+%#..
0x00,0xff,0xfe,0x56,0xbf,0x00,  //...+@@@@@@@%%**%#@@@..
0x00,0x7f,0xff,0xff,0xff,0x00,  //....*@@@@@@@@@@@@@@@..
0x00,0x1f,0xff,0xff,0xff,0x00,  //.....%@@@@@@@@@@@@@@..
0x00,0x07,0xff,0xff,0xfe,0x00,  //......%@@@@@@@@@@@@#..
0x00,0x00,0x7f,0xff,0xe4,0x00,  //.......*%@@@@@@@@%*...


/*  */
0x2a,0xaa,0xaa,0xaa,0xaa,0xaa,0xaa,0xa0,  //+%%%%%%%%%%%%%%%%%%%%%%%%%%%%%.
0xbf,0xff,0xff,0xff,0xff,0xff,0xff,0xf8,  //#@@@@@@@@@@@@@@@@@@@@@@@@@@@@@%
0xff,0xff,0xff,0xff,0xff,0xff,0xff,0xf8,  //@@@@@@@@@@@@@@@@@@@@@@@@@@@@@@%
0xff,0xff,0xff,0xff,0xff,0xff,0xff,0xf8,  //@@@@@@@@@@@@@@@@@@@@@@@@@@@@@@%
0xff,0xff,0xff,0xff,0xff,0xff,0xff,0xf8,  //@@@@@@@@@@@@@@@@@@@@@@@@@@@@@@%
0x00,0x00,0x00,0x00,0x00,0x00,0x00,0x00,  //******************************+
0x00,0x00,0x00,0x00,0x00,0x00,0x00,0x00,  //...............................
0x00,0x00,0x00,0x00,0x00,0x00,0x00,0x00,  //...............................
0x00,0x00,0x00,0x00,0x00,0x00,0x00,0x00,  //...............................
0x00,0x00,0x00,0x00,0x00,0x00,0x00,0x00,  //...............................
0x55,0x55,0x55,0x55,0x55,0x55,0x55,0x54,  //*******************************
0xff,0xff,0xff,0xff,0xff,0xff,0xff,0xf8,  //@@@@@@@@@@@@@@@@@@@@@@@@@@@@@@%
0xff,0xff,0xff,0xff,0xff,0xff,0xff,0xf8,  //@@@@@@@@@@@@@@@@@@@@@@@@@@@@@@%
0xff,0xff,0xff,0xff,0xff,0xff,0xff,0xf8,  //@@@@@@@@@@@@@@@@@@@@@@@@@@@@@@%
0xff,0xff,0xff,0xff,0xff,0xff,0xff,0xf8,  //@@@@@@@@@@@@@@@@@@@@@@@@@@@@@@%
0xfe,0x57,0x95,0x5f,0xff,0xff,0xff,0xf8,  //@@@%**%@%****%@@@@@@@@@@@@@@@@%
0xfd,0x03,0x40,0x0f,0xff,0xff,0xff,0xf8,  //@@@*..*@*....*@@@@@@@@@@@@@@@@%
0xfe,0xab,0xaa,0xaf,0xff,0xff,0xff,0xf8,  //@@@#%%#@#%%%%#@@@@@@@@@@@@@@@@%
0xff,0xff,0xff,0xff,0xff,0xff,0xff,0xf8,  //@@@@@@@@@@@@@@@@@@@@@@@@@@@@@@%
0xbf,0xff,0xff,0xff,0xff,0xff,0xff,0xf4,  //%@@@@@@@@@@@@@@@@@@@@@@@@@@@@@%
0x1a,0xaa,0xaa,0xaa,0xaa,0xaa,0xaa,0x90,  //.%%%%%%%%%%%%%%%%%%%%%%%%%%%%%.


/*  */
0x00,0x00,0x05,0x50,0x00,0x00,  //.........******........
0x00,0x02,0xfa,0xaf,0x80,0x00,  //......*%@@#%%#@@%*.....
0x00,0x2e,0x40,0x01,0xb8,0x00,  //.....%@#*+....+*#@%....
0x00,0xa4,0x00,0x00,0x0a,0x00,  //...+##*..........*##+..
0x02,0x80,0x00,0x00,0x02,0x80,  //...##+.............##..
0x0a,0x00,0x06,0x94,0x00,0xa0,  //..##.....*%%%%*.....#%.
0x1c,0x00,0xbf,0xfe,0x00,0x34,  //.*@+...+%@@@@@@#*...*@*
0x24,0x02,0xff,0xff,0xd1,0xe0,  //.#%...+#@@@@@@@@@*.*@#*
0x70,0x0b,0xff,0xff,0xfa,0x40,  //*@+...#@@@@@@@@@@@##*..
0x60,0x1f,0xff,0xff,0xf9,0x00,  //%#...*@@@@@@@@@@@@%**..
0x90,0x2f,0xff,0xff,0x83,0xd0,  //#%...#@@@@@@@@@@#**@@%.
0xd0,0x3f,0xff,0xf9,0x03,0xe0,  //@*...@@@@@@@@@#*..*@@%.
0xd0,0x3f,0xff,0xe0,0x03,0x40,  //@*...@@@@@@@@#*...*@%+.
0xd0,0x3f,0xff,0xfe,0x03,0x00,  //@*...@@@@@@@@@@%*.*@*..
0x90,0x2f,0xff,0xff,0xe5,0x00,  //#%...#@@@@@@@@@@@%**+..
0x60,0x1f,0xff,0xff,0xfe,0x00,  //%#...*@@@@@@@@@@@@@%*..
0x30,0x0b,0xff,0xff,0xe6,0xe0,  //*@+...#@@@@@@@@@@#*#@%+
0x28,0x02,0xff,0xff,0xd0,0x78,  //.#%...+#@@@@@@@@@*..*@#
0x0c,0x00,0xbf,0xfe,0x00,0x30,  //.*@*....%@@@@@@#+...*@*
0x0a,0x00,0x06,0x90,0x00,0xa0,  //..%#+....+*%%**....+#%.
0x02,0x80,0x00,0x00,0x02,0x80,  //...##+............+##..
0x00,0xb4,0x00,0x00,0x1e,0x00,  //....#@*..........*@#...
0x00,0x1e,0x40,0x01,0xb4,0x00,  //.....*@#%*....*%#@*....
0x00,0x01,0xbf,0xfe,0x40,0x00,  //......+%#@@@@@@#%+.....


/*  */
0x00,0x00,0x00,0x00,0x00,0x00,  //...*....................
0x03,0x40,0x00,0x00,0x00,0x00,  //...@%...................
0x03,0xe0,0x00,0x00,0x00,0x00,  //...@@#*.....***********+
0x03,0xfe,0x00,0xff,0xff,0xf8,  //...@@@@%+..*@@@@@@@@@@#+
0x03,0xff,0x92,0xff,0xff,0xf4,  //...@@@@@#*.#@@@@@@@@@@*.
0x03,0xff,0xf9,0xbf,0xff,0xe0,  //...@@@@@@@#*%@@@@@@@@#..
0x03,0xff,0xff,0x5b,0xff,0xc0,  //...@@@@@@@@@%*#@@@@@@*..
0x03,0xff,0xff,0xe6,0xff,0x40,  //...@@@@@@@@@@#*%@@@@%...
0x03,0xff,0xff,0xfe,0x6e,0x00,  //...@@@@@@@@@@@@%*#@#....
0x03,0xff,0xff,0xff,0x95,0x00,  //...@@@@@@@@@@@@@#***....
0x03,0xff,0xff,0xff,0xa0,0x00,  //...@@@@@@@@@@@@@#%*.....
0x03,0xff,0xff,0x94,0x10,0x00,  //...@@@@@@@@@#%*++*++....
0x00,0xbf,0x90,0x1a,0xe6,0x40,  //...*#@@@%**.+*%#@#*#*...
0x00,0x10,0x1b,0xff,0xdb,0xc0,  //.....**.**%@@@@@@*#@@...
0x00,0x1b,0xff,0xff,0x6f,0xc0,  //.....%#@@@@@@@@@%%@@@...
0x00,0x7f,0xff,0xfe,0x7f,0xc0,  //....*@@@@@@@@@@#*@@@@...
0x00,0xbf,0xff,0xfd,0xbf,0xc0,  //...+#@@@@@@@@@@*#@@@@...
0x02,0xff,0xff,0xf9,0xff,0xc0,  //...%@@@@@@@@@@%%@@@@@...
0x03,0xff,0xff,0xf3,0xff,0xc0,  //..*@@@@@@@@@@@*@@@@@@...
0x0b,0xff,0xff,0xdb,0xff,0xc0,  //..#@@@@@@@@@@*#@@@@@@...
0x1f,0xff,0xff,0x82,0xff,0xc0,  //.%@@@@@@@@@@#.*#@@@@@...
0x3f,0xff,0xff,0x00,0x7f,0xc0,  //+@@@@@@@@@@@*...%@@@@...
0x00,0x00,0x00,0x00,0x0b,0xc0,  //+***********.....+#@@...
0x00,0x00,0x00,0x00,0x01,0x80,  //...................*#...


/*  */
0x00,0x00,0x06,0x00,0x00,0x00,  //..........*#..........
0x00,0x00,0x02,0xa9,0x00,0x00,  //..........*#%%%*......
0x00,0x00,0x03,0xfd,0x00,0x00,  //..........*@@@@*......
0x00,0x00,0x03,0xfd,0x00,0x00,  //..........*@@@@*......
0x00,0x00,0x02,0x14,0x00,0x00,  //..........*%***+......
0x00,0x00,0x01,0x00,0x00,0x00,  //..........**..........
0x01,0x82,0x46,0x09,0x14,0x00,  //...*%++%*.%#.+%*.%%...
0x01,0xc3,0x4b,0x0d,0x28,0x00,  //...*@**@*.%@.*@*.%%...
0x01,0xff,0xff,0xff,0xf8,0x00,  //...*@@@@@@@@@@@@@@%...
0x01,0xfa,0xbf,0xea,0xf8,0x00,  //...*@@#%#@@@@#%#@@%...
0x01,0xf8,0x7f,0xe1,0xf8,0x00,  //...*@@%.*@@@@%.*@@%...
0x01,0xf8,0x7f,0xe1,0xf8,0x00,  //...*@@%.*@@@@%.*@@%...
0x01,0xf8,0x7f,0xe1,0xf8,0x00,  //...*@@%.*@@@@%.*@@%...
0x91,0xfe,0xbf,0xea,0xf8,0x60,  //%%.*@@@%#@@@@#%#@@%.*%
0xe1,0xff,0xff,0xff,0xf8,0x70,  //@#*%@@@@@@@@@@@@@@#*%@
0xff,0xff,0xff,0xff,0xff,0xf0,  //@@@@@@@@@@@@@@@@@@@@@@
0xff,0xff,0xf9,0xbf,0xff,0xf0,  //@@@@@@@@@@%%#@@@@@@@@@
0xff,0xff,0xc0,0x2f,0xff,0xf0,  //@@@@@@@@@+...#@@@@@@@@
0xff,0xff,0x80,0x1f,0xff,0xf0,  //@@@@@@@@%....*@@@@@@@@
0xff,0xff,0x40,0x0f,0xff,0xf0,  //@@@@@@@@*....*@@@@@@@@
0xff,0xff,0x40,0x0f,0xff,0xf0,  //@@@@@@@@*....*@@@@@@@@
0xff,0xff,0x40,0x0f,0xff,0xf0,  //@@@@@@@@*....*@@@@@@@@
0xff,0xff,0x40,0x0f,0xff,0xf0,  //@@@@@@@@*....*@@@@@@@@


/*  */
0x00,0x00,0x00,0x00,0x28,0x00,0x00,0x00,  //................*%%*...........
0x00,0x00,0x00,0x01,0xff,0x00,0x00,0x00,  //..............**@@@@*..........
0x00,0x00,0x00,0x7f,0xff,0x40,0x00,0x00,  //............%@@@@@@@*..........
0x00,0x00,0x01,0xe6,0xff,0x40,0x00,0x00,  //...........*@#*%@@@@*..........
0x00,0x00,0x02,0x80,0xbe,0x00,0x00,0x00,  //...........##...#@@#...........
0x00,0x00,0x07,0x40,0x00,0x00,0x00,0x00,  //..........*@*....**............
0x0a,0x80,0x0a,0x00,0x00,0x00,0x00,0x00,  //.*%%%+....##..............*....
0x3f,0xe0,0x1d,0x00,0x00,0x00,0x0e,0x00,  //*@@@@#+..*@*.............*@%+..
0xbf,0xf8,0x78,0x00,0x00,0x00,0x1f,0x90,  //#@@@@@%**@#***************@@#*.
0xff,0xff,0xff,0xff,0xff,0xff,0xff,0xf8,  //@@@@@@@@@@@@@@@@@@@@@@@@@@@@@@%
0xbf,0xf9,0x55,0xb9,0x55,0x55,0x5f,0xd0,  //#@@@@@#*****#@%**********%@@@%.
0x7f,0xf0,0x00,0x38,0x00,0x00,0x0e,0x00,  //*@@@@@*.....+@%..........*@#*..
0x1b,0x80,0x00,0x1c,0x00,0x00,0x04,0x00,  //.*#@#*.......%@*.........+*....
0x00,0x00,0x00,0x0e,0x00,0x00,0x00,0x00,  //.............+@%...+***+.......
0x00,0x00,0x00,0x07,0x03,0xff,0x00,0x00,  //..............%@*.+@@@@@.......
0x00,0x00,0x00,0x03,0x97,0xff,0x00,0x00,  //..............+@#*%@@@@@.......
0x00,0x00,0x00,0x01,0xbf,0xff,0x00,0x00,  //...............*#@@@@@@@.......
0x00,0x00,0x00,0x00,0x07,0xff,0x00,0x00,  //.................**@@@@@.......
0x00,0x00,0x00,0x00,0x03,0xff,0x00,0x00,  //..................+@@@@@.......


/*  */
0x00,0x00,0x05,0x50,0x00,0x00,  //.........******.........
0x00,0x02,0xff,0xff,0x80,0x00,  //......*%@@@@@@@@%*......
0x00,0x2f,0xff,0xff,0xf8,0x00,  //.....%@@@@@@@@@@@@%.....
0x00,0xbf,0xff,0xff,0xfe,0x00,  //...+#@@@@@@@@@@@@@@#+...
0x02,0xff,0xff,0xff,0xff,0x80,  //...#@@@@@@@@@@@@@@@@#...
0x0b,0xff,0xff,0xff,0xff,0xe0,  //..#@@@@@@@@@@@@@@@@@@#..
0x1f,0xfe,0x55,0x56,0xff,0xf4,  //.*@@@@@#*******#@@@@@@*.
0x2f,0xfe,0x00,0x00,0x7f,0xf8,  //.#@@@@@%........%@@@@@#.
0x7f,0xfe,0x00,0x00,0x2f,0xfd,  //*@@@@@@%..+***...%@@@@@*
0x7f,0xfe,0x0b,0xf8,0x1f,0xfd,  //%@@@@@@%..%@@@#..*@@@@@%
0xbf,0xfe,0x0b,0xfd,0x0f,0xfe,  //#@@@@@@%..%@@@@*.*@@@@@#
0xff,0xfe,0x0b,0xfc,0x0f,0xff,  //@@@@@@@%..%@@@@+.*@@@@@@
0xff,0xfe,0x05,0x50,0x1f,0xff,  //@@@@@@@%..****+..%@@@@@@
0xff,0xfe,0x00,0x00,0x7f,0xff,  //@@@@@@@%........*@@@@@@@
0xbf,0xfe,0x00,0x01,0xff,0xfe,  //#@@@@@@%..+****%@@@@@@@#
0x7f,0xfe,0x0b,0xff,0xff,0xfd,  //%@@@@@@%..%@@@@@@@@@@@@%
0x3f,0xfe,0x0b,0xff,0xff,0xfc,  //*@@@@@@%..%@@@@@@@@@@@@*
0x2f,0xfe,0x0b,0xff,0xff,0xf8,  //.#@@@@@%..%@@@@@@@@@@@#.
0x0f,0xfe,0x5b,0xff,0xff,0xf0,  //.*@@@@@#**#@@@@@@@@@@@*.
0x0b,0xff,0xff,0xff,0xff,0xe0,  //..%@@@@@@@@@@@@@@@@@@%..
0x02,0xff,0xff,0xff,0xff,0x80,  //...#@@@@@@@@@@@@@@@@#...
0x00,0xbf,0xff,0xff,0xfe,0x00,  //....#@@@@@@@@@@@@@@#....
0x00,0x1f,0xff,0xff,0xf4,0x00,  //.....*@@@@@@@@@@@@*.....
0x00,0x01,0xbf,0xfe,0x40,0x00,  //......+%#@@@@@@#%+......


/*  */
0x00,0x00,0x05,0x94,0x00,0x00,0x00,0x00,  //.........+*%%%*................
0x00,0x00,0xbf,0xff,0x40,0x00,0x00,0x00,  //.......+%@@@@@@@%..............
0x00,0x02,0xf9,0x5b,0xe0,0x00,0x00,0x00,  //......+#@@%***#@@#.............
0x00,0x0b,0x80,0x00,0xb8,0x00,0x00,0x00,  //.....+#@#+.....*#@#............
0x00,0x2e,0x00,0x00,0x2d,0x00,0x00,0x00,  //.....%@%.........#@*...........
0x00,0x38,0x00,0x00,0x0e,0x00,0x00,0x00,  //....*@#..........*@#........+..
0x02,0xfe,0x00,0x00,0x0b,0x00,0x02,0xc0,  //..*#@@@#*.........#@*......%@*.
0x1f,0xef,0xc0,0x00,0x07,0x40,0x11,0xe0,  //.*@@@%@@@*........%@%...+*.%@%.
0x3d,0x01,0xd0,0x00,0x07,0xe0,0xb4,0xb0,  //*@@*...*@*........*@@#*.%@*.#@+
0xb4,0x00,0x00,0x00,0x07,0xfc,0x38,0x74,  //%@*...............%@@@@**@#.%@%
0xf0,0x00,0x00,0x00,0x0b,0x1e,0x2c,0x38,  //@@+...............#@*%@%.#@**@%
0xf0,0x00,0x00,0x00,0x05,0x0f,0x2d,0x38,  //@@................*%..@@.%@**@%
0xb0,0x00,0x00,0x00,0x00,0x0f,0x2d,0x38,  //#@*...................@@.%@**@%
0x78,0x00,0x00,0x00,0x00,0x1e,0x2c,0x38,  //*@#..................*@#.#@**@%
0x2e,0x40,0x00,0x00,0x00,0x7d,0x3c,0x74,  //.#@#****************%@@*+@@.%@%
0x0b,0xff,0xff,0xff,0xff,0xf4,0xb4,0xb0,  //.+#@@@@@@@@@@@@@@@@@@@%.%@%.#@*
0x01,0x6a,0xaa,0xaa,0xaa,0x40,0x61,0xe0,  //...*%%%%%%%%%%%%%%%%%*..*%+*@#.
0x00,0x00,0x00,0x00,0x00,0x00,0x02,0xd0,  //...........................%@*.
0x00,0x00,0x00,0x00,0x00,0x00,0x00,0x40,  //...........................+*..


/*  */
0x00,0x01,0x55,0x00,0x00,  //......******+.......
0x00,0x6f,0xff,0xe0,0x00,  //....*#@@@@@@@%*.....
0x01,0xff,0xff,0xfd,0x00,  //...%@@@@@@@@@@@*....
0x07,0xff,0xff,0xff,0x00,  //..%@@@@@@@@@@@@@*...
0x0f,0xfe,0x56,0xff,0x80,  //.+@@@@@%**%#@@@@%...
0x1f,0xf8,0x02,0xff,0xc0,  //.*@@@@%....%@@@@@...
0x1f,0xf0,0x01,0xff,0x80,  //.*@@@@*....*@@@@#...
0x1f,0xf0,0x00,0xbf,0x40,  //.%@@@@*.....#@@@*...
0x1f,0xf8,0x00,0x14,0x00,  //.*@@@@#+.....**+....
0x0f,0xff,0x40,0x00,0x00,  //.*@@@@@@%+..........
0x0b,0xff,0xf9,0x00,0x00,  //..#@@@@@@@#*........
0x02,0xff,0xff,0xd0,0x00,  //...#@@@@@@@@@*......
0x00,0x7f,0xff,0xf8,0x00,  //....%@@@@@@@@@#+....
0x00,0x07,0xff,0xfe,0x00,  //.....+%@@@@@@@@#....
0x00,0x00,0x7f,0xff,0x40,  //.......+%@@@@@@@*...
0x00,0x00,0x07,0xff,0x80,  //...*.....+%@@@@@#...
0x1f,0x90,0x00,0xff,0xc0,  //.%@@#*.....*@@@@@...
0x3f,0xf0,0x00,0x7e,0x40,  //*@@@@@......%@@#*...
0x7f,0xf0,0x00,0xb4,0xa4,  //*@@@@@*.....#@%+%%*.
0x7f,0xf0,0x01,0xe2,0xfd,  //*@@@@@+....*@#+#@@@%
0x2f,0xfe,0xab,0xd7,0xff,  //.#@@@@@#%%#@@*%@@@@@
0x0f,0xff,0xff,0xcb,0xff,  //.*@@@@@@@@@@@*%@@@@@
0x07,0xff,0xff,0xd7,0xfe,  //..*@@@@@@@@@@**@@@@%
0x00,0x7f,0xff,0x91,0xb8,  //...+%@@@@@@@#*.*#@%.


/*  */
0x00,0x01,0xaa,0x50,0x00,0x00,  //......+*%%%%%*.......
0x00,0x2f,0xff,0xf9,0x00,0x00,  //....+%@@@@@@@@#*.....
0x00,0xbf,0xff,0xff,0x80,0x00,  //...*#@@@@@@@@@@@%....
0x07,0xff,0xff,0xff,0xe0,0x00,  //..*@@@@@@@@@@@@@@#...
0x0b,0xff,0xff,0xff,0xf8,0x00,  //.+#@@@@@@@@@@@@@@@%..
0x2f,0xff,0xff,0xff,0xfc,0x00,  //.%@@@@@@@@@@@@@@@@@*.
0x3f,0xd0,0x1d,0x01,0xfe,0x00,  //*@@@@****%@****%@@@#.
0x7f,0xc0,0x1c,0x01,0xff,0x00,  //%@@@@*...*@*...*@@@@+
0xbf,0xc0,0x1c,0x01,0xff,0x40,  //#@@@@*...*@*...*@@@@*
0xff,0xc0,0x1c,0x01,0xff,0x40,  //@@@@@*...*@*...*@@@@*
0xff,0xc0,0x1c,0x01,0xff,0x40,  //@@@@@*...*@*...*@@@@*
0xff,0xc0,0x1c,0x01,0xff,0x40,  //@@@@@*...*@*...*@@@@*
0xbf,0xc0,0x1c,0x01,0xff,0x40,  //%@@@@*...*@*...*@@@@*
0x7f,0xc0,0x1c,0x01,0xff,0x00,  //%@@@@*...*@*...*@@@@+
0x3f,0xd0,0x2d,0x02,0xfe,0x00,  //+@@@@****%@****%@@@%.
0x2f,0xff,0xff,0xff,0xfc,0x00,  //.%@@@@@@@@@@@@@@@@@*.
0x0b,0xff,0xff,0xff,0xf4,0x00,  //..#@@@@@@@@@@@@@@@%..
0x02,0xff,0xff,0xff,0xe0,0x00,  //..+#@@@@@@@@@@@@@#...
0x00,0xbf,0xff,0xff,0x40,0x00,  //...+#@@@@@@@@@@@%....
0x00,0x1b,0xff,0xf8,0x00,0x00,  //.....*#@@@@@@@#*.....
0x00,0x01,0x6a,0x40,0x00,0x00,  //.......*%%%%*+.......


/*  */
0x00,0x01,0xaa,0x50,0x00,0x00,  //......+*%%%%%*.......
0x00,0x2f,0xff,0xf9,0x00,0x00,  //....+%@@@@@@@@#*.....
0x00,0xbf,0xff,0xff,0x80,0x00,  //...*#@@@@@@@@@@@%....
0x07,0xfe,0x40,0x6f,0xe0,0x00,  //..*@@@@%*****#@@@#...
0x0b,0xe0,0x00,0x07,0xf8,0x00,  //.+#@@#+.......*@@@%..
0x2f,0x80,0x00,0x01,0xfc,0x00,  //.%@@#..........*@@@*.
0x3f,0x0a,0x91,0xa4,0x7e,0x00,  //*@@@+.%%%*.%%%*.%@@#.
0x7d,0x0f,0xd2,0xf4,0x3f,0x00,  //%@@%..@@@*.%@@*..@@@+
0xbc,0x0f,0xd2,0xf4,0x2f,0x40,  //#@@*..@@@*.%@@*..%@@*
0xfc,0x0f,0xd2,0xf4,0x1f,0x40,  //@@@...@@@*.%@@*..*@@*
0xfc,0x0f,0xd2,0xf4,0x1f,0x40,  //@@@...@@@*.%@@*..*@@*
0xfc,0x0f,0xd2,0xf4,0x1f,0x40,  //@@@...@@@*.%@@*..*@@*
0xbc,0x0f,0xd2,0xf4,0x2f,0x40,  //%@@*..@@@*.%@@*..%@@*
0x7d,0x0f,0xd2,0xf4,0x3f,0x00,  //%@@%..@@@*.%@@*.+@@@+
0x3f,0x0a,0x81,0xa4,0xbe,0x00,  //+@@@*.%%%*.%%%*.%@@%.
0x2f,0x80,0x00,0x01,0xfc,0x00,  //.%@@#+.........*@@@*.
0x0b,0xe0,0x00,0x07,0xf4,0x00,  //..#@@#*.......%@@@%..
0x02,0xfe,0x41,0x6f,0xe0,0x00,  //..+#@@@#****%#@@@#...
0x00,0xbf,0xff,0xff,0x40,0x00,  //...+#@@@@@@@@@@@%....
0x00,0x1b,0xff,0xf8,0x00,0x00,  //.....*#@@@@@@@#*.....
0x00,0x01,0x6a,0x40,0x00,0x00,  //.......*%%%%*+.......


/*  */
0x00,0x01,0xaa,0x50,0x00,0x00,  //......+*%%%%%*.......
0x00,0x2f,0xff,0xf9,0x00,0x00,  //....+%@@@@@@@@#*.....
0x00,0xbf,0xff,0xff,0x80,0x00,  //...*#@@@@@@@@@@@%....
0x07,0xff,0xff,0xff,0xe0,0x00,  //..*@@@@@@@@@@@@@@#...
0x0b,0xff,0xff,0xff,0xf8,0x00,  //.+#@@@@@@@@@@@@@@@%..
0x2f,0xff,0xff,0xff,0xfc,0x00,  //.%@@@@@@@@@@@@@@@@@*.
0x3f,0xf0,0x00,0x07,0xfe,0x00,  //*@@@@@********%@@@@#.
0x7f,0xf0,0x00,0x07,0xff,0x00,  //%@@@@@........*@@@@@+
0xbf,0xf0,0x00,0x07,0xff,0x40,  //#@@@@@........*@@@@@*
0xff,0xf0,0x00,0x07,0xff,0x40,  //@@@@@@........*@@@@@*
0xff,0xf0,0x00,0x07,0xff,0x40,  //@@@@@@........*@@@@@*
0xff,0xf0,0x00,0x07,0xff,0x40,  //@@@@@@........*@@@@@*
0xbf,0xf0,0x00,0x07,0xff,0x40,  //%@@@@@........*@@@@@*
0x7f,0xf0,0x00,0x07,0xff,0x00,  //%@@@@@........*@@@@@+
0x3f,0xf0,0x00,0x07,0xfe,0x00,  //+@@@@@********%@@@@%.
0x2f,0xff,0xff,0xff,0xfc,0x00,  //.%@@@@@@@@@@@@@@@@@*.
0x0b,0xff,0xff,0xff,0xf4,0x00,  //..#@@@@@@@@@@@@@@@%..
0x02,0xff,0xff,0xff,0xe0,0x00,  //..+#@@@@@@@@@@@@@#...
0x00,0xbf,0xff,0xff,0x40,0x00,  //...+#@@@@@@@@@@@%....
0x00,0x1b,0xff,0xf8,0x00,0x00,  //.....*#@@@@@@@#*.....
0x00,0x01,0x6a,0x40,0x00,0x00,  //.......*%%%%*+.......


/*  */
0x00,0x01,0xaa,0x50,0x00,0x00,  //......+*%%%%%*.......
0x00,0x2f,0xff,0xf9,0x00,0x00,  //....+%@@@@@@@@#*.....
0x00,0xbf,0xff,0xff,0x80,0x00,  //...*#@@@@@@@@@@@%....
0x07,0xfe,0x40,0x6f,0xe0,0x00,  //..*@@@@%*****#@@@#...
0x0b,0xe0,0x00,0x07,0xf8,0x00,  //.+#@@#+.......*@@@%..
0x2f,0x80,0x00,0x01,0xfc,0x00,  //.%@@#..........*@@@*.
0x3f,0x0a,0xaa,0xa4,0x7e,0x00,  //*@@@+.%%%%%%%%*.%@@#.
0x7d,0x0f,0xff,0xf4,0x3f,0x00,  //%@@%..@@@@@@@@*..@@@+
0xbc,0x0f,0xff,0xf4,0x2f,0x40,  //#@@*..@@@@@@@@*..%@@*
0xfc,0x0f,0xff,0xf4,0x1f,0x40,  //@@@...@@@@@@@@*..*@@*
0xfc,0x0f,0xff,0xf4,0x1f,0x40,  //@@@...@@@@@@@@*..*@@*
0xfc,0x0f,0xff,0xf4,0x1f,0x40,  //@@@...@@@@@@@@*..*@@*
0xbc,0x0f,0xff,0xf4,0x2f,0x40,  //%@@*..@@@@@@@@*..%@@*
0x7d,0x0f,0xff,0xf4,0x3f,0x00,  //%@@%..@@@@@@@@*.+@@@+
0x3f,0x0a,0xaa,0xa4,0xbe,0x00,  //+@@@*.%%%%%%%%*.%@@%.
0x2f,0x80,0x00,0x01,0xfc,0x00,  //.%@@#+.........*@@@*.
0x0b,0xe0,0x00,0x07,0xf4,0x00,  //..#@@#*.......%@@@%..
0x02,0xfe,0x41,0x6f,0xe0,0x00,  //..+#@@@#****%#@@@#...
0x00,0xbf,0xff,0xff,0x40,0x00,  //...+#@@@@@@@@@@@%....
0x00,0x1b,0xff,0xf8,0x00,0x00,  //.....*#@@@@@@@#*.....
0x00,0x01,0x6a,0x40,0x00,0x00,  //.......*%%%%*+.......


/*  */
0x00,0x00,0x05,0x50,0x00,0x00,  //..........****..........
0x00,0x00,0x2f,0xf8,0x00,0x00,  //........+#@@@@#+........
0x00,0x00,0xb4,0x1e,0x00,0x00,  //.......+#@****@#+.......
0x00,0x02,0xc0,0x03,0x80,0x00,  //.......%@*....*@%.......
0x00,0x03,0x80,0x02,0xc0,0x00,  //.......@#......#@.......
0x00,0x03,0x40,0x01,0xc0,0x00,  //......+@*......*@+......
0x00,0x03,0x40,0x01,0xc0,0x00,  //......*@*......*@*......
0x0a,0xa3,0x5a,0xa5,0xca,0xa0,  //..%%%%*@**%%%%**@*%%%%..
0x0f,0xf3,0x5f,0xf5,0xcf,0xf0,  //.*@@@@*@**@@@@**@*@@@@*.
0x1f,0xf2,0x1f,0xf4,0x8f,0xf4,  //.*@@@@+%*%@@@@%*%+@@@@*.
0x1f,0xf8,0x7f,0xfd,0x2f,0xf4,  //.*@@@@#**@@@@@@**#@@@@*.
0x2f,0xff,0xff,0xff,0xff,0xf8,  //.%@@@@@@@@@@@@@@@@@@@@%.
0x2f,0xff,0xff,0xff,0xff,0xf8,  //.%@@@@@@@@@@@@@@@@@@@@%.
0x2f,0xff,0xff,0xff,0xff,0xf8,  //.#@@@@@@@@@@@@@@@@@@@@#.
0x3f,0xff,0xff,0xff,0xff,0xfc,  //.@@@@@@@@@@@@@@@@@@@@@@.
0x3f,0xff,0xff,0xff,0xff,0xfc,  //+@@@@@@@@@@@@@@@@@@@@@@+
0x3f,0xff,0xff,0xff,0xff,0xfc,  //*@@@@@@@@@@@@@@@@@@@@@@*
0x3f,0xff,0xff,0xff,0xff,0xfc,  //*@@@@@@@@@@@@@@@@@@@@@@*
0x15,0x55,0x55,0x55,0x55,0x54,  //************************
0x6a,0xaa,0xaa,0xaa,0xaa,0xa9,  //*%%%%%%%%%%%%%%%%%%%%%%*
0xbf,0xff,0xff,0xff,0xff,0xfe,  //%@@@@@@@@@@@@@@@@@@@@@@%
0xbf,0xff,0xff,0xff,0xff,0xfe,  //%@@@@@@@@@@@@@@@@@@@@@@%
0xbf,0xff,0xff,0xff,0xff,0xfe,  //#@@@@@@@@@@@@@@@@@@@@@@#
0xff,0xff,0xff,0xff,0xff,0xff,  //@@@@@@@@@@@@@@@@@@@@@@@@


/*  */
0x00,0x00,0x01,0x55,0x40,0x00,0x00,  //..........*******..........
0x00,0x06,0xab,0xff,0xea,0x40,0x00,  //......*%%%#@@@@@@#%%%......
0x00,0x1f,0xff,0xff,0xff,0xe0,0x00,  //.....%@@@@@@@@@@@@@@@#.....
0x00,0x38,0x06,0xaa,0x80,0x74,0x00,  //....+@#+..*%%%%%%...*@%....
0x00,0x70,0x00,0x00,0x00,0x28,0x00,  //....*@*..............##....
0x00,0x70,0x00,0x00,0x00,0x2c,0x00,  //....%@+..............%@....
0x00,0xa0,0x00,0x00,0x00,0x1c,0x00,  //....##...............*@*...
0x00,0xe0,0x00,0x00,0x00,0x0d,0x00,  //...+@%...............*@*...
0x00,0xd0,0x00,0x00,0x00,0x0e,0x00,  //...*@*................@%...
0x01,0x80,0x00,0x00,0x00,0x06,0x00,  //...*%+................%%...
0x00,0x00,0x00,0x00,0x00,0x00,0x00,  //.*************************+
0xbf,0xff,0xff,0xff,0xff,0xff,0xf8,  //%@@@@@@@@@@@@@@@@@@@@@@@@@#
0xff,0xff,0xff,0xff,0xff,0xff,0xfc,  //@@@@@@@@@@@@@@@@@@@@@@@@@@@
0x7f,0xff,0xff,0xff,0xff,0xff,0xf8,  //%@@@@@@@@@@@@@@@@@@@@@@@@@#
0x0f,0xd7,0xf4,0xfe,0x2f,0x8b,0xd0,  //.+@@@**@@@**@@@%*#@@%*#@@%.
0x0b,0xc3,0xf0,0xfd,0x2f,0x4b,0xc0,  //..#@@*.@@@*.@@@*.%@@*.%@@*.
0x0b,0xc3,0xf0,0xfd,0x2f,0x4b,0xc0,  //..%@@*.@@@*.@@@*.%@@*.%@@+.
0x07,0xc3,0xf0,0xfd,0x2f,0x4b,0x80,  //..*@@*.@@@*.@@@*.%@@*.#@#..
0x03,0xd2,0xf0,0xfd,0x2f,0x0f,0x80,  //..*@@*.#@@*.@@@*.%@@*.@@%..
0x03,0xd2,0xf0,0xfd,0x2f,0x0f,0x40,  //..+@@*.%@@*.@@@*.%@@*.@@%..
0x03,0xd2,0xf0,0xfd,0x2f,0x0f,0x40,  //...@@*.%@@*.@@@*.#@@*+@@*..
0x02,0xe7,0xfa,0xfe,0x7f,0xaf,0x00,  //...%@#%@@@#%@@@#%@@@%%@@*..
0x01,0xff,0xff,0xff,0xff,0xff,0x00,  //...%@@@@@@@@@@@@@@@@@@@@...
0x00,0xff,0xff,0xff,0xff,0xfe,0x00,  //...*@@@@@@@@@@@@@@@@@@@%...


/*  */
0x00,0x00,0x2a,0x40,0x6a,0x00,  //........+%%%%...%%%%....
0x00,0x00,0x7f,0x40,0xfe,0x00,  //........*@@@*...@@@#....
0x00,0x00,0x7f,0x00,0xfd,0x00,  //........%@@@*..*@@@%....
0x00,0x00,0xbf,0x01,0xfc,0x00,  //........#@@@...%@@@*....
0x00,0x00,0xfe,0x02,0xfc,0x00,  //...+****@@@#***#@@@****.
0x03,0xff,0xff,0xff,0xff,0xfd,  //...@@@@@@@@@@@@@@@@@@@@*
0x03,0xff,0xff,0xff,0xff,0xfc,  //..*@@@@@@@@@@@@@@@@@@@@*
0x07,0xff,0xff,0xff,0xff,0xfc,  //..%@@@@@@@@@@@@@@@@@@@@.
0x06,0xab,0xfa,0xaf,0xfa,0xa4,  //..*%%%#@@@#%%%@@@@%%%%%.
0x00,0x07,0xf4,0x0f,0xe0,0x00,  //......*@@@%...@@@#......
0x00,0x07,0xf0,0x0f,0xd0,0x00,  //......%@@@*..*@@@%......
0x00,0x0b,0xf0,0x1f,0xc0,0x00,  //......#@@@...%@@@*......
0x1a,0xaf,0xfa,0xaf,0xea,0x90,  //.%%%%%@@@@%%%#@@@#%%%%..
0x3f,0xff,0xff,0xff,0xff,0xd0,  //.@@@@@@@@@@@@@@@@@@@@*..
0x3f,0xff,0xff,0xff,0xff,0xc0,  //*@@@@@@@@@@@@@@@@@@@@*..
0x7f,0xff,0xff,0xff,0xff,0xc0,  //*@@@@@@@@@@@@@@@@@@@@...
0x00,0x3f,0x80,0xbf,0x00,0x00,  //....+@@@#...#@@@........
0x00,0x7f,0x40,0xfe,0x00,0x00,  //....*@@@%...@@@#........
0x00,0x7f,0x00,0xfd,0x00,0x00,  //....%@@@*..*@@@%........
0x00,0xbf,0x01,0xfc,0x00,0x00,  //....#@@@...%@@@*........
0x00,0xa9,0x01,0xa8,0x00,0x00,  //....%%%%...*%%%.........


/*  */
0x00,0x01,0x55,0x00,0x00,  //......******+.....
0x00,0x6f,0xff,0xe0,0x00,  //....*#@@@@@@@%+...
0x02,0xff,0xaf,0xfd,0x00,  //...%@@@@%#@@@@@*..
0x07,0xff,0x4b,0xff,0x00,  //..%@@@@@*+#@@@@@+.
0x0f,0xff,0x42,0xff,0x80,  //.+@@@@@@*.+#@@@@%.
0x1f,0xff,0x40,0xbf,0xc0,  //.%@@@@@@*..+#@@@@+
0x2f,0xff,0x40,0x2f,0xd0,  //.#@@@@@@*.*.+#@@@*
0x3f,0x5f,0x49,0x0b,0xe0,  //+@@@**@@*.%*.+#@@%
0x3e,0x07,0x4a,0x07,0xe0,  //*@@#+.*@*.%#..*@@#
0x7f,0x81,0x48,0x1f,0xf0,  //*@@@#+.**.%+.*@@@@
0x7f,0xe0,0x00,0x7f,0xf0,  //*@@@@#+.....*@@@@@
0x7f,0xf8,0x01,0xff,0xf0,  //*@@@@@#+...*@@@@@@
0x7f,0xfe,0x03,0xff,0xf0,  //*@@@@@@#..+@@@@@@@
0x7f,0xf8,0x01,0xff,0xf0,  //*@@@@@#+...*@@@@@@
0x7f,0xe0,0x00,0x7f,0xf0,  //*@@@@#+.+.+.*@@@@@
0x7f,0x81,0x48,0x1f,0xf0,  //*@@@#+.**.%+.*@@@@
0x3f,0x07,0x4a,0x07,0xe0,  //*@@@+.*@*.%#..%@@#
0x3f,0x5f,0x49,0x1f,0xe0,  //.@@@%*@@*.%*.*@@@%
0x2f,0xff,0x40,0x7f,0xd0,  //.#@@@@@@*.+.*@@@@*
0x1f,0xff,0x41,0xff,0xc0,  //.%@@@@@@*..*@@@@@+
0x0f,0xff,0x47,0xff,0x40,  //.+@@@@@@*.*@@@@@%.
0x07,0xff,0x5f,0xfe,0x00,  //..*@@@@@**@@@@@#+.
0x01,0xff,0xbf,0xf8,0x00,  //...%@@@@#@@@@@#+..
0x00,0x2f,0xff,0xd0,0x00,  //....*#@@@@@@@%+...


/*  */
0x00,0x00,0x00,  //.....+......
0x00,0x20,0x00,  //.....#+.....
0x00,0x38,0x00,  //.....@#+....
0x00,0x3e,0x00,  //.....@@#+...
0x00,0x3f,0x80,  //.....@@@#+..
0x00,0x3e,0xe0,  //.....@@#@#+.
0x50,0x3c,0xb8,  //%%...@@.#@#+
0xf4,0x3c,0x2e,  //@@%..@@..#@#
0x7d,0x3c,0x7d,  //*@@%.@@.%@@*
0x1f,0x7d,0xf4,  //.*@@%@@%@@*.
0x07,0xff,0xd0,  //..*@@@@@@*..
0x01,0xff,0x40,  //...*@@@@*...
0x00,0xbd,0x00,  //....%@@%....
0x01,0xff,0x40,  //...%@@@@*...
0x07,0xff,0xd0,  //..%@@@@@@*..
0x1f,0x7d,0xf4,  //.%@@*@@*@@*.
0x7d,0x3c,0x7d,  //%@@*.@@.*@@*
0xf4,0x3c,0x2e,  //@@*..@@.+#@#
0x50,0x3c,0xb8,  //**...@@+#@#.
0x00,0x3e,0xe0,  //.....@@#@#..
0x00,0x3f,0x80,  //.....@@@#...
0x00,0x3e,0x00,  //.....@@#....
0x00,0x38,0x00,  //.....@#.....
0x00,0x20,0x00,  //.....#......


/*  */
0x01,0xa8,0x00,0x01,0xa8,0x00,  //..+%%%%*.......*%%%+.
0x1f,0xff,0x40,0x02,0xf8,0x00,  //.*@@@@@@%.....+#@@#+.
0x3f,0xff,0xd0,0x0b,0xf4,0x00,  //+@@@@@@@@*....#@@@*..
0xbf,0x9f,0xe0,0x1f,0xd0,0x00,  //%@@@%%@@@#...%@@@%...
0xfe,0x07,0xf0,0x7f,0x80,0x00,  //@@@%..*@@@*.*@@@#....
0xfd,0x03,0xf0,0xbe,0x00,0x00,  //@@@*..*@@@*+#@@#+....
0xbe,0x07,0xf2,0xfd,0x00,0x00,  //#@@#+.%@@@+#@@@*.....
0x7f,0xff,0xeb,0xf4,0x00,0x00,  //*@@@@@@@@%%@@@%......
0x2f,0xff,0x9f,0xe0,0x00,0x00,  //.#@@@@@@#%@@@#.......
0x0b,0xfe,0x7f,0x80,0x00,0x00,  //..%@@@@#*@@@#+.......
0x00,0x50,0xbf,0x45,0x40,0x00,  //...+***.#@@@*+***+...
0x00,0x02,0xfe,0xbf,0xf4,0x00,  //.......%@@@%%@@@@@%..
0x00,0x07,0xfa,0xff,0xfd,0x00,  //......*@@@#%@@@@@@@%.
0x00,0x0f,0xe7,0xfe,0xff,0x00,  //.....+@@@#*@@@@#@@@@+
0x00,0x2f,0xd7,0xe0,0x3f,0x40,  //.....#@@@*%@@#+.*@@@*
0x00,0xbf,0x4b,0xe0,0x2f,0x40,  //....%@@@%.%@@%...#@@*
0x01,0xfe,0x07,0xe0,0x3f,0x40,  //...*@@@#..%@@#..+@@@*
0x03,0xf8,0x07,0xfa,0xbf,0x00,  //..+@@@#+..*@@@#%#@@@+
0x0b,0xf4,0x02,0xff,0xfe,0x00,  //..#@@@*....#@@@@@@@%.
0x1f,0xd0,0x00,0xbf,0xf8,0x00,  //.%@@@%......#@@@@@%..
0x1a,0x80,0x00,0x16,0x40,0x00,  //.*%%%........*%%%*...


/*  */
0x00,0x40,0x00,0x00,0x01,0x00,  //....%..............%....
0x00,0xc0,0x00,0x00,0x03,0x00,  //...+@+............+@+...
0x01,0xd0,0x00,0x00,0x07,0x40,  //...%@%............%@%...
0x02,0xe0,0x00,0x00,0x0b,0x80,  //...#@#............#@#...
0x03,0xf0,0x00,0x00,0x0f,0xc0,  //..+@@@+..........+@@@+..
0x07,0xf4,0x00,0x00,0x1f,0xd0,  //..%@@@*..........*@@@%..
0x0b,0xf8,0x00,0x00,0x2f,0xe0,  //..#@@@#..........#@@@#..
0x0f,0xfc,0x00,0x00,0x3f,0xf0,  //.+@@@@@+........+@@@@@+.
0x1f,0xfd,0x00,0x00,0x7f,0xf4,  //.*@@@@@*........*@@@@@*.
0x10,0x00,0xff,0xff,0x00,0x04,  //.%.....*@@@@@@@@*.....%.
0x34,0x00,0xbf,0xfe,0x00,0x1c,  //+@%.....#@@@@@@#.....%@+
0x7d,0x00,0x7f,0xfd,0x00,0x7d,  //*@@*....%@@@@@@%....*@@*
0xbf,0x00,0x3f,0xfc,0x00,0xfe,  //#@@@+...*@@@@@@*...+@@@#
0xbf,0x80,0x2f,0xf8,0x02,0xfe,  //#@@@#....#@@@@#....#@@@#
0x2f,0xe0,0x1f,0xf4,0x0b,0xf8,  //+#@@@%...%@@@@%...%@@@#+
0x07,0xf4,0x0f,0xf0,0x1f,0xd0,  //..%@@@%..*@@@@*..%@@@%..
0x00,0xbc,0x0b,0xe0,0x3e,0x00,  //...*#@@*..#@@#..*@@#*...
0x00,0x2e,0x07,0xd0,0xb8,0x00,  //....+%@#+.%@@%.+#@%+....
0x00,0x07,0x83,0xc2,0xd0,0x00,  //......*@#.*@@*.#@*......
0x00,0x00,0xa2,0x8a,0x00,0x00,  //.......*#%.##.%#*.......
0x00,0x00,0x25,0x58,0x00,0x00,  //.........%*%%*%.........
0x00,0x00,0x05,0x50,0x00,0x00,  //..........****..........


/*  */
0x00,0x01,0xaf,0xfa,0x40,0x00,  //.......*%#@@@@#%*.......
0x00,0x1b,0xff,0xff,0xe4,0x00,  //.....*#@@@@@@@@@@#*.....
0x00,0xbf,0xff,0xff,0xfe,0x00,  //...+#@@@@@@@@@@@@@@#+...
0x02,0xff,0xff,0xff,0xff,0x80,  //..+#@@@@@@@@@@@@@@@@#+..
0x0b,0xff,0xff,0xff,0xff,0xe0,  //.+#@@@@@@@@@@@@@@@@@@#+.
0x2f,0xff,0xff,0xff,0xff,0xf8,  //.%@@@@@@@@@@@@@@@@@@@@%.
0x3f,0xff,0xff,0xff,0xff,0xfc,  //*@@@@@@@@@@@@@@@@@@@@@@*
0x7f,0xd6,0x95,0x55,0x6f,0xfd,  //%@@@@%*#%********#@@@@@%
0xbf,0xc2,0x40,0x00,0x2f,0xfe,  //#@@@@*.%*........%@@@@@#
0xff,0xc2,0x40,0x00,0x2f,0xff,  //@@@@@*.%*........%@@@@@@
0xff,0xd6,0x95,0x55,0x6f,0xff,  //@@@@@%*#%********#@@@@@@
0xbf,0xff,0xff,0xff,0xff,0xfe,  //#@@@@@@@@@@@@@@@@@@@@@@#
0xbf,0xf9,0xff,0xff,0xff,0xfe,  //%@@@@@#%@@@@@@@@@@@@@@@%
0x7f,0xf8,0x1b,0xff,0xbf,0xfd,  //*@@@@@#.+%#@@@@@#@@@@@@*
0x2f,0xfe,0x40,0x00,0xbf,0xf8,  //.#@@@@@#*..+***.%@@@@@#.
0x3f,0xff,0xe5,0x06,0xff,0xfc,  //+@@@@@@@@#%****%@@@@@@@+
0x7f,0xff,0xff,0xff,0xff,0xfd,  //%@@@@@@@@@@@@@@@@@@@@@@%
0xbf,0xff,0xff,0xff,0xff,0xfe,  //%@@@@@@@@@@@@@@@@@@@@@@%
0xbf,0xff,0xff,0xff,0xff,0xfe,  //%@@@@@@@@@@@@@@@@@@@@@@%
0x7f,0xff,0xff,0xff,0xff,0xfd,  //%@@@@@@@@@@@@@@@@@@@@@@%
0x2f,0xff,0xfd,0x7f,0xff,0xf8,  //+#@@@@@@@@@**@@@@@@@@@#+
0x0b,0xff,0xe4,0x1b,0xff,0xe0,  //.+#@@@@@@#*..*#@@@@@@#+.
0x01,0xbe,0x40,0x01,0xbe,0x40,  //...*#@@#%+....+%#@@#*...


/*  */
0x2a,0xaa,0xaa,0xaa,0xa9,0x00,  //+%%%%%%%%%%%%%%%%%%%.
0xbb,0xaa,0xaa,0xaa,0xfb,0x40,  //#@#@#%%%%##%%%%%@@#@*
0xe1,0x90,0x2d,0x02,0x83,0x40,  //@%.%#*...#@*...%#**@*
0xe0,0x28,0x92,0x9a,0x03,0x40,  //@%..*#%*#%*#%*#%..*@*
0xe0,0x07,0x40,0xa0,0x03,0x40,  //@%....%@*...##*...*@*
0xe0,0x00,0x00,0x00,0x03,0x40,  //@%.....+..........*@*
0xe0,0x00,0x00,0x00,0x03,0x40,  //@%................*@*
0xe1,0xa8,0xaa,0xaa,0x83,0x40,  //@%.*%%%.%%%%%%%%%.*@*
0xe1,0xfc,0xff,0xff,0xc3,0x40,  //@%.*@@@.@@@@@@@@@.*@*
0xe0,0x00,0x00,0x00,0x03,0x40,  //@%................*@*
0xe0,0x54,0x55,0x55,0x43,0x40,  //@%.****.*********.*@*
0xe1,0xfc,0xff,0xff,0xc3,0x40,  //@%.*@@@.@@@@@@@@@.*@*
0xe0,0x00,0x00,0x00,0x03,0x40,  //@%.+***.*********.*@*
0xe0,0x00,0x00,0x00,0x03,0x40,  //@%................*@*
0xe0,0x00,0x00,0x7f,0xc3,0x40,  //@%..........*@@@@.*@*
0xe0,0x00,0x00,0x6a,0x83,0x40,  //@%..........*%%%%.*@*
0xe0,0x00,0x00,0x00,0x03,0x40,  //@%................*@*
0xe0,0x00,0x00,0x00,0x03,0x40,  //@%................*@*
0xe0,0x00,0x00,0x00,0x03,0x40,  //@%................*@*
0xbf,0xff,0xff,0xff,0xff,0x40,  //#@@@@@@@@@@@@@@@@@@@*
0x2a,0xaa,0xaa,0xaa,0xa9,0x00,  //+%%%%%%%%%%%%%%%%%%*.


/*  */
0x55,0x40,0x00,0x00,0x00,0x00,  //******+.................
0xbf,0xff,0x90,0x00,0x00,0x00,  //%@@@@@@@%**.............
0x7d,0xbf,0xfe,0x40,0x00,0x00,  //*@@%#@@@@@@#%+..........
0x3e,0x1f,0xff,0xf4,0x00,0x00,  //+@@#**@@@@@@@@*.........
0x2f,0xd2,0xff,0xfe,0x00,0x00,  //.#@@@*+#@@@@@@@#........
0x2f,0xf0,0xbf,0xff,0x80,0x00,  //.%@@@@*.#@@@@@@@#+......
0x1f,0xf8,0x2f,0xff,0xe0,0x00,  //.*@@@@#..#@@@@@@@#......
0x0f,0xfd,0x0f,0xff,0xf4,0x00,  //.+@@@@@%.*@@@@@@@@%.....
0x0f,0xff,0x07,0xff,0xfc,0x00,  //..@@@@@@+.%@@@@@@@@+....
0x0b,0xff,0x42,0xff,0xfd,0x00,  //..%@@@@@%..#@@@@@@@*....
0x07,0xff,0xc1,0xff,0xfe,0x00,  //..*@@@@@@*.*@@@@@@@#....
0x03,0xff,0xe0,0xbf,0xff,0x00,  //..+@@@@@@%..#@@@@@@@....
0x02,0xff,0xf0,0x7f,0xff,0x00,  //...#@@@@@@*.*@@@@@@@*...
0x01,0xff,0xf8,0x2f,0xff,0x00,  //...*@@@@@@#..%@@@@@@*...
0x00,0xbf,0xfe,0x0f,0xff,0x00,  //....#@@@@@@%.+@@@@@@*...
0x00,0x7f,0xff,0x47,0xff,0x00,  //....*@@@@@@@*.*@@@@@*...
0x00,0x2f,0xff,0xd2,0xff,0x00,  //.....#@@@@@@@*.#@@@@+...
0x00,0x0b,0xff,0xf4,0xbf,0x00,  //......#@@@@@@@*.#@@@....
0x00,0x02,0xff,0xfe,0x6e,0x00,  //.......%@@@@@@@%*%@#....
0x00,0x00,0x6f,0xff,0xea,0x00,  //........*#@@@@@@@##%....
0x00,0x00,0x06,0xff,0xea,0x00,  //..........*#@@@@@#%#+...
0x00,0x00,0x00,0x00,0x01,0x80,  //..............*....*#+..
0x00,0x00,0x00,0x00,0x00,0x60,  //....................*#+.
0x00,0x00,0x00,0x00,0x00,0x18,  //.....................*#+


/*  */
0x00,0x00,0x05,0x50,0x00,0x00,  //.........******.........
0x00,0x02,0xff,0xff,0x80,0x00,  //......*%@@@@@@@@%*......
0x00,0x2f,0x90,0x06,0xf8,0x00,  //.....%@@#******#@@%.....
0x00,0xb8,0x6b,0xe9,0x2e,0x00,  //...+#@%**%#@@#%**%@#+...
0x02,0xd2,0xff,0xff,0x87,0x80,  //...#@**#@@@@@@@@#**@#...
0x0b,0x5f,0xfd,0x7f,0xf5,0xe0,  //..#@**@@@@@%%@@@@@**@#..
0x1d,0x7f,0xf4,0x1f,0xfd,0x74,  //.*@%*@@@@@*..*@@@@@*%@*.
0x28,0xbf,0xf0,0x0f,0xfe,0x28,  //.##+#@@@@@*..*@@@@@#+##.
0x75,0xe6,0xf8,0x2f,0x9b,0x5d,  //*@*%@#%%@@#..#@@%%#@%*@*
0x72,0xd0,0x01,0x40,0x07,0x8d,  //%@+#@%...+****+...%@#+@%
0xa3,0xf9,0x00,0x00,0x6f,0xca,  //##*@@@%**......**%@@@*##
0xe7,0xff,0xf0,0x0f,0xff,0xdb,  //@%*@@@@@@@*..*@@@@@@@*%@
0xe7,0xff,0xf0,0x0f,0xff,0xdb,  //@%*@@@@@@@*..*@@@@@@@*%@
0xe7,0xff,0xf0,0x0f,0xff,0xdb,  //@%*@@@@@@@*..*@@@@@@@*%@
0xa3,0xff,0xf0,0x0f,0xff,0xca,  //##+@@@@@@@....@@@@@@@+##
0x72,0xff,0xf0,0x0f,0xff,0x8d,  //%@+#@@@@@@.++.@@@@@@#+@%
0x35,0xff,0xe1,0x4b,0xff,0x5c,  //*@%*@@@@@%.**.%@@@@@*%@*
0x28,0xbf,0xd2,0x87,0xfe,0x28,  //.##+#@@@@*.%%.*@@@@#+##.
0x0e,0x3f,0xc3,0xc3,0xfc,0xb0,  //.*@%+@@@@.+@@+.@@@@+%@*.
0x0b,0x4b,0xd7,0xd7,0xe1,0xe0,  //..%@%*#@@*%@@%*@@#*%@%..
0x02,0xd2,0xff,0xff,0x87,0x80,  //...#@%+%@@@@@@@@%+%@#...
0x00,0xb9,0x1a,0xa4,0x6e,0x00,  //....#@#*+*%%%%*+*#@#....
0x00,0x1f,0x94,0x16,0xf4,0x00,  //.....*@@#%****%#@@*.....
0x00,0x01,0xbf,0xfe,0x40,0x00,  //......+%#@@@@@@#%+......


/*  */
0x00,0x00,0x00,0x01,0x40,  //..............***..
0x00,0x01,0x00,0x0f,0xd0,  //......+*.....*@@@%.
0x00,0x0b,0x90,0x2f,0xf0,  //.....+#@#*...%@@@@.
0x00,0x7f,0xf8,0x2f,0xe0,  //....*@@@@@#*.%@@@#.
0x01,0xfe,0xff,0x8b,0x80,  //...*@@@#@@@@%*#@#*.
0x03,0xf4,0x2f,0xe4,0x00,  //..+@@@%.*#@@@#**...
0x02,0xd0,0x2f,0xfc,0x00,  //..+#@%...#@@@@@*...
0x00,0x00,0xbf,0xfc,0x00,  //...++...#@@@@@@+...
0x00,0x02,0xff,0xf4,0x00,  //.......%@@@@@@%....
0x00,0x07,0xff,0xd0,0x00,  //......%@@@@@@%.....
0x00,0x6f,0xff,0x80,0x00,  //...+%#@@@@@@%......
0x07,0xff,0xff,0xbf,0xf0,  //..*@@@@@@@@@#@@@@@*
0x02,0xe5,0x6f,0xff,0xf4,  //.++#@#**%#@@@@@@@@%
0x34,0x00,0x0b,0xfa,0xf4,  //+@***.....#@@@##@@*
0x7c,0x00,0x02,0xe1,0xf4,  //%@@+.......#@#.*@@*
0xb8,0x00,0x01,0xf1,0xf4,  //#@#........*@@**@@*
0xf4,0x00,0x00,0xf5,0xf0,  //@@*........+@@**@@*
0xf4,0x00,0x00,0xf5,0xf0,  //@@*........+@@*%@@*
0xf8,0x00,0x00,0xf6,0xf0,  //@@%........*@@*%@@*
0xbc,0x00,0x02,0xf2,0xf0,  //%@@+.......%@@+%@@.
0x3e,0x00,0x02,0xe1,0xe0,  //*@@#......+#@%.*@#.
0x1f,0x90,0x64,0x80,0x00,  //.%@@#****%*+#+.....
0x0b,0xff,0xfd,0x00,0x00,  //..%@@@@@@@@*.......
0x01,0xbf,0xf4,0x00,0x00,  //...*#@@@@@%........


/*  */
0x00,0x01,0xaa,0x50,0x00,0x00,  //......+*%%%%%*.......
0x00,0x2f,0xeb,0xf9,0x00,0x00,  //....+%@@@##@@@#*.....
0x00,0xb8,0x00,0x1b,0x80,0x00,  //...*#@%*....+*#@%....
0x07,0x80,0x00,0x01,0xe0,0x00,  //..*@#*...+*+...%@#...
0x0a,0x00,0xbf,0x80,0x78,0x00,  //.+##+..*#@@@%+..%@%..
0x2c,0x07,0xff,0xf0,0x2c,0x00,  //.%@*..*@@@@@@@*..%@*.
0x38,0x0f,0xd6,0xf8,0x0e,0x00,  //*@%..+@@@%*%@@#..+@#.
0x70,0x02,0x40,0xbc,0x07,0x00,  //%@*...*#*...#@@*..%@+
0xa0,0x00,0x00,0xbc,0x07,0x40,  //##.........*#@@+..*@*
0xe0,0x00,0x0b,0xf8,0x03,0x40,  //@%.......+%@@@%...*@*
0xe0,0x00,0x2f,0xe0,0x03,0x40,  //@%.......#@@@%....*@*
0xe0,0x00,0x3e,0x00,0x03,0x40,  //@%......*@@#*.....*@*
0xb0,0x00,0x3e,0x00,0x07,0x40,  //%@......+@@%......*@*
0x70,0x00,0x00,0x00,0x0b,0x00,  //%@*...............%@+
0x38,0x00,0x3e,0x00,0x0e,0x00,  //+@%.....+@@%.....+@%.
0x2d,0x00,0x3e,0x00,0x2c,0x00,  //.%@*....*@@%.....#@*.
0x0b,0x00,0x3e,0x00,0x74,0x00,  //..#@*...*@@%....%@%..
0x02,0xd0,0x00,0x02,0xe0,0x00,  //..+#@*........+%@#...
0x00,0xb9,0x00,0x1f,0x40,0x00,  //...+#@#*+...*%@@%....
0x00,0x1b,0xff,0xf8,0x00,0x00,  //.....*#@@@@@@@#*.....
0x00,0x01,0x6a,0x40,0x00,0x00,  //.......*%%%%*+.......


/*  */
0x01,0x40,0x00,0x00,0x00,  //..+**............
0x0b,0xe0,0x00,0x00,0x00,  //..#@@%...........
0x0f,0xf0,0x00,0x00,0x00,  //.*@@@@...........
0x0b,0xe0,0x00,0x00,0x00,  //..#@@%...........
0x01,0x40,0x00,0x00,0x00,  //..+**............
0x07,0x80,0x00,0x00,0x00,  //..%@#+...........
0x0f,0xe0,0x00,0x00,0x00,  //.*@@@#+..........
0x2f,0xb8,0x00,0x00,0x00,  //.%@@#@#..........
0x7f,0xae,0x00,0x00,0x00,  //*@@@%#@%.........
0xbb,0xeb,0x40,0x00,0x00,  //#@%@@%#@*........
0xe3,0xe3,0xd0,0x00,0x00,  //@#*@@%*@@*.......
0xd3,0xe1,0xe0,0x00,0x00,  //@%*@@%.*@#+......
0xe3,0xe0,0x78,0x00,0x00,  //@%*@@%..%@#......
0xe7,0xe0,0x2c,0x00,0x00,  //@#*@@%...#@+.....
0xb7,0xe0,0x01,0x00,0x00,  //#@*@@%....+*.....
0x0b,0xd0,0x00,0x00,0x00,  //**%@@%.....**....
0x0b,0xe4,0x00,0x40,0x00,  //..#@@%*.....%....
0x0f,0xa8,0x00,0x10,0x00,  //.*@@###......*...
0x1f,0x7c,0x00,0x10,0x00,  //.%@@%@@+.....*+..
0x2f,0x3d,0x00,0x04,0x00,  //.#@@+@@%......*..
0x3e,0x1e,0x00,0x00,0x00,  //*@@%.%@#......+*.
0x7d,0x0f,0x40,0x00,0x00,  //%@@*.*@@*......*.
0xb8,0x0b,0x80,0x00,0x00,  //#@#...#@#.......*
0xb4,0x07,0x80,0x00,0x00,  //#@%...%@#.......+


/*  */
0x00,0x02,0xff,0x8f,0xfe,0x40,0x48,0x40,  //.......%@@@@%*@@@@@#%+.**.%.**.
0x00,0x07,0xff,0x8f,0xff,0xf4,0x85,0x20,  //......*@@@@@%*@@@@@@@@*.%.**.%.
0x00,0x0f,0xff,0x8f,0xeb,0xfc,0x52,0x10,  //.....*@@@@@@%*@@@##@@@@+**.#.%*
0x00,0x2f,0xbf,0x8f,0xc0,0xfd,0x21,0x04,  //.....#@@#@@@%*@@@*.*@@@%+%.%+*%
0x00,0xbf,0x3f,0x8f,0xc0,0x7e,0x21,0x08,  //....%@@@+@@@%*@@@*..%@@%.#.**.%
0x01,0xfd,0x3f,0x8f,0xc0,0x7e,0x21,0x48,  //...*@@@*.@@@%*@@@*..*@@#.%.**.%
0x03,0xf8,0x3f,0x8f,0xc0,0xbe,0x21,0x08,  //..+@@@#**@@@%*@@@*..%@@%.#.**.%
0x0b,0xff,0xff,0x8f,0xc1,0xfd,0x22,0x04,  //..#@@@@@@@@@%*@@@*.*@@@%+%.%+*%
0x1f,0xff,0xff,0x8f,0xff,0xf8,0x52,0x14,  //.%@@@@@@@@@@%*@@@@@@@@#.**.#.%*
0x7f,0xea,0xbf,0x8f,0xff,0xe0,0x85,0x20,  //*@@@@%%%%@@@%*@@@@@@@#+.%.**.%.
0xbf,0x40,0x2f,0x8f,0xfe,0x41,0x48,0x40,  //#@@@%....#@@%+@@@@@%*..**.%.**.


/*  */
0x00,0x00,0x00,0x07,0x40,  //..............*@*..
0x00,0x00,0x00,0x02,0xc0,  //...............#@+.
0x00,0x00,0x00,0x90,0xe0,  //............#%.*@%.
0x00,0xbd,0x00,0xb4,0x70,  //...*#@@%....#@*.%@+
0x07,0xff,0x04,0x28,0x34,  //..*@@@@@*.*..##.*@*
0x0f,0xfe,0x1d,0x1c,0x38,  //.+@@@@@#.*@%.%@*.@%
0x1f,0xfe,0x0a,0x0d,0x28,  //.%@@@@@%..##.*@*.#%
0x3f,0xfd,0x0b,0x0d,0x28,  //.@@@@@@*..%@.*@*.#%
0x7e,0x58,0x0e,0x1c,0x38,  //*@@#*%%+.*@%.*@*.@%
0xbd,0x00,0x08,0x2c,0x34,  //%@@*.....*%+.#@.+@%
0xbc,0x00,0x00,0x74,0x70,  //#@@*........%@%.%@*
0xfc,0x00,0x00,0xe0,0xa0,  //@@@.........@#..##.
0xfc,0x00,0x00,0x02,0xc0,  //@@@.........+..%@*.
0xfc,0x00,0x00,0x07,0x40,  //@@@...........*@%..
0xfc,0x00,0x00,0x01,0x00,  //@@@...........*%...
0xbc,0x00,0x00,0x00,0x00,  //#@@+...............
0xbd,0x00,0x00,0x00,0x00,  //%@@*...............
0x7e,0x04,0x00,0x00,0x00,  //*@@%***............
0x3f,0xfc,0x00,0x00,0x00,  //+@@@@@@*...........
0x2f,0xfd,0x00,0x00,0x00,  //.%@@@@@%...........
0x0f,0xfe,0x00,0x00,0x00,  //.*@@@@@#...........
0x0b,0xff,0x00,0x00,0x00,  //..%@@@@@+..........
0x01,0xfe,0x00,0x00,0x00,  //...%@@@#...........


/*  */
0x1a,0x00,0xa4,0x00,0x06,0x80,0x11,0x00,  //.%%%....%%%.......%%%+...***.
0xbf,0x82,0xfe,0x00,0x1f,0xe0,0x40,0x40,  //%@@@#..#@@@%.....%@@@#..*...*
0xff,0xc3,0xff,0x00,0x2f,0xf0,0x40,0x00,  //@@@@@++@@@@@.....%@@@@*.*...*
0xbf,0x82,0xfe,0x00,0x2f,0xf0,0x40,0x40,  //#@@@#..#@@@#.....%@@@@+.*...*
0x2f,0x41,0xf8,0x00,0x0b,0xd0,0x11,0x00,  //*#@@*..*@@#*.....+#@@*..*****
0x00,0x00,0x00,0x00,0x00,0x00,0x00,0x00,  //..*+....+*.........*+.....*+.
0x00,0x00,0x00,0x00,0x00,0x00,0x00,0x00,  //.............................
0x2e,0x00,0x54,0x00,0x05,0x40,0x15,0x00,  //.%@#+..+***.......****...***+
0xbf,0x81,0x01,0x00,0x10,0x10,0x40,0x40,  //%@@@#..*...*.....*...*..*...*
0xff,0xc0,0x01,0x00,0x00,0x00,0x40,0x00,  //@@@@@++*...*.....*...**.*...*
0xbf,0x81,0x01,0x00,0x10,0x10,0x40,0x40,  //#@@@#..*...*.....*...*+.*...*
0x2e,0x41,0x44,0x00,0x04,0x40,0x11,0x40,  //+#@#*..****+......****..+****
0x00,0x00,0x00,0x00,0x00,0x00,0x00,0x00,  //..+......+.........+......+..
0x00,0x00,0x00,0x00,0x00,0x00,0x00,0x00,  //..+......+.........+......+..
0x11,0x41,0x44,0x00,0x04,0x40,0x11,0x40,  //+****..****+......****..+****
0x40,0x41,0x01,0x00,0x10,0x10,0x40,0x40,  //*...*..*...*.....*...*+.*...*
0x40,0x00,0x01,0x00,0x00,0x00,0x40,0x00,  //*...*++*...*.....*...**.*...*
0x40,0x41,0x01,0x00,0x10,0x10,0x40,0x40,  //*...*..*...*.....*...*..*...*
0x15,0x00,0x54,0x00,0x05,0x40,0x15,0x00,  //.***+..+***.......****...***+


/*  */
0x00,0x00,0x00,0x00,0x04,0x00,  //..................**....
0x00,0x00,0x00,0x00,0x0b,0x40,  //..................#@*...
0x00,0x00,0x00,0x00,0x02,0xd0,  //..................+#@*..
0x00,0x00,0x00,0x00,0xa0,0xb0,  //...........+....%#+.#@*.
0x00,0x00,0x6f,0xe4,0x28,0x38,  //.......*%#@@@#*.*##++@#.
0x00,0x07,0xe5,0xbe,0x0a,0x1d,  //......%@@#%*%@@#++##.*@*
0x00,0x1e,0x00,0x07,0x87,0x4a,  //.....%@#*..+..%@#.*@%.##
0x00,0x38,0x2f,0x91,0xe2,0xc5,  //....*@#.*#@@#*.*@%.#@.*%
0x00,0xa1,0xe5,0xb4,0xb0,0x80,  //....##.*@#%%#@%.%@**%...
0x00,0xd3,0x80,0x2d,0x34,0x00,  //...*@%+@#+...%@*+@%.....
0x01,0xc7,0x40,0x0e,0x28,0x00,  //...*@**@*.....@%.#%.....
0x01,0xc7,0x00,0x0a,0x2c,0x00,  //...*@**@+.....#%.%@.....
0x00,0x41,0x01,0x00,0x28,0x00,  //....*..*..**..**.#%.....
0x00,0x00,0x0a,0x00,0x34,0x00,  //..........%#....*@%.....
0x00,0x00,0x00,0x00,0xa0,0x00,  //................##+.....
0x00,0x00,0x80,0x02,0xd0,0x00,  //.......+#*.....#@*......
0x00,0x50,0x80,0x07,0x40,0x00,  //....%*..%+....%@%.......
0x00,0xb4,0x00,0x0e,0x00,0x00,  //...+#@*.......@#........
0x00,0x2d,0x00,0x0d,0x00,0x00,  //....+#@*.....*@*........
0x00,0x0b,0x00,0x0d,0x00,0x00,  //.....+#@+....*@*........
0x02,0x01,0x00,0x1c,0x00,0x00,  //..*%+.+*.....%@*........
0x02,0x00,0x00,0x28,0x00,0x00,  //..*%+.......+##.........
0x00,0x00,0x01,0xb0,0x00,0x00,  //+.........*%#@*.........
0xa0,0x00,0x1f,0x80,0x00,0x00,  //#%.......*@@#*..........


/*  */
0x00,0x00,0x10,0x00,0x00,0x00,0x00,0x00,  //.........**....................
0x00,0x00,0xbc,0x00,0x00,0x00,0x00,0x00,  //........#@@+...................
0x00,0x01,0xf8,0x00,0x00,0x00,0x00,0x00,  //.......%@@#....................
0x00,0x03,0xe6,0xa0,0x00,0x00,0x00,0x00,  //......*@@#*%#%.................
0x00,0x0b,0xef,0xf0,0x00,0x00,0x00,0x00,  //......#@@#@@@@.................
0x00,0x0f,0xff,0x90,0x00,0x00,0x00,0x00,  //.....*@@@@@@%*.................
0x00,0x1f,0xfe,0xa4,0x00,0x00,0x06,0x40,  //.....%@@@@@#%%*...........*#%..
0x00,0x2f,0xff,0xfe,0x06,0x95,0x6f,0xc0,  //.....%@@@@@@@@@%.+%%%****#@@@+.
0x00,0x3f,0xfe,0xbe,0x2f,0xff,0xff,0xd0,  //....+@@@@@@#%@@%*#@@@@@@@@@@@%.
0x00,0xbf,0xff,0x80,0xbe,0xff,0xff,0xf0,  //....%@@@@@@@#**+#@@#@@@@@@@@@@+
0x00,0xff,0xff,0xf4,0xf4,0x2f,0xff,0xf4,  //...*@@@@@@@@@@**@@*..#@@@@@@@@%
0x02,0xff,0xf9,0xf8,0xa0,0x1f,0xff,0xf8,  //..*#@@@@@@%%@@#.%%...%@@@@@@@@%
0x1f,0xff,0xe0,0x38,0xf0,0x2f,0xff,0x90,  //+%@@@@@@@%..*@#*@@*..#@@@@@@#*.
0xbf,0xff,0xd0,0x24,0xfe,0xbf,0xfe,0x00,  //#@@@@@@@@*...#%+@@@%#@@@@@@%...
0xbf,0xff,0xe0,0x7c,0x7f,0xff,0xf8,0x00,  //%@@@@@@@@#+.%@@.*@@@@@@@@@#+...
0x3f,0xff,0xff,0xf8,0x4a,0xff,0xf4,0x00,  //*@@@@@@@@@@@@@#+**%%@@@@@@*....
0x2f,0xff,0xff,0xe2,0xff,0xff,0xe0,0x00,  //.%@@@@@@@@@@@#.#@@@@@@@@@#.....
0x0f,0xe0,0x15,0x42,0xff,0xff,0xd0,0x00,  //.*@@@%*******..#@@@@@@@@@%.....
0x06,0x00,0x00,0x00,0x1a,0xff,0xd0,0x00,  //..%%*...........**%#@@@@@*.....
0x00,0x00,0x00,0x00,0x1b,0xff,0xc0,0x00,  //.................%#@@@@@@+.....
0x00,0x00,0x00,0x00,0x3f,0xef,0x40,0x00,  //................*@@@@#@@%......
0x00,0x00,0x00,0x00,0x29,0x2e,0x00,0x00,  //.................%%**#@#+......
0x00,0x00,0x00,0x00,0x00,0xbd,0x00,0x00,  //...................+#@@*.......
0x00,0x00,0x00,0x00,0x00,0xf4,0x00,0x00,  //...................+@@*........


/*  */
0x00,0x00,0x00,0x00,0x00,0x10,  //....................+*..
0x00,0x00,0x00,0x00,0x00,0xb4,  //...................+#@%.
0x00,0x00,0x00,0x00,0x02,0xfd,  //..................+#@@@%
0x00,0x00,0x00,0x00,0x0b,0xfe,  //...........+.....+#@@@@#
0x00,0x00,0x6f,0xe4,0x2f,0xf8,  //.......*%#@@@#*..#@@@@#.
0x00,0x07,0xe5,0xbe,0x0f,0xe0,  //......%@@#%*%@@#++@@@#..
0x00,0x1e,0x00,0x07,0x87,0x80,  //.....%@#*..+..%@#.*@#...
0x00,0x38,0x2f,0x91,0xe2,0x00,  //....*@#.*#@@#*.*@%.%....
0x00,0xa1,0xe5,0xb4,0xb0,0x00,  //....##.*@#%%#@%.%@*.....
0x00,0xd3,0x80,0x2d,0x34,0x00,  //...*@%+@#+...%@*+@%.....
0x01,0xc7,0x40,0x0e,0x28,0x00,  //...*@**@*.....@%.#%.....
0x01,0xc7,0x00,0x0a,0x2c,0x00,  //...*@**@+.....#%.%@.....
0x00,0x41,0x00,0x00,0x28,0x00,  //....*..*......**.#%.....
0x00,0x00,0x00,0x00,0x34,0x00,  //.......+........*@%.....
0x00,0x02,0x80,0x00,0xa0,0x00,  //......+##.......##+.....
0x00,0x0b,0xe0,0x02,0xd0,0x00,  //.....+#@@#.....#@*......
0x00,0x2f,0xf8,0x07,0x40,0x00,  //....+#@@@@%...%@%.......
0x00,0xbf,0xe0,0x0e,0x00,0x00,  //...+#@@@@#....@#........
0x02,0xff,0x80,0x0d,0x00,0x00,  //..+#@@@@#....*@*........
0x0b,0xfe,0x00,0x0d,0x00,0x00,  //.+#@@@@#.....*@*........
0x2f,0xf8,0x00,0x1c,0x00,0x00,  //+#@@@@#......%@*........
0xbf,0xe0,0x00,0x28,0x00,0x00,  //#@@@@#......+##.........
0x7f,0x80,0x01,0xb0,0x00,0x00,  //*@@@#.....*%#@*.........
0x1e,0x00,0x1f,0x80,0x00,0x00,  //.*@#.....*@@#*..........


/*  */
0x06,0xaa,0xaa,0xaa,0xa4,0x00,  //.+%%%%%%%%%%%%%%%%*..
0x2f,0xff,0xff,0xff,0xfd,0x00,  //+#@@@@@@@@@@@@@@@@@%.
0xbf,0xff,0xea,0xbf,0xff,0x00,  //%@@@@@@@@#%%#@@@@@@@*
0xff,0xfe,0x00,0x2f,0xff,0x40,  //@@@@@@@#*....%@@@@@@*
0xff,0xfc,0x04,0x0f,0xff,0x40,  //@@@@@@@+..**.+@@@@@@*
0xff,0xf4,0x1d,0x0f,0xff,0x40,  //@@@@@@*..%@*..@@@@@@*
0xff,0xf0,0x3d,0x0f,0xff,0x40,  //@@@@@@..+@@*..@@@@@@*
0xff,0xe0,0x7c,0x0f,0xff,0x40,  //@@@@@%..*@@*.+@@@@@@*
0xff,0xe0,0x7c,0x0f,0xff,0x40,  //@@@@@%..*@@..*@@@@@@*
0xff,0xe0,0x78,0x14,0x2f,0x40,  //@@@@@%..*@#..**+.%@@*
0xff,0xe0,0x24,0x00,0x0f,0x40,  //@@@@@#...%*......+@@*
0xff,0xf4,0x00,0x1b,0xef,0x40,  //@@@@@@%......*#@@#@@*
0xff,0xfe,0x00,0x3f,0xff,0x40,  //@@@@@@@%**..+@@@@@@@*
0xff,0xf0,0xb0,0x7f,0xff,0x40,  //@@@@@@*+%@..*@@@@@@@*
0xff,0xd0,0xa0,0xbf,0xff,0x40,  //@@@@@%..#%..%@@@@@@@*
0xff,0xd1,0xc0,0xff,0xff,0x40,  //@@@@@*.*@*.+@@@@@@@@*
0xff,0xd0,0x02,0xff,0xff,0x40,  //@@@@@%.**..#@@@@@@@@*
0xbf,0xf0,0x0b,0xff,0xff,0x40,  //#@@@@@*..+#@@@@@@@@@*
0x7f,0xfe,0xbf,0xff,0xff,0x00,  //%@@@@@@##@@@@@@@@@@@*
0x2f,0xff,0xff,0xff,0xfd,0x00,  //.#@@@@@@@@@@@@@@@@@%.
0x06,0xaa,0xaa,0xaa,0x90,0x00,  //..*%%%%%%%%%%%%%%%*..


/*  */
0x00,0x01,0x54,0x00,0x00,  //......+****+........
0x00,0x2f,0xff,0x40,0x00,  //....+%@@@@@@*.......
0x00,0xbf,0xff,0xc0,0x00,  //...+#@@@@@@@@*......
0x02,0xfe,0x1f,0xd0,0x00,  //..+#@@@#**@@@%......
0x0b,0xf8,0x0f,0xe0,0x00,  //..%@@@#...@@@%......
0x0f,0xf0,0x0f,0xe0,0x00,  //.*@@@@+..+@@@%......
0x1f,0xe0,0x0f,0xe0,0x00,  //.%@@@%...*@@@%......
0x2f,0xd0,0x1f,0xd0,0x00,  //.#@@@*...*@@@%......
0x3f,0xc0,0x2f,0xd0,0x00,  //.@@@@*...%@@@*......
0x3f,0xc0,0x2f,0xc0,0x00,  //*@@@@*...#@@@+......
0x3f,0xc0,0x3f,0xc1,0xa4,  //*@@@@*..+@@@@.+*%%*.
0x3f,0xd0,0x3f,0x9f,0xf8,  //.@@@@*..*@@@#%@@@@#+
0x2f,0xe0,0x7f,0xff,0xfe,  //.%@@@#+.%@@@@@@@@@@%
0x0f,0xff,0xff,0xe4,0x01,  //.*@@@@@@@@@@@#%*****
0x07,0xff,0xff,0x40,0x00,  //..*@@@@@@@@@*.......
0x00,0x6f,0xfe,0x00,0x00,  //...*%#@@@@@#........
0x05,0x00,0xfe,0x00,0x00,  //..**...*@@@%........
0x1f,0x91,0xfd,0x00,0x00,  //.%@@#*.*@@@*........
0x3f,0x82,0xfc,0x00,0x00,  //+@@@%..#@@@+........
0x7e,0x03,0xf8,0x00,0x00,  //*@@#..+@@@%.........
0x7d,0x0b,0xf0,0x00,0x00,  //*@@*..%@@@+.........
0x7e,0x2f,0xd0,0x00,0x00,  //*@@%*%@@@*..........
0x2f,0xff,0x40,0x00,0x00,  //.#@@@@@@%...........
0x0b,0xf9,0x00,0x00,0x00,  //.+#@@@#*............


/*  */
0x00,0x00,0x04,0x10,0x00,0x00,  //.........**..**.......
0x00,0x00,0x3d,0x7c,0x00,0x00,  //........+@@**@@.......
0x00,0x00,0x2e,0x7d,0x00,0x00,  //.........#@#*@@*......
0x00,0x02,0x5f,0x6e,0x00,0x00,  //.......%**@@*#@#......
0x00,0x07,0xdb,0xdf,0x40,0x00,  //......*@@*#@@%@@*...+.
0x00,0x02,0xe7,0xef,0x80,0xe0,  //......+#@#*@@#@@#..*@#
0x00,0x00,0xfa,0xfb,0xd1,0xf0,  //.......*@@##@@#@@*.*@@
0x00,0x0a,0x7e,0xff,0xe1,0xf0,  //......%%%@@#@@@@@#.*@@
0x00,0x0f,0xaf,0xff,0xf5,0xf0,  //.....*@@##@@@@@@@@**@@
0x00,0x0b,0xe5,0x7f,0xfa,0xf0,  //......#@@#**%@@@@@#%@@
0x00,0x02,0xdf,0x9b,0xff,0xf0,  //.......#@%@@#*#@@@@@@@
0x00,0x00,0x9b,0xf5,0xff,0xf0,  //........#%#@@@%%@@@@@@
0x01,0x40,0x29,0xfe,0x7f,0xe0,  //..+**+..+#%%@@@#*@@@@#
0x0b,0xfa,0x55,0x7f,0xaf,0xe0,  //..%@@@#%**%%*@@@#%@@@%
0x07,0xff,0xff,0xbf,0xdb,0xd0,  //..*@@@@@@@@@%@@@@%%@@*
0x14,0x5b,0xff,0xff,0xf7,0x80,  //****%%#@@@@@@@@@@@%@%.
0xbf,0xfe,0xff,0xff,0xf8,0x00,  //#@@@@@@#@@@@@@@@@@%+..
0x7f,0xff,0xff,0xff,0xf4,0x00,  //%@@@@@@@@@@@@@@@@@*...
0x05,0xab,0xff,0xff,0xf4,0x00,  //..**%%#@@@@@@@@@@@*...
0x2f,0xff,0xff,0xff,0xf0,0x00,  //.#@@@@@@@@@@@@@@@@*...
0x3f,0xff,0xff,0xff,0xf0,0x00,  //+@@@@@@@@@@@@@@@@@....
0x05,0x6b,0xff,0xff,0xe0,0x00,  //.***%%#@@@@@@@@@@#....
0x00,0xff,0xff,0xff,0xd0,0x00,  //...*@@@@@@@@@@@@@%....
0x01,0xff,0xfa,0x95,0x00,0x00,  //...*@@@@@@#%%****.....


/*  */
0x00,0x0b,0x00,0x00,0x00,0x00,  //.....*#@+...............
0x00,0x0f,0x80,0x00,0x00,0x00,  //.....*@@%...............
0x00,0x0b,0xd1,0x40,0x00,0x00,  //......%@@*****+.........
0x00,0x03,0xff,0xfe,0x40,0x00,  //......*@@@@@@@@#%+......
0x00,0x2f,0xff,0xff,0xf8,0x00,  //....+%@@@@@@@@@@@@%+....
0x00,0xb8,0xbd,0x5f,0xae,0x00,  //...*#@#*#@@%*%@@#%@#*...
0x07,0xa8,0x7d,0x02,0xc2,0xd0,  //..*@###.*@@%*.+#@**#@*..
0x1f,0x1d,0x2f,0xe1,0xe0,0xb4,  //.*@@**@*.#@@@#.*@%.+#@*.
0x2f,0x4a,0x1f,0xf4,0xe0,0x28,  //+#@@*.##.*@@@@%.@#..+##+
0xb2,0x87,0x4b,0xf8,0xf0,0x0e,  //%@*##.*@%.#@@@#.@@...*@%
0xe1,0xd2,0xc7,0xff,0xe0,0x0b,  //@#.*@%.#@+*@@@@@@#....#@
0x74,0xb0,0xe2,0xff,0xd0,0x1d,  //*@*.%@+*@%.%@@@@@%...%@*
0x28,0x38,0xb0,0xff,0xc0,0x78,  //.##.*@%.%@**@@@@@+..*@#.
0x09,0x2c,0x38,0xbf,0x41,0xe0,  //..#%.%@*+@%.%@@@*..*@#..
0x02,0x0e,0x1c,0x3e,0x0b,0x80,  //...#++@%.%@*+@@#.+%@#...
0x00,0x07,0x0e,0x1f,0xbd,0x00,  //....*.%@*+@#.%@@%@@%....
0x00,0x03,0x87,0x4f,0xe0,0x00,  //......+@#.%@*+@@@%*.....
0x00,0x00,0x42,0x87,0xd0,0x00,  //.......+%*.##.*@@*......
0x00,0x00,0x00,0x02,0xe0,0x00,  //...............#@#......
0x00,0x00,0x00,0x01,0xf4,0x00,  //...............*@@*.....
0x00,0x00,0x00,0x00,0x90,0x00,  //................#%+.....


/*  */
0x00,0x00,0x00,0x00,0x00,  //.................
0x00,0x00,0x40,0x00,0x40,  //........*......**
0x00,0x00,0x10,0x02,0x80,  //.........*....*##
0x00,0x00,0x10,0x6f,0xc0,  //.........*..*#@@@
0x00,0x00,0x02,0xfe,0xc0,  //.........+*%@@@#@
0x00,0x00,0x07,0xfa,0xc0,  //..........*@@@##@
0x00,0x6f,0x87,0xeb,0x80,  //....*#@@#**@@%#@#
0x06,0xea,0x81,0x6f,0x00,  //..*#@#%%#.**%#@@*
0x0e,0x40,0x00,0x79,0x00,  //.*@#*.....*+%@#*.
0x28,0x00,0x04,0x00,0x00,  //.##+......**.....
0x74,0x00,0x04,0x00,0x00,  //*@*.......**+*...
0xb0,0x00,0x04,0xa0,0x00,  //#@........%*##...
0xe0,0x00,0x08,0xb0,0x00,  //@%........#+%@...
0xe0,0x00,0x08,0xb0,0x00,  //@%........#.%@...
0xa0,0x00,0x14,0xb0,0x00,  //##.......*%.#@...
0x70,0x00,0x20,0xe0,0x00,  //%@+......%++@%...
0x38,0x00,0x52,0xc0,0x00,  //*@%.....**.%@*...
0x1d,0x00,0x47,0x80,0x00,  //.%@%...+%.%@%....
0x0b,0x96,0x6e,0x00,0x00,  //..#@#**%*#@#.....
0x01,0xbf,0xe4,0x00,0x00,  //...*#@@@@#*......


/*  */
0x06,0xaa,0xaa,0xaa,0xa4,0x00,  //.+%%%%%%%%%%%%%%%%*..
0x2f,0xff,0xff,0xff,0xfd,0x00,  //+#@@@@@@@@@@@@@@@@@%.
0xbf,0xff,0xff,0xff,0xff,0x00,  //%@@@@@@@@@@@@@@@@@@@*
0xff,0xff,0xfb,0xff,0xff,0x40,  //@@@@@@@@@@#@@@@@@@@@*
0xff,0xff,0xfb,0xf8,0xff,0x40,  //@@@@@@@@@@%@@@#*@@@@*
0xff,0xff,0xfa,0x90,0xbf,0x40,  //@@@@@@@@@@###*..#@@@*
0xff,0xff,0xfe,0x00,0xbf,0x40,  //@@@@@@@@@@@%..++%@@@*
0xff,0xfe,0x56,0x00,0xff,0x40,  //@@@@@@@%**%#.++.@@@@*
0xff,0xe0,0x16,0x41,0xff,0x40,  //@@@@@#*.***#*+.*@@@@*
0xff,0xc2,0xfe,0x97,0xff,0x40,  //@@@@@*+#@@@%#%%@@@@@*
0xff,0x8b,0xfd,0x6f,0xff,0x40,  //@@@@%.#@@@@%%%@@@@@@*
0xff,0x4f,0xfd,0x4f,0xff,0x40,  //@@@@**@@@@@*%.@@@@@@*
0xff,0x5f,0xfc,0x8f,0xff,0x40,  //@@@@**@@@@@*%.@@@@@@*
0xff,0x4f,0xf9,0x8f,0xff,0x40,  //@@@@**@@@@#*%.@@@@@@*
0xff,0x8b,0xf6,0x1f,0xff,0x40,  //@@@@#.#@@@*#**@@@@@@*
0xff,0xd2,0xd8,0x2f,0xff,0x40,  //@@@@@*.%@%%*.#@@@@@@*
0xff,0xf4,0x00,0xbf,0xff,0x40,  //@@@@@@*.++.*#@@@@@@@*
0xbf,0xff,0xab,0xff,0xff,0x40,  //#@@@@@@@%%#@@@@@@@@@*
0x7f,0xff,0xff,0xff,0xff,0x00,  //%@@@@@@@@@@@@@@@@@@@*
0x2f,0xff,0xff,0xff,0xfd,0x00,  //.#@@@@@@@@@@@@@@@@@%.
0x06,0xaa,0xaa,0xaa,0x90,0x00,  //..*%%%%%%%%%%%%%%%*..


/*  */
0x00,0x01,0xaa,0x50,0x00,0x00,  //......+*%%%%%*.......
0x00,0x2f,0xff,0xf9,0x00,0x00,  //....+%@@@@@@@@#*.....
0x00,0xbf,0xff,0xff,0x80,0x00,  //...*#@@@@@@@@@@@%....
0x07,0xff,0xfb,0xff,0xe0,0x00,  //..*@@@@@@@#@@@@@@#...
0x0b,0xfe,0x00,0x7f,0xf8,0x00,  //.+#@@@@#*...*@@@@@%..
0x2f,0xf8,0x00,0x1f,0xfc,0x00,  //.%@@@@#+.....*@@@@@*.
0x3f,0xf4,0x00,0x0f,0xfe,0x00,  //*@@@@@%.......@@@@@#.
0x7f,0xf4,0x00,0x0f,0xff,0x00,  //%@@@@@*.......@@@@@@+
0xbf,0xf4,0x00,0x0f,0xff,0x40,  //#@@@@@*.......@@@@@@*
0xff,0x80,0x00,0x00,0xff,0x40,  //@@@@#..........*@@@@*
0xff,0xe0,0x00,0x06,0xff,0x40,  //@@@@@#+.......*#@@@@*
0xff,0xf0,0x00,0x07,0xff,0x40,  //@@@@@@*.......%@@@@@*
0xbf,0xd0,0x00,0x02,0xff,0x40,  //%@@@@*.........#@@@@*
0x7e,0x00,0x00,0x00,0x7f,0x00,  //%@@%+...........*@@@+
0x3e,0x40,0x00,0x00,0x7e,0x00,  //+@@#*..........*%@@%.
0x2f,0xe5,0x00,0x16,0xfc,0x00,  //.%@@@%**....+**#@@@*.
0x0b,0xff,0x91,0xff,0xf4,0x00,  //..#@@@@@#**%@@@@@@%..
0x02,0xff,0xff,0xff,0xe0,0x00,  //..+#@@@@@@@@@@@@@#...
0x00,0xbf,0xff,0xff,0x40,0x00,  //...+#@@@@@@@@@@@%....
0x00,0x1b,0xff,0xf8,0x00,0x00,  //.....*#@@@@@@@#*.....
0x00,0x01,0x6a,0x40,0x00,0x00,  //.......*%%%%*+.......


/*  */
0x00,0x00,0x5a,0x90,0x00,0x00,  //........*%%%%*........
0x00,0x02,0xff,0xf8,0x00,0x00,  //.......#@@@@@@#+......
0x00,0x0b,0xff,0xfe,0x00,0x00,  //......#@@@@@@@@#+.....
0x00,0x1f,0xff,0xff,0x80,0x00,  //.....*@@@@@@@@@@%.....
0x00,0x2f,0xff,0xff,0xc0,0x00,  //.....%@@@@@@@@@@@.....
0x00,0x2f,0xff,0xff,0xc0,0x00,  //.....%@@@@@@@@@@@.....
0x00,0x2f,0xff,0xff,0xc0,0x00,  //.....%@@@@@@@@@@@.....
0x00,0x2f,0xff,0xff,0xc0,0x00,  //.....%@@@@@@@@@@@.....
0x01,0x6f,0xff,0xff,0xc4,0x00,  //..+%*#@@@@@@@@@@@*%*..
0x07,0xff,0xff,0xff,0xfe,0x00,  //..*@@@@@@@@@@@@@@@@%..
0x00,0x7f,0xff,0xff,0xe0,0x00,  //...+%@@@@@@@@@@@@#*...
0x00,0x3f,0xff,0xff,0xc0,0x00,  //.....@@@@@@@@@@@@*....
0x00,0x7f,0xff,0xff,0xd0,0x00,  //....*@@@@@@@@@@@@%....
0x00,0xbf,0xff,0xff,0xf4,0x00,  //...+#@@@@@@@@@@@@@*...
0x02,0xff,0xff,0xff,0xfd,0x00,  //..+#@@@@@@@@@@@@@@@*..
0x1f,0xff,0xff,0xff,0xff,0x90,  //*%@@@@@@@@@@@@@@@@@@%*
0x7f,0xff,0xff,0xff,0xff,0xe0,  //*@@@@@@@@@@@@@@@@@@@@%
0x02,0xff,0xff,0xff,0xfd,0x00,  //.+*#@@@@@@@@@@@@@@@*+.
0x01,0xab,0xff,0xfe,0xa8,0x00,  //...*%%%@@@@@@@@#%%%...
0x00,0x00,0xbf,0xe0,0x00,0x00,  //.......+#@@@@#*.......
0x00,0x00,0x1a,0x40,0x00,0x00,  //.........*%%*+........


/*  */
0x06,0xaa,0xaa,0xaa,0xa4,0x00,  //.+%%%%%%%%%%%%%%%%*..
0x2f,0xff,0xff,0xff,0xfd,0x00,  //+#@@@@@@@@@@@@@@@@@%.
0xbf,0xff,0xff,0xff,0xff,0x00,  //%@@@@@@@@@@@@@@@@@@@*
0xff,0xff,0xfb,0xff,0xff,0x40,  //@@@@@@@@@@#@@@@@@@@@*
0xff,0xfe,0x00,0x7f,0xff,0x40,  //@@@@@@@#*...*@@@@@@@*
0xff,0xf8,0x00,0x1f,0xff,0x40,  //@@@@@@#+.....*@@@@@@*
0xff,0xf4,0x00,0x0f,0xff,0x40,  //@@@@@@%.......@@@@@@*
0xff,0xf4,0x00,0x0f,0xff,0x40,  //@@@@@@*.......@@@@@@*
0xff,0xf4,0x00,0x0f,0xff,0x40,  //@@@@@@*.......@@@@@@*
0xff,0x80,0x00,0x00,0xff,0x40,  //@@@@#..........*@@@@*
0xff,0xe0,0x00,0x06,0xff,0x40,  //@@@@@#+.......*#@@@@*
0xff,0xf0,0x00,0x07,0xff,0x40,  //@@@@@@*.......%@@@@@*
0xff,0xd0,0x00,0x02,0xff,0x40,  //@@@@@*.........#@@@@*
0xfe,0x00,0x00,0x00,0x6f,0x40,  //@@@%+...........*#@@*
0xfe,0x40,0x00,0x00,0x7f,0x40,  //@@@#*..........*%@@@*
0xff,0xe5,0x00,0x16,0xff,0x40,  //@@@@@%**....+**#@@@@*
0xff,0xff,0x91,0xff,0xff,0x40,  //@@@@@@@@#**%@@@@@@@@*
0xbf,0xff,0xff,0xff,0xff,0x40,  //#@@@@@@@@@@@@@@@@@@@*
0x7f,0xff,0xff,0xff,0xff,0x00,  //%@@@@@@@@@@@@@@@@@@@*
0x2f,0xff,0xff,0xff,0xfd,0x00,  //.#@@@@@@@@@@@@@@@@@%.
0x06,0xaa,0xaa,0xaa,0x90,0x00,  //..*%%%%%%%%%%%%%%%*..


/*  */
0x00,0x00,0x00,0x00,0x00,0x00,0x00,0x00,  //..............................+
0x00,0x00,0x00,0x00,0x00,0x00,0x00,0x00,  //............................**.
0x00,0x00,0x00,0x00,0x00,0x00,0x01,0x00,  //...........................%*..
0x00,0x00,0x00,0x00,0x00,0x00,0x05,0x00,  //..........................%*...
0x00,0x00,0x00,0x00,0x00,0x00,0x18,0x00,  //.........................%%....
0x00,0x00,0x00,0x00,0x00,0x00,0x70,0x00,  //........................*@+....
0x00,0x00,0x00,0x00,0x00,0x00,0xa0,0x00,  //.......................+##.....
0x00,0x00,0x00,0x00,0x00,0x02,0xe0,0x00,  //.......................%@%.....
0x00,0x00,0x00,0x00,0x00,0x07,0xd0,0x00,  //......................*@@*.....
0x00,0x00,0x00,0x00,0x00,0x0b,0x80,0x00,  //......................#@#+.....
0x00,0x00,0x00,0x00,0x00,0x1e,0x00,0x00,  //.....................*@#+......
0x00,0x00,0x00,0x6a,0x90,0x24,0x00,0x00,  //............*%##%*...#*........
0x00,0x00,0x02,0xff,0xf4,0x50,0x00,0x00,  //..........+#@@@@@@%.**.........
0x00,0x00,0x1b,0xff,0xfd,0x80,0x00,0x00,  //.........*#@@@@@@@@*%..........
0x00,0x00,0x3f,0xff,0xff,0x00,0x00,0x00,  //........*@@@@@@@@@@@+..........
0x00,0x00,0xbf,0xf9,0x00,0x00,0x00,0x00,  //.......+#@@@@@%**..............
0x00,0x02,0xfe,0x41,0xaf,0xe8,0x00,0x00,  //.......%@@@#*++*%#@@@%%+.......
0x00,0x07,0xf8,0x6f,0xff,0xf8,0x00,0x00,  //......*@@@%**#@@@@@@@@#........
0x00,0x0b,0x9b,0xff,0xff,0xf4,0x00,0x00,  //......#@#%%@@@@@@@@@@@*........
0x00,0x1e,0xbf,0xff,0xff,0xe0,0x00,0x00,  //.....%@##@@@@@@@@@@@@#.........
0x01,0xbf,0xff,0xff,0xff,0xc0,0x00,0x00,  //.+**%@@@@@@@@@@@@@@@@*.........
0x7f,0xff,0xfe,0x95,0x56,0x40,0x00,0x00,  //%@@@@@@@@@@#%%****%%%..........
0x06,0xa5,0x00,0x00,0x00,0x00,0x00,0x00,  //.+*%%%%**+.....................


/*  */
0x00,0x00,0x04,0x00,0x00,0x00,  //.........+*..........
0x00,0x00,0x66,0x00,0x00,0x00,  //........*#%#*........
0x00,0x06,0x58,0xa0,0x00,0x00,  //......*#**%*%%+......
0x00,0x24,0xbf,0x49,0x00,0x00,  //....*%%*%@@@**#*.....
0x01,0x87,0x95,0xa5,0x90,0x00,  //...%%*%@%%*%##**#*...
0x18,0x65,0x6c,0x9a,0x18,0x00,  //.*#**#%%*%@*%*%%*%%*.
0x92,0x93,0xad,0xe2,0xd2,0x40,  //#**##**@#%@%@%+%@%*%*
0x9f,0x7a,0xee,0xda,0xb8,0x40,  //%*@@*@%%@%@#@*##%@#**
0x9d,0x2e,0xfe,0xed,0x2c,0x40,  //%*@%*#@#@@@#@#@%+#@**
0x9d,0x9b,0xff,0xf6,0xdc,0x40,  //%*@%#%#@@@@@@@%%@%@**
0x99,0xff,0xff,0xff,0x9c,0x40,  //%*%%@@@@@@@@@@@@#*@**
0x95,0x6f,0xff,0xfe,0x5c,0x40,  //%***%#@@@@@@@@@%**@**
0x9b,0xff,0xff,0xff,0xec,0x40,  //%*%@@@@@@@@@@@@@@%@**
0x95,0x6f,0xff,0xf9,0x5c,0x40,  //%****#@@@@@@@@#%**@**
0x9a,0xfb,0xff,0xff,0xdc,0x40,  //%*%%@@#@@@@@@@@@@*@**
0x9d,0x9b,0xff,0xf9,0x9c,0x40,  //%*@%#%#@@@@@@@%%#%@**
0x9e,0x2e,0xee,0xad,0x2c,0x40,  //%*@%+#@#@#@###@%+#@**
0x9f,0x66,0xde,0xd9,0xb8,0x40,  //%*@@%#%#@%@#@*#%%@#**
0x92,0xd3,0xad,0xe2,0x92,0x00,  //%%*%@%*@#%@*@#*%#**#*
0x09,0x69,0x1c,0x59,0x24,0x00,  //.*#**#%%*%@+%*#%*%%..
0x01,0x86,0xaa,0xe1,0x80,0x00,  //...*#**##%%%@#*%%*...
0x00,0x18,0x7e,0x59,0x00,0x00,  //.....%%*%@@#**#*.....
0x00,0x02,0x44,0x90,0x00,0x00,  //......*%%***#*.......
0x00,0x00,0x6a,0x00,0x00,0x00,  //........*#%%+........


/*  */
0x00,0x00,0x00,0x00,0x54,0x00,  //...............+***...
0x00,0x00,0x00,0x01,0xf8,0x00,  //...............*@@#...
0x00,0x00,0x00,0x02,0xf4,0x00,  //...............#@@*...
0x01,0xaa,0xaa,0x93,0xf0,0x00,  //..+*%%%%%%%%%*+@@@+*..
0x19,0x00,0x00,0x07,0xe2,0x80,  //.*#**********+%@@%.%%.
0x20,0x00,0x00,0x0b,0xd0,0x50,  //*#............#@@*..%%
0x80,0x00,0x00,0x0f,0x80,0x20,  //#*...+**+....*@@#....#
0xc0,0x1f,0x40,0x1f,0x40,0x20,  //@....*@@%....%@@%....%
0xc0,0x0b,0x80,0x2f,0x00,0x20,  //@.....#@#....#@@*....%
0xc0,0x07,0xc0,0x3e,0x00,0x20,  //@.....%@@+..*@@#.....%
0xc0,0x03,0xd0,0xbd,0x00,0x20,  //@.....*@@%..%@@*.....%
0xc0,0x02,0xe0,0xfc,0x00,0x20,  //@......#@#..@@@+.....%
0xc0,0x01,0xf1,0xf8,0x00,0x20,  //@......*@@+*@@%......%
0xc0,0x00,0xf6,0xf4,0x00,0x20,  //@.......@@*#@@*......%
0xc0,0x00,0xbb,0xe0,0x00,0x20,  //@.......%@#@@#.......%
0xc0,0x00,0x3f,0xd0,0x00,0x20,  //@.......*@@@@%.......%
0xc0,0x00,0x2f,0xc0,0x00,0x20,  //@........#@@@*.......%
0xc0,0x00,0x2f,0x80,0x00,0x20,  //@........%@@#........%
0xc0,0x00,0x2f,0x40,0x00,0x20,  //@........%@@*........%
0x80,0x00,0x2f,0x00,0x00,0x20,  //#+.......#@@+........%
0x60,0x00,0x7d,0x00,0x00,0x20,  //*#......*@@%.........%
0x18,0x02,0xf8,0x00,0x00,0x20,  //.%#**.+%@@#++********#
0x02,0x8b,0xf0,0xaa,0xaa,0xa0,  //..*%%+%@@@*.%%%%%%%%%%
0x00,0x0b,0x80,0x00,0x00,0x00,  //......%@#*............


/*  */
0x00,0x00,0x00,0x01,0x40,0x00,  //...............***......
0x00,0x00,0x01,0xab,0xe0,0x00,  //..........+*%%#@@#......
0x00,0x00,0x2f,0xff,0xe0,0x00,  //.........%@@@@@@@#+.....
0x00,0x00,0x86,0xff,0xf4,0x00,  //.......+#+*%@@@@@@%.....
0x00,0x02,0x8d,0xe4,0x18,0x00,  //.......##*@%@#****#*....
0x00,0x07,0xc5,0x40,0x02,0x00,  //......%@@.**%.....+#....
0x01,0x5f,0xeb,0x00,0x01,0x00,  //...***@@@#%@.......**...
0x0b,0xef,0xfd,0x00,0x00,0x40,  //.+#@@#@@@@@%........**..
0x2f,0xbf,0xf9,0x00,0x00,0xb8,  //.%@@#@@@@@%*........%@#.
0x3f,0x7f,0xf4,0x00,0x00,0xbd,  //+@@@%@@@@@**........%@@%
0x7f,0x3f,0xf5,0x00,0x00,0xbe,  //*@@@*@@@@@**........#@@#
0xbe,0x3f,0xf4,0x00,0x00,0xff,  //%@@#+@@@@@**+......+@@@@
0xbe,0x2f,0xf8,0x55,0x51,0xff,  //#@@%.#@@@@#.******.%@@@@
0xfe,0x1f,0xfc,0x00,0x07,0xfe,  //@@@%.%@@@@@*.....*%@@@@#
0xfe,0x0f,0xfe,0x00,0x1d,0xfe,  //@@@%.+@@@@@#*....%@%@@@%
0xbe,0x07,0xff,0xe5,0xb5,0xfd,  //#@@#..%@@@@@@#*%#@%*@@@*
0x7f,0x02,0xff,0xff,0xd2,0xfc,  //*@@@+..#@@@@@@@@@%.%@@@+
0x2f,0x40,0x7f,0xfe,0x43,0xf8,  //.#@@%...*@@@@@@#*.+@@@%.
0x0b,0xc0,0x05,0x90,0x0b,0xe0,  //.+#@@+....*%%**...%@@#..
0x02,0xe0,0x00,0x00,0x1f,0x40,  //..+#@#...........*@@%...
0x02,0xf5,0x55,0x55,0x68,0x00,  //+**#@@%****%%*%**#%+....
0x2f,0xfc,0x11,0x00,0x40,0x00,  //.#@@@@@*.*.*.**.%+......
0x0b,0xfc,0x11,0x00,0x00,0x00,  //.+#@@@@*.*.*.**.*.......
0x06,0x91,0x12,0x14,0x40,0x00,  //..*%%%+*.%.%+**.*.......


/*  */
0x00,0x01,0xaa,0x50,0x00,0x00,  //......+*%%%%%*.......
0x00,0x2f,0xff,0xf9,0x00,0x00,  //....+%@@@@@@@@#*.....
0x00,0xbf,0xff,0xff,0x80,0x00,  //...*#@@@@@@@@@@@%....
0x07,0xff,0xff,0xff,0xe0,0x00,  //..*@@@@@@@@@@@@@@#...
0x0b,0xff,0xff,0xff,0xf8,0x00,  //.+#@@@@@@@@@@@@@@@%..
0x2f,0xd0,0x6f,0xff,0xfc,0x00,  //.%@@@%***%@@@@@@@@@*.
0x3e,0x00,0x07,0xff,0xfe,0x00,  //*@@#+.....*@@@@@@@@#.
0x78,0x0a,0x4b,0xff,0xff,0x00,  //%@#+.+%%%*#@@@@@@@@@+
0xb4,0x3f,0xff,0xfd,0x3f,0x40,  //#@%.+@@@@@@@@@@%*@@@*
0xf0,0xbe,0xaa,0xb9,0x2b,0x40,  //@@*.%@@#%%%%#@%*.%#@*
0xf0,0xbc,0x00,0xb0,0x0b,0x40,  //@@*.%@@*....%@....%@*
0xf0,0x7d,0x50,0xb9,0x2b,0x40,  //@@*.%@@%**+.%@%*.%#@*
0xb4,0x2f,0xe0,0xfd,0x3f,0x40,  //%@%.+#@@@#..@@@%*@@@*
0x7c,0x06,0x41,0xff,0xff,0x00,  //%@@+.+%%*..*@@@@@@@@+
0x3e,0x00,0x07,0xff,0xfe,0x00,  //+@@#*.....*@@@@@@@@%.
0x2f,0xe5,0x6f,0xff,0xfc,0x00,  //.%@@@%***#@@@@@@@@@*.
0x0b,0xff,0xff,0xff,0xf4,0x00,  //..#@@@@@@@@@@@@@@@%..
0x02,0xff,0xff,0xff,0xe0,0x00,  //..+#@@@@@@@@@@@@@#...
0x00,0xbf,0xff,0xff,0x40,0x00,  //...+#@@@@@@@@@@@%....
0x00,0x1b,0xff,0xf8,0x00,0x00,  //.....*#@@@@@@@#*.....
0x00,0x01,0x6a,0x40,0x00,0x00,  //.......*%%%%*+.......


/*  */
0x05,0x40,0x00,0x00,0x00,0x00,  //..***................
0x2f,0xd0,0x00,0x00,0x00,0x00,  //.#@@@%...............
0x7f,0xf0,0x00,0x00,0x00,0x00,  //*@@@@@+..............
0x7f,0xf0,0x00,0x00,0x00,0x00,  //*@@@@@*..............
0x3f,0xf0,0x00,0x00,0x00,0x00,  //*@@@@@+..............
0x1f,0xd0,0x00,0x00,0x00,0x00,  //.%@@@*...............
0x0b,0x45,0x55,0x00,0x01,0x00,  //..%@*+*******.....**+
0x0b,0xff,0xff,0xfa,0xbf,0x40,  //..%@@@@@@@@@@@#%#@@@*
0x0b,0xff,0xff,0xff,0xff,0x40,  //..%@@@@@@@@@@@@@@@@@*
0x0b,0xff,0xff,0xff,0xff,0x40,  //..%@@@@@@@@@@@@@@@@@*
0x0b,0xff,0xff,0xff,0xff,0x40,  //..%@@@@@@@@@@@@@@@@@*
0x0b,0xff,0xff,0xff,0xff,0x40,  //..%@@@@@@@@@@@@@@@@@*
0x0b,0xff,0xff,0xff,0xff,0x40,  //..%@@@@@@@@@@@@@@@@@*
0x0b,0xff,0xff,0xff,0xff,0x40,  //..%@@@@@@@@@@@@@@@@@*
0x0b,0xff,0xff,0xff,0xff,0x40,  //..%@@@@@@@@@@@@@@@@@*
0x0b,0xff,0xff,0xff,0xff,0x40,  //..%@@@@@@@@@@@@@@@@@*
0x0b,0xff,0xff,0xff,0xff,0x40,  //..%@@@@@@@@@@@@@@@@@*
0x0b,0xff,0xff,0xff,0xff,0x40,  //..%@@@@@@@@@@@@@@@@@*
0x0b,0xff,0xff,0xff,0xff,0x40,  //..%@@@@@@@@@@@@@@@@@*
0x0b,0xa5,0x01,0xaf,0xe9,0x00,  //..%@#%******%#@@@#%*.
0x0b,0x40,0x00,0x00,0x00,0x00,  //..%@*................
0x0b,0x40,0x00,0x00,0x00,0x00,  //..%@*................
0x0b,0x40,0x00,0x00,0x00,0x00,  //..%@*................
0x0b,0x40,0x00,0x00,0x00,0x00,  //..%@*................


/*  */
0x00,0x00,0x2f,0xf9,0xbf,0xe4,0x00,0x00,  //........+%@@@@#%#@@@@#*........
0x00,0x00,0xb9,0x5b,0x95,0x6d,0x00,0x00,  //.......+#@#**%#@#%**%#@%.......
0x00,0x02,0xd0,0x1e,0x00,0x0b,0x40,0x00,  //.******#@*...*@#......%@%......
0xbf,0xff,0x40,0x38,0x00,0x02,0xea,0xa4,  //#@@@@@@@*...+@#+.......#@%%%%%*
0xff,0xd4,0x00,0xa0,0x01,0x00,0xbf,0xf8,  //@@@@@%**...+##+....*....#@@@@@%
0xff,0xc0,0x02,0xc0,0x0b,0x00,0x0f,0xf8,  //@@@@@*.....%@*....#@+....*@@@@%
0xff,0xc0,0x03,0x80,0x2f,0x80,0x0f,0xf8,  //@@@@@*.....@%....#@@#....*@@@@%
0xff,0xc0,0x02,0x80,0x75,0xe0,0x0f,0xf8,  //@@@@@*.....##...%@%%@%...*@@@@%
0xff,0xc0,0x01,0xe6,0xd0,0xb4,0x0f,0xf8,  //@@@@@*.....*@#*#@%..%@*..*@@@@%
0xff,0xc0,0x00,0x6f,0x40,0x2c,0x0f,0xf8,  //@@@@@*......*#@@%....#@*.*@@@@%
0xe2,0xc0,0x00,0x00,0x00,0x0a,0x0e,0x28,  //@#*%@*........+......+##.*@%*#%
0xe2,0xd0,0x00,0x00,0x00,0x07,0x5e,0x28,  //@#*%@*................*@**@%*#%
0xff,0xf8,0x00,0x00,0x00,0x03,0xff,0xf8,  //@@@@@@#+..............*@@@@@@@%
0x55,0x5e,0x00,0x00,0x00,0x0b,0x55,0x50,  //*****%@#+............+#@%******
0x00,0x07,0x80,0x00,0x00,0xbd,0x00,0x00,  //......*@#+..........#@@%.......
0x00,0x01,0xe0,0x00,0x02,0xe4,0x00,0x00,  //.......*@#+.......*%@%*........
0x00,0x00,0x78,0x00,0x1f,0x40,0x00,0x00,  //........*@#+.....%@@%..........
0x00,0x00,0x1f,0x56,0xf8,0x00,0x00,0x00,  //.........*@@%**#@@#+...........
0x00,0x00,0x02,0xfe,0x90,0x00,0x00,0x00,  //..........+%@@@#%*.............


/*  */
0x00,0x00,0x01,0x40,0x00,0x00,  //...........**...........
0x00,0x00,0x0b,0xe0,0x00,0x00,  //.........*#@@#*.........
0x00,0x00,0x7f,0xfd,0x00,0x00,  //........%@@@@@@%........
0x00,0x02,0xff,0xff,0x80,0x00,  //......+#@@@@@@@@#+......
0x00,0x1b,0xff,0xff,0xe4,0x00,  //.....*#@@@@@@@@@@#*.....
0x00,0x7f,0xff,0xff,0xfd,0x00,  //....%@@@@@@@@@@@@@@%....
0x02,0xff,0xff,0xff,0xff,0x80,  //..+#@@@@@@@@@@@@@@@@#+..
0x0b,0xff,0xff,0xff,0xff,0xe0,  //.*#@@@@@@@@@@@@@@@@@@#*.
0x7f,0xff,0xff,0xff,0xff,0xfd,  //*@@@@@@@@@@@@@@@@@@@@@@*
0xff,0xff,0xff,0xff,0xff,0xff,  //@@@@@@@@@@@@@@@@@@@@@@@@
0xff,0xff,0xff,0xff,0xff,0xff,  //@@@@@@@@@@@@@@@@@@@@@@@@
0xff,0xff,0xff,0xff,0xff,0xff,  //@@@@@@@@@@@@@@@@@@@@@@@@
0xfd,0xbf,0xff,0xff,0xfe,0x7f,  //@@@*%@@@@@@@@@@@@@@%*@@@
0xf8,0x1b,0xff,0xff,0xe4,0x2f,  //@@#..*#@@@@@@@@@@#*..#@@
0xfe,0x02,0xff,0xff,0x80,0xbf,  //@@@#+.+#@@@@@@@@#+.+#@@@
0xff,0xd0,0x7f,0xfd,0x07,0xff,  //@@@@@*..%@@@@@@%..*@@@@@
0xff,0xf8,0x0b,0xe0,0x2f,0xff,  //@@@@@@%..*#@@#*..%@@@@@@
0xff,0xfe,0x01,0x40,0xbf,0xff,  //@@@@@@@#*..**..*#@@@@@@@
0xff,0xff,0xd0,0x07,0xff,0xff,  //@@@@@@@@@%....%@@@@@@@@@
0xff,0xff,0xfe,0xbf,0xff,0xff,  //@@@@@@@@@@@%%@@@@@@@@@@@
0xff,0xff,0xff,0xff,0xff,0xff,  //@@@@@@@@@@@@@@@@@@@@@@@@
0xff,0xff,0xff,0xff,0xff,0xff,  //@@@@@@@@@@@@@@@@@@@@@@@@
0xff,0xff,0xff,0xff,0xff,0xff,  //@@@@@@@@@@@@@@@@@@@@@@@@
0x7f,0xff,0xff,0xff,0xff,0xfd,  //%@@@@@@@@@@@@@@@@@@@@@@%


/*  */
0x00,0x00,0x01,0x40,0x00,0x00,  //..........****..........
0x00,0x00,0x1f,0xf4,0x00,0x00,  //.........%@@@@%.........
0x00,0x00,0xb8,0x2e,0x00,0x00,  //.......+#@%**%@#+.......
0x00,0x02,0xd0,0x07,0x80,0x00,  //......*#@%....%@#*......
0x00,0x1e,0x40,0x01,0xb4,0x00,  //.....*@#*......*#@*.....
0x00,0xb8,0x00,0x00,0x2e,0x00,  //....%@#+........+#@%....
0x02,0xe0,0x00,0x00,0x0b,0x80,  //..+#@%............%@#+..
0x0b,0x40,0x00,0x00,0x01,0xe0,  //.*#@*..............*@#*.
0x78,0x00,0x00,0x00,0x00,0x2d,  //*@#*................*#@*
0xa0,0x00,0x00,0x00,0x00,0x0a,  //##+..................+##
0xe0,0x00,0x00,0x00,0x00,0x0b,  //@%....................%@
0xe0,0x00,0x00,0x00,0x00,0x0b,  //@%....................%@
0xe0,0x00,0x00,0x00,0x01,0x0b,  //@%..*..............*..%@
0xe0,0xe0,0x00,0x00,0x0b,0x0b,  //@%.+@#+..........+#@+.%@
0xe0,0x79,0x00,0x00,0x6d,0x0b,  //@%..*@#*........*#@*..%@
0xe0,0x0b,0x40,0x01,0xe0,0x0b,  //@%...*#@%......%@#*...%@
0xe0,0x02,0xe0,0x0b,0x80,0x0b,  //@%.....#@#+..+#@#.....%@
0xe0,0x00,0x79,0x6d,0x00,0x0b,  //@%......%@#%%#@%......%@
0xe0,0x00,0x0b,0xe0,0x00,0x0b,  //@%.......*#@@#*.......%@
0xe0,0x00,0x00,0x00,0x00,0x0b,  //@%.........**.........%@
0xe0,0x00,0x00,0x00,0x00,0x0b,  //@%....................%@
0xe0,0x00,0x00,0x00,0x00,0x0b,  //@%....................%@
0xe0,0x00,0x00,0x00,0x00,0x0b,  //@#********************#@
0x7f,0xff,0xff,0xff,0xff,0xfd,  //%@@@@@@@@@@@@@@@@@@@@@@%


/*  */
0x00,0x14,0x00,0x00,0x00,  //.....**.............
0x06,0xfe,0x40,0x00,0x00,  //.+*%@@@#*...........
0x7f,0xff,0xe0,0x00,0x00,  //*@@@@@@@@#*.........
0x0b,0xfe,0x44,0x00,0x00,  //**#@@@@#%+*.........
0x01,0xa0,0x00,0x00,0x00,  //*..*#%*...*.........
0x00,0x00,0x00,0x00,0x00,  //.*..*.....*.........
0x00,0x00,0x00,0x00,0x00,  //.*..*.....*.........
0x00,0x00,0x00,0x00,0x00,  //.*..*.....*.........
0x00,0x00,0x04,0x00,0x00,  //.*..++....*.........
0x00,0x00,0x10,0x00,0x90,  //..*+.*..+*+....+%*..
0x06,0x41,0xe0,0x06,0xf9,  //..*#**+%@#*...*#@@#*
0x06,0xef,0xe4,0x06,0xfe,  //..%#@#@@@#%.+.%#@@@%
0x00,0xbe,0x41,0xe4,0x74,  //..*+#@@#*.*%@#*.%@**
0x00,0x24,0x03,0xfd,0x00,  //..*..#%+..*@@@@%.*.*
0x00,0x00,0x03,0xfd,0x00,  //..*..*....*@@@@%**.*
0x01,0x00,0x02,0xe0,0x14,  //...*..*...*%@#*****.
0x00,0x00,0x14,0x40,0x10,  //...+*.*..**.*..***..
0x01,0xd0,0xb8,0x00,0x00,  //...*@**+#@#+*..*....
0x00,0x7a,0xe0,0x04,0x00,  //...*%@%#@#+**.*.....
0x00,0x1f,0x41,0x50,0x00,  //...++%@@%..*%*......
0x00,0x04,0x00,0x00,0x00,  //....*.%*...*........
0x00,0x00,0x00,0x00,0x00,  //....*.*...*+........
0x00,0x10,0x10,0x00,0x00,  //.....*.*.*..........
0x00,0x05,0x40,0x00,0x00,  //......***...........


/*  */
0x15,0x55,0x55,0x55,0x54,0x00,  //.*******************..
0xbf,0xff,0xff,0xff,0xff,0x00,  //%@@@@@@@@@@@@@@@@@@@*.
0xff,0xff,0xff,0xff,0xff,0x40,  //@@@@@@@@@@@@@@@@@@@@*.
0xff,0xff,0xff,0xff,0xff,0x40,  //@@@@@@@@@@@@@@@@@@@@*.
0xff,0xff,0xff,0xff,0xff,0x40,  //@@@@@@@@@@@@@@@@@@@@*.
0xff,0xff,0xa6,0xff,0xff,0x90,  //@@@@@@@@#%*#@@@@@@@@%*
0xff,0xfe,0x00,0x7f,0xff,0xf0,  //@@@@@@@#+...*@@@@@@@@@
0xff,0xfc,0x00,0x1f,0xff,0xf0,  //@@@@@@@+.....%@@@@@@@@
0xff,0xf8,0x00,0x0f,0xff,0xf0,  //@@@@@@#......*@@@@@@@@
0xff,0xf8,0x00,0x0f,0xff,0x40,  //@@@@@@#......*@@@@@@*.
0xff,0xfc,0x00,0x1f,0xff,0x40,  //@@@@@@@+.....%@@@@@@%*
0xff,0xfe,0x00,0x7f,0xff,0xf0,  //@@@@@@@#....*@@@@@@@@@
0xff,0xe0,0x55,0x47,0xff,0xf0,  //@@@@@#+.%%*%*.*@@@@@@@
0xff,0xc0,0x00,0x01,0xff,0xf0,  //@@@@@+....+....%@@@@@@
0xff,0x80,0x00,0x00,0xff,0x40,  //@@@@#..........+@@@@%*
0xff,0x40,0x00,0x00,0xff,0x40,  //@@@@%...........@@@@%*
0xff,0x40,0x00,0x00,0xff,0xf0,  //@@@@*...........@@@@@@
0xff,0x40,0x00,0x00,0xff,0xf0,  //@@@@*...........@@@@@@
0xff,0x80,0x00,0x01,0xff,0xf0,  //@@@@#..........*@@@@@@
0xff,0xea,0xaa,0xab,0xff,0x40,  //@@@@@#%%%%%%%%%@@@@@%*
0xff,0xff,0xff,0xff,0xff,0x40,  //@@@@@@@@@@@@@@@@@@@@*.
0xff,0xff,0xff,0xff,0xff,0x40,  //@@@@@@@@@@@@@@@@@@@@*.
0xff,0xff,0xff,0xff,0xff,0x40,  //@@@@@@@@@@@@@@@@@@@@*.
0x7f,0xff,0xff,0xff,0xfe,0x00,  //%@@@@@@@@@@@@@@@@@@#+.


/*  */
0x15,0x55,0x55,0x55,0x54,0x00,  //.*******************..
0xbf,0xff,0xff,0xff,0xff,0x00,  //%@@@@@@@@@@@@@@@@@@@*.
0xe0,0x00,0x00,0x00,0x07,0x40,  //@#*****************@*.
0xe0,0x00,0x00,0x00,0x03,0x40,  //@%................*@*.
0xe0,0x00,0x00,0x00,0x03,0x40,  //@%................*@*.
0xe0,0x00,0x04,0x00,0x03,0x90,  //@%.......**+......*@%*
0xe0,0x00,0xbf,0x40,0x03,0xf0,  //@%.....+#@@@%.....*@@@
0xe0,0x02,0xff,0xd0,0x03,0xf0,  //@%.....#@@@@@*....*@@@
0xe0,0x03,0xff,0xe0,0x03,0xf0,  //@%....+@@@@@@%....*@@@
0xe0,0x03,0xff,0xe0,0x03,0x40,  //@%....+@@@@@@%....*@*.
0xe0,0x02,0xff,0xd0,0x03,0x40,  //@%.....#@@@@@*....*@%*
0xe0,0x00,0xbf,0x40,0x03,0xf0,  //@%.....+#@@@%.....*@@@
0xe0,0x0a,0x55,0x74,0x03,0xf0,  //@%...+##****%@%...*@@@
0xe0,0x2f,0xeb,0xfd,0x03,0xf0,  //@%...#@@@##@@@@*..*@@@
0xe0,0x3f,0xff,0xfe,0x03,0x40,  //@%..+@@@@@@@@@@#..*@%*
0xe0,0x7f,0xff,0xff,0x03,0x40,  //@%..*@@@@@@@@@@@..*@%*
0xe0,0x7f,0xff,0xff,0x03,0xf0,  //@%..*@@@@@@@@@@@..*@@@
0xe0,0x7f,0xff,0xff,0x03,0xf0,  //@%..*@@@@@@@@@@@..*@@@
0xe0,0x2f,0xff,0xfd,0x03,0xf0,  //@%..+#@@@@@@@@@%..*@@@
0xe0,0x00,0x00,0x00,0x03,0x40,  //@%....*********...*@%*
0xe0,0x00,0x00,0x00,0x03,0x40,  //@%................*@*.
0xe0,0x00,0x00,0x00,0x03,0x40,  //@%................*@*.
0xe0,0x00,0x00,0x00,0x07,0x40,  //@#*****************@*.
0x7f,0xff,0xff,0xff,0xfe,0x00,  //%@@@@@@@@@@@@@@@@@@#+.


/*  */
0x2a,0xaa,0xaa,0xaa,0xaa,0xaa,0xa4,  //+%%%%%%%%%%%%%%%%%%%%%%%%%*
0xbf,0xff,0xff,0xff,0xff,0xff,0xfc,  //#@@@@@@@@@@@@@@@@@@@@@@@@@@
0xff,0xff,0xff,0xff,0xff,0xff,0xfc,  //@@@@@@@@@@@@@@@@@@@@@@@@@@@
0xff,0xfe,0x6f,0xff,0xff,0xff,0xfc,  //@@@@@@@#*%@@@@@@@@@@@@@@@@@
0xff,0xf4,0x07,0xff,0xff,0xff,0xfc,  //@@@@@@*...*@@@@@@@@@@@@@@@@
0xff,0xe0,0x01,0xfd,0x00,0x00,0xfc,  //@@@@@%.....%@@@%********@@@
0xff,0xd0,0x01,0xfd,0x00,0x00,0xfc,  //@@@@@*.....*@@@*........@@@
0xff,0xd0,0x01,0xff,0xff,0xff,0xfc,  //@@@@@%.....%@@@@@@@@@@@@@@@
0xff,0xf0,0x02,0xfe,0xaa,0xaa,0xfc,  //@@@@@@+...+#@@@#%%%%%%%#@@@
0xff,0x85,0x14,0xbd,0x00,0x00,0xfc,  //@@@@#****%**%@@*........@@@
0xfe,0x00,0x00,0x2e,0x55,0x55,0xfc,  //@@@#....*....#@#*******%@@@
0xfd,0x00,0x00,0x1f,0xff,0xff,0xfc,  //@@@%.........*@@@@@@@@@@@@@
0xfd,0x00,0x00,0x0d,0x00,0x00,0xfc,  //@@@*.........*@%********@@@
0xfd,0x00,0x00,0x0d,0x00,0x00,0xfc,  //@@@*.........*@%********@@@
0xfd,0x00,0x00,0x1f,0xff,0xff,0xfc,  //@@@%.........*@@@@@@@@@@@@@
0xff,0x55,0x55,0x7f,0xff,0xff,0xfc,  //@@@@%*******%@@@@@@@@@@@@@@
0xff,0xff,0xff,0xff,0xff,0xff,0xfc,  //@@@@@@@@@@@@@@@@@@@@@@@@@@@
0xff,0xff,0xff,0xff,0xff,0xff,0xfc,  //@@@@@@@@@@@@@@@@@@@@@@@@@@@
0xff,0xff,0xff,0xff,0xff,0xff,0xfc,  //@@@@@@@@@@@@@@@@@@@@@@@@@@@
0xbf,0xf8,0x7f,0xff,0xf8,0x7f,0xfc,  //%@@@@@#.*@@@@@@@@@#.*@@@@@@
0x1a,0xa4,0x6a,0xaa,0xa4,0x6a,0xa0,  //.%%%%%%.*%%%%%%%%%%.*%%%%%*


/*  */
0x2a,0xaa,0xaa,0xaa,0xaa,0xaa,0xa4,  //+%%%%%%%%%%%%%%%%%%%%%%%%%*
0xba,0xaa,0xaa,0xaa,0xaa,0xaa,0xac,  //#@%%%%%%%%%%%%%%%%%%%%%%%#@
0xe0,0x00,0x00,0x00,0x00,0x00,0x0c,  //@%.......................*@
0xe0,0x00,0x40,0x00,0x00,0x00,0x0c,  //@%.....+**...............*@
0xe0,0x07,0xf4,0x00,0x00,0x00,0x0c,  //@%....%@@@%..............*@
0xe0,0x0f,0xfd,0x01,0xaa,0xaa,0x0c,  //@%...*@@@@@*...*%%%%%%%%.*@
0xe0,0x1f,0xfd,0x01,0xff,0xff,0x0c,  //@%...*@@@@@*...*@@@@@@@@.*@
0xe0,0x1f,0xfd,0x00,0x00,0x00,0x0c,  //@%...*@@@@@*.............*@
0xe0,0x0b,0xf8,0x00,0x00,0x00,0x0c,  //@%....#@@@#....+*******+.*@
0xe0,0x25,0x96,0x01,0xff,0xff,0x0c,  //@%..+%%*%*%%*..*@@@@@@@@.*@
0xe0,0xbf,0xaf,0xc0,0x55,0x55,0x0c,  //@%..#@@@%#@@@+.+********.*@
0xe1,0xff,0xff,0xd0,0x00,0x00,0x0c,  //@%.*@@@@@@@@@*...........*@
0xe1,0xff,0xff,0xe1,0xaa,0xaa,0x0c,  //@%.*@@@@@@@@@%.*%%%%%%%%.*@
0xe1,0xff,0xff,0xe1,0xaa,0xaa,0x0c,  //@%.*@@@@@@@@@%.*%%%%%%%%.*@
0xe1,0xff,0xff,0xd0,0x00,0x00,0x0c,  //@%.*@@@@@@@@@*...........*@
0xe0,0x55,0x55,0x40,0x00,0x00,0x0c,  //@%..*********............*@
0xe0,0x00,0x00,0x00,0x00,0x00,0x0c,  //@%.......................*@
0xe0,0x02,0x40,0x00,0x02,0x40,0x0c,  //@%....+%*.........+%*....*@
0xe0,0x03,0x40,0x00,0x03,0x40,0x0c,  //@%....*@*.........*@*....*@
0xbf,0xff,0xff,0xff,0xff,0xff,0xfc,  //%@@@@@@@@@@@@@@@@@@@@@@@@@@
0x1a,0xaa,0xaa,0xaa,0xaa,0xaa,0xa0,  //.%%%%%%%%%%%%%%%%%%%%%%%%%*


/*  */
0x00,0x00,0x05,0x50,0x00,0x00,  //.........******.........
0x00,0x02,0xff,0xff,0x80,0x00,  //......*%@@@@@@@@%*......
0x00,0x2f,0xff,0xff,0xf8,0x00,  //.....%@@@@@@@@@@@@%.....
0x00,0xbf,0xfe,0xbf,0xfe,0x00,  //...+#@@@@@@##@@@@@@#+...
0x02,0xff,0xd0,0x07,0xff,0x80,  //...#@@@@@*....*@@@@@#...
0x0b,0xff,0x00,0x00,0xff,0xe0,  //..#@@@@@+......+@@@@@#..
0x1f,0xfd,0x00,0x00,0x7f,0xf4,  //.*@@@@@*........*@@@@@*.
0x2f,0xfc,0x00,0x00,0x3f,0xf8,  //.#@@@@@..........@@@@@#.
0x7f,0xf8,0x00,0x00,0x2f,0xfd,  //*@@@@@#..........#@@@@@*
0x7f,0xf8,0x00,0x00,0x2f,0xfd,  //%@@@@@#..........#@@@@@%
0xbf,0xfc,0x00,0x00,0x3f,0xfe,  //#@@@@@@..........@@@@@@#
0xff,0xfd,0x00,0x00,0x7f,0xff,  //@@@@@@@*........*@@@@@@@
0xff,0xff,0x00,0x00,0xff,0xff,  //@@@@@@@@+......+@@@@@@@@
0xff,0xe5,0xd0,0x07,0x5b,0xff,  //@@@@@#%%@*....*@%%#@@@@@
0xbf,0x80,0x6e,0xb9,0x02,0xfe,  //#@@@#+..*#@##@#*..+#@@@#
0x7f,0x40,0x01,0x40,0x01,0xfd,  //%@@@*.....****.....*@@@%
0x3f,0x00,0x00,0x00,0x00,0xfc,  //*@@@................@@@*
0x2e,0x00,0x00,0x00,0x00,0xb8,  //.#@%................%@#.
0x0e,0x00,0x00,0x00,0x00,0xb0,  //.*@%................%@*.
0x0b,0x40,0x00,0x00,0x01,0xe0,  //..%@%..............%@%..
0x02,0xd0,0x00,0x00,0x07,0x80,  //...#@%............%@#...
0x00,0xb9,0x00,0x00,0x6e,0x00,  //....#@#*........*#@#....
0x00,0x1f,0x94,0x16,0xf4,0x00,  //.....*@@#%****%#@@*.....
0x00,0x01,0xbf,0xfe,0x40,0x00,  //......+%#@@@@@@#%+......


/*  */
0x00,0x00,0x05,0x50,0x00,0x00,  //.........******.........
0x00,0x02,0xff,0xff,0x80,0x00,  //......*%@@@@@@@@%*......
0x00,0x2f,0x90,0x06,0xf8,0x00,  //.....%@@#******#@@%.....
0x00,0xb8,0x00,0x00,0x2e,0x00,  //...+#@%*........*%@#+...
0x02,0xd0,0x00,0x00,0x07,0x80,  //...#@*.....**.....*@#...
0x0b,0x40,0x1f,0xf4,0x01,0xe0,  //..#@*....%@@@@%....*@#..
0x1d,0x00,0xbf,0xfe,0x00,0x74,  //.*@%....#@@@@@@#....%@*.
0x28,0x01,0xff,0xff,0x40,0x28,  //.##....%@@@@@@@@%....##.
0x74,0x02,0xff,0xff,0x80,0x1d,  //*@*....#@@@@@@@@#....*@*
0x70,0x03,0xff,0xff,0xc0,0x0d,  //%@+...+@@@@@@@@@@+...+@%
0xa0,0x03,0xff,0xff,0xc0,0x0a,  //##.....@@@@@@@@@@.....##
0xe0,0x02,0xff,0xff,0x80,0x0b,  //@%.....#@@@@@@@@#.....%@
0xe0,0x01,0xff,0xff,0x40,0x0b,  //@%.....*@@@@@@@@*.....%@
0xe0,0x00,0x7f,0xfd,0x00,0x0b,  //@%......%@@@@@@%......%@
0xa0,0x06,0x1b,0xe4,0x90,0x0a,  //##...+%%**#@@#**%%+...##
0x70,0x2f,0xd0,0x07,0xf8,0x0d,  //%@+.+#@@@%****%@@@#+.+@%
0x34,0x7f,0xff,0xff,0xfd,0x1c,  //*@%.%@@@@@@@@@@@@@@%.%@*
0x28,0xff,0xff,0xff,0xff,0x28,  //.##+@@@@@@@@@@@@@@@@+##.
0x0e,0xff,0xff,0xff,0xff,0xb0,  //.*@#@@@@@@@@@@@@@@@@#@*.
0x0b,0xff,0xff,0xff,0xff,0xe0,  //..%@@@@@@@@@@@@@@@@@@%..
0x02,0xff,0xff,0xff,0xff,0x80,  //...#@@@@@@@@@@@@@@@@#...
0x00,0xbf,0xff,0xff,0xfe,0x00,  //....#@@@@@@@@@@@@@@#....
0x00,0x1f,0xff,0xff,0xf4,0x00,  //.....*@@@@@@@@@@@@*.....
0x00,0x01,0xbf,0xfe,0x40,0x00,  //......+%#@@@@@@#%+......


/*  */
0x00,0x00,0x15,0x00,0x00,0x00,  //........****+........
0x00,0x06,0xff,0xe0,0x00,0x00,  //......*#@@@@@%+......
0x00,0x1e,0x40,0x78,0x00,0x00,  //.....%@#****%@#+.....
0x00,0x78,0x00,0x0a,0x00,0x00,  //....*@#......*##.....
0x00,0xa0,0x00,0x07,0x40,0x00,  //....##........*@*....
0x00,0xd0,0x00,0x02,0x80,0x00,  //...*@*.........##....
0x01,0xc0,0x00,0x01,0xc0,0x00,  //...*@*.........%@....
0x01,0xc0,0x00,0x01,0xc0,0x00,  //...*@*.........*@+...
0x01,0xc0,0x00,0x02,0xc0,0x00,  //...*@*.........%@....
0x00,0xd0,0x00,0x03,0x80,0x00,  //...+@%.........@#....
0x00,0xb0,0x00,0x0b,0x00,0x00,  //....%@*.......%@*....
0x01,0xf9,0x00,0x2f,0x90,0x00,  //...%@@#*.....%@@#*...
0x0b,0x9b,0x96,0xf9,0xb4,0x00,  //..#@%*#@#%*%@@%%#@%..
0x2d,0x01,0xbf,0x80,0x2c,0x00,  //.%@*...*#@@@#*...#@*.
0x38,0x00,0x00,0x00,0x0e,0x00,  //+@%.......+......+@%.
0x70,0x00,0x00,0x00,0x0b,0x00,  //*@*...............%@+
0xb0,0x00,0x00,0x00,0x07,0x00,  //%@................*@*
0xa0,0x00,0x00,0x00,0x03,0x40,  //##................*@*
0xe0,0x00,0x00,0x00,0x03,0x40,  //@%................*@*
0xe0,0x00,0x00,0x00,0x03,0x40,  //@%................*@*
0xa0,0x00,0x00,0x00,0x03,0x40,  //##................*@*
0x74,0x00,0x00,0x00,0x0b,0x00,  //%@*...............%@+
0x2d,0x00,0x00,0x00,0x2d,0x00,  //+#@**************%@%.
0x0b,0xff,0xff,0xff,0xf4,0x00,  //.+#@@@@@@@@@@@@@@@%..


/*  */
0x15,0x54,0x05,0x55,0x00,  //.******...******.
0xbf,0xf8,0x0b,0xff,0x80,  //%@@@@@#...%@@@@@#
0xff,0xfe,0xaf,0xff,0xc0,  //@@@@@@@#%%@@@@@@@
0xea,0xaa,0xaa,0xaa,0xc0,  //@#%%%%%%%%%%%%%#@
0xe0,0x00,0x00,0x01,0xc0,  //@%.............*@
0xe0,0x00,0x00,0x01,0xc0,  //@%.............*@
0xe0,0x00,0x00,0x01,0xc0,  //@%.............*@
0xe0,0x01,0x90,0x01,0xc0,  //@%.....*%%+....*@
0xe0,0x0b,0xf8,0x01,0xc0,  //@%....#@@@#+...*@
0xe0,0x1f,0xfd,0x01,0xc0,  //@%...*@@@@@%...*@
0xe0,0x1f,0xfe,0x01,0xc0,  //@%...*@@@@@%...*@
0xe0,0x0f,0xfd,0x01,0xc0,  //@%...*@@@@@*...*@
0xe0,0x07,0xf8,0x01,0xc0,  //@%....%@@@%....*@
0xe0,0x79,0x5b,0x41,0xc0,  //@%..*@%***%@%..*@
0xe0,0xff,0xff,0xc1,0xc0,  //@%.+@@@@@@@@@*.*@
0xe1,0xff,0xff,0xd1,0xc0,  //@%.*@@@@@@@@@*.*@
0xe1,0xff,0xff,0xe1,0xc0,  //@%.*@@@@@@@@@%.*@
0xe1,0xff,0xff,0xe1,0xc0,  //@%.*@@@@@@@@@%.*@
0xe0,0xff,0xff,0xc1,0xc0,  //@%.*@@@@@@@@@*.*@
0xe0,0x00,0x00,0x01,0xc0,  //@%..+*******+..*@
0xe0,0x00,0x00,0x01,0xc0,  //@%.............*@
0xe0,0x00,0x00,0x01,0xc0,  //@%.............*@
0xe0,0x00,0x00,0x02,0xc0,  //@#*************%@
0x7f,0xff,0xff,0xff,0x80,  //%@@@@@@@@@@@@@@@%


/*  */
0x2a,0xaa,0xaa,0xaa,0xaa,0xaa,0xa4,  //+%%%%%%%%%%%%%%%%%%%%%%%%%*
0xba,0xaa,0xaa,0xaa,0xaa,0xaa,0xac,  //#@%%%%%%%%%%%%%%%%%%%%%%%#@
0xe0,0x00,0x00,0x00,0x00,0x00,0x0c,  //@%.......................*@
0xe5,0x55,0x55,0x55,0x55,0x55,0x5c,  //@#***********************%@
0xff,0xff,0xff,0xff,0xff,0xff,0xfc,  //@@@@@@@@@@@@@@@@@@@@@@@@@@@
0xff,0xff,0xff,0xff,0xff,0xff,0xfc,  //@@@@@@@@@@@@@@@@@@@@@@@@@@@
0xff,0xf4,0x2f,0xff,0xff,0xff,0xfc,  //@@@@@@***#@@@@@@@@@@@@@@@@@
0xff,0xd0,0x0b,0xe0,0x00,0x00,0xfc,  //@@@@@*....#@@%..........@@@
0xff,0xc0,0x0b,0xe0,0x00,0x00,0xfc,  //@@@@@*....%@@#**********@@@
0xff,0xc0,0x0b,0xff,0xff,0xff,0xfc,  //@@@@@*....#@@@@@@@@@@@@@@@@
0xff,0xe0,0x1f,0xe5,0x57,0x95,0xfc,  //@@@@@%...*@@@#****%@#***@@@
0xff,0x05,0x42,0xe0,0x03,0x40,0xfc,  //@@@@*.***+.#@%....*@*...@@@
0xfe,0x00,0x00,0xfa,0xab,0xaa,0xfc,  //@@@%.......*@@%%%%#@#%%#@@@
0xfd,0x00,0x00,0xfa,0xaa,0xaa,0xfc,  //@@@*........@@%%%%%%%%%#@@@
0xfd,0x00,0x00,0xe0,0x00,0x00,0xfc,  //@@@*........@%..........@@@
0xfd,0x00,0x00,0xe5,0x55,0x55,0xfc,  //@@@%.......+@#**********@@@
0xff,0x55,0x56,0xff,0xff,0xff,0xfc,  //@@@@%******#@@@@@@@@@@@@@@@
0xff,0xff,0xff,0xff,0xff,0xff,0xfc,  //@@@@@@@@@@@@@@@@@@@@@@@@@@@
0xff,0xff,0xff,0xff,0xff,0xff,0xfc,  //@@@@@@@@@@@@@@@@@@@@@@@@@@@
0xbf,0xff,0xff,0xff,0xff,0xff,0xfc,  //%@@@@@@@@@@@@@@@@@@@@@@@@@@
0x1a,0xaa,0xaa,0xaa,0xaa,0xaa,0xa0,  //.%%%%%%%%%%%%%%%%%%%%%%%%%*


/*  */
0x2a,0xaa,0xaa,0xaa,0xaa,0xaa,0xa4,  //+%%%%%%%%%%%%%%%%%%%%%%%%%*
0xbf,0xff,0xff,0xff,0xff,0xff,0xfc,  //#@@@@@@@@@@@@@@@@@@@@@@@@@@
0xff,0xff,0xff,0xff,0xff,0xff,0xfc,  //@@@@@@@@@@@@@@@@@@@@@@@@@@@
0xe5,0x55,0x55,0x55,0x55,0x55,0x5c,  //@#***********************%@
0xe0,0x00,0x00,0x00,0x00,0x00,0x0c,  //@%.......................*@
0xe0,0x00,0x00,0x00,0x00,0x00,0x0c,  //@%.......................*@
0xe0,0x06,0x80,0x00,0x00,0x00,0x0c,  //@%....%%%+...............*@
0xe0,0x1f,0xe0,0x0f,0xff,0xff,0x0c,  //@%...%@@@#...*@@@@@@@@@@.*@
0xe0,0x2f,0xf0,0x0a,0xaa,0xaa,0x0c,  //@%...%@@@@*..+%%%%%%%%%%.*@
0xe0,0x2f,0xf0,0x00,0x00,0x00,0x0c,  //@%...%@@@@+..............*@
0xe0,0x0b,0xd0,0x05,0x54,0x15,0x0c,  //@%...*#@@%...+*****.+***.*@
0xe0,0xb5,0x68,0x0f,0xf8,0x7f,0x0c,  //@%..%@%**##+.*@@@@%.*@@@.*@
0xe0,0xff,0xfe,0x00,0x00,0x00,0x0c,  //@%.*@@@@@@@%..****+..**+.*@
0xe1,0xff,0xfe,0x00,0x00,0x00,0x0c,  //@%.*@@@@@@@#..*********+.*@
0xe1,0xff,0xff,0x0f,0xff,0xff,0x0c,  //@%.*@@@@@@@@.*@@@@@@@@@@.*@
0xe1,0xff,0xfe,0x05,0x55,0x55,0x0c,  //@%.*@@@@@@@#.+**********.*@
0xe0,0x55,0x54,0x00,0x00,0x00,0x0c,  //@%..*******..............*@
0xe0,0x00,0x00,0x00,0x00,0x00,0x0c,  //@%.......................*@
0xe0,0x00,0x00,0x00,0x00,0x00,0x0c,  //@%.......................*@
0xbf,0xff,0xff,0xff,0xff,0xff,0xfc,  //%@@@@@@@@@@@@@@@@@@@@@@@@@@
0x1a,0xaa,0xaa,0xaa,0xaa,0xaa,0xa0,  //.%%%%%%%%%%%%%%%%%%%%%%%%%*


/*  */
0x00,0x00,0x15,0x40,0x00,0x00,  //........******..........
0x00,0x06,0xff,0xf9,0x00,0x00,  //......*#@@@@@@#%+.......
0x00,0x2f,0xa5,0xaf,0x90,0x00,  //....*#@@#%**%#@@#*......
0x01,0xfd,0x00,0x07,0xf4,0x00,  //...*@@@%......%@@@*.....
0x07,0xf8,0x00,0x02,0xfd,0x00,  //..*@@@%........%@@@*....
0x0b,0xf0,0x00,0x00,0xff,0x00,  //.+#@@@+........+@@@@+...
0x1f,0xe0,0x00,0x00,0xbf,0x40,  //.%@@@#..........%@@@%...
0x3f,0xd0,0x00,0x00,0x7f,0xc0,  //.@@@@*..........*@@@@...
0x3f,0xc0,0x00,0x00,0x3f,0xc0,  //*@@@@*..........*@@@@*..
0x7f,0xc0,0x00,0x00,0x3f,0xd0,  //*@@@@*..........*@@@@*..
0x7f,0xc0,0x00,0x00,0x3f,0xd0,  //*@@@@*..........*@@@@*..
0x7f,0xc0,0x00,0x00,0x3f,0xd0,  //*@@@@*..........*@@@@*..
0x7f,0xc0,0x00,0x00,0x3f,0xd0,  //*@@@@*..........*@@@@*..
0x3f,0xd0,0x05,0x00,0x3f,0xc0,  //*@@@@*...****...*@@@@*..
0x2f,0xd1,0xbf,0xe0,0x7f,0x80,  //.#@@@*.*#@@@@#*.*@@@#...
0x1f,0xe1,0xaf,0xfc,0xbf,0x40,  //.%@@@#.*##@@@@@*#@@@%...
0x0b,0xf0,0x02,0xfe,0xfe,0x00,  //..#@@@+...*#@@@#@@@#....
0x03,0xf8,0x00,0xff,0xfc,0x00,  //..*@@@%....*@@@@@@@*....
0x01,0xfe,0x00,0x7f,0xf4,0x00,  //...*@@@%+...%@@@@@*.....
0x00,0x2f,0xea,0xbf,0xe0,0x04,  //....*#@@@#%%#@@@@#....**
0x00,0x06,0xff,0xff,0xf8,0x1d,  //......*#@@@@@@@@@@%..*@*
0x00,0x00,0x05,0x0b,0xff,0xfc,  //........+****+#@@@@@@@@*
0x00,0x00,0x00,0x03,0xff,0xf8,  //..............*@@@@@@@%.
0x00,0x00,0x00,0x00,0xbf,0xe0,  //...............*#@@@@%..


/*  */
0x00,0xa0,0x00,0x00,0x00,0x00,0x38,0x00,  //....##..................+@%....
0x02,0xd0,0x00,0x34,0x00,0x00,0x1d,0x00,  //...#@*......*@%..........%@%...
0x07,0x40,0x00,0x1e,0x00,0x00,0x0b,0x40,  //..%@*........*@#..........%@*..
0x0e,0x00,0x00,0x0f,0x40,0x00,0x02,0x80,  //.*@%.........*@@*..........##..
0x28,0x00,0x00,0x1f,0x80,0x00,0x00,0xd0,  //.%#..........*@@#..........*@*.
0x34,0x00,0x00,0x2f,0xc8,0x00,0x00,0xa0,  //+@%..........%@@@.%+........##.
0x70,0x00,0x00,0x3f,0xc6,0x00,0x00,0x70,  //*@+.........*@@@@+*#........*@*
0xa0,0x00,0x00,0xbe,0xeb,0x40,0x00,0x34,  //%#..........#@@%@##@%.......+@*
0xa0,0x00,0x01,0xfd,0xbf,0x80,0x00,0x38,  //#%.........%@@@*%@@@#........@%
0xe0,0x00,0x03,0xfc,0x7b,0xc0,0x00,0x28,  //@%........+@@@@**@#@@+.......#%
0xe0,0x00,0x07,0xf4,0x77,0xc0,0x00,0x28,  //@%........*@@@*.*@*@@*.......%%
0xe0,0x00,0x07,0xd0,0x12,0xc0,0x00,0x28,  //@%........*@@*..+*.#@........%%
0xa0,0x00,0x03,0xc0,0x02,0x80,0x00,0x38,  //##........*@@......##........@%
0xb0,0x00,0x02,0xc0,0x03,0x00,0x00,0x34,  //%@.........#@.....+@*.......+@%
0x70,0x00,0x00,0x90,0x09,0x00,0x00,0x70,  //*@*........+#*....#*........*@*
0x38,0x00,0x00,0x10,0x00,0x00,0x00,0xa0,  //.@%..........%*..+*.........%#.
0x1c,0x00,0x00,0x00,0x00,0x00,0x00,0xd0,  //.%@*.......................*@*.
0x0e,0x00,0x00,0x00,0x00,0x00,0x02,0x80,  //.+@#....+**************+...##..
0x07,0x40,0xff,0xff,0xff,0xff,0x07,0x00,  //..*@%...@@@@@@@@@@@@@@@@..%@*..
0x01,0xd0,0x55,0x55,0x55,0x55,0x1d,0x00,  //...%@%..****************.%@%...
0x00,0x60,0x00,0x00,0x00,0x00,0x34,0x00,  //....%#..................+@%....


/*  */
0x00,0x00,0x05,0x50,0x00,0x00,  //.........******.........
0x00,0x02,0xff,0xff,0x80,0x00,  //......*%@@@@@@@@%*......
0x00,0x2f,0xff,0xff,0xf8,0x00,  //.....%@@@@@@@@@@@@%.....
0x00,0xbf,0xff,0xff,0xfe,0x00,  //...+#@@@@@@@@@@@@@@#+...
0x02,0xff,0xff,0xff,0xff,0x80,  //...#@@@@@@@@@@@@@@@@#...
0x0b,0xff,0xff,0xff,0xff,0xe0,  //..#@@@@@@@@@@@@@@@@@@#..
0x1f,0xff,0xff,0xff,0xff,0xf4,  //.*@@@@@@@@@@@@@@@@@@@@*.
0x2f,0xff,0xff,0xff,0xaf,0xf8,  //.#@@@@@@@@@@@@@@##@@@@#.
0x7f,0xff,0xff,0xf8,0x0f,0xfd,  //*@@@@@@@@@@@@@%*..@@@@@*
0x7f,0xff,0xfe,0x40,0x0f,0xfd,  //%@@@@@@@@@@#*+.*.*@@@@@%
0xbf,0xff,0x90,0x04,0x1f,0xfe,  //#@@@@@@@#%*..*%..*@@@@@#
0xff,0xf9,0x00,0x50,0x2f,0xff,  //@@@@@@#*....%%...%@@@@@@
0xff,0xc0,0x02,0x40,0x2f,0xff,  //@@@@@+....*#%....#@@@@@@
0xff,0xe4,0x2d,0x00,0x3f,0xff,  //@@@@@#%++%@*....+@@@@@@@
0xbf,0xff,0xf4,0x00,0x7f,0xfe,  //#@@@@@@@@@*.....*@@@@@@#
0x7f,0xff,0xf0,0x00,0x7f,0xfd,  //%@@@@@@@@@......%@@@@@@%
0x3f,0xff,0xe1,0x00,0xbf,0xfc,  //*@@@@@@@@#.**...%@@@@@@*
0x2f,0xff,0xe7,0xd0,0xff,0xf8,  //.#@@@@@@@%*@@%..@@@@@@#.
0x0f,0xff,0xff,0xf9,0xff,0xf0,  //.*@@@@@@@@@@@@#%@@@@@@*.
0x0b,0xff,0xff,0xff,0xff,0xe0,  //..%@@@@@@@@@@@@@@@@@@%..
0x02,0xff,0xff,0xff,0xff,0x80,  //...#@@@@@@@@@@@@@@@@#...
0x00,0xbf,0xff,0xff,0xfe,0x00,  //....#@@@@@@@@@@@@@@#....
0x00,0x1f,0xff,0xff,0xf4,0x00,  //.....*@@@@@@@@@@@@*.....
0x00,0x01,0xbf,0xfe,0x40,0x00,  //......+%#@@@@@@#%+......


/*  */
0x00,0x14,0x00,0x00,  //....****......
0x02,0xff,0x80,0x00,  //...%@@@@%.....
0x0b,0x82,0xe0,0x00,  //..%@%**%@%....
0x0e,0x00,0xb0,0x00,  //.+@%.++.%@++*+
0x0d,0x28,0x72,0xe0,  //.*@*.%%.*@*%@%
0x0d,0x28,0x71,0x50,  //.*@*.%%.*@****
0x0d,0x28,0x70,0x00,  //.*@*.%%.*@*...
0x0d,0x28,0x71,0x90,  //.*@*.%%.*@*%%%
0x0d,0x28,0x72,0xe0,  //.*@*.%%.*@*%@%
0x0d,0x28,0x70,0x00,  //.*@*.%%.*@*...
0x0d,0x28,0x70,0x00,  //.*@*.%%.*@*+*+
0x0d,0x28,0x72,0xe0,  //.*@*.%%.*@*%@%
0x0d,0x28,0x71,0x50,  //.*@*.%%.*@****
0x0d,0x28,0x70,0x00,  //.*@*.%%.*@*...
0x1d,0x28,0x74,0x00,  //.%@*.%%.*@%...
0x38,0x28,0x2c,0x00,  //*@#..%%..#@*..
0xb0,0x7d,0x0e,0x00,  //%@+.%@@%.+@%..
0xa1,0xff,0x4a,0x00,  //##.*@@@@*.##..
0xe1,0xff,0x4b,0x00,  //@%.*@@@@*.%@..
0xa1,0xff,0x4a,0x00,  //##.*@@@@*.##..
0x70,0x69,0x0d,0x00,  //%@*.*##*.*@%..
0x38,0x00,0x2c,0x00,  //+@#+....+#@+..
0x1e,0x41,0xb4,0x00,  //.*@#%**%#@*...
0x02,0xff,0x80,0x00,  //..*#@@@@#*....


/*  */
0x00,0x14,0x00,0x00,  //....****......
0x02,0xff,0x80,0x00,  //...%@@@@%.....
0x0b,0x82,0xe0,0x00,  //..%@%**%@%....
0x0e,0x00,0xb0,0x00,  //.+@%....%@++*+
0x0d,0x00,0x72,0xe0,  //.*@*....*@*%@%
0x0d,0x00,0x71,0x50,  //.*@*....*@****
0x0d,0x00,0x70,0x00,  //.*@*....*@*...
0x0d,0x14,0x71,0x90,  //.*@*.%%.*@*%%%
0x0d,0x28,0x72,0xe0,  //.*@*.%%.*@*%@%
0x0d,0x28,0x70,0x00,  //.*@*.%%.*@*...
0x0d,0x28,0x70,0x00,  //.*@*.%%.*@*+*+
0x0d,0x28,0x72,0xe0,  //.*@*.%%.*@*%@%
0x0d,0x28,0x71,0x50,  //.*@*.%%.*@****
0x0d,0x28,0x70,0x00,  //.*@*.%%.*@*...
0x1d,0x28,0x74,0x00,  //.%@*.%%.*@%...
0x38,0x28,0x2c,0x00,  //*@#..%%..#@*..
0xb0,0x7d,0x0e,0x00,  //%@+.%@@%.+@%..
0xa1,0xff,0x4a,0x00,  //##.*@@@@*.##..
0xe1,0xff,0x4b,0x00,  //@%.*@@@@*.%@..
0xa1,0xff,0x4a,0x00,  //##.*@@@@*.##..
0x70,0x69,0x0d,0x00,  //%@*.*##*.*@%..
0x38,0x00,0x2c,0x00,  //+@#+....+#@+..
0x1e,0x41,0xb4,0x00,  //.*@#%**%#@*...
0x02,0xff,0x80,0x00,  //..*#@@@@#*....


/*  */
0x00,0x14,0x00,0x00,  //....****......
0x02,0xff,0x80,0x00,  //...%@@@@%.....
0x0b,0x82,0xe0,0x00,  //..%@%**%@%....
0x0e,0x00,0xb0,0x00,  //.+@%....%@++*+
0x0d,0x00,0x72,0xe0,  //.*@*....*@*%@%
0x0d,0x00,0x71,0x50,  //.*@*....*@****
0x0d,0x00,0x70,0x00,  //.*@*....*@*...
0x0d,0x00,0x71,0x90,  //.*@*....*@*%%%
0x0d,0x00,0x72,0xe0,  //.*@*....*@*%@%
0x0d,0x00,0x70,0x00,  //.*@*....*@*...
0x0d,0x00,0x70,0x00,  //.*@*.++.*@*+*+
0x0d,0x28,0x72,0xe0,  //.*@*.%%.*@*%@%
0x0d,0x28,0x71,0x50,  //.*@*.%%.*@****
0x0d,0x28,0x70,0x00,  //.*@*.%%.*@*...
0x1d,0x28,0x74,0x00,  //.%@*.%%.*@%...
0x38,0x28,0x2c,0x00,  //*@#..%%..#@*..
0xb0,0x7d,0x0e,0x00,  //%@+.%@@%.+@%..
0xa1,0xff,0x4a,0x00,  //##.*@@@@*.##..
0xe1,0xff,0x4b,0x00,  //@%.*@@@@*.%@..
0xa1,0xff,0x4a,0x00,  //##.*@@@@*.##..
0x70,0x69,0x0d,0x00,  //%@*.*##*.*@%..
0x38,0x00,0x2c,0x00,  //+@#+....+#@+..
0x1e,0x41,0xb4,0x00,  //.*@#%**%#@*...
0x02,0xff,0x80,0x00,  //..*#@@@@#*....


/*  */
0x00,0x14,0x00,0x00,  //....****......
0x02,0xff,0x80,0x00,  //...%@@@@%.....
0x0b,0x82,0xe0,0x00,  //..%@%**%@%....
0x0e,0x00,0xb0,0x00,  //.+@%....%@++*+
0x0d,0x00,0x72,0xe0,  //.*@*....*@*%@%
0x0d,0x00,0x71,0x50,  //.*@*....*@****
0x0d,0x00,0x70,0x00,  //.*@*....*@*...
0x0d,0x00,0x71,0x90,  //.*@*....*@*%%%
0x0d,0x00,0x72,0xe0,  //.*@*....*@*%@%
0x0d,0x00,0x70,0x00,  //.*@*....*@*...
0x0d,0x00,0x70,0x00,  //.*@*....*@*+*+
0x0d,0x00,0x72,0xe0,  //.*@*....*@*%@%
0x0d,0x00,0x71,0x50,  //.*@*....*@****
0x0d,0x00,0x70,0x00,  //.*@*....*@*...
0x1d,0x14,0x74,0x00,  //.%@*.%%.*@%...
0x38,0x28,0x2c,0x00,  //*@#..%%..#@*..
0xb0,0x7d,0x0e,0x00,  //%@+.%@@%.+@%..
0xa1,0xff,0x4a,0x00,  //##.*@@@@*.##..
0xe1,0xff,0x4b,0x00,  //@%.*@@@@*.%@..
0xa1,0xff,0x4a,0x00,  //##.*@@@@*.##..
0x70,0x69,0x0d,0x00,  //%@*.*##*.*@%..
0x38,0x00,0x2c,0x00,  //+@#+....+#@+..
0x1e,0x41,0xb4,0x00,  //.*@#%**%#@*...
0x02,0xff,0x80,0x00,  //..*#@@@@#*....


/*  */
0x00,0x14,0x00,0x00,  //....****......
0x02,0xff,0x80,0x00,  //...%@@@@%.....
0x0b,0x82,0xe0,0x00,  //..%@%**%@%....
0x0e,0x00,0xb0,0x00,  //.+@%....%@++*+
0x0d,0x00,0x72,0xe0,  //.*@*....*@*%@%
0x0d,0x00,0x71,0x50,  //.*@*....*@****
0x0d,0x00,0x70,0x00,  //.*@*....*@*...
0x0d,0x00,0x71,0x90,  //.*@*....*@*%%%
0x0d,0x00,0x72,0xe0,  //.*@*....*@*%@%
0x0d,0x00,0x70,0x00,  //.*@*....*@*...
0x0d,0x00,0x70,0x00,  //.*@*....*@*+*+
0x0d,0x00,0x72,0xe0,  //.*@*....*@*%@%
0x0d,0x00,0x71,0x50,  //.*@*....*@****
0x0d,0x00,0x70,0x00,  //.*@*....*@*...
0x1d,0x00,0x74,0x00,  //.%@*....*@%...
0x38,0x00,0x2c,0x00,  //*@#......#@*..
0xb0,0x7d,0x0e,0x00,  //%@+.%@@%.+@%..
0xa1,0xff,0x4a,0x00,  //##.*@@@@*.##..
0xe1,0xff,0x4b,0x00,  //@%.*@@@@*.%@..
0xa1,0xff,0x4a,0x00,  //##.*@@@@*.##..
0x70,0x69,0x0d,0x00,  //%@*.*##*.*@%..
0x38,0x00,0x2c,0x00,  //+@#+....+#@+..
0x1e,0x41,0xb4,0x00,  //.*@#%**%#@*...
0x02,0xff,0x80,0x00,  //..*#@@@@#*....


/*  */
0x00,0x15,0x40,0x00,0x00,0x00,0x00,  //....+****.................
0x02,0xff,0xe4,0x00,0x00,0x00,0x00,  //...%@@@@@#*...............
0x0b,0xff,0xfe,0xa9,0x00,0x00,0x00,  //.+#@@@@@@@@%%%%%.*........
0x2f,0xfa,0xff,0xff,0xb8,0x00,0x00,  //.#@@@@##@@@@@@@@#@#.......
0x7f,0x80,0x2f,0xff,0xf8,0x00,0x00,  //*@@@#+..*#@@@@@@@@#+......
0xbe,0x00,0x3f,0xff,0xe0,0x00,0x00,  //%@@#....+@@@@@@@@#+.......
0xfd,0x00,0x7f,0xff,0x80,0x00,0x00,  //@@@*....*@@@@@@@#+........
0xfd,0x00,0x7f,0xfe,0x14,0x20,0x50,  //@@@*....*@@@@@@#+**.+%..%*
0xfd,0x00,0x3f,0xf8,0x28,0x20,0x90,  //@@@*....*@@@@@#+.%%.*#+.#%
0xfd,0x00,0x2f,0xe1,0x82,0x46,0x00,  //@@@*.....#@@@#+*#..#*.%#..
0xfd,0x00,0x1f,0x80,0x82,0x05,0x00,  //@@@*.....*@@#+**%++%***%..
0xfd,0x00,0x2e,0x0d,0x28,0x70,0x00,  //@@@*.....#@#+*@*.%%.*@*...
0xfd,0x00,0x08,0x04,0x41,0x10,0x00,  //@@@*.....+#+..********....
0xfd,0x00,0x00,0x01,0xc3,0x40,0x00,  //@@@*...........*@++@*.....
0xfd,0x00,0x00,0x08,0x14,0x00,0x00,  //@@@*.........+%*+**+......
0xfd,0x00,0x00,0x08,0x14,0x00,0x00,  //@@@*.........+%*+**.......
0xfd,0x00,0x00,0x01,0xc0,0x00,0x00,  //@@@*...........*@+........
0xfd,0x00,0x00,0x04,0x40,0x00,0x00,  //@@@*..........***.........
0xfd,0x00,0x00,0x0d,0x00,0x00,0x00,  //@@@*.........*@*..........
0xfd,0x00,0x00,0x00,0x00,0x00,0x00,  //@@@*..........*...........
0xfd,0x00,0x00,0x00,0x00,0x00,0x00,  //@@@*......................
0xfd,0x00,0x00,0x00,0x00,0x00,0x00,  //@@@*......................
0xfd,0x00,0x00,0x00,0x00,0x00,0x00,  //@@@*......................
0xfd,0x00,0x00,0x00,0x00,0x00,0x00,  //@@@*......................


/*  */
0x00,0x50,0x00,0x00,0x00,0x00,  //...+***.................
0x07,0xfe,0x94,0x00,0x00,0x00,  //..*@@@@%%**.............
0x0a,0x0b,0xf8,0x00,0x00,0x00,  //..##**#@@@#+............
0x0d,0x0f,0xe0,0x00,0x00,0x00,  //.*@*..@@@#*.............
0x0d,0x0b,0x84,0x54,0x00,0x00,  //.*@*..#@#*%****.........
0x0d,0x0a,0x55,0x50,0x00,0x00,  //.*@*..%#******..........
0x0d,0x04,0x15,0x00,0x00,0x00,  //.*@*..*++****...........
0x0d,0x00,0x14,0x00,0x00,0x00,  //.*@*....**%*............
0x0d,0x00,0x10,0x00,0x00,0x00,  //.*@*.....**.............
0x0d,0x00,0x00,0x00,0x00,0x00,  //.*@*....**..............
0x0d,0x00,0x00,0x00,0x00,0x00,  //.*@*....................
0x0d,0x00,0x00,0x00,0x00,0x00,  //.*@*....................
0x5e,0x55,0x55,0x55,0x55,0x55,  //*%@%********************
0xff,0xff,0xff,0xff,0xff,0xff,  //@@@@@@@@@@@@@@@@@@@@@@@@
0x00,0x00,0x00,0x00,0x00,0x00,  //+**********************+
0x0f,0xff,0xff,0xff,0xff,0xf0,  //.*@@@@@@@@@@@@@@@@@@@@*.
0x0f,0xff,0xff,0xff,0xff,0xf0,  //.*@@@@@@@@@@@@@@@@@@@@*.
0x0f,0xff,0xff,0xff,0xff,0xf0,  //.*@@@@@@@@@@@@@@@@@@@@*.
0x0f,0xff,0xff,0xff,0xff,0xf0,  //.*@@@@@@@@@@@@@@@@@@@@*.
0x0b,0xff,0xff,0xff,0xff,0xe0,  //..#@@@@@@@@@@@@@@@@@@#..
0x03,0xff,0xff,0xff,0xff,0xc0,  //..*@@@@@@@@@@@@@@@@@@*..
0x01,0xff,0xff,0xff,0xff,0x40,  //...%@@@@@@@@@@@@@@@@%...
0x01,0xda,0xaa,0xaa,0xa7,0x40,  //...*@%%%%%%%%%%%%%%@*...
0x01,0xc0,0x00,0x00,0x03,0x40,  //...*@*............*@*...


/*  */
0x00,0x00,0x55,0x00,0x00,0x00,  //.......+*****........
0x00,0x1b,0xff,0xf4,0x00,0x00,  //.....*#@@@@@@@%+.....
0x00,0xb9,0x00,0x6f,0x40,0x00,  //....%@#%*****%@@*....
0x02,0xe0,0x00,0x02,0xd0,0x00,  //..+#@%....+...*#@%...
0x0b,0x41,0xbf,0x90,0xb4,0x00,  //..#@*..*#@@@#*..#@*..
0x1d,0x0b,0x96,0xf8,0x2c,0x00,  //.%@*.+#@#%*%@@%..#@+.
0x38,0x2d,0x00,0x2e,0x0d,0x00,  //+@#.+#@*.....%@%.*@%.
0x74,0xb4,0x19,0x0b,0x4b,0x00,  //*@*.%@*.+%%*..%@*.%@.
0xb0,0xd0,0xbf,0x83,0x87,0x00,  //%@.+@%.+#@@@%..@#.*@*
0xa1,0xc1,0xff,0xc2,0xc3,0x40,  //#%.*@*.%@@@@@+.%@.*@*
0xe1,0xc2,0xff,0xc1,0xc3,0x40,  //@%.*@*.%@@@@@*.*@**@*
0xe1,0xc1,0xff,0x81,0xc3,0x40,  //@%.*@*.*@@@@#..%@+*@*
0xa0,0xd0,0x7e,0x42,0x83,0x40,  //##.*@*..%@@#*..##.*@*
0x70,0xa0,0x00,0x07,0x47,0x00,  //%@+.##...+*...*@%.%@+
0x34,0x78,0x6a,0x0a,0x0a,0x00,  //*@%.*@%.*%%%*+##..##.
0x2c,0x15,0xff,0xc8,0x1d,0x00,  //.#@+.%%*@@@@@+#+.%@*.
0x0e,0x02,0xff,0xc0,0x78,0x00,  //.*@#..+%@@@@@*..*@#..
0x07,0x82,0xff,0xc1,0xe0,0x00,  //..*@#+.%@@@@@*.*@#+..
0x01,0xf5,0xff,0xcb,0x80,0x00,  //...*@@**@@@@@+#@#+...
0x00,0x29,0xff,0xcd,0x00,0x00,  //....*#%*@@@@@+@%.....
0x00,0x00,0xff,0x80,0x00,0x00,  //......+*@@@@#.+......
0x00,0x00,0xff,0x80,0x00,0x00,  //........@@@@%........
0x00,0x00,0xbf,0x40,0x00,0x00,  //........#@@@*........
0x00,0x00,0x7f,0x00,0x00,0x00,  //........%@@@+........


/*  */
0x2a,0xaa,0xaa,0xaa,0xaa,0xa8,  //+%%%%%%%%%%%%%%%%%%%%%%+
0xbf,0xff,0xff,0xff,0xff,0xfe,  //#@@@@@@@@@@@@@@@@@@@@@@#
0xff,0xff,0xff,0xff,0xff,0xff,  //@@@@@@@@@@@@@@@@@@@@@@@@
0xff,0xff,0xff,0xff,0xff,0xff,  //@@@@@@@@@@@@@@@@@@@@@@@@
0xff,0xff,0xff,0xff,0xff,0xff,  //@@@@@@@@@@@@@@@@@@@@@@@@
0xff,0xff,0xff,0xff,0xff,0xff,  //@@@@@@@@@@@@@@@@@@@@@@@@
0xff,0xff,0xff,0xff,0xff,0xff,  //@@@@@@@@@@@@@@@@@@@@@@@@
0xfd,0x00,0x00,0x00,0x00,0x7f,  //@@@*................*@@@
0xfd,0x00,0x00,0x00,0x00,0x7f,  //@@@*................*@@@
0xfd,0x00,0x00,0x00,0x00,0x7f,  //@@@*................*@@@
0xfd,0x00,0x00,0x00,0x00,0x7f,  //@@@*................*@@@
0xfd,0x00,0x00,0x00,0x00,0x7f,  //@@@*................*@@@
0xfd,0x00,0x00,0x00,0x00,0x7f,  //@@@*................*@@@
0xfd,0x00,0x00,0x00,0x00,0x7f,  //@@@*................*@@@
0xfd,0x00,0x00,0x00,0x00,0x7f,  //@@@*................*@@@
0xfd,0x00,0x00,0x00,0x00,0x7f,  //@@@*................*@@@
0xfd,0x00,0x00,0x00,0x00,0x7f,  //@@@*................*@@@
0xfe,0xaa,0xaa,0xaa,0xaa,0xbf,  //@@@#%%%%%%%%%%%%%%%%#@@@
0xff,0xff,0xff,0xff,0xff,0xff,  //@@@@@@@@@@@@@@@@@@@@@@@@
0xbf,0xff,0xff,0xff,0xff,0xfe,  //%@@@@@@@@@@@@@@@@@@@@@@%
0x1a,0xaa,0xaa,0xaa,0xaa,0xa4,  //.%%%%%%%%%%%%%%%%%%%%%%.


/*  */
0x7f,0xff,0xff,0xff,0xff,0xfd,  //*@@@@@@@@@@@@@@@@@@@@@@*
0xbf,0xff,0xff,0xff,0xff,0xfe,  //#@@@@@@@@@@@@@@@@@@@@@@#
0xff,0xff,0xff,0xff,0xff,0xff,  //@@@@@@@@@@@@@@@@@@@@@@@@
0xff,0xff,0xff,0xff,0xff,0xff,  //@@@@@@@@@@@@@@@@@@@@@@@@
0xff,0xff,0xff,0xff,0xff,0xff,  //@@@@@@@@@@@@@@@@@@@@@@@@
0xbf,0xff,0xff,0xff,0xff,0xfe,  //%@@@@@@@@@@@@@@@@@@@@@@%
0x1a,0xaa,0xaa,0xaa,0xaa,0xa4,  //.%%%%%%%%%%%%%%%%%%%%%%.


/*  */
0x00,0x00,0x01,0x55,0x55,0x55,0x50,  //...........***************+
0x00,0x00,0x07,0xff,0xff,0xff,0xf8,  //..........*@@@@@@@@@@@@@@@#
0x00,0x00,0x0b,0xff,0xff,0xff,0xfc,  //..........%@@@@@@@@@@@@@@@@
0x00,0x00,0x0b,0xea,0xaa,0xaa,0xfc,  //..........%@@#%%%%%%%%%%@@@
0x00,0x00,0x0b,0xe0,0x00,0x00,0xfc,  //..........%@@%..........@@@
0x00,0x00,0x0b,0xe0,0x00,0x00,0xfc,  //..........%@@%..........@@@
0x00,0x00,0x0b,0xe0,0x00,0x00,0xfc,  //..........%@@%..........@@@
0x1a,0xaa,0xab,0xea,0x00,0x00,0xfc,  //.%%%%%%%%%#@@#%%+.......@@@
0xbf,0xff,0xff,0xff,0x80,0x00,0xfc,  //%@@@@@@@@@@@@@@@#.......@@@
0xff,0xff,0xff,0xff,0xc0,0x00,0xfc,  //@@@@@@@@@@@@@@@@@+......@@@
0xff,0xff,0xff,0xff,0xc0,0x00,0xfc,  //@@@@@@@@@@@@@@@@@*......@@@
0xff,0xff,0xff,0xff,0xc0,0x00,0xfc,  //@@@@@@@@@@@@@@@@@*......@@@
0xff,0xff,0xff,0xff,0xc0,0x00,0xfc,  //@@@@@@@@@@@@@@@@@*......@@@
0xff,0xff,0xff,0xff,0xc0,0x00,0xfc,  //@@@@@@@@@@@@@@@@@*......@@@
0xfd,0x00,0x00,0x1f,0xea,0xaa,0xfc,  //@@@%**********@@@#%%%%%%@@@
0xfd,0x00,0x00,0x0f,0xff,0xff,0xfc,  //@@@*.........*@@@@@@@@@@@@@
0xfd,0x00,0x00,0x0f,0xff,0xff,0xf8,  //@@@*.........*@@@@@@@@@@@@#
0xfd,0x00,0x00,0x0f,0xd5,0x55,0x50,  //@@@*.........*@@@%********+
0xfd,0x00,0x00,0x0f,0xc0,0x00,0x00,  //@@@*.........*@@@*.........
0xfd,0x00,0x00,0x0f,0xc0,0x00,0x00,  //@@@*.........*@@@*.........
0xfd,0x00,0x00,0x0f,0xc0,0x00,0x00,  //@@@*.........*@@@*.........
0xff,0xff,0xff,0xff,0xc0,0x00,0x00,  //@@@@@@@@@@@@@@@@@*.........
0xff,0xff,0xff,0xff,0xc0,0x00,0x00,  //@@@@@@@@@@@@@@@@@+.........
0x7f,0xff,0xff,0xff,0x80,0x00,0x00,  //%@@@@@@@@@@@@@@@%..........


/*  */
0x2a,0xaa,0xaa,0xaa,0xaa,0xa8,  //+%%%%%%%%%%%%%%%%%%%%%%+
0xbf,0xff,0xff,0xff,0xff,0xfe,  //#@@@@@@@@@@@@@@@@@@@@@@#
0xff,0xff,0xff,0xff,0xff,0xff,  //@@@@@@@@@@@@@@@@@@@@@@@@
0xff,0xff,0xff,0xff,0xff,0xff,  //@@@@@@@@@@@@@@@@@@@@@@@@
0xff,0xff,0xbf,0xfe,0xff,0xff,  //@@@@@@@@%@@@@@@%@@@@@@@@
0xff,0xfd,0x1f,0xf4,0x7f,0xff,  //@@@@@@@%.*@@@@*.%@@@@@@@
0xff,0xf4,0x07,0xd0,0x1f,0xff,  //@@@@@@%...*@@*...%@@@@@@
0xff,0xf4,0x01,0x40,0x1f,0xff,  //@@@@@@%....**....%@@@@@@
0xff,0xfd,0x00,0x00,0x7f,0xff,  //@@@@@@@%........%@@@@@@@
0xff,0xff,0x40,0x01,0xff,0xff,  //@@@@@@@@%......%@@@@@@@@
0xff,0xff,0xc0,0x03,0xff,0xff,  //@@@@@@@@@*....*@@@@@@@@@
0xff,0xff,0x40,0x01,0xff,0xff,  //@@@@@@@@*......*@@@@@@@@
0xff,0xfd,0x00,0x00,0x7f,0xff,  //@@@@@@@*........*@@@@@@@
0xff,0xf4,0x01,0x40,0x1f,0xff,  //@@@@@@*....%%....*@@@@@@
0xff,0xf4,0x07,0xd0,0x1f,0xff,  //@@@@@@%...%@@%...%@@@@@@
0xff,0xfd,0x1f,0xf4,0x7f,0xff,  //@@@@@@@%.%@@@@%.%@@@@@@@
0xff,0xff,0xbf,0xfe,0xff,0xff,  //@@@@@@@@#@@@@@@#@@@@@@@@
0xff,0xff,0xff,0xff,0xff,0xff,  //@@@@@@@@@@@@@@@@@@@@@@@@
0xff,0xff,0xff,0xff,0xff,0xff,  //@@@@@@@@@@@@@@@@@@@@@@@@
0xbf,0xff,0xff,0xff,0xff,0xfe,  //%@@@@@@@@@@@@@@@@@@@@@@%
0x1a,0xaa,0xaa,0xaa,0xaa,0xa4,  //.%%%%%%%%%%%%%%%%%%%%%%.


/*  */
0x2a,0xaa,0xaa,0xaa,0xaa,0xa8,  //+%%%%%%%%%%%%%%%%%%%%%%+
0xbf,0xff,0xff,0xff,0xff,0xfe,  //#@@@@@@@@@@@@@@@@@@@@@@#
0xff,0xff,0xff,0xff,0xff,0xff,  //@@@@@@@@@@@@@@@@@@@@@@@@
0xfe,0x55,0x55,0x55,0x55,0xbf,  //@@@%****************%@@@
0xfd,0x00,0x00,0x00,0x00,0x7f,  //@@@*................*@@@
0xfd,0x00,0x10,0x04,0x00,0x7f,  //@@@*.....*....*.....*@@@
0xfd,0x00,0xb4,0x1e,0x00,0x7f,  //@@@*....#@%..%@#....*@@@
0xfd,0x02,0xfd,0x7f,0x80,0x7f,  //@@@*...#@@@%%@@@#...*@@@
0xfd,0x01,0xff,0xff,0x40,0x7f,  //@@@*...%@@@@@@@@%...*@@@
0xfd,0x00,0x7f,0xfd,0x00,0x7f,  //@@@*....%@@@@@@%....*@@@
0xfd,0x00,0x2f,0xf8,0x00,0x7f,  //@@@*.....#@@@@#.....*@@@
0xfd,0x00,0x7f,0xfd,0x00,0x7f,  //@@@*....%@@@@@@%....*@@@
0xfd,0x01,0xff,0xff,0x40,0x7f,  //@@@*...%@@@@@@@@%...*@@@
0xfd,0x01,0xfd,0x7f,0x40,0x7f,  //@@@*...%@@@%%@@@%...*@@@
0xfd,0x00,0x74,0x1d,0x00,0x7f,  //@@@*....%@%..%@%....*@@@
0xfd,0x00,0x00,0x00,0x00,0x7f,  //@@@*.....*....*.....*@@@
0xfd,0x00,0x00,0x00,0x00,0x7f,  //@@@*................*@@@
0xfe,0xaa,0xaa,0xaa,0xaa,0xbf,  //@@@#%%%%%%%%%%%%%%%%#@@@
0xff,0xff,0xff,0xff,0xff,0xff,  //@@@@@@@@@@@@@@@@@@@@@@@@
0xbf,0xff,0xff,0xff,0xff,0xfe,  //%@@@@@@@@@@@@@@@@@@@@@@%
0x1a,0xaa,0xaa,0xaa,0xaa,0xa4,  //.%%%%%%%%%%%%%%%%%%%%%%.


/*  */
0x00,0x00,0x05,0x50,0x00,0x00,  //.........******.........
0x00,0x02,0xff,0xff,0x80,0x00,  //......*%@@@@@@@@%*......
0x00,0x2f,0xff,0xff,0xf8,0x00,  //.....%@@@@@@@@@@@@%.....
0x00,0xbf,0xff,0xff,0xfe,0x00,  //...+#@@@@@@@@@@@@@@#+...
0x02,0xff,0xff,0xff,0xff,0x80,  //...#@@@@@@@@@@@@@@@@#...
0x0b,0xff,0xff,0xff,0xff,0xe0,  //..#@@@@@@@@@@@@@@@@@@#..
0x1f,0xff,0xff,0xff,0xff,0xf4,  //.*@@@@@@@@@@@@@@@@@@@@*.
0x2f,0xff,0xff,0xff,0xff,0xf8,  //.#@@@@@@@@@@@@@@@@@@@@#.
0x7f,0xff,0xea,0xaa,0xab,0xfd,  //*@@@@@@@@#%%%%%%%%#@@@@*
0x7f,0xff,0xc0,0x00,0x0b,0xfd,  //%@@@@@@@@*........#@@@@%
0xbf,0xff,0x80,0x00,0x1f,0xfe,  //#@@@@@@@%........%@@@@@#
0xff,0xff,0x00,0x00,0x3f,0xff,  //@@@@@@@@+.......+@@@@@@@
0xff,0xfd,0x00,0x00,0x7f,0xff,  //@@@@@@@%........%@@@@@@@
0xff,0xf8,0x00,0x00,0xff,0xff,  //@@@@@@#........*@@@@@@@@
0xbf,0xf4,0x00,0x02,0xff,0xfe,  //#@@@@@*........%@@@@@@@#
0x7f,0xe0,0x00,0x03,0xff,0xfd,  //%@@@@#........*@@@@@@@@%
0x3f,0xea,0xaa,0xab,0xff,0xfc,  //*@@@@#%%%%%%%%#@@@@@@@@*
0x2f,0xff,0xff,0xff,0xff,0xf8,  //.#@@@@@@@@@@@@@@@@@@@@#.
0x0f,0xff,0xff,0xff,0xff,0xf0,  //.*@@@@@@@@@@@@@@@@@@@@*.
0x0b,0xff,0xff,0xff,0xff,0xe0,  //..%@@@@@@@@@@@@@@@@@@%..
0x02,0xff,0xff,0xff,0xff,0x80,  //...#@@@@@@@@@@@@@@@@#...
0x00,0xbf,0xff,0xff,0xfe,0x00,  //....#@@@@@@@@@@@@@@#....
0x00,0x1f,0xff,0xff,0xf4,0x00,  //.....*@@@@@@@@@@@@*.....
0x00,0x01,0xbf,0xfe,0x40,0x00,  //......+%#@@@@@@#%+......


/*  */
0x00,0x00,0x05,0x50,0x00,0x00,  //.........******.........
0x00,0x02,0xff,0xff,0x80,0x00,  //......*%@@@@@@@@%*......
0x00,0x2f,0xfe,0x2f,0xf8,0x00,  //.....%@@@@@#*#@@@@%.....
0x00,0xbf,0xfd,0x2f,0xfe,0x00,  //...+#@@@@@@*.#@@@@@#+...
0x02,0xff,0xfd,0x18,0x0b,0x80,  //...#@@@@@@@**%%+.*#@#+..
0x0b,0xff,0xfe,0x17,0x83,0xe0,  //..#@@@@@@@@%.%*@#+*@@#..
0x1f,0xff,0xff,0x1f,0xa3,0xf4,  //.*@@@@@@@@@@+%@@##.@@@*.
0x2f,0xff,0xfd,0x1f,0x53,0xf8,  //.#@@@@@@@@@%.*@@%%*@@@#.
0x7f,0xff,0xf4,0x07,0xe7,0xfd,  //*@@@@@@@@@%.+*%@@%%@@@@*
0x7f,0xff,0xe0,0x00,0x0f,0xfe,  //%@@@@@@@@%.***+++*@@@@@%
0xbf,0xff,0x40,0xb0,0x0f,0xfe,  //#@@@@@@@%+.+%@+..+@@@@@#
0xff,0xf8,0x00,0x20,0x0b,0xff,  //@@@@@@#*.*+.+%.+.*#@@@@@
0xff,0xf0,0x04,0x02,0x42,0xff,  //@@@@@@*..**....%*..#@@@@
0xff,0xd0,0x04,0x07,0xd0,0xbf,  //@@@@@%...**...%@@*.+#@@@
0xbf,0xd0,0xa0,0x2f,0xf4,0x3e,  //#@@@@%.*%#...%@@@@%.*@@#
0x7f,0xc1,0xc0,0x7f,0xff,0xfd,  //%@@@@..%@*..*@@@@@@@@@@%
0x3f,0xeb,0x80,0xbf,0xff,0xfc,  //*@@@@##@#...#@@@@@@@@@@*
0x2f,0xff,0x41,0xff,0xff,0xf8,  //.#@@@@@@*..%@@@@@@@@@@#.
0x0f,0xfe,0x03,0xff,0xff,0xf4,  //.*@@@@@#*.*@@@@@@@@@@@*.
0x0b,0xf8,0x0b,0xff,0xff,0xe0,  //..%@@@#+++#@@@@@@@@@@%..
0x02,0xf4,0x2f,0xff,0xff,0x80,  //...#@@*.+#@@@@@@@@@@#...
0x00,0xb5,0xbf,0xff,0xfe,0x00,  //....#@%*#@@@@@@@@@@#....
0x00,0x1f,0xff,0xff,0xf4,0x00,  //.....*@@@@@@@@@@@@*.....
0x00,0x01,0xbf,0xfe,0x40,0x00,  //......+%#@@@@@@#%+......


/*  */
0x00,0x00,0x00,0x00,0x14,0x00,  //********************.
0xff,0xff,0xff,0xff,0xfc,0x00,  //@@@@@@@@@@@@@@@@@@@*.
0x07,0xfc,0x00,0x01,0xbc,0x00,  //.*%@@@@********%#@@*.
0x02,0xfc,0x00,0x00,0x7c,0x00,  //...%@@@.........*@@*.
0x02,0xfc,0x00,0x00,0x2c,0x00,  //...%@@@..........#@*.
0x02,0xfc,0x00,0x00,0x1c,0x00,  //...%@@@..........%@..
0x02,0xfc,0x00,0x00,0x1c,0x00,  //...%@@@..........*@..
0x02,0xfc,0x00,0x00,0x00,0x00,  //...%@@@...........*..
0x01,0xfc,0x00,0x0c,0x00,0x00,  //...*@@@......*@*.....
0x01,0xfc,0x00,0x1c,0x00,0x00,  //...*@@@......*@*.....
0x01,0xfc,0x00,0x2c,0x00,0x00,  //...*@@@......#@+.....
0x01,0xfc,0x05,0x7c,0x00,0x00,  //...*@@@*****%@@......
0x01,0xff,0xff,0xfc,0x00,0x00,  //...%@@@@@@@@@@@......
0x02,0xfc,0x00,0x7c,0x00,0x00,  //...%@@@******@@......
0x02,0xfc,0x00,0x2c,0x00,0x00,  //...%@@@......#@......
0x02,0xfc,0x00,0x1c,0x00,0x00,  //...%@@@......*@......
0x02,0xfc,0x00,0x04,0x00,0x00,  //...%@@@......+*+.....
0x02,0xfc,0x00,0x00,0x01,0x40,  //...%@@@............%*
0x02,0xfc,0x00,0x00,0x03,0x40,  //...%@@@...........+@*
0x02,0xfc,0x00,0x00,0x07,0x00,  //...%@@@...........%@*
0x02,0xfc,0x00,0x00,0x0b,0x00,  //...%@@@...........#@*
0x02,0xfc,0x00,0x00,0x1f,0x00,  //...%@@@..........%@@.
0x07,0xfe,0x40,0x01,0xbf,0x00,  //.**@@@@#********%@@@.
0xff,0xff,0xff,0xff,0xfe,0x00,  //@@@@@@@@@@@@@@@@@@@%.


/*  */
0x2a,0xaa,0xaa,0xaa,0xa9,0x00,  //+%%%%%%%%%%%%%%%%%%%.
0xbf,0xff,0xff,0xff,0xff,0x40,  //#@@@@@@@@@@@@@@@@@@@*
0xff,0xff,0xff,0xff,0xff,0x40,  //@@@@@@@@@@@@@@@@@@@@*
0xff,0xff,0xff,0xff,0xff,0x40,  //@@@@@@@@@@@@@@@@@@@@*
0xff,0xff,0xff,0xff,0xff,0x40,  //@@@@@@@@@@@@@@@@@@@@*
0xff,0xff,0xff,0xff,0xff,0x40,  //@@@@@@@@@@@@@@@@@@@@*
0xff,0xff,0xff,0xff,0xff,0x40,  //@@@@@@@@@@@@@@@@@@@@*
0xf4,0x45,0x14,0x24,0xff,0x40,  //@@%*%**%*****%%*@@@@*
0xf4,0x40,0x00,0x04,0xaf,0x40,  //@@*.*..*.**+++*.##@@*
0xf4,0x40,0x00,0x04,0x0b,0x40,  //@@*.*+.*+****.*.+.#@*
0xf4,0x40,0x00,0x04,0x4b,0x40,  //@@*.*.*.*****.*.*.%@*
0xf4,0x40,0x00,0x04,0x4b,0x40,  //@@*.*.*.*****.*.*.%@*
0xf4,0x44,0x00,0x04,0x4b,0x40,  //@@*.*.*****+++*.*.#@*
0xf9,0x99,0x55,0x69,0x5f,0x40,  //@@%*%*%%%%%**%%*%%@@*
0xff,0xff,0xff,0xff,0xff,0x40,  //@@@@@@@@@@@@@@@@@@@@*
0xff,0xff,0xff,0xff,0xff,0x40,  //@@@@@@@@@@@@@@@@@@@@*
0xff,0xff,0xff,0xff,0xff,0x40,  //@@@@@@@@@@@@@@@@@@@@*
0xff,0xff,0xff,0xff,0xff,0x40,  //@@@@@@@@@@@@@@@@@@@@*
0xff,0xff,0xff,0xff,0xff,0x40,  //@@@@@@@@@@@@@@@@@@@@*
0xbf,0xff,0xff,0xff,0xff,0x40,  //%@@@@@@@@@@@@@@@@@@@*
0x1a,0xaa,0xaa,0xaa,0xa9,0x00,  //.%%%%%%%%%%%%%%%%%%*.


/*  */
0x00,0x00,0x00,0x05,0x50,0x00,0x00,  //.............******+........
0x00,0x00,0x06,0xff,0xff,0x90,0x00,  //..........*%@@@@@@@@%*......
0x00,0x00,0x2f,0xe9,0x6b,0xf8,0x00,  //........+#@@@#%*%%#@@@%+....
0x00,0x00,0x7d,0x00,0x00,0x7e,0x00,  //........%@@%+......+%@@#+...
0x00,0x00,0xe0,0x00,0x00,0x0b,0x80,  //.......+@#+..........*#@#+..
0x00,0x01,0x80,0x15,0x40,0x02,0xe0,  //.......*#...*****......#@%..
0x00,0x02,0x4b,0xff,0xd0,0x00,0xb4,  //.......#%*%@@@@@@*......#@*.
0x00,0x06,0xbe,0x40,0x00,0x00,0x38,  //......%##@@#%*+.........+@#.
0x00,0x06,0xe4,0x00,0x00,0x00,0x1c,  //.....+%#@#*..............%@+
0x00,0x1b,0x80,0x00,0x00,0x00,0x0c,  //.....%#@#................+@*
0x00,0x2f,0x00,0x00,0x00,0x00,0x09,  //.....#@@*.................#*
0x00,0x3a,0x40,0x00,0x00,0x00,0x09,  //....*@%#*.................%*
0x00,0xa2,0x40,0x00,0x00,0x00,0x05,  //....%#.%%...........+.....**
0x00,0xd1,0x80,0x00,0x01,0xc0,0x04,  //....@%.%#..........%@*....**
0x00,0xd1,0xc0,0x00,0x1b,0x80,0x08,  //**++@*.*@+......+*#@#+....%+
0x01,0xe5,0xd0,0x06,0xf9,0x00,0x08,  //..*%@#**@*...**#@@#*......%.
0x00,0xe6,0xbf,0xe9,0x40,0x00,0x04,  //...+@%*%#@@@@#%%*+........%.
0x00,0xd4,0x74,0x00,0x00,0x00,0x10,  //....@**.*@*..............*+.
0x00,0x88,0x28,0x00,0x00,0x00,0x10,  //....%*%..##..............*..
0x00,0x51,0x0e,0x00,0x00,0x00,0x40,  //....*%**.*@#............%...
0x00,0x21,0x47,0x80,0x00,0x01,0x00,  //.....#.**.*@#..........*+...
0x00,0x14,0x51,0xe0,0x00,0x04,0x00,  //.....**.**.%@#*.......*+....
0x00,0x00,0x08,0x6e,0x40,0x10,0x00,  //......*..*%**#@%*...*%+.....
0x00,0x00,0x01,0xaf,0xfe,0x40,0x00,  //...........*%%@@@@@#*.......


/*  */
0x00,0x00,0x01,0x50,0x00,0x00,  //..........*****+........
0x00,0x01,0xbf,0xff,0x90,0x00,  //.......*#@@@@@@@#*......
0x00,0x0b,0xfa,0x9a,0xf8,0x00,  //.....*#@@@#%%*%%@@#*....
0x00,0x7e,0x40,0x00,0x07,0x40,  //....*@@#*+.......*%@*...
0x01,0xf4,0x00,0x00,0x50,0x90,  //...%@@*........***.*#*..
0x07,0x80,0x00,0x00,0x09,0x20,  //..*@#+.....+**...*#%+#+.
0x0a,0x00,0x1b,0x95,0x01,0x84,  //..##+....*#@%*%%+..*#+%.
0x1c,0x00,0xbf,0x40,0x50,0x60,  //.*@+....%@@@**..**..*%++
0x24,0x01,0xff,0xfd,0x10,0x24,  //.#*....%@@@@@@@*.**..%*+
0x20,0x03,0xff,0xff,0x48,0x08,  //+#.+..*@@@@@@@@@%.#...#.
0x50,0x0b,0xff,0xff,0xd8,0x08,  //*%*...%@@@@@@@@@@*#*..%*
0x54,0x0b,0xff,0xff,0xfd,0x05,  //***...#@@@@@@@@@@@@*..**
0x44,0x0f,0xff,0xff,0xfd,0x01,  //*+%...@@@@@@@@@@@@@%..**
0x48,0x0f,0xff,0xff,0xfd,0x05,  //*.%...@@@@@@@@@@@@@*..**
0x08,0x0b,0xff,0xff,0xfd,0x05,  //*.%+..%@@@@@@@@@@@@*..**
0x05,0x07,0xff,0xff,0xf8,0x08,  //*.**..*@@@@@@@@@@@#...#+
0x06,0x02,0xff,0xff,0xf4,0x08,  //.+*#...#@@@@@@@@@@*..+#.
0x03,0x40,0xbf,0xff,0xd0,0x20,  //..+@*...#@@@@@@@@%...%*.
0x01,0x80,0x1f,0xfe,0x00,0x50,  //...%#+...%@@@@@#*...%%+.
0x00,0xa0,0x00,0x50,0x02,0x40,  //...+##+....****....%%+*.
0x00,0x78,0x00,0x00,0x18,0x20,  //....*@#*.........*%*+%..
0x00,0x1b,0x80,0x00,0x01,0x80,  //.....*#@%+.....+*+.*#...
0x00,0x02,0xf9,0x00,0x1a,0x00,  //......+%@@#**+.**%#%....
0x00,0x00,0x2f,0xff,0x90,0x00,  //........*%@@@@@@#%*.....


/*  */
0x00,0x55,0x55,0x55,0x00,0x00,  //....*************....
0x01,0xff,0xff,0xff,0xc0,0x00,  //...*@@@@@@@@@@@@@+...
0x01,0xff,0xff,0xff,0xc0,0x00,  //...*@@@@@@@@@@@@@*...
0x01,0xff,0xff,0xff,0xc0,0x00,  //.*+*@@@@@@@@@@@@@**+.
0xb5,0xff,0xff,0xff,0xce,0x40,  //#@**@@@@@@@@@@@@@*@#*
0x11,0xff,0xff,0xff,0xc5,0x00,  //****@@@@@@@@@@@@@***+
0x01,0xff,0xff,0xff,0xc0,0x00,  //...*@@@@@@@@@@@@@*...
0x25,0xff,0xff,0xff,0xc9,0x00,  //*%**@@@@@@@@@@@@@*%%+
0x75,0xff,0xff,0xff,0xce,0x00,  //%@**@@@@@@@@@@@@@*@#*
0x01,0xff,0xff,0xff,0xc0,0x00,  //...*@@@@@@@@@@@@@*...
0x01,0xff,0xff,0xff,0xc0,0x00,  //.*+*@@@@@@@@@@@@@**+.
0xb5,0xff,0xff,0xff,0xce,0x40,  //#@**@@@@@@@@@@@@@*@#*
0x11,0xff,0xff,0xff,0xc5,0x00,  //.***@@@@@@@@@@@@@***.
0x01,0xff,0xff,0xff,0xc0,0x00,  //...*@@@@@@@@@@@@@*...
0x65,0xff,0xff,0xff,0xca,0x00,  //%%**@@@@@@@@@@@@@*%%*
0x65,0xff,0xff,0xff,0xca,0x00,  //%%**@@@@@@@@@@@@@*%%*
0x01,0xff,0xff,0xff,0xc0,0x00,  //...*@@@@@@@@@@@@@*...
0x11,0xff,0xff,0xff,0xc5,0x00,  //.***@@@@@@@@@@@@@***.
0xb5,0xff,0xff,0xff,0xce,0x40,  //#@**@@@@@@@@@@@@@*@#*
0x01,0xff,0xff,0xff,0xc0,0x00,  //.*+*@@@@@@@@@@@@@**+.
0x01,0xff,0xff,0xff,0xc0,0x00,  //...*@@@@@@@@@@@@@*...
0x01,0xff,0xff,0xff,0xc0,0x00,  //...*@@@@@@@@@@@@@+...
0x00,0xaa,0xaa,0xaa,0x40,0x00,  //...+%%%%%%%%%%%%*....


/*  */
0x00,0x00,0x04,0x00,0x00,0x00,  //.........**..........
0x00,0x00,0x2c,0x00,0x00,0x00,  //.........%@..........
0x00,0x06,0x2c,0x60,0x00,0x00,  //......*%.%@.%%.......
0x00,0x07,0xad,0xe0,0x00,0x00,  //......%@%%@*@#.......
0x02,0x01,0xff,0x80,0x90,0x00,  //..+%+..%@@@@#...%*...
0x03,0x40,0xbe,0x00,0xd0,0x00,  //..*@%...#@@#+..+@%...
0xd2,0x80,0x2c,0x01,0xc6,0x40,  //@*.##....#@+...%@+*#*
0xba,0xc0,0x2c,0x02,0xee,0x00,  //#@##@+...%@....#@#@#*
0x1b,0xd0,0x2c,0x03,0xf4,0x00,  //.*#@@%...%@...*@@@%..
0x6f,0xf4,0x2c,0x1b,0xf9,0x00,  //%%@@@@%+.%@..*#@@@#%+
0xf9,0x6e,0x6d,0xb9,0x6b,0x40,  //@@%%*%@#*#@*#@#**%#@%
0x00,0x02,0xff,0x90,0x00,0x00,  //+.....*#@@@@#*.....+.
0x00,0x00,0xbf,0x00,0x00,0x00,  //........#@@@*........
0x00,0x06,0xff,0xd0,0x00,0x00,  //*+....*#@@@@@%.....*.
0xfa,0x6e,0x6c,0xb9,0xaf,0x40,  //@@#%*#@#*%@*%@#%%#@@%
0x5b,0xe4,0x2c,0x1b,0xe9,0x00,  //*%#@@#*..%@..*#@@#%*+
0x1f,0xd0,0x2c,0x03,0xf8,0x00,  //.%@@@*...%@...+@@@%+.
0xba,0xc0,0x2c,0x02,0xef,0x40,  //#@##@+...%@....#@%@@*
0x92,0x80,0x2d,0x01,0xc2,0x40,  //%*.##...+#@*...%@**%*
0x03,0x40,0xbf,0x00,0xd0,0x00,  //..*@*...#@@@+..+@%...
0x01,0x02,0xfe,0x80,0x40,0x00,  //...*...#@@@##+..**...
0x00,0x07,0x6d,0xe0,0x00,0x00,  //......%@%%@*@#.......
0x00,0x05,0x2c,0x50,0x00,0x00,  //......*%.%@.*%.......
0x00,0x00,0x2c,0x00,0x00,0x00,  //.........%@..........


/*  */
0x00,0x00,0x00,0x00,0x00,0x05,  //....................+***
0x00,0x00,0x00,0x01,0x6b,0xf8,  //.............***%%#@@@#.
0x00,0x00,0x1a,0xff,0xff,0xe0,  //........*%%#@@@@@@@@@#..
0x00,0x02,0xff,0xff,0xff,0x80,  //......*#@@@@@@@@@@@@#...
0x00,0x1f,0xfa,0xaf,0xfe,0x00,  //.....%@@@@#%%#@@@@@#....
0x00,0xbf,0x40,0x01,0xfd,0x00,  //....%@@@%+....+%@@@%....
0x01,0xf8,0x00,0x00,0x2f,0x40,  //...%@@#+........+#@@%...
0x03,0xe0,0x00,0x00,0x0b,0xc0,  //..*@@#+..........+#@@+..
0x0b,0xd0,0x00,0x00,0x07,0xd0,  //..%@@*............*@@%..
0x0f,0x80,0x00,0x00,0x02,0xf0,  //..@@#..............#@@..
0x0f,0x40,0x00,0x00,0x01,0xf0,  //.*@@*..............*@@*.
0x1f,0x00,0x00,0x00,0x00,0xf4,  //.*@@*..............*@@*.
0x1f,0x00,0x00,0x00,0x00,0xf4,  //.*@@*..............*@@*.
0x1f,0x00,0x00,0x00,0x00,0xf4,  //.*@@*..............*@@*.
0x0f,0x40,0x00,0x00,0x01,0xf0,  //.*@@%..............%@@*.
0x0b,0x80,0x00,0x00,0x02,0xe0,  //..#@#..............#@#..
0x07,0xd0,0x00,0x00,0x07,0xd0,  //..%@@*............*@@%..
0x03,0xe0,0x00,0x00,0x0b,0x80,  //..+@@#+..........+#@#+..
0x01,0xf8,0x00,0x00,0x2f,0x40,  //...*@@#*........*#@@*...
0x00,0xbf,0x80,0x02,0xfd,0x00,  //....%@@@%*....*%@@@%....
0x00,0xbf,0xff,0xff,0xf4,0x00,  //...+#@@@@@@@@@@@@@*.....
0x02,0xff,0xff,0xff,0x80,0x00,  //..+#@@@@@@@@@@@@%+......
0x0b,0xff,0xfe,0x94,0x00,0x00,  //.+#@@@@@@@@#%%*+........
0x2f,0xa5,0x00,0x00,0x00,0x00,  //+#@@#%***+..............


/*  */
0x00,0x00,0x05,0x50,0x00,0x00,  //.........******.........
0x00,0x02,0xff,0xff,0x80,0x00,  //......*%@@@@@@@@%*......
0x00,0x2e,0x40,0x01,0xb8,0x00,  //.....%@#%*....*%#@%.....
0x00,0xb4,0x00,0x00,0x1e,0x00,  //...+#@*..........*@#+...
0x02,0x80,0x00,0x00,0x02,0x80,  //...##+............+##...
0x0a,0x00,0x00,0x00,0x00,0xa0,  //..##+..............+##..
0x1c,0x01,0x40,0x00,0x00,0x34,  //.*@*...**...........*@*.
0x28,0x02,0xe4,0x00,0x00,0x28,  //.#%....#@#*..........%#.
0x70,0x07,0xfd,0x00,0x00,0x0d,  //*@*...*@@@@*+........*@*
0x60,0x0b,0xf8,0xd0,0x00,0x09,  //%#....#@@@#+@%*.......#%
0xa0,0x07,0xf5,0xfc,0x00,0x0a,  //#%....%@@@%%@@@*......%#
0xd0,0x00,0x62,0xf9,0x90,0x07,  //@*......*#+#@@%*#%+...*@
0xd0,0x00,0x01,0xb6,0xf0,0x07,  //@*........+*%@*#@@+...*@
0xd0,0x00,0x02,0x51,0xa0,0x07,  //@*........*#%*.%#%....*@
0xa0,0x00,0x01,0x80,0x00,0x0a,  //#%........+%#*...+....%#
0x60,0x00,0x04,0x50,0x00,0x09,  //%#........%+**........#%
0x34,0x00,0x04,0x20,0x00,0x1c,  //*@*......+%..%.......*@*
0x28,0x00,0x10,0x14,0x00,0x28,  //.##......%+..**......##.
0x0d,0x00,0x00,0x04,0x00,0x70,  //.*@*.....*....*.....*@*.
0x0b,0x00,0x00,0x00,0x00,0xe0,  //..%@+..............+@%..
0x02,0x90,0x00,0x00,0x06,0x80,  //...##*............*##...
0x00,0xb8,0x00,0x00,0x2e,0x00,  //....#@%+........+%@#....
0x00,0x1f,0x90,0x06,0xf4,0x00,  //.....*@@%**..**%@@*.....
0x00,0x01,0xbf,0xfe,0x40,0x00,  //......+%#@@@@@@#%+......


/*  */
0x00,0x01,0x00,0x00,0x00,0x00,0x00,  //.......*.................
0x00,0x01,0x00,0x18,0x00,0x00,0x00,  //.......*.....*#+.........
0x00,0x00,0x00,0x1c,0x00,0x00,0x00,  //.............%@+.........
0x00,0x00,0x06,0x40,0x00,0x00,0x00,  //.........*%%*++..........
0x00,0x20,0xbf,0xfb,0x90,0x00,0x00,  //....+%..%@@@@@#@#%.......
0x00,0x22,0xff,0xff,0xf8,0x00,0x00,  //....+#+#@@@@@@@@@@#......
0x00,0x07,0xff,0xff,0xfe,0x00,0x00,  //......%@@@@@@@@@@@@%.+...
0x00,0x2f,0xff,0xff,0xff,0x28,0x00,  //....*#@@@@@@@@@@@@@@.#%..
0x00,0xbf,0x82,0x45,0x2f,0x00,0x00,  //...+#@@@%**%*.***#@@***..
0x01,0xfe,0x00,0x00,0x0f,0x80,0x00,  //...*@@@#.........*@@#+...
0x01,0xfd,0x00,0x01,0x1f,0xe0,0x40,  //.+.*@@@%.......*.*@@@#..%
0x75,0xfc,0x02,0x05,0x2f,0xf0,0x00,  //*@**@@@+...#+.*%.%@@@@...
0x31,0xf8,0x06,0x08,0x3f,0xe0,0x00,  //*@**@@#...*#..#++@@@@#...
0x02,0xf4,0x09,0x14,0x7f,0xc2,0x00,  //...#@@%...%*.*%.%@@@@*+#.
0x03,0xf0,0x0c,0x20,0xbf,0xd0,0x00,  //..*@@@*..+@..#+.#@@@@%.*.
0x03,0xf0,0x18,0x70,0xff,0xe0,0x00,  //..*@@@...%%.*@.+@@@@@%...
0x02,0xf0,0x2e,0xf0,0x1f,0xe0,0x00,  //...#@@*..#@#@@+.*%@@@%...
0x01,0xfe,0xbf,0xf9,0x1f,0xd0,0x00,  //...*@@@%#@@@@@#***@@@*...
0x00,0x2f,0xff,0xff,0xff,0x80,0x00,  //....*%@@@@@@@@@@@@@@#....
0x00,0x4f,0xff,0xff,0xfe,0x00,0x00,  //....*+@@@@@@@@@@@@@%+....
0x00,0x0b,0xff,0xff,0xd0,0x00,0x00,  //....*.%@@@@@@@@@@*+......
0x00,0x02,0xff,0xff,0x49,0x00,0x00,  //......+#@@@@@@@@%+#*.....
0x00,0x00,0x69,0x15,0x0e,0x00,0x00,  //........*%%*.*%*.+@%.....
0x00,0x00,0x00,0x80,0x00,0x00,0x00,  //...........*%.....+......


};


static const lv_font_fmt_txt_glyph_dsc_t glyph_dsc[] = {
    {.bitmap_index = 0,	.adv_w = 9, .box_h = 1, .box_w = 4, .ofs_x = 0, .ofs_y = 6},/*( )*/
    {.bitmap_index = 1,	.adv_w = 7, .box_h = 19, .box_w = 4, .ofs_x = 2, .ofs_y = 7},/*(!)*/
    {.bitmap_index = 20,	.adv_w = 10, .box_h = 7, .box_w = 8, .ofs_x = 1, .ofs_y = 21},/*(")*/
    {.bitmap_index = 34,	.adv_w = 18, .box_h = 19, .box_w = 16, .ofs_x = 1, .ofs_y = 7},/*(#)*/
    {.bitmap_index = 110,	.adv_w = 15, .box_h = 23, .box_w = 16, .ofs_x = 1, .ofs_y = 5},/*($)*/
    {.bitmap_index = 202,	.adv_w = 21, .box_h = 19, .box_w = 24, .ofs_x = 0, .ofs_y = 7},/*(%)*/
    {.bitmap_index = 316,	.adv_w = 18, .box_h = 20, .box_w = 20, .ofs_x = 1, .ofs_y = 6},/*(&)*/
    {.bitmap_index = 416,	.adv_w = 5, .box_h = 7, .box_w = 4, .ofs_x = 1, .ofs_y = 21},/*(')*/
    {.bitmap_index = 423,	.adv_w = 8, .box_h = 21, .box_w = 8, .ofs_x = 2, .ofs_y = 6},/*(()*/
    {.bitmap_index = 465,	.adv_w = 8, .box_h = 21, .box_w = 8, .ofs_x = 1, .ofs_y = 6},/*())*/
    {.bitmap_index = 507,	.adv_w = 11, .box_h = 8, .box_w = 8, .ofs_x = 1, .ofs_y = 18},/*(*)*/
    {.bitmap_index = 523,	.adv_w = 15, .box_h = 12, .box_w = 12, .ofs_x = 2, .ofs_y = 10},/*(+)*/
    {.bitmap_index = 559,	.adv_w = 7, .box_h = 8, .box_w = 4, .ofs_x = 1, .ofs_y = 2},/*(,)*/
    {.bitmap_index = 567,	.adv_w = 10, .box_h = 3, .box_w = 8, .ofs_x = 1, .ofs_y = 15},/*(-)*/
    {.bitmap_index = 573,	.adv_w = 7, .box_h = 3, .box_w = 4, .ofs_x = 2, .ofs_y = 7},/*(.)*/
    {.bitmap_index = 576,	.adv_w = 10, .box_h = 19, .box_w = 12, .ofs_x = 1, .ofs_y = 7},/*(/)*/
    {.bitmap_index = 633,	.adv_w = 16, .box_h = 20, .box_w = 16, .ofs_x = 1, .ofs_y = 6},/*(0)*/
    {.bitmap_index = 713,	.adv_w = 11, .box_h = 19, .box_w = 8, .ofs_x = 1, .ofs_y = 7},/*(1)*/
    {.bitmap_index = 751,	.adv_w = 14, .box_h = 19, .box_w = 12, .ofs_x = 1, .ofs_y = 7},/*(2)*/
    {.bitmap_index = 808,	.adv_w = 15, .box_h = 20, .box_w = 16, .ofs_x = 1, .ofs_y = 6},/*(3)*/
    {.bitmap_index = 888,	.adv_w = 15, .box_h = 19, .box_w = 16, .ofs_x = 1, .ofs_y = 7},/*(4)*/
    {.bitmap_index = 964,	.adv_w = 15, .box_h = 20, .box_w = 16, .ofs_x = 1, .ofs_y = 6},/*(5)*/
    {.bitmap_index = 1044,	.adv_w = 15, .box_h = 20, .box_w = 16, .ofs_x = 1, .ofs_y = 6},/*(6)*/
    {.bitmap_index = 1124,	.adv_w = 13, .box_h = 19, .box_w = 12, .ofs_x = 1, .ofs_y = 7},/*(7)*/
    {.bitmap_index = 1181,	.adv_w = 16, .box_h = 20, .box_w = 16, .ofs_x = 1, .ofs_y = 6},/*(8)*/
    {.bitmap_index = 1261,	.adv_w = 15, .box_h = 19, .box_w = 16, .ofs_x = 1, .ofs_y = 7},/*(9)*/
    {.bitmap_index = 1337,	.adv_w = 7, .box_h = 13, .box_w = 4, .ofs_x = 2, .ofs_y = 7},/*(:)*/
    {.bitmap_index = 1350,	.adv_w = 7, .box_h = 18, .box_w = 4, .ofs_x = 1, .ofs_y = 2},/*(;)*/
    {.bitmap_index = 1368,	.adv_w = 15, .box_h = 15, .box_w = 12, .ofs_x = 2, .ofs_y = 9},/*(<)*/
    {.bitmap_index = 1413,	.adv_w = 15, .box_h = 9, .box_w = 12, .ofs_x = 2, .ofs_y = 12},/*(=)*/
    {.bitmap_index = 1440,	.adv_w = 15, .box_h = 15, .box_w = 12, .ofs_x = 2, .ofs_y = 9},/*(>)*/
    {.bitmap_index = 1485,	.adv_w = 13, .box_h = 19, .box_w = 12, .ofs_x = 0, .ofs_y = 7},/*(?)*/
    {.bitmap_index = 1542,	.adv_w = 21, .box_h = 20, .box_w = 20, .ofs_x = 1, .ofs_y = 6},/*(@)*/
    {.bitmap_index = 1642,	.adv_w = 17, .box_h = 19, .box_w = 20, .ofs_x = 0, .ofs_y = 7},/*(A)*/
    {.bitmap_index = 1737,	.adv_w = 17, .box_h = 19, .box_w = 16, .ofs_x = 2, .ofs_y = 7},/*(B)*/
    {.bitmap_index = 1813,	.adv_w = 18, .box_h = 20, .box_w = 16, .ofs_x = 1, .ofs_y = 6},/*(C)*/
    {.bitmap_index = 1893,	.adv_w = 19, .box_h = 19, .box_w = 16, .ofs_x = 2, .ofs_y = 7},/*(D)*/
    {.bitmap_index = 1969,	.adv_w = 15, .box_h = 19, .box_w = 12, .ofs_x = 2, .ofs_y = 7},/*(E)*/
    {.bitmap_index = 2026,	.adv_w = 14, .box_h = 19, .box_w = 12, .ofs_x = 2, .ofs_y = 7},/*(F)*/
    {.bitmap_index = 2083,	.adv_w = 18, .box_h = 20, .box_w = 16, .ofs_x = 1, .ofs_y = 6},/*(G)*/
    {.bitmap_index = 2163,	.adv_w = 18, .box_h = 19, .box_w = 16, .ofs_x = 2, .ofs_y = 7},/*(H)*/
    {.bitmap_index = 2239,	.adv_w = 7, .box_h = 19, .box_w = 4, .ofs_x = 2, .ofs_y = 7},/*(I)*/
    {.bitmap_index = 2258,	.adv_w = 13, .box_h = 20, .box_w = 12, .ofs_x = 0, .ofs_y = 6},/*(J)*/
    {.bitmap_index = 2318,	.adv_w = 17, .box_h = 19, .box_w = 16, .ofs_x = 2, .ofs_y = 7},/*(K)*/
    {.bitmap_index = 2394,	.adv_w = 14, .box_h = 19, .box_w = 12, .ofs_x = 2, .ofs_y = 7},/*(L)*/
    {.bitmap_index = 2451,	.adv_w = 22, .box_h = 19, .box_w = 20, .ofs_x = 2, .ofs_y = 7},/*(M)*/
    {.bitmap_index = 2546,	.adv_w = 18, .box_h = 19, .box_w = 16, .ofs_x = 2, .ofs_y = 7},/*(N)*/
    {.bitmap_index = 2622,	.adv_w = 19, .box_h = 20, .box_w = 20, .ofs_x = 1, .ofs_y = 6},/*(O)*/
    {.bitmap_index = 2722,	.adv_w = 16, .box_h = 19, .box_w = 16, .ofs_x = 2, .ofs_y = 7},/*(P)*/
    {.bitmap_index = 2798,	.adv_w = 19, .box_h = 22, .box_w = 20, .ofs_x = 1, .ofs_y = 4},/*(Q)*/
    {.bitmap_index = 2908,	.adv_w = 16, .box_h = 19, .box_w = 16, .ofs_x = 2, .ofs_y = 7},/*(R)*/
    {.bitmap_index = 2984,	.adv_w = 15, .box_h = 20, .box_w = 16, .ofs_x = 1, .ofs_y = 6},/*(S)*/
    {.bitmap_index = 3064,	.adv_w = 15, .box_h = 19, .box_w = 16, .ofs_x = 1, .ofs_y = 7},/*(T)*/
    {.bitmap_index = 3140,	.adv_w = 18, .box_h = 20, .box_w = 16, .ofs_x = 2, .ofs_y = 6},/*(U)*/
    {.bitmap_index = 3220,	.adv_w = 18, .box_h = 19, .box_w = 20, .ofs_x = 0, .ofs_y = 7},/*(V)*/
    {.bitmap_index = 3315,	.adv_w = 25, .box_h = 19, .box_w = 28, .ofs_x = 0, .ofs_y = 7},/*(W)*/
    {.bitmap_index = 3448,	.adv_w = 17, .box_h = 19, .box_w = 20, .ofs_x = 0, .ofs_y = 7},/*(X)*/
    {.bitmap_index = 3543,	.adv_w = 17, .box_h = 19, .box_w = 20, .ofs_x = 0, .ofs_y = 7},/*(Y)*/
    {.bitmap_index = 3638,	.adv_w = 15, .box_h = 19, .box_w = 16, .ofs_x = 1, .ofs_y = 7},/*(Z)*/
    {.bitmap_index = 3714,	.adv_w = 9, .box_h = 21, .box_w = 8, .ofs_x = 2, .ofs_y = 6},/*([)*/
    {.bitmap_index = 3756,	.adv_w = 9, .box_h = 19, .box_w = 12, .ofs_x = 0, .ofs_y = 7},/*(\)*/
    {.bitmap_index = 3813,	.adv_w = 9, .box_h = 21, .box_w = 8, .ofs_x = 0, .ofs_y = 6},/*(])*/
    {.bitmap_index = 3855,	.adv_w = 11, .box_h = 7, .box_w = 12, .ofs_x = 0, .ofs_y = 20},/*(^)*/
    {.bitmap_index = 3876,	.adv_w = 11, .box_h = 2, .box_w = 12, .ofs_x = 0, .ofs_y = 3},/*(_)*/
    {.bitmap_index = 3882,	.adv_w = 7, .box_h = 6, .box_w = 8, .ofs_x = 1, .ofs_y = 21},/*(`)*/
    {.bitmap_index = 3894,	.adv_w = 14, .box_h = 15, .box_w = 12, .ofs_x = 1, .ofs_y = 6},/*(a)*/
    {.bitmap_index = 3939,	.adv_w = 15, .box_h = 20, .box_w = 12, .ofs_x = 2, .ofs_y = 6},/*(b)*/
    {.bitmap_index = 3999,	.adv_w = 14, .box_h = 15, .box_w = 12, .ofs_x = 1, .ofs_y = 6},/*(c)*/
    {.bitmap_index = 4044,	.adv_w = 15, .box_h = 20, .box_w = 16, .ofs_x = 1, .ofs_y = 6},/*(d)*/
    {.bitmap_index = 4124,	.adv_w = 14, .box_h = 15, .box_w = 12, .ofs_x = 1, .ofs_y = 6},/*(e)*/
    {.bitmap_index = 4169,	.adv_w = 9, .box_h = 19, .box_w = 12, .ofs_x = 0, .ofs_y = 7},/*(f)*/
    {.bitmap_index = 4226,	.adv_w = 15, .box_h = 20, .box_w = 16, .ofs_x = 1, .ofs_y = 1},/*(g)*/
    {.bitmap_index = 4306,	.adv_w = 15, .box_h = 19, .box_w = 12, .ofs_x = 2, .ofs_y = 7},/*(h)*/
    {.bitmap_index = 4363,	.adv_w = 7, .box_h = 19, .box_w = 4, .ofs_x = 1, .ofs_y = 7},/*(i)*/
    {.bitmap_index = 4382,	.adv_w = 7, .box_h = 25, .box_w = 8, .ofs_x = -1, .ofs_y = 1},/*(j)*/
    {.bitmap_index = 4432,	.adv_w = 14, .box_h = 19, .box_w = 12, .ofs_x = 2, .ofs_y = 7},/*(k)*/
    {.bitmap_index = 4489,	.adv_w = 7, .box_h = 19, .box_w = 4, .ofs_x = 2, .ofs_y = 7},/*(l)*/
    {.bitmap_index = 4508,	.adv_w = 22, .box_h = 14, .box_w = 20, .ofs_x = 2, .ofs_y = 7},/*(m)*/
    {.bitmap_index = 4578,	.adv_w = 15, .box_h = 14, .box_w = 12, .ofs_x = 2, .ofs_y = 7},/*(n)*/
    {.bitmap_index = 4620,	.adv_w = 15, .box_h = 15, .box_w = 16, .ofs_x = 1, .ofs_y = 6},/*(o)*/
    {.bitmap_index = 4680,	.adv_w = 15, .box_h = 20, .box_w = 12, .ofs_x = 2, .ofs_y = 1},/*(p)*/
    {.bitmap_index = 4740,	.adv_w = 15, .box_h = 20, .box_w = 16, .ofs_x = 1, .ofs_y = 1},/*(q)*/
    {.bitmap_index = 4820,	.adv_w = 10, .box_h = 14, .box_w = 8, .ofs_x = 2, .ofs_y = 7},/*(r)*/
    {.bitmap_index = 4848,	.adv_w = 12, .box_h = 15, .box_w = 12, .ofs_x = 1, .ofs_y = 6},/*(s)*/
    {.bitmap_index = 4893,	.adv_w = 10, .box_h = 18, .box_w = 12, .ofs_x = 0, .ofs_y = 6},/*(t)*/
    {.bitmap_index = 4947,	.adv_w = 15, .box_h = 14, .box_w = 12, .ofs_x = 1, .ofs_y = 6},/*(u)*/
    {.bitmap_index = 4989,	.adv_w = 14, .box_h = 13, .box_w = 16, .ofs_x = 0, .ofs_y = 7},/*(v)*/
    {.bitmap_index = 5041,	.adv_w = 21, .box_h = 13, .box_w = 24, .ofs_x = 0, .ofs_y = 7},/*(w)*/
    {.bitmap_index = 5119,	.adv_w = 14, .box_h = 13, .box_w = 16, .ofs_x = 0, .ofs_y = 7},/*(x)*/
    {.bitmap_index = 5171,	.adv_w = 14, .box_h = 19, .box_w = 16, .ofs_x = 0, .ofs_y = 1},/*(y)*/
    {.bitmap_index = 5247,	.adv_w = 13, .box_h = 13, .box_w = 12, .ofs_x = 1, .ofs_y = 7},/*(z)*/
    {.bitmap_index = 5286,	.adv_w = 9, .box_h = 21, .box_w = 12, .ofs_x = 0, .ofs_y = 6},/*({)*/
    {.bitmap_index = 5349,	.adv_w = 6, .box_h = 21, .box_w = 4, .ofs_x = 2, .ofs_y = 6},/*(|)*/
    {.bitmap_index = 5370,	.adv_w = 9, .box_h = 21, .box_w = 12, .ofs_x = 0, .ofs_y = 6},/*(})*/
    {.bitmap_index = 5433,	.adv_w = 14, .box_h = 5, .box_w = 12, .ofs_x = 1, .ofs_y = 14},/*(~)*/
    {.bitmap_index = 5448,	.adv_w = 0, .box_h = 1, .box_w = 4, .ofs_x = 0, .ofs_y = 6},/*()*/
    {.bitmap_index = 5449,	.adv_w = 24, .box_h = 21, .box_w = 24, .ofs_x = 1, .ofs_y = 6},/*(世)*/
    {.bitmap_index = 5575,	.adv_w = 24, .box_h = 22, .box_w = 24, .ofs_x = 1, .ofs_y = 5},/*(使)*/
    {.bitmap_index = 5707,	.adv_w = 24, .box_h = 23, .box_w = 24, .ofs_x = 1, .ofs_y = 5},/*(发)*/
    {.bitmap_index = 5845,	.adv_w = 24, .box_h = 21, .box_w = 24, .ofs_x = 1, .ofs_y = 5},/*(开)*/
    {.bitmap_index = 5971,	.adv_w = 24, .box_h = 22, .box_w = 24, .ofs_x = 1, .ofs_y = 5},/*(板)*/
    {.bitmap_index = 6103,	.adv_w = 24, .box_h = 22, .box_w = 24, .ofs_x = 1, .ofs_y = 5},/*(测)*/
    {.bitmap_index = 6235,	.adv_w = 24, .box_h = 21, .box_w = 20, .ofs_x = 1, .ofs_y = 5},/*(用)*/
    {.bitmap_index = 6340,	.adv_w = 24, .box_h = 22, .box_w = 24, .ofs_x = 1, .ofs_y = 5},/*(试)*/
    {.bitmap_index = 6472,	.adv_w = 24, .box_h = 22, .box_w = 24, .ofs_x = 1, .ofs_y = 5},/*(酷)*/
    {.bitmap_index = 6604,	.adv_w = 24, .box_h = 22, .box_w = 24, .ofs_x = 1, .ofs_y = 5},/*()*/
    {.bitmap_index = 6736,	.adv_w = 21, .box_h = 22, .box_w = 24, .ofs_x = 0, .ofs_y = 5},/*()*/
    {.bitmap_index = 6868,	.adv_w = 22, .box_h = 22, .box_w = 24, .ofs_x = 0, .ofs_y = 5},/*()*/
    {.bitmap_index = 7000,	.adv_w = 24, .box_h = 19, .box_w = 24, .ofs_x = 0, .ofs_y = 6},/*()*/
    {.bitmap_index = 7114,	.adv_w = 24, .box_h = 21, .box_w = 24, .ofs_x = 0, .ofs_y = 5},/*()*/
    {.bitmap_index = 7240,	.adv_w = 22, .box_h = 21, .box_w = 24, .ofs_x = 0, .ofs_y = 5},/*()*/
    {.bitmap_index = 7366,	.adv_w = 22, .box_h = 21, .box_w = 24, .ofs_x = 0, .ofs_y = 5},/*()*/
    {.bitmap_index = 7492,	.adv_w = 17, .box_h = 21, .box_w = 20, .ofs_x = 0, .ofs_y = 5},/*()*/
    {.bitmap_index = 7597,	.adv_w = 26, .box_h = 22, .box_w = 28, .ofs_x = 0, .ofs_y = 5},/*()*/
    {.bitmap_index = 7751,	.adv_w = 22, .box_h = 19, .box_w = 24, .ofs_x = 0, .ofs_y = 6},/*()*/
    {.bitmap_index = 7865,	.adv_w = 24, .box_h = 19, .box_w = 24, .ofs_x = 0, .ofs_y = 6},/*()*/
    {.bitmap_index = 7979,	.adv_w = 24, .box_h = 19, .box_w = 24, .ofs_x = 0, .ofs_y = 6},/*()*/
    {.bitmap_index = 8093,	.adv_w = 24, .box_h = 16, .box_w = 20, .ofs_x = 2, .ofs_y = 8},/*()*/
    {.bitmap_index = 8173,	.adv_w = 19, .box_h = 16, .box_w = 16, .ofs_x = 1, .ofs_y = 8},/*()*/
    {.bitmap_index = 8237,	.adv_w = 22, .box_h = 22, .box_w = 24, .ofs_x = 0, .ofs_y = 5},/*()*/
    {.bitmap_index = 8369,	.adv_w = 22, .box_h = 22, .box_w = 24, .ofs_x = 0, .ofs_y = 5},/*()*/
    {.bitmap_index = 8501,	.adv_w = 21, .box_h = 23, .box_w = 24, .ofs_x = 0, .ofs_y = 4},/*()*/
    {.bitmap_index = 8639,	.adv_w = 24, .box_h = 21, .box_w = 24, .ofs_x = 0, .ofs_y = 5},/*()*/
    {.bitmap_index = 8765,	.adv_w = 21, .box_h = 21, .box_w = 24, .ofs_x = 0, .ofs_y = 5},/*()*/
    {.bitmap_index = 8891,	.adv_w = 19, .box_h = 21, .box_w = 20, .ofs_x = 0, .ofs_y = 5},/*()*/
    {.bitmap_index = 8996,	.adv_w = 22, .box_h = 17, .box_w = 24, .ofs_x = 0, .ofs_y = 7},/*()*/
    {.bitmap_index = 9098,	.adv_w = 21, .box_h = 24, .box_w = 24, .ofs_x = 0, .ofs_y = 4},/*()*/
    {.bitmap_index = 9242,	.adv_w = 21, .box_h = 21, .box_w = 24, .ofs_x = 0, .ofs_y = 5},/*()*/
    {.bitmap_index = 9368,	.adv_w = 26, .box_h = 17, .box_w = 24, .ofs_x = 1, .ofs_y = 7},/*()*/
    {.bitmap_index = 9470,	.adv_w = 22, .box_h = 21, .box_w = 24, .ofs_x = 0, .ofs_y = 5},/*()*/
    {.bitmap_index = 9596,	.adv_w = 21, .box_h = 21, .box_w = 24, .ofs_x = 0, .ofs_y = 5},/*()*/
    {.bitmap_index = 9722,	.adv_w = 21, .box_h = 21, .box_w = 24, .ofs_x = 0, .ofs_y = 5},/*()*/
    {.bitmap_index = 9848,	.adv_w = 21, .box_h = 17, .box_w = 24, .ofs_x = 0, .ofs_y = 7},/*()*/
    {.bitmap_index = 9950,	.adv_w = 21, .box_h = 21, .box_w = 24, .ofs_x = 0, .ofs_y = 5},/*()*/
    {.bitmap_index = 10076,	.adv_w = 21, .box_h = 21, .box_w = 24, .ofs_x = 0, .ofs_y = 5},/*()*/
    {.bitmap_index = 10202,	.adv_w = 21, .box_h = 21, .box_w = 24, .ofs_x = 0, .ofs_y = 5},/*()*/
    {.bitmap_index = 10328,	.adv_w = 24, .box_h = 19, .box_w = 24, .ofs_x = 0, .ofs_y = 6},/*()*/
    {.bitmap_index = 10442,	.adv_w = 15, .box_h = 19, .box_w = 16, .ofs_x = 0, .ofs_y = 6},/*()*/
    {.bitmap_index = 10518,	.adv_w = 24, .box_h = 21, .box_w = 24, .ofs_x = 1, .ofs_y = 5},/*()*/
    {.bitmap_index = 10644,	.adv_w = 22, .box_h = 19, .box_w = 24, .ofs_x = 0, .ofs_y = 6},/*()*/
    {.bitmap_index = 10758,	.adv_w = 10, .box_h = 17, .box_w = 12, .ofs_x = 0, .ofs_y = 7},/*()*/
    {.bitmap_index = 10809,	.adv_w = 15, .box_h = 17, .box_w = 16, .ofs_x = 0, .ofs_y = 7},/*()*/
    {.bitmap_index = 10877,	.adv_w = 22, .box_h = 19, .box_w = 24, .ofs_x = 0, .ofs_y = 6},/*()*/
    {.bitmap_index = 10991,	.adv_w = 19, .box_h = 19, .box_w = 20, .ofs_x = 0, .ofs_y = 6},/*()*/
    {.bitmap_index = 11086,	.adv_w = 24, .box_h = 19, .box_w = 24, .ofs_x = 0, .ofs_y = 6},/*()*/
    {.bitmap_index = 11200,	.adv_w = 21, .box_h = 20, .box_w = 20, .ofs_x = 0, .ofs_y = 6},/*()*/
    {.bitmap_index = 11300,	.adv_w = 26, .box_h = 20, .box_w = 28, .ofs_x = 0, .ofs_y = 6},/*()*/
    {.bitmap_index = 11440,	.adv_w = 22, .box_h = 21, .box_w = 24, .ofs_x = 0, .ofs_y = 5},/*()*/
    {.bitmap_index = 11566,	.adv_w = 17, .box_h = 20, .box_w = 20, .ofs_x = 0, .ofs_y = 6},/*()*/
    {.bitmap_index = 11666,	.adv_w = 22, .box_h = 21, .box_w = 24, .ofs_x = 0, .ofs_y = 5},/*()*/
    {.bitmap_index = 11792,	.adv_w = 26, .box_h = 23, .box_w = 28, .ofs_x = 0, .ofs_y = 4},/*()*/
    {.bitmap_index = 11953,	.adv_w = 22, .box_h = 21, .box_w = 24, .ofs_x = 0, .ofs_y = 5},/*()*/
    {.bitmap_index = 12079,	.adv_w = 19, .box_h = 21, .box_w = 20, .ofs_x = 0, .ofs_y = 5},/*()*/
    {.bitmap_index = 12184,	.adv_w = 14, .box_h = 21, .box_w = 16, .ofs_x = 0, .ofs_y = 5},/*()*/
    {.bitmap_index = 12268,	.adv_w = 24, .box_h = 21, .box_w = 24, .ofs_x = 0, .ofs_y = 5},/*()*/
    {.bitmap_index = 12394,	.adv_w = 21, .box_h = 22, .box_w = 24, .ofs_x = 0, .ofs_y = 5},/*()*/
    {.bitmap_index = 12526,	.adv_w = 24, .box_h = 19, .box_w = 24, .ofs_x = 0, .ofs_y = 6},/*()*/
    {.bitmap_index = 12640,	.adv_w = 24, .box_h = 19, .box_w = 24, .ofs_x = 0, .ofs_y = 6},/*()*/
    {.bitmap_index = 12754,	.adv_w = 24, .box_h = 19, .box_w = 24, .ofs_x = 0, .ofs_y = 6},/*()*/
    {.bitmap_index = 12868,	.adv_w = 24, .box_h = 19, .box_w = 24, .ofs_x = 0, .ofs_y = 6},/*()*/
    {.bitmap_index = 12982,	.adv_w = 24, .box_h = 19, .box_w = 24, .ofs_x = 0, .ofs_y = 6},/*()*/
    {.bitmap_index = 13096,	.adv_w = 24, .box_h = 19, .box_w = 24, .ofs_x = 0, .ofs_y = 6},/*()*/
    {.bitmap_index = 13210,	.adv_w = 24, .box_h = 19, .box_w = 24, .ofs_x = 0, .ofs_y = 6},/*()*/
    {.bitmap_index = 13324,	.adv_w = 24, .box_h = 17, .box_w = 24, .ofs_x = 0, .ofs_y = 7},/*()*/
    {.bitmap_index = 13426,	.adv_w = 26, .box_h = 21, .box_w = 28, .ofs_x = 0, .ofs_y = 5},/*()*/
    {.bitmap_index = 13573,	.adv_w = 21, .box_h = 21, .box_w = 20, .ofs_x = 0, .ofs_y = 5},/*()*/
    {.bitmap_index = 13678,	.adv_w = 14, .box_h = 21, .box_w = 16, .ofs_x = 0, .ofs_y = 5},/*()*/
    {.bitmap_index = 13762,	.adv_w = 21, .box_h = 21, .box_w = 24, .ofs_x = 0, .ofs_y = 5},/*()*/
    {.bitmap_index = 13888,	.adv_w = 14, .box_h = 20, .box_w = 16, .ofs_x = 0, .ofs_y = 6},/*()*/
    {.bitmap_index = 13968,	.adv_w = 24, .box_h = 19, .box_w = 24, .ofs_x = 0, .ofs_y = 6},/*()*/
    {.bitmap_index = 14082,	.adv_w = 22, .box_h = 21, .box_w = 24, .ofs_x = 0, .ofs_y = 5},/*()*/
    {.bitmap_index = 14208,	.adv_w = 22, .box_h = 19, .box_w = 24, .ofs_x = 0, .ofs_y = 6},/*()*/
    {.bitmap_index = 14322,	.adv_w = 24, .box_h = 24, .box_w = 24, .ofs_x = 0, .ofs_y = 4},/*()*/
    {.bitmap_index = 14466,	.adv_w = 14, .box_h = 21, .box_w = 16, .ofs_x = 0, .ofs_y = 5},/*()*/
    {.bitmap_index = 14550,	.adv_w = 24, .box_h = 21, .box_w = 24, .ofs_x = 0, .ofs_y = 5},/*()*/
    {.bitmap_index = 14676,	.adv_w = 22, .box_h = 21, .box_w = 20, .ofs_x = 2, .ofs_y = 5},/*()*/
    {.bitmap_index = 14781,	.adv_w = 19, .box_h = 21, .box_w = 20, .ofs_x = 0, .ofs_y = 5},/*()*/
    {.bitmap_index = 14886,	.adv_w = 21, .box_h = 21, .box_w = 24, .ofs_x = 0, .ofs_y = 5},/*()*/
    {.bitmap_index = 15012,	.adv_w = 21, .box_h = 21, .box_w = 24, .ofs_x = 0, .ofs_y = 5},/*()*/
    {.bitmap_index = 15138,	.adv_w = 22, .box_h = 21, .box_w = 24, .ofs_x = 0, .ofs_y = 5},/*()*/
    {.bitmap_index = 15264,	.adv_w = 24, .box_h = 21, .box_w = 24, .ofs_x = 0, .ofs_y = 5},/*()*/
    {.bitmap_index = 15390,	.adv_w = 14, .box_h = 21, .box_w = 16, .ofs_x = 0, .ofs_y = 5},/*()*/
    {.bitmap_index = 15474,	.adv_w = 21, .box_h = 17, .box_w = 24, .ofs_x = 0, .ofs_y = 7},/*()*/
    {.bitmap_index = 15576,	.adv_w = 17, .box_h = 21, .box_w = 16, .ofs_x = 2, .ofs_y = 5},/*()*/
    {.bitmap_index = 15660,	.adv_w = 17, .box_h = 21, .box_w = 16, .ofs_x = 1, .ofs_y = 5},/*()*/
    {.bitmap_index = 15744,	.adv_w = 21, .box_h = 21, .box_w = 24, .ofs_x = 0, .ofs_y = 5},/*()*/
    {.bitmap_index = 15870,	.adv_w = 21, .box_h = 21, .box_w = 24, .ofs_x = 0, .ofs_y = 5},/*()*/
    {.bitmap_index = 15996,	.adv_w = 21, .box_h = 21, .box_w = 24, .ofs_x = 0, .ofs_y = 5},/*()*/
    {.bitmap_index = 16122,	.adv_w = 21, .box_h = 21, .box_w = 24, .ofs_x = 0, .ofs_y = 5},/*()*/
    {.bitmap_index = 16248,	.adv_w = 21, .box_h = 21, .box_w = 24, .ofs_x = 0, .ofs_y = 5},/*()*/
    {.bitmap_index = 16374,	.adv_w = 21, .box_h = 21, .box_w = 24, .ofs_x = 0, .ofs_y = 5},/*()*/
    {.bitmap_index = 16500,	.adv_w = 21, .box_h = 21, .box_w = 24, .ofs_x = 0, .ofs_y = 5},/*()*/
    {.bitmap_index = 16626,	.adv_w = 21, .box_h = 21, .box_w = 24, .ofs_x = 0, .ofs_y = 5},/*()*/
    {.bitmap_index = 16752,	.adv_w = 21, .box_h = 21, .box_w = 24, .ofs_x = 0, .ofs_y = 5},/*()*/
    {.bitmap_index = 16878,	.adv_w = 21, .box_h = 21, .box_w = 24, .ofs_x = 0, .ofs_y = 5},/*()*/
    {.bitmap_index = 17004,	.adv_w = 21, .box_h = 21, .box_w = 20, .ofs_x = 1, .ofs_y = 5},/*()*/
    {.bitmap_index = 17109,	.adv_w = 21, .box_h = 21, .box_w = 20, .ofs_x = 0, .ofs_y = 5},/*()*/
    {.bitmap_index = 17214,	.adv_w = 22, .box_h = 20, .box_w = 24, .ofs_x = 1, .ofs_y = 6},/*()*/
    {.bitmap_index = 17334,	.adv_w = 22, .box_h = 20, .box_w = 24, .ofs_x = 1, .ofs_y = 6},/*()*/
    {.bitmap_index = 17454,	.adv_w = 24, .box_h = 22, .box_w = 24, .ofs_x = 0, .ofs_y = 5},/*()*/
    {.bitmap_index = 17586,	.adv_w = 21, .box_h = 21, .box_w = 24, .ofs_x = 0, .ofs_y = 5},/*()*/
    {.bitmap_index = 17712,	.adv_w = 21, .box_h = 21, .box_w = 20, .ofs_x = 0, .ofs_y = 5},/*()*/
    {.bitmap_index = 17817,	.adv_w = 19, .box_h = 19, .box_w = 20, .ofs_x = 0, .ofs_y = 6},/*()*/
    {.bitmap_index = 17912,	.adv_w = 19, .box_h = 5, .box_w = 20, .ofs_x = 0, .ofs_y = 13},/*()*/
    {.bitmap_index = 17937,	.adv_w = 22, .box_h = 21, .box_w = 20, .ofs_x = 1, .ofs_y = 5},/*()*/
    {.bitmap_index = 18042,	.adv_w = 21, .box_h = 21, .box_w = 24, .ofs_x = 0, .ofs_y = 5},/*()*/
    {.bitmap_index = 18168,	.adv_w = 21, .box_h = 18, .box_w = 24, .ofs_x = 0, .ofs_y = 7},/*()*/
    {.bitmap_index = 18276,	.adv_w = 24, .box_h = 19, .box_w = 24, .ofs_x = 0, .ofs_y = 6},/*()*/
    {.bitmap_index = 18390,	.adv_w = 19, .box_h = 24, .box_w = 20, .ofs_x = 0, .ofs_y = 4},/*()*/
    {.bitmap_index = 18510,	.adv_w = 24, .box_h = 15, .box_w = 24, .ofs_x = 0, .ofs_y = 8},/*()*/
    {.bitmap_index = 18600,	.adv_w = 24, .box_h = 18, .box_w = 24, .ofs_x = 0, .ofs_y = 7},/*()*/
    {.bitmap_index = 18708,	.adv_w = 24, .box_h = 23, .box_w = 24, .ofs_x = 0, .ofs_y = 4},/*()*/
    {.bitmap_index = 18846,	.adv_w = 19, .box_h = 19, .box_w = 20, .ofs_x = 0, .ofs_y = 6},/*()*/
    {.bitmap_index = 18941,	.adv_w = 22, .box_h = 24, .box_w = 24, .ofs_x = 0, .ofs_y = 4},/*()*/
    {.bitmap_index = 19085,	.adv_w = 24, .box_h = 21, .box_w = 24, .ofs_x = 0, .ofs_y = 5},/*()*/
    {.bitmap_index = 19211,	.adv_w = 24, .box_h = 20, .box_w = 24, .ofs_x = 0, .ofs_y = 6},/*()*/
    {.bitmap_index = 19331,	.adv_w = 21, .box_h = 21, .box_w = 24, .ofs_x = 0, .ofs_y = 5},/*()*/
    {.bitmap_index = 19457,	.adv_w = 24, .box_h = 14, .box_w = 24, .ofs_x = 1, .ofs_y = 9},/*()*/
    {.bitmap_index = 19541,	.adv_w = 24, .box_h = 13, .box_w = 24, .ofs_x = 1, .ofs_y = 9},/*()*/
    {.bitmap_index = 19619,	.adv_w = 26, .box_h = 15, .box_w = 28, .ofs_x = 0, .ofs_y = 8},/*()*/
    {.bitmap_index = 19724,	.adv_w = 22, .box_h = 19, .box_w = 24, .ofs_x = 0, .ofs_y = 6},/*()*/
    {.bitmap_index = 19838,	.adv_w = 22, .box_h = 19, .box_w = 24, .ofs_x = 0, .ofs_y = 6},/*()*/
    {.bitmap_index = 19952,	.adv_w = 26, .box_h = 19, .box_w = 28, .ofs_x = 0, .ofs_y = 6},/*()*/
    {.bitmap_index = 20085,	.adv_w = 10, .box_h = 24, .box_w = 8, .ofs_x = 1, .ofs_y = 4},/*()*/
    {.bitmap_index = 20133,	.adv_w = 24, .box_h = 9, .box_w = 24, .ofs_x = 0, .ofs_y = 11},/*()*/
    {.bitmap_index = 20187,	.adv_w = 27, .box_h = 21, .box_w = 28, .ofs_x = 0, .ofs_y = 5},/*()*/
    {.bitmap_index = 20334,	.adv_w = 21, .box_h = 21, .box_w = 24, .ofs_x = 0, .ofs_y = 5},/*()*/
    {.bitmap_index = 20460,	.adv_w = 21, .box_h = 21, .box_w = 24, .ofs_x = 0, .ofs_y = 5},/*()*/
    {.bitmap_index = 20586,	.adv_w = 24, .box_h = 21, .box_w = 24, .ofs_x = 0, .ofs_y = 5},/*()*/
    {.bitmap_index = 20712,	.adv_w = 24, .box_h = 21, .box_w = 24, .ofs_x = 0, .ofs_y = 5},/*()*/
    {.bitmap_index = 20838,	.adv_w = 26, .box_h = 23, .box_w = 28, .ofs_x = 0, .ofs_y = 4},/*()*/
    {.bitmap_index = 20999,	.adv_w = 24, .box_h = 19, .box_w = 24, .ofs_x = 0, .ofs_y = 6},/*()*/
    {.bitmap_index = 21113,	.adv_w = 21, .box_h = 23, .box_w = 24, .ofs_x = 0, .ofs_y = 4},/*()*/
    {.bitmap_index = 21251,	.adv_w = 21, .box_h = 22, .box_w = 24, .ofs_x = 0, .ofs_y = 5},/*()*/
    {.bitmap_index = 21383,	.adv_w = 12, .box_h = 21, .box_w = 12, .ofs_x = 0, .ofs_y = 5},/*()*/
    {.bitmap_index = 21446,	.adv_w = 24, .box_h = 21, .box_w = 24, .ofs_x = 0, .ofs_y = 5},/*()*/
    {.bitmap_index = 21572,	.adv_w = 22, .box_h = 17, .box_w = 24, .ofs_x = 0, .ofs_y = 7},/*()*/
    {.bitmap_index = 21674,	.adv_w = 21, .box_h = 21, .box_w = 24, .ofs_x = 0, .ofs_y = 5},/*()*/
    {.bitmap_index = 21800,	.adv_w = 15, .box_h = 22, .box_w = 16, .ofs_x = 0, .ofs_y = 5},/*()*/
    {.bitmap_index = 21888,	.adv_w = 24, .box_h = 21, .box_w = 24, .ofs_x = 0, .ofs_y = 5},/*()*/
    {.bitmap_index = 22014,	.adv_w = 21, .box_h = 17, .box_w = 24, .ofs_x = 0, .ofs_y = 7},/*()*/
    {.bitmap_index = 22116,	.adv_w = 22, .box_h = 21, .box_w = 24, .ofs_x = 0, .ofs_y = 5},/*()*/
    {.bitmap_index = 22242,	.adv_w = 21, .box_h = 21, .box_w = 24, .ofs_x = 0, .ofs_y = 5},/*()*/
    {.bitmap_index = 22368,	.adv_w = 22, .box_h = 22, .box_w = 24, .ofs_x = 0, .ofs_y = 5},/*()*/
    {.bitmap_index = 22500,	.adv_w = 21, .box_h = 21, .box_w = 24, .ofs_x = 0, .ofs_y = 5},/*()*/
    {.bitmap_index = 22626,	.adv_w = 19, .box_h = 19, .box_w = 20, .ofs_x = 0, .ofs_y = 6},/*()*/
    {.bitmap_index = 22721,	.adv_w = 19, .box_h = 19, .box_w = 20, .ofs_x = 0, .ofs_y = 6},/*()*/
    {.bitmap_index = 22816,	.adv_w = 17, .box_h = 20, .box_w = 20, .ofs_x = 0, .ofs_y = 6},/*()*/
    {.bitmap_index = 22916,	.adv_w = 21, .box_h = 21, .box_w = 24, .ofs_x = 0, .ofs_y = 5},/*()*/
    {.bitmap_index = 23042,	.adv_w = 22, .box_h = 17, .box_w = 24, .ofs_x = 1, .ofs_y = 7},/*()*/
    {.bitmap_index = 23144,	.adv_w = 14, .box_h = 23, .box_w = 12, .ofs_x = 1, .ofs_y = 4},/*()*/
    {.bitmap_index = 23213,	.adv_w = 21, .box_h = 20, .box_w = 24, .ofs_x = 0, .ofs_y = 6},/*()*/
    {.bitmap_index = 23333,	.adv_w = 22, .box_h = 19, .box_w = 24, .ofs_x = 0, .ofs_y = 6},/*()*/
    {.bitmap_index = 23447,	.adv_w = 26, .box_h = 21, .box_w = 28, .ofs_x = 0, .ofs_y = 5},/*()*/
    {.bitmap_index = 23594,	.adv_w = 19, .box_h = 19, .box_w = 20, .ofs_x = 0, .ofs_y = 6},/*()*/
    {.bitmap_index = 23689,	.adv_w = 21, .box_h = 17, .box_w = 24, .ofs_x = 0, .ofs_y = 7},/*()*/
    {.bitmap_index = 23791,	.adv_w = 24, .box_h = 21, .box_w = 24, .ofs_x = 0, .ofs_y = 5},/*()*/
    {.bitmap_index = 23917,	.adv_w = 24, .box_h = 24, .box_w = 24, .ofs_x = 1, .ofs_y = 4},/*()*/
    {.bitmap_index = 24061,	.adv_w = 21, .box_h = 21, .box_w = 24, .ofs_x = 0, .ofs_y = 5},/*()*/
    {.bitmap_index = 24187,	.adv_w = 24, .box_h = 21, .box_w = 24, .ofs_x = 0, .ofs_y = 5},/*()*/
    {.bitmap_index = 24313,	.adv_w = 24, .box_h = 21, .box_w = 24, .ofs_x = 0, .ofs_y = 5},/*()*/
    {.bitmap_index = 24439,	.adv_w = 21, .box_h = 24, .box_w = 24, .ofs_x = 0, .ofs_y = 4},/*()*/
    {.bitmap_index = 24583,	.adv_w = 21, .box_h = 24, .box_w = 24, .ofs_x = 0, .ofs_y = 4},/*()*/
    {.bitmap_index = 24727,	.adv_w = 21, .box_h = 21, .box_w = 24, .ofs_x = 0, .ofs_y = 5},/*()*/
    {.bitmap_index = 24853,	.adv_w = 21, .box_h = 21, .box_w = 24, .ofs_x = 0, .ofs_y = 5},/*()*/
    {.bitmap_index = 24979,	.adv_w = 21, .box_h = 21, .box_w = 24, .ofs_x = 0, .ofs_y = 5},/*()*/
    {.bitmap_index = 25105,	.adv_w = 21, .box_h = 21, .box_w = 24, .ofs_x = 0, .ofs_y = 5},/*()*/
    {.bitmap_index = 25231,	.adv_w = 21, .box_h = 21, .box_w = 24, .ofs_x = 0, .ofs_y = 5},/*()*/
    {.bitmap_index = 25357,	.adv_w = 22, .box_h = 22, .box_w = 24, .ofs_x = 0, .ofs_y = 5},/*()*/
    {.bitmap_index = 25489,	.adv_w = 24, .box_h = 19, .box_w = 24, .ofs_x = 0, .ofs_y = 6},/*()*/
    {.bitmap_index = 25603,	.adv_w = 19, .box_h = 19, .box_w = 20, .ofs_x = 0, .ofs_y = 6},/*()*/
    {.bitmap_index = 25698,	.adv_w = 24, .box_h = 21, .box_w = 24, .ofs_x = 0, .ofs_y = 5},/*()*/
    {.bitmap_index = 25824,	.adv_w = 21, .box_h = 21, .box_w = 24, .ofs_x = 0, .ofs_y = 5},/*()*/
    {.bitmap_index = 25950,	.adv_w = 26, .box_h = 24, .box_w = 28, .ofs_x = 0, .ofs_y = 4},/*()*/
    {.bitmap_index = 26118,	.adv_w = 22, .box_h = 22, .box_w = 24, .ofs_x = 0, .ofs_y = 5},/*()*/
    {.bitmap_index = 26250,	.adv_w = 26, .box_h = 19, .box_w = 28, .ofs_x = 0, .ofs_y = 6},/*()*/
    {.bitmap_index = 26383,	.adv_w = 22, .box_h = 21, .box_w = 20, .ofs_x = 1, .ofs_y = 5},/*()*/
    {.bitmap_index = 26488,	.adv_w = 24, .box_h = 19, .box_w = 24, .ofs_x = 0, .ofs_y = 6},/*()*/
    {.bitmap_index = 26602,	.adv_w = 24, .box_h = 24, .box_w = 24, .ofs_x = 0, .ofs_y = 4},/*()*/
    {.bitmap_index = 26746,	.adv_w = 19, .box_h = 21, .box_w = 20, .ofs_x = 0, .ofs_y = 5},/*()*/
    {.bitmap_index = 26851,	.adv_w = 21, .box_h = 21, .box_w = 24, .ofs_x = 0, .ofs_y = 5},/*()*/
    {.bitmap_index = 26977,	.adv_w = 21, .box_h = 21, .box_w = 24, .ofs_x = 0, .ofs_y = 5},/*()*/
    {.bitmap_index = 27103,	.adv_w = 21, .box_h = 17, .box_w = 24, .ofs_x = 0, .ofs_y = 7},/*()*/
    {.bitmap_index = 27205,	.adv_w = 24, .box_h = 19, .box_w = 24, .ofs_x = 0, .ofs_y = 6},/*()*/
    {.bitmap_index = 27319,	.adv_w = 24, .box_h = 23, .box_w = 24, .ofs_x = 0, .ofs_y = 4},/*()*/
    {.bitmap_index = 27457,	.adv_w = 24, .box_h = 21, .box_w = 24, .ofs_x = 0, .ofs_y = 5},/*()*/
    {.bitmap_index = 27583,	.adv_w = 21, .box_h = 21, .box_w = 24, .ofs_x = 0, .ofs_y = 5},/*()*/
    {.bitmap_index = 27709,	.adv_w = 22, .box_h = 19, .box_w = 24, .ofs_x = 0, .ofs_y = 6},/*()*/
    {.bitmap_index = 27823,	.adv_w = 22, .box_h = 22, .box_w = 24, .ofs_x = 0, .ofs_y = 5},/*()*/
    {.bitmap_index = 27955,	.adv_w = 24, .box_h = 19, .box_w = 24, .ofs_x = 1, .ofs_y = 6},/*()*/
    {.bitmap_index = 28069,	.adv_w = 21, .box_h = 21, .box_w = 24, .ofs_x = 0, .ofs_y = 5},/*()*/
    {.bitmap_index = 28195,	.adv_w = 21, .box_h = 21, .box_w = 24, .ofs_x = 0, .ofs_y = 5},/*()*/
    {.bitmap_index = 28321,	.adv_w = 21, .box_h = 21, .box_w = 24, .ofs_x = 0, .ofs_y = 5},/*()*/
    {.bitmap_index = 28447,	.adv_w = 31, .box_h = 19, .box_w = 32, .ofs_x = 0, .ofs_y = 6},/*()*/
    {.bitmap_index = 28599,	.adv_w = 26, .box_h = 17, .box_w = 28, .ofs_x = 0, .ofs_y = 7},/*()*/
    {.bitmap_index = 28718,	.adv_w = 14, .box_h = 8, .box_w = 16, .ofs_x = 0, .ofs_y = 12},/*()*/
    {.bitmap_index = 28750,	.adv_w = 14, .box_h = 8, .box_w = 16, .ofs_x = 0, .ofs_y = 12},/*()*/
    {.bitmap_index = 28782,	.adv_w = 9, .box_h = 13, .box_w = 8, .ofs_x = 1, .ofs_y = 9},/*()*/
    {.bitmap_index = 28808,	.adv_w = 9, .box_h = 13, .box_w = 8, .ofs_x = 0, .ofs_y = 9},/*()*/
    {.bitmap_index = 28834,	.adv_w = 22, .box_h = 21, .box_w = 24, .ofs_x = 0, .ofs_y = 5},/*()*/
    {.bitmap_index = 28960,	.adv_w = 14, .box_h = 19, .box_w = 16, .ofs_x = 0, .ofs_y = 6},/*()*/
    {.bitmap_index = 29036,	.adv_w = 14, .box_h = 8, .box_w = 16, .ofs_x = 0, .ofs_y = 12},/*()*/
    {.bitmap_index = 29068,	.adv_w = 14, .box_h = 8, .box_w = 16, .ofs_x = 0, .ofs_y = 12},/*()*/
    {.bitmap_index = 29100,	.adv_w = 24, .box_h = 19, .box_w = 24, .ofs_x = 0, .ofs_y = 6},/*()*/
    {.bitmap_index = 29214,	.adv_w = 21, .box_h = 20, .box_w = 24, .ofs_x = 0, .ofs_y = 6},/*()*/
    {.bitmap_index = 29334,	.adv_w = 21, .box_h = 21, .box_w = 24, .ofs_x = 0, .ofs_y = 5},/*()*/
    {.bitmap_index = 29460,	.adv_w = 24, .box_h = 23, .box_w = 24, .ofs_x = 1, .ofs_y = 4},/*()*/
    {.bitmap_index = 29598,	.adv_w = 24, .box_h = 19, .box_w = 24, .ofs_x = 0, .ofs_y = 6},/*()*/
    {.bitmap_index = 29712,	.adv_w = 24, .box_h = 20, .box_w = 24, .ofs_x = 0, .ofs_y = 6},/*()*/
    {.bitmap_index = 29832,	.adv_w = 24, .box_h = 19, .box_w = 24, .ofs_x = 0, .ofs_y = 6},/*()*/
    {.bitmap_index = 29946,	.adv_w = 12, .box_h = 22, .box_w = 12, .ofs_x = 0, .ofs_y = 5},/*()*/
    {.bitmap_index = 30012,	.adv_w = 24, .box_h = 21, .box_w = 24, .ofs_x = 0, .ofs_y = 5},/*()*/
    {.bitmap_index = 30138,	.adv_w = 22, .box_h = 22, .box_w = 24, .ofs_x = 0, .ofs_y = 5},/*()*/
    {.bitmap_index = 30270,	.adv_w = 24, .box_h = 24, .box_w = 24, .ofs_x = 0, .ofs_y = 4},/*()*/
    {.bitmap_index = 30414,	.adv_w = 14, .box_h = 21, .box_w = 16, .ofs_x = 0, .ofs_y = 5},/*()*/
    {.bitmap_index = 30498,	.adv_w = 24, .box_h = 18, .box_w = 24, .ofs_x = 0, .ofs_y = 7},/*()*/
    {.bitmap_index = 30606,	.adv_w = 26, .box_h = 19, .box_w = 28, .ofs_x = 0, .ofs_y = 6},/*()*/
    {.bitmap_index = 30739,	.adv_w = 26, .box_h = 19, .box_w = 28, .ofs_x = 0, .ofs_y = 6},/*()*/
    {.bitmap_index = 30872,	.adv_w = 19, .box_h = 21, .box_w = 20, .ofs_x = 0, .ofs_y = 5},/*()*/
    {.bitmap_index = 30977,	.adv_w = 19, .box_h = 21, .box_w = 20, .ofs_x = 0, .ofs_y = 5},/*()*/
    {.bitmap_index = 31082,	.adv_w = 24, .box_h = 21, .box_w = 24, .ofs_x = 0, .ofs_y = 5},/*()*/
    {.bitmap_index = 31208,	.adv_w = 24, .box_h = 24, .box_w = 24, .ofs_x = 1, .ofs_y = 4},/*()*/
    {.bitmap_index = 31352,	.adv_w = 26, .box_h = 19, .box_w = 28, .ofs_x = 0, .ofs_y = 6},/*()*/
    {.bitmap_index = 31485,	.adv_w = 19, .box_h = 24, .box_w = 20, .ofs_x = 0, .ofs_y = 4},/*()*/
    {.bitmap_index = 31605,	.adv_w = 21, .box_h = 24, .box_w = 24, .ofs_x = 0, .ofs_y = 4},/*()*/
    {.bitmap_index = 31749,	.adv_w = 19, .box_h = 24, .box_w = 20, .ofs_x = 0, .ofs_y = 4},/*()*/
    {.bitmap_index = 31869,	.adv_w = 19, .box_h = 24, .box_w = 20, .ofs_x = 0, .ofs_y = 4},/*()*/
    {.bitmap_index = 31989,	.adv_w = 26, .box_h = 21, .box_w = 28, .ofs_x = 1, .ofs_y = 5},/*()*/
    {.bitmap_index = 32136,	.adv_w = 24, .box_h = 21, .box_w = 24, .ofs_x = 0, .ofs_y = 5},/*()*/
    {.bitmap_index = 32262,	.adv_w = 26, .box_h = 15, .box_w = 28, .ofs_x = 0, .ofs_y = 8},/*()*/
    {.bitmap_index = 32367,	.adv_w = 22, .box_h = 19, .box_w = 24, .ofs_x = 1, .ofs_y = 6},/*()*/
    {.bitmap_index = 32481,	.adv_w = 21, .box_h = 21, .box_w = 24, .ofs_x = 0, .ofs_y = 5},/*()*/
    {.bitmap_index = 32607,	.adv_w = 21, .box_h = 21, .box_w = 24, .ofs_x = 0, .ofs_y = 5},/*()*/
    {.bitmap_index = 32733,	.adv_w = 14, .box_h = 13, .box_w = 16, .ofs_x = 1, .ofs_y = 9},/*()*/
    {.bitmap_index = 32785,	.adv_w = 14, .box_h = 13, .box_w = 16, .ofs_x = 0, .ofs_y = 9},/*()*/
    {.bitmap_index = 32837,	.adv_w = 15, .box_h = 13, .box_w = 16, .ofs_x = 1, .ofs_y = 9},/*()*/
    {.bitmap_index = 32889,	.adv_w = 15, .box_h = 13, .box_w = 16, .ofs_x = 1, .ofs_y = 9},/*()*/
    {.bitmap_index = 32941,	.adv_w = 9, .box_h = 13, .box_w = 8, .ofs_x = 1, .ofs_y = 9},/*()*/
    {.bitmap_index = 32967,	.adv_w = 9, .box_h = 13, .box_w = 8, .ofs_x = 0, .ofs_y = 9},/*()*/
    {.bitmap_index = 32993,	.adv_w = 15, .box_h = 7, .box_w = 16, .ofs_x = 1, .ofs_y = 12},/*()*/
    {.bitmap_index = 33021,	.adv_w = 15, .box_h = 8, .box_w = 16, .ofs_x = 1, .ofs_y = 12},/*()*/
    {.bitmap_index = 33053,	.adv_w = 26, .box_h = 23, .box_w = 28, .ofs_x = 0, .ofs_y = 4},/*()*/
    {.bitmap_index = 33214,	.adv_w = 26, .box_h = 17, .box_w = 28, .ofs_x = 0, .ofs_y = 7},/*()*/
    {.bitmap_index = 33333,	.adv_w = 15, .box_h = 19, .box_w = 16, .ofs_x = 0, .ofs_y = 6},/*()*/
    {.bitmap_index = 33409,	.adv_w = 10, .box_h = 17, .box_w = 12, .ofs_x = 0, .ofs_y = 7},/*()*/
    {.bitmap_index = 33460,	.adv_w = 21, .box_h = 21, .box_w = 24, .ofs_x = 0, .ofs_y = 5},/*()*/
    {.bitmap_index = 33586,	.adv_w = 22, .box_h = 19, .box_w = 24, .ofs_x = 0, .ofs_y = 6},/*()*/
    {.bitmap_index = 33700,	.adv_w = 22, .box_h = 19, .box_w = 24, .ofs_x = 0, .ofs_y = 6},/*()*/
    {.bitmap_index = 33814,	.adv_w = 24, .box_h = 24, .box_w = 24, .ofs_x = 1, .ofs_y = 4},/*()*/
    {.bitmap_index = 33958,	.adv_w = 21, .box_h = 21, .box_w = 24, .ofs_x = 0, .ofs_y = 5},/*()*/
    {.bitmap_index = 34084,	.adv_w = 24, .box_h = 22, .box_w = 24, .ofs_x = 0, .ofs_y = 5},/*()*/
    {.bitmap_index = 34216,	.adv_w = 22, .box_h = 19, .box_w = 24, .ofs_x = 0, .ofs_y = 6},/*()*/
    {.bitmap_index = 34330,	.adv_w = 22, .box_h = 19, .box_w = 24, .ofs_x = 0, .ofs_y = 6},/*()*/
    {.bitmap_index = 34444,	.adv_w = 26, .box_h = 19, .box_w = 28, .ofs_x = 0, .ofs_y = 6},/*()*/
    {.bitmap_index = 34577,	.adv_w = 21, .box_h = 21, .box_w = 24, .ofs_x = 0, .ofs_y = 5},/*()*/
    {.bitmap_index = 34703,	.adv_w = 21, .box_h = 21, .box_w = 24, .ofs_x = 0, .ofs_y = 5},/*()*/
    {.bitmap_index = 34829,	.adv_w = 21, .box_h = 21, .box_w = 24, .ofs_x = 0, .ofs_y = 5},/*()*/
    {.bitmap_index = 34955,	.adv_w = 26, .box_h = 14, .box_w = 28, .ofs_x = 0, .ofs_y = 9},/*()*/
    {.bitmap_index = 35053,	.adv_w = 26, .box_h = 15, .box_w = 28, .ofs_x = 0, .ofs_y = 8},/*()*/
    {.bitmap_index = 35158,	.adv_w = 24, .box_h = 21, .box_w = 24, .ofs_x = 1, .ofs_y = 5},/*()*/
    {.bitmap_index = 35284,	.adv_w = 24, .box_h = 21, .box_w = 24, .ofs_x = 1, .ofs_y = 5},/*()*/
    {.bitmap_index = 35410,	.adv_w = 22, .box_h = 14, .box_w = 24, .ofs_x = 0, .ofs_y = 9},/*()*/
    {.bitmap_index = 35494,	.adv_w = 26, .box_h = 19, .box_w = 24, .ofs_x = 1, .ofs_y = 6},/*()*/
    {.bitmap_index = 35608,	.adv_w = 24, .box_h = 22, .box_w = 24, .ofs_x = 0, .ofs_y = 5},/*()*/
    {.bitmap_index = 35740,	.adv_w = 22, .box_h = 21, .box_w = 24, .ofs_x = 0, .ofs_y = 5},/*()*/
    {.bitmap_index = 35866,	.adv_w = 19, .box_h = 19, .box_w = 20, .ofs_x = 0, .ofs_y = 6},/*()*/
    {.bitmap_index = 35961,	.adv_w = 22, .box_h = 22, .box_w = 24, .ofs_x = 0, .ofs_y = 5},/*()*/
    {.bitmap_index = 36093,	.adv_w = 14, .box_h = 21, .box_w = 16, .ofs_x = 0, .ofs_y = 5},/*()*/
    {.bitmap_index = 36177,	.adv_w = 22, .box_h = 23, .box_w = 24, .ofs_x = 0, .ofs_y = 4},/*()*/
    {.bitmap_index = 36315,	.adv_w = 14, .box_h = 17, .box_w = 16, .ofs_x = 1, .ofs_y = 7},/*()*/
    {.bitmap_index = 36383,	.adv_w = 9, .box_h = 19, .box_w = 12, .ofs_x = 0, .ofs_y = 6},/*()*/
    {.bitmap_index = 36440,	.adv_w = 9, .box_h = 19, .box_w = 8, .ofs_x = 1, .ofs_y = 6},/*()*/
    {.bitmap_index = 36478,	.adv_w = 21, .box_h = 19, .box_w = 24, .ofs_x = 0, .ofs_y = 6},/*()*/
    {.bitmap_index = 36592,	.adv_w = 21, .box_h = 15, .box_w = 24, .ofs_x = 0, .ofs_y = 8},/*()*/
    {.bitmap_index = 36682,	.adv_w = 26, .box_h = 17, .box_w = 28, .ofs_x = 0, .ofs_y = 7},/*()*/
    {.bitmap_index = 36801,	.adv_w = 22, .box_h = 21, .box_w = 24, .ofs_x = 0, .ofs_y = 5},/*()*/
    {.bitmap_index = 36927,	.adv_w = 15, .box_h = 23, .box_w = 16, .ofs_x = 0, .ofs_y = 4},/*()*/
    {.bitmap_index = 37019,	.adv_w = 19, .box_h = 23, .box_w = 20, .ofs_x = 0, .ofs_y = 4},/*()*/
    {.bitmap_index = 37134,	.adv_w = 17, .box_h = 21, .box_w = 20, .ofs_x = 0, .ofs_y = 5},/*()*/
    {.bitmap_index = 37239,	.adv_w = 22, .box_h = 24, .box_w = 24, .ofs_x = 0, .ofs_y = 4},/*()*/
    {.bitmap_index = 37383,	.adv_w = 19, .box_h = 22, .box_w = 20, .ofs_x = 0, .ofs_y = 5},/*()*/
    {.bitmap_index = 37493,	.adv_w = 22, .box_h = 22, .box_w = 24, .ofs_x = 0, .ofs_y = 5},/*()*/
    {.bitmap_index = 37625,	.adv_w = 24, .box_h = 17, .box_w = 24, .ofs_x = 0, .ofs_y = 7},/*()*/
    {.bitmap_index = 37727,	.adv_w = 21, .box_h = 21, .box_w = 24, .ofs_x = 0, .ofs_y = 5},/*()*/
    {.bitmap_index = 37853,	.adv_w = 21, .box_h = 21, .box_w = 24, .ofs_x = 0, .ofs_y = 5},/*()*/
    {.bitmap_index = 37979,	.adv_w = 21, .box_h = 21, .box_w = 24, .ofs_x = 0, .ofs_y = 5},/*()*/
    {.bitmap_index = 38105,	.adv_w = 21, .box_h = 21, .box_w = 24, .ofs_x = 0, .ofs_y = 5},/*()*/
    {.bitmap_index = 38231,	.adv_w = 19, .box_h = 22, .box_w = 20, .ofs_x = 0, .ofs_y = 5},/*()*/
    {.bitmap_index = 38341,	.adv_w = 24, .box_h = 22, .box_w = 24, .ofs_x = 0, .ofs_y = 5},/*()*/
    {.bitmap_index = 38473,	.adv_w = 24, .box_h = 24, .box_w = 24, .ofs_x = 0, .ofs_y = 4},/*()*/
    {.bitmap_index = 38617,	.adv_w = 15, .box_h = 21, .box_w = 16, .ofs_x = 0, .ofs_y = 5},/*()*/
    {.bitmap_index = 38701,	.adv_w = 21, .box_h = 21, .box_w = 24, .ofs_x = 0, .ofs_y = 5},/*()*/
    {.bitmap_index = 38827,	.adv_w = 19, .box_h = 5, .box_w = 20, .ofs_x = 0, .ofs_y = 13},/*()*/
    {.bitmap_index = 38852,	.adv_w = 5, .box_h = 19, .box_w = 8, .ofs_x = 0, .ofs_y = 6},/*()*/
    {.bitmap_index = 38890,	.adv_w = 21, .box_h = 21, .box_w = 24, .ofs_x = 0, .ofs_y = 5},/*()*/
    {.bitmap_index = 39016,	.adv_w = 21, .box_h = 21, .box_w = 24, .ofs_x = 0, .ofs_y = 5},/*()*/
    {.bitmap_index = 39142,	.adv_w = 24, .box_h = 23, .box_w = 24, .ofs_x = 1, .ofs_y = 4},/*()*/
    {.bitmap_index = 39280,	.adv_w = 21, .box_h = 21, .box_w = 24, .ofs_x = 0, .ofs_y = 5},/*()*/
    {.bitmap_index = 39406,	.adv_w = 19, .box_h = 19, .box_w = 20, .ofs_x = 0, .ofs_y = 6},/*()*/
    {.bitmap_index = 39501,	.adv_w = 14, .box_h = 19, .box_w = 16, .ofs_x = 0, .ofs_y = 6},/*()*/
    {.bitmap_index = 39577,	.adv_w = 14, .box_h = 19, .box_w = 16, .ofs_x = 0, .ofs_y = 6},/*()*/
    {.bitmap_index = 39653,	.adv_w = 21, .box_h = 21, .box_w = 24, .ofs_x = 0, .ofs_y = 5},/*()*/
    {.bitmap_index = 39779,	.adv_w = 21, .box_h = 21, .box_w = 24, .ofs_x = 0, .ofs_y = 5},/*()*/
    {.bitmap_index = 39905,	.adv_w = 21, .box_h = 21, .box_w = 24, .ofs_x = 0, .ofs_y = 5},/*()*/
    {.bitmap_index = 40031,	.adv_w = 21, .box_h = 21, .box_w = 24, .ofs_x = 0, .ofs_y = 5},/*()*/
    {.bitmap_index = 40157,	.adv_w = 21, .box_h = 21, .box_w = 24, .ofs_x = 0, .ofs_y = 5},/*()*/
    {.bitmap_index = 40283,	.adv_w = 21, .box_h = 21, .box_w = 24, .ofs_x = 0, .ofs_y = 5},/*()*/
    {.bitmap_index = 40409,	.adv_w = 21, .box_h = 21, .box_w = 24, .ofs_x = 0, .ofs_y = 5},/*()*/
    {.bitmap_index = 40535,	.adv_w = 21, .box_h = 21, .box_w = 24, .ofs_x = 0, .ofs_y = 5},/*()*/
    {.bitmap_index = 40661,	.adv_w = 14, .box_h = 19, .box_w = 16, .ofs_x = 0, .ofs_y = 6},/*()*/
    {.bitmap_index = 40737,	.adv_w = 14, .box_h = 19, .box_w = 16, .ofs_x = 0, .ofs_y = 6},/*()*/
    {.bitmap_index = 40813,	.adv_w = 14, .box_h = 24, .box_w = 16, .ofs_x = 0, .ofs_y = 4},/*()*/
    {.bitmap_index = 40909,	.adv_w = 12, .box_h = 19, .box_w = 12, .ofs_x = 0, .ofs_y = 6},/*()*/
    {.bitmap_index = 40966,	.adv_w = 14, .box_h = 19, .box_w = 16, .ofs_x = 0, .ofs_y = 6},/*()*/
    {.bitmap_index = 41042,	.adv_w = 17, .box_h = 19, .box_w = 20, .ofs_x = 0, .ofs_y = 6},/*()*/
    {.bitmap_index = 41137,	.adv_w = 24, .box_h = 19, .box_w = 24, .ofs_x = 0, .ofs_y = 6},/*()*/
    {.bitmap_index = 41251,	.adv_w = 17, .box_h = 22, .box_w = 16, .ofs_x = 1, .ofs_y = 5},/*()*/
    {.bitmap_index = 41339,	.adv_w = 21, .box_h = 24, .box_w = 24, .ofs_x = 0, .ofs_y = 4},/*()*/
    {.bitmap_index = 41483,	.adv_w = 21, .box_h = 24, .box_w = 24, .ofs_x = 0, .ofs_y = 4},/*()*/
    {.bitmap_index = 41627,	.adv_w = 22, .box_h = 24, .box_w = 24, .ofs_x = 0, .ofs_y = 4},/*()*/
    {.bitmap_index = 41771,	.adv_w = 22, .box_h = 24, .box_w = 24, .ofs_x = 0, .ofs_y = 4},/*()*/
    {.bitmap_index = 41915,	.adv_w = 24, .box_h = 24, .box_w = 24, .ofs_x = 0, .ofs_y = 4},/*()*/
    {.bitmap_index = 42059,	.adv_w = 24, .box_h = 24, .box_w = 24, .ofs_x = 0, .ofs_y = 4},/*()*/
    {.bitmap_index = 42203,	.adv_w = 21, .box_h = 24, .box_w = 20, .ofs_x = 0, .ofs_y = 4},/*()*/
    {.bitmap_index = 42323,	.adv_w = 21, .box_h = 24, .box_w = 20, .ofs_x = 0, .ofs_y = 4},/*()*/
    {.bitmap_index = 42443,	.adv_w = 22, .box_h = 21, .box_w = 24, .ofs_x = 0, .ofs_y = 5},/*()*/
    {.bitmap_index = 42569,	.adv_w = 22, .box_h = 20, .box_w = 24, .ofs_x = 0, .ofs_y = 6},/*()*/
    {.bitmap_index = 42689,	.adv_w = 21, .box_h = 21, .box_w = 24, .ofs_x = 0, .ofs_y = 5},/*()*/
    {.bitmap_index = 42815,	.adv_w = 21, .box_h = 24, .box_w = 20, .ofs_x = 0, .ofs_y = 4},/*()*/
    {.bitmap_index = 42935,	.adv_w = 19, .box_h = 22, .box_w = 20, .ofs_x = 0, .ofs_y = 5},/*()*/
    {.bitmap_index = 43045,	.adv_w = 21, .box_h = 21, .box_w = 24, .ofs_x = 0, .ofs_y = 5},/*()*/
    {.bitmap_index = 43171,	.adv_w = 24, .box_h = 17, .box_w = 24, .ofs_x = 0, .ofs_y = 7},/*()*/
    {.bitmap_index = 43273,	.adv_w = 24, .box_h = 21, .box_w = 24, .ofs_x = 1, .ofs_y = 5},/*()*/
    {.bitmap_index = 43399,	.adv_w = 21, .box_h = 24, .box_w = 20, .ofs_x = 0, .ofs_y = 4},/*()*/
    {.bitmap_index = 43519,	.adv_w = 21, .box_h = 21, .box_w = 24, .ofs_x = 0, .ofs_y = 5},/*()*/
    {.bitmap_index = 43645,	.adv_w = 21, .box_h = 21, .box_w = 24, .ofs_x = 0, .ofs_y = 5},/*()*/
    {.bitmap_index = 43771,	.adv_w = 21, .box_h = 21, .box_w = 24, .ofs_x = 0, .ofs_y = 5},/*()*/
    {.bitmap_index = 43897,	.adv_w = 19, .box_h = 22, .box_w = 20, .ofs_x = 0, .ofs_y = 5},/*()*/
    {.bitmap_index = 44007,	.adv_w = 21, .box_h = 21, .box_w = 24, .ofs_x = 0, .ofs_y = 5},/*()*/
    {.bitmap_index = 44133,	.adv_w = 14, .box_h = 23, .box_w = 16, .ofs_x = 1, .ofs_y = 4},/*()*/
    {.bitmap_index = 44225,	.adv_w = 21, .box_h = 21, .box_w = 24, .ofs_x = 0, .ofs_y = 5},/*()*/
    {.bitmap_index = 44351,	.adv_w = 10, .box_h = 24, .box_w = 12, .ofs_x = 0, .ofs_y = 4},/*()*/
    {.bitmap_index = 44423,	.adv_w = 10, .box_h = 23, .box_w = 12, .ofs_x = 0, .ofs_y = 4},/*()*/
    {.bitmap_index = 44492,	.adv_w = 24, .box_h = 11, .box_w = 24, .ofs_x = 1, .ofs_y = 10},/*()*/
    {.bitmap_index = 44558,	.adv_w = 24, .box_h = 11, .box_w = 24, .ofs_x = 0, .ofs_y = 10},/*()*/
    {.bitmap_index = 44624,	.adv_w = 19, .box_h = 23, .box_w = 20, .ofs_x = 0, .ofs_y = 4},/*()*/
    {.bitmap_index = 44739,	.adv_w = 22, .box_h = 22, .box_w = 24, .ofs_x = 0, .ofs_y = 5},/*()*/
    {.bitmap_index = 44871,	.adv_w = 19, .box_h = 22, .box_w = 20, .ofs_x = 0, .ofs_y = 5},/*()*/
    {.bitmap_index = 44981,	.adv_w = 21, .box_h = 24, .box_w = 20, .ofs_x = 0, .ofs_y = 4},/*()*/
    {.bitmap_index = 45101,	.adv_w = 21, .box_h = 21, .box_w = 24, .ofs_x = 0, .ofs_y = 5},/*()*/
    {.bitmap_index = 45227,	.adv_w = 21, .box_h = 21, .box_w = 24, .ofs_x = 0, .ofs_y = 5},/*()*/
    {.bitmap_index = 45353,	.adv_w = 17, .box_h = 23, .box_w = 16, .ofs_x = 1, .ofs_y = 4},/*()*/
    {.bitmap_index = 45445,	.adv_w = 21, .box_h = 21, .box_w = 24, .ofs_x = 0, .ofs_y = 5},/*()*/
    {.bitmap_index = 45571,	.adv_w = 17, .box_h = 23, .box_w = 20, .ofs_x = 0, .ofs_y = 4},/*()*/
    {.bitmap_index = 45686,	.adv_w = 14, .box_h = 23, .box_w = 16, .ofs_x = 0, .ofs_y = 4},/*()*/
    {.bitmap_index = 45778,	.adv_w = 21, .box_h = 21, .box_w = 24, .ofs_x = 0, .ofs_y = 5},/*()*/
    {.bitmap_index = 45904,	.adv_w = 24, .box_h = 24, .box_w = 24, .ofs_x = 1, .ofs_y = 4},/*()*/
    {.bitmap_index = 46048,	.adv_w = 21, .box_h = 21, .box_w = 20, .ofs_x = 0, .ofs_y = 5},/*()*/
    {.bitmap_index = 46153,	.adv_w = 24, .box_h = 21, .box_w = 24, .ofs_x = 1, .ofs_y = 5},/*()*/
    {.bitmap_index = 46279,	.adv_w = 22, .box_h = 21, .box_w = 24, .ofs_x = 0, .ofs_y = 5},/*()*/
    {.bitmap_index = 46405,	.adv_w = 26, .box_h = 15, .box_w = 28, .ofs_x = 0, .ofs_y = 8},/*()*/
    {.bitmap_index = 46510,	.adv_w = 24, .box_h = 20, .box_w = 24, .ofs_x = 0, .ofs_y = 6},/*()*/
    {.bitmap_index = 46630,	.adv_w = 21, .box_h = 21, .box_w = 24, .ofs_x = 0, .ofs_y = 5},/*()*/
    {.bitmap_index = 46756,	.adv_w = 19, .box_h = 24, .box_w = 20, .ofs_x = 0, .ofs_y = 4},/*()*/
    {.bitmap_index = 46876,	.adv_w = 17, .box_h = 20, .box_w = 20, .ofs_x = 0, .ofs_y = 6},/*()*/
    {.bitmap_index = 46976,	.adv_w = 21, .box_h = 21, .box_w = 24, .ofs_x = 0, .ofs_y = 5},/*()*/
    {.bitmap_index = 47102,	.adv_w = 21, .box_h = 21, .box_w = 24, .ofs_x = 0, .ofs_y = 5},/*()*/
    {.bitmap_index = 47228,	.adv_w = 21, .box_h = 21, .box_w = 24, .ofs_x = 0, .ofs_y = 5},/*()*/
    {.bitmap_index = 47354,	.adv_w = 21, .box_h = 21, .box_w = 24, .ofs_x = 0, .ofs_y = 5},/*()*/
    {.bitmap_index = 47480,	.adv_w = 22, .box_h = 23, .box_w = 24, .ofs_x = 0, .ofs_y = 4},/*()*/
    {.bitmap_index = 47618,	.adv_w = 21, .box_h = 21, .box_w = 24, .ofs_x = 0, .ofs_y = 5},/*()*/
    {.bitmap_index = 47744,	.adv_w = 15, .box_h = 19, .box_w = 16, .ofs_x = 0, .ofs_y = 6},/*()*/
    {.bitmap_index = 47820,	.adv_w = 19, .box_h = 19, .box_w = 20, .ofs_x = 0, .ofs_y = 6},/*()*/
    {.bitmap_index = 47915,	.adv_w = 29, .box_h = 19, .box_w = 32, .ofs_x = 0, .ofs_y = 6},/*()*/
    {.bitmap_index = 48067,	.adv_w = 22, .box_h = 23, .box_w = 24, .ofs_x = 0, .ofs_y = 4},/*()*/
    {.bitmap_index = 48205,	.adv_w = 21, .box_h = 21, .box_w = 24, .ofs_x = 0, .ofs_y = 5},/*()*/
    {.bitmap_index = 48331,	.adv_w = 24, .box_h = 24, .box_w = 24, .ofs_x = 0, .ofs_y = 4},/*()*/
    {.bitmap_index = 48475,	.adv_w = 24, .box_h = 23, .box_w = 24, .ofs_x = 0, .ofs_y = 4},/*()*/
    {.bitmap_index = 48613,	.adv_w = 27, .box_h = 24, .box_w = 28, .ofs_x = 0, .ofs_y = 4},/*()*/
    {.bitmap_index = 48781,	.adv_w = 31, .box_h = 21, .box_w = 32, .ofs_x = 0, .ofs_y = 5},/*()*/
    {.bitmap_index = 48949,	.adv_w = 21, .box_h = 23, .box_w = 20, .ofs_x = 1, .ofs_y = 4},/*()*/
    {.bitmap_index = 49064,	.adv_w = 21, .box_h = 21, .box_w = 20, .ofs_x = 0, .ofs_y = 5},/*()*/
    {.bitmap_index = 49169,	.adv_w = 24, .box_h = 24, .box_w = 24, .ofs_x = 0, .ofs_y = 4},/*()*/
    {.bitmap_index = 49313,	.adv_w = 21, .box_h = 21, .box_w = 24, .ofs_x = 0, .ofs_y = 5},/*()*/
    {.bitmap_index = 49439,	.adv_w = 21, .box_h = 21, .box_w = 24, .ofs_x = 0, .ofs_y = 5},/*()*/
    {.bitmap_index = 49565,	.adv_w = 26, .box_h = 19, .box_w = 28, .ofs_x = 0, .ofs_y = 6},/*()*/
    {.bitmap_index = 49698,	.adv_w = 21, .box_h = 21, .box_w = 24, .ofs_x = 0, .ofs_y = 5},/*()*/
    {.bitmap_index = 49824,	.adv_w = 27, .box_h = 17, .box_w = 28, .ofs_x = 0, .ofs_y = 7},/*()*/
    {.bitmap_index = 49943,	.adv_w = 21, .box_h = 21, .box_w = 24, .ofs_x = 0, .ofs_y = 5},/*()*/
    {.bitmap_index = 50069,	.adv_w = 27, .box_h = 24, .box_w = 28, .ofs_x = 1, .ofs_y = 4},/*()*/
    {.bitmap_index = 50237,	.adv_w = 21, .box_h = 23, .box_w = 24, .ofs_x = 0, .ofs_y = 4},/*()*/
    {.bitmap_index = 50375,	.adv_w = 21, .box_h = 21, .box_w = 24, .ofs_x = 0, .ofs_y = 5},/*()*/
    {.bitmap_index = 50501,	.adv_w = 21, .box_h = 24, .box_w = 24, .ofs_x = 0, .ofs_y = 4},/*()*/
    {.bitmap_index = 50645,	.adv_w = 24, .box_h = 24, .box_w = 24, .ofs_x = 0, .ofs_y = 4},/*()*/
    {.bitmap_index = 50789,	.adv_w = 21, .box_h = 24, .box_w = 20, .ofs_x = 0, .ofs_y = 4},/*()*/
    {.bitmap_index = 50909,	.adv_w = 17, .box_h = 21, .box_w = 16, .ofs_x = 1, .ofs_y = 5},/*()*/
    {.bitmap_index = 50993,	.adv_w = 22, .box_h = 21, .box_w = 24, .ofs_x = 0, .ofs_y = 5},/*()*/
    {.bitmap_index = 51119,	.adv_w = 10, .box_h = 24, .box_w = 8, .ofs_x = 1, .ofs_y = 4},/*()*/
    {.bitmap_index = 51167,	.adv_w = 24, .box_h = 22, .box_w = 24, .ofs_x = 0, .ofs_y = 5},/*()*/
    {.bitmap_index = 51299,	.adv_w = 31, .box_h = 24, .box_w = 32, .ofs_x = 0, .ofs_y = 4},/*()*/
    {.bitmap_index = 51491,	.adv_w = 27, .box_h = 17, .box_w = 28, .ofs_x = 0, .ofs_y = 7},/*()*/
    {.bitmap_index = 51610,	.adv_w = 21, .box_h = 21, .box_w = 24, .ofs_x = 0, .ofs_y = 5},/*()*/
    {.bitmap_index = 51736,	.adv_w = 24, .box_h = 21, .box_w = 24, .ofs_x = 0, .ofs_y = 5},/*()*/
    {.bitmap_index = 51862,	.adv_w = 21, .box_h = 21, .box_w = 24, .ofs_x = 0, .ofs_y = 5},/*()*/
    {.bitmap_index = 51988,	.adv_w = 24, .box_h = 23, .box_w = 24, .ofs_x = 0, .ofs_y = 4},/*()*/
    {.bitmap_index = 52126,	.adv_w = 27, .box_h = 22, .box_w = 28, .ofs_x = 0, .ofs_y = 5},/*()*/
    {.bitmap_index = 52280,	.adv_w = 27, .box_h = 24, .box_w = 28, .ofs_x = 0, .ofs_y = 4},/*()*/
    {.bitmap_index = 52448,	.adv_w = 21, .box_h = 24, .box_w = 20, .ofs_x = 0, .ofs_y = 4},/*()*/
    {.bitmap_index = 52568,	.adv_w = 21, .box_h = 21, .box_w = 24, .ofs_x = 0, .ofs_y = 5},/*()*/
    {.bitmap_index = 52694,	.adv_w = 14, .box_h = 23, .box_w = 16, .ofs_x = 0, .ofs_y = 4},/*()*/
    {.bitmap_index = 52786,	.adv_w = 31, .box_h = 13, .box_w = 32, .ofs_x = 0, .ofs_y = 9},/*()*/
    {.bitmap_index = 52890,	.adv_w = 21, .box_h = 24, .box_w = 24, .ofs_x = 0, .ofs_y = 4},/*()*/
    {.bitmap_index = 53034,	.adv_w = 21, .box_h = 24, .box_w = 24, .ofs_x = 0, .ofs_y = 4},/*()*/
    {.bitmap_index = 53178,	.adv_w = 21, .box_h = 24, .box_w = 24, .ofs_x = 0, .ofs_y = 4},/*()*/
    {.bitmap_index = 53322,	.adv_w = 21, .box_h = 24, .box_w = 24, .ofs_x = 0, .ofs_y = 4},/*()*/
    {.bitmap_index = 53466,	.adv_w = 21, .box_h = 24, .box_w = 24, .ofs_x = 0, .ofs_y = 4},/*()*/
    {.bitmap_index = 53610,	.adv_w = 21, .box_h = 24, .box_w = 24, .ofs_x = 0, .ofs_y = 4},/*()*/
    {.bitmap_index = 53754,	.adv_w = 21, .box_h = 24, .box_w = 24, .ofs_x = 0, .ofs_y = 4},/*()*/
    {.bitmap_index = 53898,	.adv_w = 21, .box_h = 24, .box_w = 24, .ofs_x = 0, .ofs_y = 4},/*()*/
    {.bitmap_index = 54042,	.adv_w = 21, .box_h = 24, .box_w = 24, .ofs_x = 0, .ofs_y = 4},/*()*/
    {.bitmap_index = 54186,	.adv_w = 21, .box_h = 24, .box_w = 24, .ofs_x = 0, .ofs_y = 4},/*()*/
    {.bitmap_index = 54330,	.adv_w = 21, .box_h = 23, .box_w = 20, .ofs_x = 1, .ofs_y = 4},/*()*/
    {.bitmap_index = 54445,	.adv_w = 24, .box_h = 24, .box_w = 24, .ofs_x = 0, .ofs_y = 4},/*()*/
    {.bitmap_index = 54589,	.adv_w = 27, .box_h = 19, .box_w = 28, .ofs_x = 0, .ofs_y = 6},/*()*/
    {.bitmap_index = 54722,	.adv_w = 24, .box_h = 24, .box_w = 24, .ofs_x = 0, .ofs_y = 4},/*()*/
    {.bitmap_index = 54866,	.adv_w = 24, .box_h = 23, .box_w = 24, .ofs_x = 0, .ofs_y = 4},/*()*/
    {.bitmap_index = 55004,	.adv_w = 24, .box_h = 24, .box_w = 24, .ofs_x = 0, .ofs_y = 4},/*()*/
    {.bitmap_index = 55148,	.adv_w = 24, .box_h = 24, .box_w = 24, .ofs_x = 0, .ofs_y = 4},/*()*/
    {.bitmap_index = 55292,	.adv_w = 21, .box_h = 21, .box_w = 24, .ofs_x = 0, .ofs_y = 5},/*()*/
    {.bitmap_index = 55418,	.adv_w = 24, .box_h = 24, .box_w = 24, .ofs_x = 1, .ofs_y = 4},/*()*/
    {.bitmap_index = 55562,	.adv_w = 21, .box_h = 21, .box_w = 24, .ofs_x = 0, .ofs_y = 5},/*()*/
    {.bitmap_index = 55688,	.adv_w = 17, .box_h = 24, .box_w = 16, .ofs_x = 1, .ofs_y = 4},/*()*/
    {.bitmap_index = 55784,	.adv_w = 24, .box_h = 24, .box_w = 24, .ofs_x = 0, .ofs_y = 4},/*()*/
    {.bitmap_index = 55928,	.adv_w = 27, .box_h = 23, .box_w = 28, .ofs_x = 0, .ofs_y = 4},/*()*/
    {.bitmap_index = 56089,	.adv_w = 24, .box_h = 24, .box_w = 24, .ofs_x = 0, .ofs_y = 4},/*()*/
    {.bitmap_index = 56233,	.adv_w = 24, .box_h = 24, .box_w = 24, .ofs_x = 0, .ofs_y = 4},/*()*/
    {.bitmap_index = 56377,	.adv_w = 21, .box_h = 21, .box_w = 24, .ofs_x = 0, .ofs_y = 5},/*()*/
    {.bitmap_index = 56503,	.adv_w = 21, .box_h = 21, .box_w = 24, .ofs_x = 0, .ofs_y = 5},/*()*/
    {.bitmap_index = 56629,	.adv_w = 24, .box_h = 21, .box_w = 24, .ofs_x = 1, .ofs_y = 5},/*()*/
    {.bitmap_index = 56755,	.adv_w = 17, .box_h = 21, .box_w = 20, .ofs_x = 0, .ofs_y = 5},/*()*/
    {.bitmap_index = 56860,	.adv_w = 21, .box_h = 19, .box_w = 24, .ofs_x = 0, .ofs_y = 6},/*()*/
    {.bitmap_index = 56974,	.adv_w = 21, .box_h = 21, .box_w = 24, .ofs_x = 0, .ofs_y = 5},/*()*/
    {.bitmap_index = 57100,	.adv_w = 21, .box_h = 21, .box_w = 24, .ofs_x = 0, .ofs_y = 5},/*()*/
    {.bitmap_index = 57226,	.adv_w = 24, .box_h = 24, .box_w = 24, .ofs_x = 0, .ofs_y = 4},/*()*/
    {.bitmap_index = 57370,	.adv_w = 24, .box_h = 24, .box_w = 24, .ofs_x = 0, .ofs_y = 4},/*()*/
    {.bitmap_index = 57514,	.adv_w = 24, .box_h = 19, .box_w = 24, .ofs_x = 0, .ofs_y = 6},/*()*/
    {.bitmap_index = 57628,	.adv_w = 24, .box_h = 24, .box_w = 24, .ofs_x = 0, .ofs_y = 4},/*()*/
    {.bitmap_index = 57772,	.adv_w = 24, .box_h = 24, .box_w = 24, .ofs_x = 0, .ofs_y = 4},/*()*/
    {.bitmap_index = 57916,	.adv_w = 24, .box_h = 24, .box_w = 24, .ofs_x = 0, .ofs_y = 4},/*()*/
    {.bitmap_index = 58060,	.adv_w = 24, .box_h = 23, .box_w = 24, .ofs_x = 1, .ofs_y = 4},/*()*/
    {.bitmap_index = 58198,	.adv_w = 21, .box_h = 24, .box_w = 20, .ofs_x = 1, .ofs_y = 4},/*()*/
    {.bitmap_index = 58318,	.adv_w = 27, .box_h = 19, .box_w = 28, .ofs_x = 0, .ofs_y = 6},/*()*/
    {.bitmap_index = 58451,	.adv_w = 27, .box_h = 19, .box_w = 28, .ofs_x = 1, .ofs_y = 6},/*()*/
    {.bitmap_index = 58584,	.adv_w = 24, .box_h = 24, .box_w = 24, .ofs_x = 0, .ofs_y = 4},/*()*/
    {.bitmap_index = 58728,	.adv_w = 21, .box_h = 24, .box_w = 24, .ofs_x = 0, .ofs_y = 4},/*()*/
    {.bitmap_index = 58872,	.adv_w = 24, .box_h = 24, .box_w = 24, .ofs_x = 0, .ofs_y = 4},/*()*/
    {.bitmap_index = 59016,	.adv_w = 31, .box_h = 21, .box_w = 32, .ofs_x = 0, .ofs_y = 5},/*()*/
    {.bitmap_index = 59184,	.adv_w = 31, .box_h = 21, .box_w = 32, .ofs_x = 0, .ofs_y = 5},/*()*/
    {.bitmap_index = 59352,	.adv_w = 31, .box_h = 21, .box_w = 32, .ofs_x = 0, .ofs_y = 5},/*()*/
    {.bitmap_index = 59520,	.adv_w = 31, .box_h = 21, .box_w = 32, .ofs_x = 0, .ofs_y = 5},/*()*/
    {.bitmap_index = 59688,	.adv_w = 31, .box_h = 21, .box_w = 32, .ofs_x = 0, .ofs_y = 5},/*()*/
    {.bitmap_index = 59856,	.adv_w = 31, .box_h = 21, .box_w = 32, .ofs_x = 0, .ofs_y = 5},/*()*/
    {.bitmap_index = 60024,	.adv_w = 27, .box_h = 24, .box_w = 28, .ofs_x = 0, .ofs_y = 4},/*()*/
    {.bitmap_index = 60192,	.adv_w = 27, .box_h = 24, .box_w = 28, .ofs_x = 0, .ofs_y = 4},/*()*/
    {.bitmap_index = 60360,	.adv_w = 19, .box_h = 21, .box_w = 20, .ofs_x = 0, .ofs_y = 5},/*()*/
    {.bitmap_index = 60465,	.adv_w = 21, .box_h = 21, .box_w = 24, .ofs_x = 0, .ofs_y = 5},/*()*/
    {.bitmap_index = 60591,	.adv_w = 21, .box_h = 21, .box_w = 24, .ofs_x = 0, .ofs_y = 5},/*()*/
    {.bitmap_index = 60717,	.adv_w = 24, .box_h = 24, .box_w = 24, .ofs_x = 0, .ofs_y = 4},/*()*/
    {.bitmap_index = 60861,	.adv_w = 24, .box_h = 24, .box_w = 24, .ofs_x = 0, .ofs_y = 4},/*()*/
    {.bitmap_index = 61005,	.adv_w = 24, .box_h = 24, .box_w = 24, .ofs_x = 0, .ofs_y = 4},/*()*/
    {.bitmap_index = 61149,	.adv_w = 27, .box_h = 21, .box_w = 28, .ofs_x = 0, .ofs_y = 5},/*()*/
    {.bitmap_index = 61296,	.adv_w = 24, .box_h = 23, .box_w = 24, .ofs_x = 0, .ofs_y = 4},/*()*/
    {.bitmap_index = 61434,	.adv_w = 27, .box_h = 21, .box_w = 28, .ofs_x = 0, .ofs_y = 5},/*()*/
    {.bitmap_index = 61581,	.adv_w = 24, .box_h = 15, .box_w = 24, .ofs_x = 0, .ofs_y = 8},/*()*/
    {.bitmap_index = 61671,	.adv_w = 21, .box_h = 21, .box_w = 24, .ofs_x = 0, .ofs_y = 5},/*()*/
    {.bitmap_index = 61797,	.adv_w = 27, .box_h = 17, .box_w = 28, .ofs_x = 0, .ofs_y = 7},/*()*/
    {.bitmap_index = 61916,	.adv_w = 27, .box_h = 17, .box_w = 28, .ofs_x = 0, .ofs_y = 7},/*()*/
    {.bitmap_index = 62035,	.adv_w = 31, .box_h = 17, .box_w = 32, .ofs_x = 0, .ofs_y = 7},/*()*/
    {.bitmap_index = 62171,	.adv_w = 21, .box_h = 24, .box_w = 24, .ofs_x = 0, .ofs_y = 4},/*()*/
    {.bitmap_index = 62315,	.adv_w = 27, .box_h = 22, .box_w = 28, .ofs_x = 0, .ofs_y = 5},/*()*/
    {.bitmap_index = 62469,	.adv_w = 17, .box_h = 24, .box_w = 20, .ofs_x = 0, .ofs_y = 4},/*()*/
    {.bitmap_index = 62589,	.adv_w = 27, .box_h = 21, .box_w = 28, .ofs_x = 0, .ofs_y = 5},/*()*/
    {.bitmap_index = 62736,	.adv_w = 21, .box_h = 19, .box_w = 20, .ofs_x = 0, .ofs_y = 6},/*()*/
    {.bitmap_index = 62831,	.adv_w = 21, .box_h = 21, .box_w = 24, .ofs_x = 0, .ofs_y = 5},/*()*/
    {.bitmap_index = 62957,	.adv_w = 21, .box_h = 21, .box_w = 24, .ofs_x = 0, .ofs_y = 5},/*()*/
    {.bitmap_index = 63083,	.adv_w = 27, .box_h = 24, .box_w = 28, .ofs_x = 0, .ofs_y = 4},/*()*/
    {.bitmap_index = 63251,	.adv_w = 21, .box_h = 24, .box_w = 20, .ofs_x = 0, .ofs_y = 4},/*()*/
    {.bitmap_index = 63371,	.adv_w = 21, .box_h = 21, .box_w = 24, .ofs_x = 0, .ofs_y = 5},/*()*/
    {.bitmap_index = 63497,	.adv_w = 27, .box_h = 19, .box_w = 28, .ofs_x = 0, .ofs_y = 6},/*()*/
    {.bitmap_index = 63630,	.adv_w = 27, .box_h = 19, .box_w = 28, .ofs_x = 0, .ofs_y = 6},/*()*/
    {.bitmap_index = 63763,	.adv_w = 21, .box_h = 24, .box_w = 24, .ofs_x = 0, .ofs_y = 4},/*()*/
    {.bitmap_index = 63907,	.adv_w = 27, .box_h = 21, .box_w = 28, .ofs_x = 0, .ofs_y = 5},/*()*/
    {.bitmap_index = 64054,	.adv_w = 27, .box_h = 16, .box_w = 28, .ofs_x = 0, .ofs_y = 8},/*()*/
    {.bitmap_index = 64166,	.adv_w = 22, .box_h = 19, .box_w = 24, .ofs_x = 0, .ofs_y = 6},/*()*/
    {.bitmap_index = 64280,	.adv_w = 22, .box_h = 19, .box_w = 24, .ofs_x = 0, .ofs_y = 6},/*()*/
    {.bitmap_index = 64394,	.adv_w = 27, .box_h = 22, .box_w = 28, .ofs_x = 0, .ofs_y = 5},/*()*/
    {.bitmap_index = 64548,	.adv_w = 27, .box_h = 24, .box_w = 28, .ofs_x = 0, .ofs_y = 4},/*()*/
    {.bitmap_index = 64716,	.adv_w = 21, .box_h = 23, .box_w = 20, .ofs_x = 0, .ofs_y = 4},/*()*/
    {.bitmap_index = 64831,	.adv_w = 31, .box_h = 17, .box_w = 32, .ofs_x = 0, .ofs_y = 7},/*()*/
    {.bitmap_index = 64967,	.adv_w = 21, .box_h = 23, .box_w = 20, .ofs_x = 0, .ofs_y = 4},/*()*/
    {.bitmap_index = 65082,	.adv_w = 24, .box_h = 21, .box_w = 24, .ofs_x = 0, .ofs_y = 5},/*()*/
    {.bitmap_index = 65208,	.adv_w = 17, .box_h = 24, .box_w = 16, .ofs_x = 0, .ofs_y = 4},/*()*/
    {.bitmap_index = 65304,	.adv_w = 21, .box_h = 21, .box_w = 24, .ofs_x = 0, .ofs_y = 5},/*()*/
    {.bitmap_index = 65430,	.adv_w = 17, .box_h = 24, .box_w = 16, .ofs_x = 0, .ofs_y = 4},/*()*/
    {.bitmap_index = 65526,	.adv_w = 21, .box_h = 24, .box_w = 20, .ofs_x = 0, .ofs_y = 4},/*()*/
    {.bitmap_index = 65646,	.adv_w = 24, .box_h = 24, .box_w = 24, .ofs_x = 0, .ofs_y = 4},/*()*/
    {.bitmap_index = 65790,	.adv_w = 24, .box_h = 24, .box_w = 24, .ofs_x = 0, .ofs_y = 4},/*()*/
    {.bitmap_index = 65934,	.adv_w = 26, .box_h = 24, .box_w = 28, .ofs_x = 0, .ofs_y = 4},/*()*/
    {.bitmap_index = 66102,	.adv_w = 27, .box_h = 24, .box_w = 28, .ofs_x = 0, .ofs_y = 4},/*()*/
    {.bitmap_index = 66270,	.adv_w = 21, .box_h = 21, .box_w = 24, .ofs_x = 0, .ofs_y = 5},/*()*/
    {.bitmap_index = 66396,	.adv_w = 17, .box_h = 24, .box_w = 16, .ofs_x = 0, .ofs_y = 4},/*()*/
    {.bitmap_index = 66492,	.adv_w = 27, .box_h = 16, .box_w = 28, .ofs_x = 0, .ofs_y = 8},/*()*/
    {.bitmap_index = 66604,	.adv_w = 17, .box_h = 24, .box_w = 16, .ofs_x = 0, .ofs_y = 4},/*()*/
    {.bitmap_index = 66700,	.adv_w = 17, .box_h = 15, .box_w = 16, .ofs_x = 0, .ofs_y = 8},/*()*/
    {.bitmap_index = 66760,	.adv_w = 21, .box_h = 21, .box_w = 24, .ofs_x = 0, .ofs_y = 5},/*()*/
    {.bitmap_index = 66886,	.adv_w = 17, .box_h = 23, .box_w = 20, .ofs_x = 0, .ofs_y = 4},/*()*/
    {.bitmap_index = 67001,	.adv_w = 21, .box_h = 21, .box_w = 24, .ofs_x = 0, .ofs_y = 5},/*()*/
    {.bitmap_index = 67127,	.adv_w = 24, .box_h = 19, .box_w = 24, .ofs_x = 0, .ofs_y = 6},/*()*/
    {.bitmap_index = 67241,	.adv_w = 27, .box_h = 21, .box_w = 28, .ofs_x = 0, .ofs_y = 5},/*()*/
    {.bitmap_index = 67388,	.adv_w = 27, .box_h = 21, .box_w = 28, .ofs_x = 0, .ofs_y = 5},/*()*/
    {.bitmap_index = 67535,	.adv_w = 27, .box_h = 17, .box_w = 28, .ofs_x = 0, .ofs_y = 7},/*()*/
    {.bitmap_index = 67654,	.adv_w = 21, .box_h = 24, .box_w = 24, .ofs_x = 0, .ofs_y = 4},/*()*/
    {.bitmap_index = 67798,	.adv_w = 21, .box_h = 24, .box_w = 24, .ofs_x = 0, .ofs_y = 4},/*()*/
    {.bitmap_index = 67942,	.adv_w = 21, .box_h = 24, .box_w = 24, .ofs_x = 0, .ofs_y = 4},/*()*/
    {.bitmap_index = 68086,	.adv_w = 24, .box_h = 21, .box_w = 24, .ofs_x = 0, .ofs_y = 5},/*()*/
    {.bitmap_index = 68212,	.adv_w = 21, .box_h = 21, .box_w = 24, .ofs_x = 0, .ofs_y = 5},/*()*/
    {.bitmap_index = 68338,	.adv_w = 31, .box_h = 24, .box_w = 32, .ofs_x = 1, .ofs_y = 4},/*()*/
    {.bitmap_index = 68530,	.adv_w = 31, .box_h = 23, .box_w = 32, .ofs_x = 0, .ofs_y = 4},/*()*/
    {.bitmap_index = 68714,	.adv_w = 24, .box_h = 24, .box_w = 24, .ofs_x = 0, .ofs_y = 4},/*()*/
    {.bitmap_index = 68858,	.adv_w = 31, .box_h = 17, .box_w = 32, .ofs_x = 0, .ofs_y = 7},/*()*/
    {.bitmap_index = 68994,	.adv_w = 31, .box_h = 17, .box_w = 32, .ofs_x = 0, .ofs_y = 7},/*()*/
    {.bitmap_index = 69130,	.adv_w = 31, .box_h = 17, .box_w = 32, .ofs_x = 0, .ofs_y = 7},/*()*/
    {.bitmap_index = 69266,	.adv_w = 31, .box_h = 17, .box_w = 32, .ofs_x = 0, .ofs_y = 7},/*()*/
    {.bitmap_index = 69402,	.adv_w = 31, .box_h = 17, .box_w = 32, .ofs_x = 0, .ofs_y = 7},/*()*/
    {.bitmap_index = 69538,	.adv_w = 17, .box_h = 24, .box_w = 16, .ofs_x = 0, .ofs_y = 4},/*()*/
    {.bitmap_index = 69634,	.adv_w = 14, .box_h = 24, .box_w = 12, .ofs_x = 0, .ofs_y = 4},/*()*/
    {.bitmap_index = 69706,	.adv_w = 27, .box_h = 24, .box_w = 28, .ofs_x = 0, .ofs_y = 4},/*()*/
    {.bitmap_index = 69874,	.adv_w = 31, .box_h = 24, .box_w = 32, .ofs_x = 0, .ofs_y = 4},/*()*/
    {.bitmap_index = 70066,	.adv_w = 21, .box_h = 21, .box_w = 24, .ofs_x = 0, .ofs_y = 5},/*()*/
    {.bitmap_index = 70192,	.adv_w = 21, .box_h = 21, .box_w = 24, .ofs_x = 0, .ofs_y = 5},/*()*/
    {.bitmap_index = 70318,	.adv_w = 31, .box_h = 21, .box_w = 32, .ofs_x = 0, .ofs_y = 5},/*()*/
    {.bitmap_index = 70486,	.adv_w = 31, .box_h = 21, .box_w = 32, .ofs_x = 0, .ofs_y = 5},/*()*/
    {.bitmap_index = 70654,	.adv_w = 24, .box_h = 24, .box_w = 24, .ofs_x = 0, .ofs_y = 4},/*()*/
    {.bitmap_index = 70798,	.adv_w = 31, .box_h = 24, .box_w = 32, .ofs_x = 0, .ofs_y = 4},/*()*/
    {.bitmap_index = 70990,	.adv_w = 21, .box_h = 24, .box_w = 24, .ofs_x = 0, .ofs_y = 4},/*()*/
    {.bitmap_index = 71134,	.adv_w = 21, .box_h = 24, .box_w = 24, .ofs_x = 0, .ofs_y = 4},/*()*/
    {.bitmap_index = 71278,	.adv_w = 21, .box_h = 24, .box_w = 24, .ofs_x = 0, .ofs_y = 4},/*()*/
    {.bitmap_index = 71422,	.adv_w = 21, .box_h = 24, .box_w = 24, .ofs_x = 0, .ofs_y = 4},/*()*/
    {.bitmap_index = 71566,	.adv_w = 21, .box_h = 24, .box_w = 24, .ofs_x = 0, .ofs_y = 4},/*()*/
    {.bitmap_index = 71710,	.adv_w = 21, .box_h = 19, .box_w = 24, .ofs_x = 0, .ofs_y = 6},/*()*/
    {.bitmap_index = 71824,	.adv_w = 24, .box_h = 24, .box_w = 24, .ofs_x = 0, .ofs_y = 4},/*()*/
    {.bitmap_index = 71968,	.adv_w = 24, .box_h = 21, .box_w = 24, .ofs_x = 0, .ofs_y = 5},/*()*/
    {.bitmap_index = 72094,	.adv_w = 27, .box_h = 24, .box_w = 28, .ofs_x = 0, .ofs_y = 4},/*()*/
    {.bitmap_index = 72262,	.adv_w = 27, .box_h = 24, .box_w = 28, .ofs_x = 0, .ofs_y = 4},/*()*/
    {.bitmap_index = 72430,	.adv_w = 24, .box_h = 24, .box_w = 24, .ofs_x = 0, .ofs_y = 4},/*()*/
    {.bitmap_index = 72574,	.adv_w = 21, .box_h = 24, .box_w = 24, .ofs_x = 0, .ofs_y = 4},/*()*/
    {.bitmap_index = 72718,	.adv_w = 26, .box_h = 14, .box_w = 28, .ofs_x = 0, .ofs_y = 9},/*()*/
    {.bitmap_index = 72816,	.adv_w = 24, .box_h = 24, .box_w = 24, .ofs_x = 0, .ofs_y = 4},/*()*/
    {.bitmap_index = 72960,	.adv_w = 24, .box_h = 24, .box_w = 24, .ofs_x = 0, .ofs_y = 4},/*()*/
    {.bitmap_index = 73104,	.adv_w = 27, .box_h = 18, .box_w = 28, .ofs_x = 1, .ofs_y = 7},/*()*/
    {.bitmap_index = 73230,	.adv_w = 24, .box_h = 24, .box_w = 24, .ofs_x = 0, .ofs_y = 4},/*()*/
    {.bitmap_index = 73374,	.adv_w = 31, .box_h = 18, .box_w = 32, .ofs_x = 0, .ofs_y = 7},/*()*/
    {.bitmap_index = 73518,	.adv_w = 17, .box_h = 24, .box_w = 16, .ofs_x = 1, .ofs_y = 4},/*()*/
    {.bitmap_index = 73614,	.adv_w = 21, .box_h = 21, .box_w = 24, .ofs_x = 0, .ofs_y = 5},/*()*/
    {.bitmap_index = 73740,	.adv_w = 23, .box_h = 21, .box_w = 24, .ofs_x = 0, .ofs_y = 5},/*()*/
    {.bitmap_index = 73866,	.adv_w = 31, .box_h = 20, .box_w = 32, .ofs_x = 0, .ofs_y = 6},/*()*/
    {.bitmap_index = 74026,	.adv_w = 24, .box_h = 24, .box_w = 24, .ofs_x = 0, .ofs_y = 4},/*()*/
    {.bitmap_index = 74170,	.adv_w = 24, .box_h = 24, .box_w = 24, .ofs_x = 0, .ofs_y = 4},/*()*/
    {.bitmap_index = 74314,	.adv_w = 24, .box_h = 23, .box_w = 24, .ofs_x = 0, .ofs_y = 4},/*()*/
    {.bitmap_index = 74452,	.adv_w = 24, .box_h = 24, .box_w = 24, .ofs_x = 0, .ofs_y = 4},/*()*/
    {.bitmap_index = 74596,	.adv_w = 24, .box_h = 23, .box_w = 24, .ofs_x = 0, .ofs_y = 4},/*()*/
    {.bitmap_index = 74734,	.adv_w = 27, .box_h = 21, .box_w = 28, .ofs_x = 0, .ofs_y = 5},/*()*/
    {.bitmap_index = 74881,	.adv_w = 24, .box_h = 21, .box_w = 24, .ofs_x = 0, .ofs_y = 5},/*()*/
    {.bitmap_index = 75007,	.adv_w = 21, .box_h = 24, .box_w = 20, .ofs_x = 0, .ofs_y = 4},/*()*/
    {.bitmap_index = 75127,	.adv_w = 24, .box_h = 24, .box_w = 24, .ofs_x = 0, .ofs_y = 4},/*()*/
    {.bitmap_index = 75271,	.adv_w = 24, .box_h = 24, .box_w = 24, .ofs_x = 0, .ofs_y = 4},/*()*/
    {.bitmap_index = 75415,	.adv_w = 24, .box_h = 24, .box_w = 24, .ofs_x = 0, .ofs_y = 4},/*()*/
    {.bitmap_index = 75559,	.adv_w = 24, .box_h = 24, .box_w = 24, .ofs_x = 0, .ofs_y = 4},/*()*/
    {.bitmap_index = 75703,	.adv_w = 24, .box_h = 24, .box_w = 24, .ofs_x = 0, .ofs_y = 4},/*()*/
    {.bitmap_index = 75847,	.adv_w = 24, .box_h = 24, .box_w = 24, .ofs_x = 0, .ofs_y = 4},/*()*/
    {.bitmap_index = 75991,	.adv_w = 14, .box_h = 24, .box_w = 16, .ofs_x = 0, .ofs_y = 4},/*()*/
    {.bitmap_index = 76087,	.adv_w = 24, .box_h = 24, .box_w = 24, .ofs_x = 0, .ofs_y = 4},/*()*/
    {.bitmap_index = 76231,	.adv_w = 27, .box_h = 24, .box_w = 28, .ofs_x = 0, .ofs_y = 4},/*()*/
    {.bitmap_index = 76399,	.adv_w = 24, .box_h = 24, .box_w = 24, .ofs_x = 0, .ofs_y = 4},/*()*/
    {.bitmap_index = 76543,	.adv_w = 24, .box_h = 20, .box_w = 24, .ofs_x = 0, .ofs_y = 6},/*()*/
    {.bitmap_index = 76663,	.adv_w = 24, .box_h = 20, .box_w = 24, .ofs_x = 0, .ofs_y = 6},/*()*/
    {.bitmap_index = 76783,	.adv_w = 14, .box_h = 23, .box_w = 16, .ofs_x = 0, .ofs_y = 4},/*()*/
    {.bitmap_index = 76875,	.adv_w = 24, .box_h = 19, .box_w = 24, .ofs_x = 1, .ofs_y = 6},/*()*/
    {.bitmap_index = 76989,	.adv_w = 21, .box_h = 21, .box_w = 24, .ofs_x = 0, .ofs_y = 5},/*()*/
    {.bitmap_index = 77115,	.adv_w = 21, .box_h = 21, .box_w = 24, .ofs_x = 0, .ofs_y = 5},/*()*/
    {.bitmap_index = 77241,	.adv_w = 24, .box_h = 23, .box_w = 24, .ofs_x = 0, .ofs_y = 4},/*()*/
    {.bitmap_index = 77379,	.adv_w = 24, .box_h = 24, .box_w = 24, .ofs_x = 1, .ofs_y = 4},/*()*/
    {.bitmap_index = 77523,	.adv_w = 31, .box_h = 21, .box_w = 32, .ofs_x = 0, .ofs_y = 5},/*()*/
    {.bitmap_index = 77691,	.adv_w = 24, .box_h = 24, .box_w = 24, .ofs_x = 0, .ofs_y = 4},/*()*/
    {.bitmap_index = 77835,	.adv_w = 24, .box_h = 24, .box_w = 24, .ofs_x = 0, .ofs_y = 4},/*()*/
    {.bitmap_index = 77979,	.adv_w = 24, .box_h = 23, .box_w = 24, .ofs_x = 0, .ofs_y = 4},/*()*/
    {.bitmap_index = 78117,	.adv_w = 31, .box_h = 19, .box_w = 32, .ofs_x = 0, .ofs_y = 6},/*()*/
    {.bitmap_index = 78269,	.adv_w = 24, .box_h = 24, .box_w = 24, .ofs_x = 0, .ofs_y = 4},/*()*/
    {.bitmap_index = 78413,	.adv_w = 31, .box_h = 19, .box_w = 32, .ofs_x = 0, .ofs_y = 6},/*()*/
    {.bitmap_index = 78565,	.adv_w = 21, .box_h = 24, .box_w = 20, .ofs_x = 0, .ofs_y = 4},/*()*/
    {.bitmap_index = 78685,	.adv_w = 21, .box_h = 21, .box_w = 24, .ofs_x = 0, .ofs_y = 5},/*()*/
    {.bitmap_index = 78811,	.adv_w = 21, .box_h = 21, .box_w = 24, .ofs_x = 0, .ofs_y = 5},/*()*/
    {.bitmap_index = 78937,	.adv_w = 21, .box_h = 21, .box_w = 24, .ofs_x = 0, .ofs_y = 5},/*()*/
    {.bitmap_index = 79063,	.adv_w = 21, .box_h = 21, .box_w = 24, .ofs_x = 0, .ofs_y = 5},/*()*/
    {.bitmap_index = 79189,	.adv_w = 24, .box_h = 24, .box_w = 24, .ofs_x = 0, .ofs_y = 4},/*()*/
    {.bitmap_index = 79333,	.adv_w = 27, .box_h = 24, .box_w = 28, .ofs_x = 0, .ofs_y = 4},/*()*/
    {.bitmap_index = 79501,	.adv_w = 24, .box_h = 21, .box_w = 24, .ofs_x = 0, .ofs_y = 5},/*()*/
    {.bitmap_index = 79627,	.adv_w = 21, .box_h = 24, .box_w = 20, .ofs_x = 1, .ofs_y = 4},/*()*/
    {.bitmap_index = 79747,	.adv_w = 14, .box_h = 24, .box_w = 12, .ofs_x = 1, .ofs_y = 4},/*()*/
    {.bitmap_index = 79819,	.adv_w = 21, .box_h = 21, .box_w = 24, .ofs_x = 0, .ofs_y = 5},/*()*/
    {.bitmap_index = 79945,	.adv_w = 24, .box_h = 22, .box_w = 24, .ofs_x = 0, .ofs_y = 5},/*()*/
    {.bitmap_index = 80077,	.adv_w = 24, .box_h = 23, .box_w = 24, .ofs_x = 0, .ofs_y = 4},/*()*/
    {.bitmap_index = 80215,	.adv_w = 21, .box_h = 21, .box_w = 24, .ofs_x = 0, .ofs_y = 5},/*()*/
    {.bitmap_index = 80341,	.adv_w = 24, .box_h = 24, .box_w = 24, .ofs_x = 0, .ofs_y = 4},/*()*/
    {.bitmap_index = 80485,	.adv_w = 24, .box_h = 24, .box_w = 24, .ofs_x = 0, .ofs_y = 4},/*()*/
    {.bitmap_index = 80629,	.adv_w = 21, .box_h = 24, .box_w = 20, .ofs_x = 1, .ofs_y = 4},/*()*/
    {.bitmap_index = 80749,	.adv_w = 21, .box_h = 21, .box_w = 24, .ofs_x = 0, .ofs_y = 5},/*()*/
    {.bitmap_index = 80875,	.adv_w = 19, .box_h = 24, .box_w = 20, .ofs_x = 1, .ofs_y = 4},/*()*/
    {.bitmap_index = 80995,	.adv_w = 31, .box_h = 11, .box_w = 32, .ofs_x = 0, .ofs_y = 10},/*()*/
    {.bitmap_index = 81083,	.adv_w = 19, .box_h = 23, .box_w = 20, .ofs_x = 0, .ofs_y = 4},/*()*/
    {.bitmap_index = 81198,	.adv_w = 29, .box_h = 19, .box_w = 32, .ofs_x = 0, .ofs_y = 6},/*()*/
    {.bitmap_index = 81350,	.adv_w = 24, .box_h = 24, .box_w = 24, .ofs_x = 0, .ofs_y = 4},/*()*/
    {.bitmap_index = 81494,	.adv_w = 31, .box_h = 24, .box_w = 32, .ofs_x = 0, .ofs_y = 4},/*()*/
    {.bitmap_index = 81686,	.adv_w = 24, .box_h = 24, .box_w = 24, .ofs_x = 0, .ofs_y = 4},/*()*/
    {.bitmap_index = 81830,	.adv_w = 21, .box_h = 21, .box_w = 24, .ofs_x = 0, .ofs_y = 5},/*()*/
    {.bitmap_index = 81956,	.adv_w = 21, .box_h = 24, .box_w = 20, .ofs_x = 0, .ofs_y = 4},/*()*/
    {.bitmap_index = 82076,	.adv_w = 22, .box_h = 24, .box_w = 24, .ofs_x = 0, .ofs_y = 4},/*()*/
    {.bitmap_index = 82220,	.adv_w = 24, .box_h = 21, .box_w = 24, .ofs_x = 0, .ofs_y = 5},/*()*/
    {.bitmap_index = 82346,	.adv_w = 17, .box_h = 20, .box_w = 20, .ofs_x = 0, .ofs_y = 6},/*()*/
    {.bitmap_index = 82446,	.adv_w = 21, .box_h = 21, .box_w = 24, .ofs_x = 0, .ofs_y = 5},/*()*/
    {.bitmap_index = 82572,	.adv_w = 21, .box_h = 21, .box_w = 24, .ofs_x = 0, .ofs_y = 5},/*()*/
    {.bitmap_index = 82698,	.adv_w = 22, .box_h = 21, .box_w = 24, .ofs_x = 0, .ofs_y = 5},/*()*/
    {.bitmap_index = 82824,	.adv_w = 21, .box_h = 21, .box_w = 24, .ofs_x = 0, .ofs_y = 5},/*()*/
    {.bitmap_index = 82950,	.adv_w = 31, .box_h = 23, .box_w = 32, .ofs_x = 0, .ofs_y = 4},/*()*/
    {.bitmap_index = 83134,	.adv_w = 21, .box_h = 24, .box_w = 24, .ofs_x = 0, .ofs_y = 4},/*()*/
    {.bitmap_index = 83278,	.adv_w = 22, .box_h = 24, .box_w = 24, .ofs_x = 0, .ofs_y = 4},/*()*/
    {.bitmap_index = 83422,	.adv_w = 24, .box_h = 24, .box_w = 24, .ofs_x = 0, .ofs_y = 4},/*()*/
    {.bitmap_index = 83566,	.adv_w = 21, .box_h = 21, .box_w = 24, .ofs_x = 0, .ofs_y = 5},/*()*/
    {.bitmap_index = 83692,	.adv_w = 21, .box_h = 24, .box_w = 24, .ofs_x = 0, .ofs_y = 4},/*()*/
    {.bitmap_index = 83836,	.adv_w = 31, .box_h = 19, .box_w = 32, .ofs_x = 0, .ofs_y = 6},/*()*/
    {.bitmap_index = 83988,	.adv_w = 24, .box_h = 24, .box_w = 24, .ofs_x = 0, .ofs_y = 4},/*()*/
    {.bitmap_index = 84132,	.adv_w = 24, .box_h = 24, .box_w = 24, .ofs_x = 0, .ofs_y = 4},/*()*/
    {.bitmap_index = 84276,	.adv_w = 21, .box_h = 24, .box_w = 20, .ofs_x = 0, .ofs_y = 4},/*()*/
    {.bitmap_index = 84396,	.adv_w = 22, .box_h = 24, .box_w = 24, .ofs_x = 0, .ofs_y = 4},/*()*/
    {.bitmap_index = 84540,	.adv_w = 22, .box_h = 24, .box_w = 24, .ofs_x = 0, .ofs_y = 4},/*()*/
    {.bitmap_index = 84684,	.adv_w = 27, .box_h = 21, .box_w = 28, .ofs_x = 0, .ofs_y = 5},/*()*/
    {.bitmap_index = 84831,	.adv_w = 27, .box_h = 21, .box_w = 28, .ofs_x = 0, .ofs_y = 5},/*()*/
    {.bitmap_index = 84978,	.adv_w = 24, .box_h = 24, .box_w = 24, .ofs_x = 0, .ofs_y = 4},/*()*/
    {.bitmap_index = 85122,	.adv_w = 24, .box_h = 24, .box_w = 24, .ofs_x = 0, .ofs_y = 4},/*()*/
    {.bitmap_index = 85266,	.adv_w = 21, .box_h = 24, .box_w = 24, .ofs_x = 0, .ofs_y = 4},/*()*/
    {.bitmap_index = 85410,	.adv_w = 17, .box_h = 24, .box_w = 20, .ofs_x = 0, .ofs_y = 4},/*()*/
    {.bitmap_index = 85530,	.adv_w = 27, .box_h = 21, .box_w = 28, .ofs_x = 0, .ofs_y = 5},/*()*/
    {.bitmap_index = 85677,	.adv_w = 27, .box_h = 21, .box_w = 28, .ofs_x = 0, .ofs_y = 5},/*()*/
    {.bitmap_index = 85824,	.adv_w = 24, .box_h = 24, .box_w = 24, .ofs_x = 0, .ofs_y = 4},/*()*/
    {.bitmap_index = 85968,	.adv_w = 31, .box_h = 21, .box_w = 32, .ofs_x = 0, .ofs_y = 5},/*()*/
    {.bitmap_index = 86136,	.adv_w = 24, .box_h = 24, .box_w = 24, .ofs_x = 0, .ofs_y = 4},/*()*/
    {.bitmap_index = 86280,	.adv_w = 14, .box_h = 24, .box_w = 16, .ofs_x = 0, .ofs_y = 4},/*()*/
    {.bitmap_index = 86376,	.adv_w = 14, .box_h = 24, .box_w = 16, .ofs_x = 0, .ofs_y = 4},/*()*/
    {.bitmap_index = 86472,	.adv_w = 14, .box_h = 24, .box_w = 16, .ofs_x = 0, .ofs_y = 4},/*()*/
    {.bitmap_index = 86568,	.adv_w = 14, .box_h = 24, .box_w = 16, .ofs_x = 0, .ofs_y = 4},/*()*/
    {.bitmap_index = 86664,	.adv_w = 14, .box_h = 24, .box_w = 16, .ofs_x = 0, .ofs_y = 4},/*()*/
    {.bitmap_index = 86760,	.adv_w = 26, .box_h = 24, .box_w = 28, .ofs_x = 0, .ofs_y = 4},/*()*/
    {.bitmap_index = 86928,	.adv_w = 24, .box_h = 24, .box_w = 24, .ofs_x = 0, .ofs_y = 4},/*()*/
    {.bitmap_index = 87072,	.adv_w = 21, .box_h = 24, .box_w = 24, .ofs_x = 0, .ofs_y = 4},/*()*/
    {.bitmap_index = 87216,	.adv_w = 24, .box_h = 21, .box_w = 24, .ofs_x = 0, .ofs_y = 5},/*()*/
    {.bitmap_index = 87342,	.adv_w = 24, .box_h = 7, .box_w = 24, .ofs_x = 0, .ofs_y = 12},/*()*/
    {.bitmap_index = 87384,	.adv_w = 27, .box_h = 24, .box_w = 28, .ofs_x = 0, .ofs_y = 4},/*()*/
    {.bitmap_index = 87552,	.adv_w = 24, .box_h = 21, .box_w = 24, .ofs_x = 0, .ofs_y = 5},/*()*/
    {.bitmap_index = 87678,	.adv_w = 24, .box_h = 21, .box_w = 24, .ofs_x = 0, .ofs_y = 5},/*()*/
    {.bitmap_index = 87804,	.adv_w = 24, .box_h = 24, .box_w = 24, .ofs_x = 0, .ofs_y = 4},/*()*/
    {.bitmap_index = 87948,	.adv_w = 24, .box_h = 24, .box_w = 24, .ofs_x = 0, .ofs_y = 4},/*()*/
    {.bitmap_index = 88092,	.adv_w = 21, .box_h = 24, .box_w = 24, .ofs_x = 0, .ofs_y = 4},/*()*/
    {.bitmap_index = 88236,	.adv_w = 21, .box_h = 21, .box_w = 24, .ofs_x = 0, .ofs_y = 5},/*()*/
    {.bitmap_index = 88362,	.adv_w = 29, .box_h = 24, .box_w = 28, .ofs_x = 1, .ofs_y = 4},/*()*/
    {.bitmap_index = 88530,	.adv_w = 24, .box_h = 24, .box_w = 24, .ofs_x = 0, .ofs_y = 4},/*()*/
    {.bitmap_index = 88674,	.adv_w = 21, .box_h = 23, .box_w = 24, .ofs_x = 0, .ofs_y = 4},/*()*/
    {.bitmap_index = 88812,	.adv_w = 22, .box_h = 24, .box_w = 24, .ofs_x = 1, .ofs_y = 4},/*()*/
    {.bitmap_index = 88956,	.adv_w = 24, .box_h = 24, .box_w = 24, .ofs_x = 0, .ofs_y = 4},/*()*/
    {.bitmap_index = 89100,	.adv_w = 24, .box_h = 24, .box_w = 24, .ofs_x = 0, .ofs_y = 4},/*()*/
    {.bitmap_index = 89244,	.adv_w = 26, .box_h = 24, .box_w = 28, .ofs_x = 0, .ofs_y = 4},/*()*/
};


static const uint16_t unicode_list_1[] = {
    0x0020,	/*( )*/
    0x0021,	/*(!)*/
    0x0022,	/*(")*/
    0x0023,	/*(#)*/
    0x0024,	/*($)*/
    0x0025,	/*(%)*/
    0x0026,	/*(&)*/
    0x0027,	/*(')*/
    0x0028,	/*(()*/
    0x0029,	/*())*/
    0x002a,	/*(*)*/
    0x002b,	/*(+)*/
    0x002c,	/*(,)*/
    0x002d,	/*(-)*/
    0x002e,	/*(.)*/
    0x002f,	/*(/)*/
    0x0030,	/*(0)*/
    0x0031,	/*(1)*/
    0x0032,	/*(2)*/
    0x0033,	/*(3)*/
    0x0034,	/*(4)*/
    0x0035,	/*(5)*/
    0x0036,	/*(6)*/
    0x0037,	/*(7)*/
    0x0038,	/*(8)*/
    0x0039,	/*(9)*/
    0x003a,	/*(:)*/
    0x003b,	/*(;)*/
    0x003c,	/*(<)*/
    0x003d,	/*(=)*/
    0x003e,	/*(>)*/
    0x003f,	/*(?)*/
    0x0040,	/*(@)*/
    0x0041,	/*(A)*/
    0x0042,	/*(B)*/
    0x0043,	/*(C)*/
    0x0044,	/*(D)*/
    0x0045,	/*(E)*/
    0x0046,	/*(F)*/
    0x0047,	/*(G)*/
    0x0048,	/*(H)*/
    0x0049,	/*(I)*/
    0x004a,	/*(J)*/
    0x004b,	/*(K)*/
    0x004c,	/*(L)*/
    0x004d,	/*(M)*/
    0x004e,	/*(N)*/
    0x004f,	/*(O)*/
    0x0050,	/*(P)*/
    0x0051,	/*(Q)*/
    0x0052,	/*(R)*/
    0x0053,	/*(S)*/
    0x0054,	/*(T)*/
    0x0055,	/*(U)*/
    0x0056,	/*(V)*/
    0x0057,	/*(W)*/
    0x0058,	/*(X)*/
    0x0059,	/*(Y)*/
    0x005a,	/*(Z)*/
    0x005b,	/*([)*/
    0x005c,	/*(\)*/
    0x005d,	/*(])*/
    0x005e,	/*(^)*/
    0x005f,	/*(_)*/
    0x0060,	/*(`)*/
    0x0061,	/*(a)*/
    0x0062,	/*(b)*/
    0x0063,	/*(c)*/
    0x0064,	/*(d)*/
    0x0065,	/*(e)*/
    0x0066,	/*(f)*/
    0x0067,	/*(g)*/
    0x0068,	/*(h)*/
    0x0069,	/*(i)*/
    0x006a,	/*(j)*/
    0x006b,	/*(k)*/
    0x006c,	/*(l)*/
    0x006d,	/*(m)*/
    0x006e,	/*(n)*/
    0x006f,	/*(o)*/
    0x0070,	/*(p)*/
    0x0071,	/*(q)*/
    0x0072,	/*(r)*/
    0x0073,	/*(s)*/
    0x0074,	/*(t)*/
    0x0075,	/*(u)*/
    0x0076,	/*(v)*/
    0x0077,	/*(w)*/
    0x0078,	/*(x)*/
    0x0079,	/*(y)*/
    0x007a,	/*(z)*/
    0x007b,	/*({)*/
    0x007c,	/*(|)*/
    0x007d,	/*(})*/
    0x007e,	/*(~)*/
    0x007f,	/*()*/
    0x4e16,	/*(世)*/
    0x4f7f,	/*(使)*/
    0x53d1,	/*(发)*/
    0x5f00,	/*(开)*/
    0x677f,	/*(板)*/
    0x6d4b,	/*(测)*/
    0x7528,	/*(用)*/
    0x8bd5,	/*(试)*/
    0x9177,	/*(酷)*/
    0xf000,	/*()*/
    0xf001,	/*()*/
    0xf002,	/*()*/
    0xf003,	/*()*/
    0xf004,	/*()*/
    0xf005,	/*()*/
    0xf006,	/*()*/
    0xf007,	/*()*/
    0xf008,	/*()*/
    0xf009,	/*()*/
    0xf00a,	/*()*/
    0xf00b,	/*()*/
    0xf00c,	/*()*/
    0xf00d,	/*()*/
    0xf00e,	/*()*/
    0xf010,	/*()*/
    0xf011,	/*()*/
    0xf012,	/*()*/
    0xf013,	/*()*/
    0xf014,	/*()*/
    0xf015,	/*()*/
    0xf016,	/*()*/
    0xf017,	/*()*/
    0xf018,	/*()*/
    0xf019,	/*()*/
    0xf01a,	/*()*/
    0xf01b,	/*()*/
    0xf01c,	/*()*/
    0xf01d,	/*()*/
    0xf01e,	/*()*/
    0xf021,	/*()*/
    0xf022,	/*()*/
    0xf023,	/*()*/
    0xf024,	/*()*/
    0xf025,	/*()*/
    0xf026,	/*()*/
    0xf027,	/*()*/
    0xf028,	/*()*/
    0xf029,	/*()*/
    0xf02a,	/*()*/
    0xf02b,	/*()*/
    0xf02c,	/*()*/
    0xf02d,	/*()*/
    0xf02e,	/*()*/
    0xf02f,	/*()*/
    0xf030,	/*()*/
    0xf031,	/*()*/
    0xf032,	/*()*/
    0xf033,	/*()*/
    0xf034,	/*()*/
    0xf035,	/*()*/
    0xf036,	/*()*/
    0xf037,	/*()*/
    0xf038,	/*()*/
    0xf039,	/*()*/
    0xf03a,	/*()*/
    0xf03b,	/*()*/
    0xf03c,	/*()*/
    0xf03d,	/*()*/
    0xf03e,	/*()*/
    0xf040,	/*()*/
    0xf041,	/*()*/
    0xf042,	/*()*/
    0xf043,	/*()*/
    0xf044,	/*()*/
    0xf045,	/*()*/
    0xf046,	/*()*/
    0xf047,	/*()*/
    0xf048,	/*()*/
    0xf049,	/*()*/
    0xf04a,	/*()*/
    0xf04b,	/*()*/
    0xf04c,	/*()*/
    0xf04d,	/*()*/
    0xf04e,	/*()*/
    0xf050,	/*()*/
    0xf051,	/*()*/
    0xf052,	/*()*/
    0xf053,	/*()*/
    0xf054,	/*()*/
    0xf055,	/*()*/
    0xf056,	/*()*/
    0xf057,	/*()*/
    0xf058,	/*()*/
    0xf059,	/*()*/
    0xf05a,	/*()*/
    0xf05b,	/*()*/
    0xf05c,	/*()*/
    0xf05d,	/*()*/
    0xf05e,	/*()*/
    0xf060,	/*()*/
    0xf061,	/*()*/
    0xf062,	/*()*/
    0xf063,	/*()*/
    0xf064,	/*()*/
    0xf065,	/*()*/
    0xf066,	/*()*/
    0xf067,	/*()*/
    0xf068,	/*()*/
    0xf069,	/*()*/
    0xf06a,	/*()*/
    0xf06b,	/*()*/
    0xf06c,	/*()*/
    0xf06d,	/*()*/
    0xf06e,	/*()*/
    0xf070,	/*()*/
    0xf071,	/*()*/
    0xf072,	/*()*/
    0xf073,	/*()*/
    0xf074,	/*()*/
    0xf075,	/*()*/
    0xf076,	/*()*/
    0xf077,	/*()*/
    0xf078,	/*()*/
    0xf079,	/*()*/
    0xf07a,	/*()*/
    0xf07b,	/*()*/
    0xf07c,	/*()*/
    0xf07d,	/*()*/
    0xf07e,	/*()*/
    0xf080,	/*()*/
    0xf081,	/*()*/
    0xf082,	/*()*/
    0xf083,	/*()*/
    0xf084,	/*()*/
    0xf085,	/*()*/
    0xf086,	/*()*/
    0xf087,	/*()*/
    0xf088,	/*()*/
    0xf089,	/*()*/
    0xf08a,	/*()*/
    0xf08b,	/*()*/
    0xf08c,	/*()*/
    0xf08d,	/*()*/
    0xf08e,	/*()*/
    0xf090,	/*()*/
    0xf091,	/*()*/
    0xf092,	/*()*/
    0xf093,	/*()*/
    0xf094,	/*()*/
    0xf095,	/*()*/
    0xf096,	/*()*/
    0xf097,	/*()*/
    0xf098,	/*()*/
    0xf099,	/*()*/
    0xf09a,	/*()*/
    0xf09b,	/*()*/
    0xf09c,	/*()*/
    0xf09d,	/*()*/
    0xf09e,	/*()*/
    0xf0a0,	/*()*/
    0xf0a1,	/*()*/
    0xf0a2,	/*()*/
    0xf0a3,	/*()*/
    0xf0a4,	/*()*/
    0xf0a5,	/*()*/
    0xf0a6,	/*()*/
    0xf0a7,	/*()*/
    0xf0a8,	/*()*/
    0xf0a9,	/*()*/
    0xf0aa,	/*()*/
    0xf0ab,	/*()*/
    0xf0ac,	/*()*/
    0xf0ad,	/*()*/
    0xf0ae,	/*()*/
    0xf0b0,	/*()*/
    0xf0b1,	/*()*/
    0xf0b2,	/*()*/
    0xf0c0,	/*()*/
    0xf0c1,	/*()*/
    0xf0c2,	/*()*/
    0xf0c3,	/*()*/
    0xf0c4,	/*()*/
    0xf0c5,	/*()*/
    0xf0c6,	/*()*/
    0xf0c7,	/*()*/
    0xf0c8,	/*()*/
    0xf0c9,	/*()*/
    0xf0ca,	/*()*/
    0xf0cb,	/*()*/
    0xf0cc,	/*()*/
    0xf0cd,	/*()*/
    0xf0ce,	/*()*/
    0xf0d0,	/*()*/
    0xf0d1,	/*()*/
    0xf0d2,	/*()*/
    0xf0d3,	/*()*/
    0xf0d4,	/*()*/
    0xf0d5,	/*()*/
    0xf0d6,	/*()*/
    0xf0d7,	/*()*/
    0xf0d8,	/*()*/
    0xf0d9,	/*()*/
    0xf0da,	/*()*/
    0xf0db,	/*()*/
    0xf0dc,	/*()*/
    0xf0dd,	/*()*/
    0xf0de,	/*()*/
    0xf0e0,	/*()*/
    0xf0e1,	/*()*/
    0xf0e2,	/*()*/
    0xf0e3,	/*()*/
    0xf0e4,	/*()*/
    0xf0e5,	/*()*/
    0xf0e6,	/*()*/
    0xf0e7,	/*()*/
    0xf0e8,	/*()*/
    0xf0e9,	/*()*/
    0xf0ea,	/*()*/
    0xf0eb,	/*()*/
    0xf0ec,	/*()*/
    0xf0ed,	/*()*/
    0xf0ee,	/*()*/
    0xf0f0,	/*()*/
    0xf0f1,	/*()*/
    0xf0f2,	/*()*/
    0xf0f3,	/*()*/
    0xf0f4,	/*()*/
    0xf0f5,	/*()*/
    0xf0f6,	/*()*/
    0xf0f7,	/*()*/
    0xf0f8,	/*()*/
    0xf0f9,	/*()*/
    0xf0fa,	/*()*/
    0xf0fb,	/*()*/
    0xf0fc,	/*()*/
    0xf0fd,	/*()*/
    0xf0fe,	/*()*/
    0xf100,	/*()*/
    0xf101,	/*()*/
    0xf102,	/*()*/
    0xf103,	/*()*/
    0xf104,	/*()*/
    0xf105,	/*()*/
    0xf106,	/*()*/
    0xf107,	/*()*/
    0xf108,	/*()*/
    0xf109,	/*()*/
    0xf10a,	/*()*/
    0xf10b,	/*()*/
    0xf10c,	/*()*/
    0xf10d,	/*()*/
    0xf10e,	/*()*/
    0xf110,	/*()*/
    0xf111,	/*()*/
    0xf112,	/*()*/
    0xf113,	/*()*/
    0xf114,	/*()*/
    0xf115,	/*()*/
    0xf118,	/*()*/
    0xf119,	/*()*/
    0xf11a,	/*()*/
    0xf11b,	/*()*/
    0xf11c,	/*()*/
    0xf11d,	/*()*/
    0xf11e,	/*()*/
    0xf120,	/*()*/
    0xf121,	/*()*/
    0xf122,	/*()*/
    0xf123,	/*()*/
    0xf124,	/*()*/
    0xf125,	/*()*/
    0xf126,	/*()*/
    0xf127,	/*()*/
    0xf128,	/*()*/
    0xf129,	/*()*/
    0xf12a,	/*()*/
    0xf12b,	/*()*/
    0xf12c,	/*()*/
    0xf12d,	/*()*/
    0xf12e,	/*()*/
    0xf130,	/*()*/
    0xf131,	/*()*/
    0xf132,	/*()*/
    0xf133,	/*()*/
    0xf134,	/*()*/
    0xf135,	/*()*/
    0xf136,	/*()*/
    0xf137,	/*()*/
    0xf138,	/*()*/
    0xf139,	/*()*/
    0xf13a,	/*()*/
    0xf13b,	/*()*/
    0xf13c,	/*()*/
    0xf13d,	/*()*/
    0xf13e,	/*()*/
    0xf140,	/*()*/
    0xf141,	/*()*/
    0xf142,	/*()*/
    0xf143,	/*()*/
    0xf144,	/*()*/
    0xf145,	/*()*/
    0xf146,	/*()*/
    0xf147,	/*()*/
    0xf148,	/*()*/
    0xf149,	/*()*/
    0xf14a,	/*()*/
    0xf14b,	/*()*/
    0xf14c,	/*()*/
    0xf14d,	/*()*/
    0xf14e,	/*()*/
    0xf150,	/*()*/
    0xf151,	/*()*/
    0xf152,	/*()*/
    0xf153,	/*()*/
    0xf154,	/*()*/
    0xf155,	/*()*/
    0xf156,	/*()*/
    0xf157,	/*()*/
    0xf158,	/*()*/
    0xf159,	/*()*/
    0xf15a,	/*()*/
    0xf15b,	/*()*/
    0xf15c,	/*()*/
    0xf15d,	/*()*/
    0xf15e,	/*()*/
    0xf160,	/*()*/
    0xf161,	/*()*/
    0xf162,	/*()*/
    0xf163,	/*()*/
    0xf164,	/*()*/
    0xf165,	/*()*/
    0xf166,	/*()*/
    0xf167,	/*()*/
    0xf168,	/*()*/
    0xf169,	/*()*/
    0xf16a,	/*()*/
    0xf16b,	/*()*/
    0xf16c,	/*()*/
    0xf16d,	/*()*/
    0xf16e,	/*()*/
    0xf170,	/*()*/
    0xf171,	/*()*/
    0xf172,	/*()*/
    0xf173,	/*()*/
    0xf174,	/*()*/
    0xf175,	/*()*/
    0xf176,	/*()*/
    0xf177,	/*()*/
    0xf178,	/*()*/
    0xf179,	/*()*/
    0xf17a,	/*()*/
    0xf17b,	/*()*/
    0xf17c,	/*()*/
    0xf17d,	/*()*/
    0xf17e,	/*()*/
    0xf180,	/*()*/
    0xf181,	/*()*/
    0xf182,	/*()*/
    0xf183,	/*()*/
    0xf184,	/*()*/
    0xf185,	/*()*/
    0xf186,	/*()*/
    0xf187,	/*()*/
    0xf188,	/*()*/
    0xf189,	/*()*/
    0xf18a,	/*()*/
    0xf18b,	/*()*/
    0xf18c,	/*()*/
    0xf18d,	/*()*/
    0xf18e,	/*()*/
    0xf190,	/*()*/
    0xf191,	/*()*/
    0xf192,	/*()*/
    0xf193,	/*()*/
    0xf194,	/*()*/
    0xf195,	/*()*/
    0xf196,	/*()*/
    0xf197,	/*()*/
    0xf198,	/*()*/
    0xf199,	/*()*/
    0xf19a,	/*()*/
    0xf19b,	/*()*/
    0xf19c,	/*()*/
    0xf19d,	/*()*/
    0xf19e,	/*()*/
    0xf1a0,	/*()*/
    0xf1a1,	/*()*/
    0xf1a2,	/*()*/
    0xf1a3,	/*()*/
    0xf1a4,	/*()*/
    0xf1a5,	/*()*/
    0xf1a6,	/*()*/
    0xf1a7,	/*()*/
    0xf1a8,	/*()*/
    0xf1a9,	/*()*/
    0xf1aa,	/*()*/
    0xf1ab,	/*()*/
    0xf1ac,	/*()*/
    0xf1ad,	/*()*/
    0xf1ae,	/*()*/
    0xf1b0,	/*()*/
    0xf1b1,	/*()*/
    0xf1b2,	/*()*/
    0xf1b3,	/*()*/
    0xf1b4,	/*()*/
    0xf1b5,	/*()*/
    0xf1b6,	/*()*/
    0xf1b7,	/*()*/
    0xf1b8,	/*()*/
    0xf1b9,	/*()*/
    0xf1ba,	/*()*/
    0xf1bb,	/*()*/
    0xf1bc,	/*()*/
    0xf1bd,	/*()*/
    0xf1be,	/*()*/
    0xf1c0,	/*()*/
    0xf1c1,	/*()*/
    0xf1c2,	/*()*/
    0xf1c3,	/*()*/
    0xf1c4,	/*()*/
    0xf1c5,	/*()*/
    0xf1c6,	/*()*/
    0xf1c7,	/*()*/
    0xf1c8,	/*()*/
    0xf1c9,	/*()*/
    0xf1ca,	/*()*/
    0xf1cb,	/*()*/
    0xf1cc,	/*()*/
    0xf1cd,	/*()*/
    0xf1ce,	/*()*/
    0xf1d0,	/*()*/
    0xf1d1,	/*()*/
    0xf1d2,	/*()*/
    0xf1d3,	/*()*/
    0xf1d4,	/*()*/
    0xf1d5,	/*()*/
    0xf1d6,	/*()*/
    0xf1d7,	/*()*/
    0xf1d8,	/*()*/
    0xf1d9,	/*()*/
    0xf1da,	/*()*/
    0xf1db,	/*()*/
    0xf1dc,	/*()*/
    0xf1dd,	/*()*/
    0xf1de,	/*()*/
    0xf1e0,	/*()*/
    0xf1e1,	/*()*/
    0xf1e2,	/*()*/
    0xf1e3,	/*()*/
    0xf1e4,	/*()*/
    0xf1e5,	/*()*/
    0xf1e6,	/*()*/
    0xf1e7,	/*()*/
    0xf1e8,	/*()*/
    0xf1e9,	/*()*/
    0xf1ea,	/*()*/
    0xf1eb,	/*()*/
    0xf1ec,	/*()*/
    0xf1ed,	/*()*/
    0xf1ee,	/*()*/
    0xf1f0,	/*()*/
    0xf1f1,	/*()*/
    0xf1f2,	/*()*/
    0xf1f3,	/*()*/
    0xf1f4,	/*()*/
    0xf1f5,	/*()*/
    0xf1f6,	/*()*/
    0xf1f7,	/*()*/
    0xf1f8,	/*()*/
    0xf1f9,	/*()*/
    0xf1fa,	/*()*/
    0xf1fb,	/*()*/
    0xf1fc,	/*()*/
    0xf1fd,	/*()*/
    0xf1fe,	/*()*/
    0xf200,	/*()*/
    0xf201,	/*()*/
    0xf202,	/*()*/
    0xf203,	/*()*/
    0xf204,	/*()*/
    0xf205,	/*()*/
    0xf206,	/*()*/
    0xf207,	/*()*/
    0xf208,	/*()*/
    0xf209,	/*()*/
    0xf20a,	/*()*/
    0xf20b,	/*()*/
    0xf20c,	/*()*/
    0xf20d,	/*()*/
    0xf20e,	/*()*/
    0xf210,	/*()*/
    0xf211,	/*()*/
    0xf212,	/*()*/
    0xf213,	/*()*/
    0xf214,	/*()*/
    0xf215,	/*()*/
    0xf216,	/*()*/
    0xf217,	/*()*/
    0xf218,	/*()*/
    0xf219,	/*()*/
    0xf21a,	/*()*/
    0xf21b,	/*()*/
    0xf21c,	/*()*/
    0xf21d,	/*()*/
    0xf21e,	/*()*/
    0xf221,	/*()*/
    0xf222,	/*()*/
    0xf223,	/*()*/
    0xf224,	/*()*/
    0xf225,	/*()*/
    0xf226,	/*()*/
    0xf227,	/*()*/
    0xf228,	/*()*/
    0xf229,	/*()*/
    0xf22a,	/*()*/
    0xf22b,	/*()*/
    0xf22c,	/*()*/
    0xf22d,	/*()*/
    0xf230,	/*()*/
    0xf231,	/*()*/
    0xf232,	/*()*/
    0xf233,	/*()*/
    0xf234,	/*()*/
    0xf235,	/*()*/
    0xf236,	/*()*/
    0xf237,	/*()*/
    0xf238,	/*()*/
    0xf239,	/*()*/
    0xf23a,	/*()*/
    0xf23b,	/*()*/
    0xf23c,	/*()*/
    0xf23d,	/*()*/
    0xf23e,	/*()*/
    0xf240,	/*()*/
    0xf241,	/*()*/
    0xf242,	/*()*/
    0xf243,	/*()*/
    0xf244,	/*()*/
    0xf245,	/*()*/
    0xf246,	/*()*/
    0xf247,	/*()*/
    0xf248,	/*()*/
    0xf249,	/*()*/
    0xf24a,	/*()*/
    0xf24b,	/*()*/
    0xf24c,	/*()*/
    0xf24d,	/*()*/
    0xf24e,	/*()*/
    0xf250,	/*()*/
    0xf251,	/*()*/
    0xf252,	/*()*/
    0xf253,	/*()*/
    0xf254,	/*()*/
    0xf255,	/*()*/
    0xf256,	/*()*/
    0xf257,	/*()*/
    0xf258,	/*()*/
    0xf259,	/*()*/
    0xf25a,	/*()*/
    0xf25b,	/*()*/
    0xf25c,	/*()*/
    0xf25d,	/*()*/
    0xf25e,	/*()*/
    0xf260,	/*()*/
    0xf261,	/*()*/
    0xf262,	/*()*/
    0xf263,	/*()*/
    0xf264,	/*()*/
    0xf265,	/*()*/
    0xf266,	/*()*/
    0xf267,	/*()*/
    0xf268,	/*()*/
    0xf269,	/*()*/
    0xf26a,	/*()*/
    0xf26b,	/*()*/
    0xf26c,	/*()*/
    0xf26d,	/*()*/
    0xf26e,	/*()*/
    0xf270,	/*()*/
    0xf271,	/*()*/
    0xf272,	/*()*/
    0xf273,	/*()*/
    0xf274,	/*()*/
    0xf275,	/*()*/
    0xf276,	/*()*/
    0xf277,	/*()*/
    0xf278,	/*()*/
    0xf279,	/*()*/
    0xf27a,	/*()*/
    0xf27b,	/*()*/
    0xf27c,	/*()*/
    0xf27d,	/*()*/
    0xf27e,	/*()*/
    0xf280,	/*()*/
    0xf281,	/*()*/
    0xf282,	/*()*/
    0xf283,	/*()*/
    0xf284,	/*()*/
    0xf285,	/*()*/
    0xf286,	/*()*/
    0xf287,	/*()*/
    0xf288,	/*()*/
    0xf289,	/*()*/
    0xf28a,	/*()*/
    0xf28b,	/*()*/
    0xf28c,	/*()*/
    0xf28d,	/*()*/
    0xf28e,	/*()*/
    0xf290,	/*()*/
    0xf291,	/*()*/
    0xf292,	/*()*/
    0xf293,	/*()*/
    0xf294,	/*()*/
    0xf295,	/*()*/
    0xf296,	/*()*/
    0xf297,	/*()*/
    0xf298,	/*()*/
    0xf299,	/*()*/
    0xf29a,	/*()*/
    0xf29b,	/*()*/
    0xf29c,	/*()*/
    0xf29d,	/*()*/
    0xf29e,	/*()*/
    0xf2a0,	/*()*/
    0xf2a1,	/*()*/
    0xf2a2,	/*()*/
    0xf2a3,	/*()*/
    0xf2a4,	/*()*/
    0xf2a5,	/*()*/
    0xf2a6,	/*()*/
    0xf2a7,	/*()*/
    0xf2a8,	/*()*/
    0xf2a9,	/*()*/
    0xf2aa,	/*()*/
    0xf2ab,	/*()*/
    0xf2ac,	/*()*/
    0xf2ad,	/*()*/
    0xf2ae,	/*()*/
    0xf2b0,	/*()*/
    0xf2b1,	/*()*/
    0xf2b2,	/*()*/
    0xf2b3,	/*()*/
    0xf2b4,	/*()*/
    0xf2b5,	/*()*/
    0xf2b6,	/*()*/
    0xf2b7,	/*()*/
    0xf2b8,	/*()*/
    0xf2b9,	/*()*/
    0xf2ba,	/*()*/
    0xf2bb,	/*()*/
    0xf2bc,	/*()*/
    0xf2bd,	/*()*/
    0xf2be,	/*()*/
    0xf2c0,	/*()*/
    0xf2c1,	/*()*/
    0xf2c2,	/*()*/
    0xf2c3,	/*()*/
    0xf2c4,	/*()*/
    0xf2c5,	/*()*/
    0xf2c6,	/*()*/
    0xf2c7,	/*()*/
    0xf2c8,	/*()*/
    0xf2c9,	/*()*/
    0xf2ca,	/*()*/
    0xf2cb,	/*()*/
    0xf2cc,	/*()*/
    0xf2cd,	/*()*/
    0xf2ce,	/*()*/
    0xf2d0,	/*()*/
    0xf2d1,	/*()*/
    0xf2d2,	/*()*/
    0xf2d3,	/*()*/
    0xf2d4,	/*()*/
    0xf2d5,	/*()*/
    0xf2d6,	/*()*/
    0xf2d7,	/*()*/
    0xf2d8,	/*()*/
    0xf2d9,	/*()*/
    0xf2da,	/*()*/
    0xf2db,	/*()*/
    0xf2dc,	/*()*/
    0xf2dd,	/*()*/
    0xf2de,	/*()*/
    0xf2e0,	/*()*/
    0x0000,    /*End indicator*/
};


static const lv_font_fmt_txt_cmap_t cmaps[] = {
    {
        .range_start = 0x0020,
        .range_length = 0xf2e0,
        .type = LV_FONT_FMT_TXT_CMAP_SPARSE_TINY,
        .glyph_id_start = 0,
        .unicode_list = unicode_list_1,
        .glyph_id_ofs_list = NULL,
        .list_length = 780,
    }
};


static lv_font_fmt_txt_glyph_cache_t glyph_cache;


static lv_font_fmt_txt_dsc_t font_dsc = {
    .glyph_bitmap = glyph_bitmap,
    .glyph_dsc = glyph_dsc,
    .cmaps = cmaps,
    .cmap_num = 1,
    .bpp = 2,

    .kern_scale = 0,
    .kern_dsc = NULL,
    .kern_classes = 0,

    .cache = &glyph_cache,
};


static int binsearch(const uint16_t *sortedSeq, int seqLength, uint16_t keyData) {
    int low = 0, mid, high = seqLength - 1;
    while (low <= high) {
        mid = (low + high)>>1;//右移1位等于是/2，奇数，无论奇偶，有个值就行
        if (keyData < sortedSeq[mid]) {
            high = mid - 1;//是mid-1，因为mid已经比较过了
        }
        else if (keyData > sortedSeq[mid]) {
            low = mid + 1;
        }
        else {
            return mid;
        }
    }
    return -1;
}


static const uint8_t * __user_font_get_bitmap(const lv_font_t * font, uint32_t unicode_letter) {
    lv_font_fmt_txt_dsc_t * fdsc = (lv_font_fmt_txt_dsc_t *) font->dsc;

    if( unicode_letter<fdsc->cmaps[0].range_start || unicode_letter>fdsc->cmaps[0].range_length ) return false;

    int i;
    if( unicode_letter==fdsc->cache->last_letter ){
        i = fdsc->cache->last_glyph_id;
    }
    else{
        i = binsearch(fdsc->cmaps[0].unicode_list, fdsc->cmaps[0].list_length, unicode_letter);
    }
    if( i != -1 ) {
        const lv_font_fmt_txt_glyph_dsc_t * gdsc = &fdsc->glyph_dsc[i];
        fdsc->cache->last_glyph_id = i;
        fdsc->cache->last_letter = unicode_letter;
        return &fdsc->glyph_bitmap[gdsc->bitmap_index];
    }
    return NULL;
}


static bool __user_font_get_glyph_dsc(const lv_font_t * font, lv_font_glyph_dsc_t * dsc_out, uint32_t unicode_letter, uint32_t unicode_letter_next) {
    lv_font_fmt_txt_dsc_t * fdsc = (lv_font_fmt_txt_dsc_t *) font->dsc;

    if( unicode_letter<fdsc->cmaps[0].range_start || unicode_letter>fdsc->cmaps[0].range_length ) return false;

    int i;
    if( unicode_letter==fdsc->cache->last_letter ){
        i = fdsc->cache->last_glyph_id;
    }
    else{
        i = binsearch(fdsc->cmaps[0].unicode_list, fdsc->cmaps[0].list_length, unicode_letter);
    }
    if( i != -1 ) {
        const lv_font_fmt_txt_glyph_dsc_t * gdsc = &fdsc->glyph_dsc[i];
        fdsc->cache->last_glyph_id = i;
        fdsc->cache->last_letter = unicode_letter;
        dsc_out->adv_w = gdsc->adv_w;
        dsc_out->box_h = gdsc->box_h;
        dsc_out->box_w = gdsc->box_w;
        dsc_out->ofs_x = gdsc->ofs_x;
        dsc_out->ofs_y = gdsc->ofs_y;
        dsc_out->bpp   = fdsc->bpp;
        return true;
    }
    return false;
}


//MiSans Demibold,Regular,18
//字模高度：32
//内部字体
//使用排序和二分查表
const lv_font_t chinese_font = {
    .dsc = &font_dsc,
    .get_glyph_bitmap = __user_font_get_bitmap,
    .get_glyph_dsc = __user_font_get_glyph_dsc,
    .line_height = 32,
    .base_line = 0,
};

