/*
*---------------------------------------------------------------
*                        Lvgl Font Tool                         
*                                                               
* 注:使用unicode编码                                              
* 注:本字体文件由Lvgl Font Tool V0.5测试版 生成                     
* 作者:阿里(qq:617622104)                                         
*---------------------------------------------------------------
*/


#include "lvgl.h"


static const uint8_t glyph_bitmap[] = {
/*   */
0x00,  //.


/* ! */
0x05,  //.+**
0x0f,  //.*@@
0x1e,  //.*@%
0x1e,  //.*@%
0x2d,  //.%@*
0x2d,  //.%@*
0x2c,  //.#@*
0x3c,  //.@@*
0x3c,  //+@@.
0x3c,  //*@@.
0x78,  //*@#.
0x00,  //....
0x00,  //....
0xb4,  //#@%.
0xf8,  //@@%.
0xa0,  //%%+.


/* " */
0x50,0x50,  //**+***
0xb1,0xd0,  //#@**@%
0xf1,0xd0,  //@@.*@*
0xe1,0xc0,  //@#.%@*
0xe2,0xc0,  //@%.%@+


/* # */
0x00,0x07,0x41,0xd0,  //......%@*..%@*.
0x00,0x0b,0x02,0xc0,  //......#@+..#@+.
0x00,0x0e,0x03,0x80,  //.....*@%..*@%..
0x06,0xae,0xab,0xa8,  //..*%%#@#%%#@#%%
0x0b,0xff,0xff,0xf8,  //..#@@@@@@@@@@@%
0x00,0x78,0x1e,0x00,  //..***@%***@%**+
0x00,0x74,0x1d,0x00,  //....%@*..%@*...
0x00,0xb0,0x2c,0x00,  //....#@...#@....
0x15,0xe5,0x79,0x40,  //.**%@#**%@#**+.
0x7f,0xff,0xff,0xc0,  //*@@@@@@@@@@@@+.
0x17,0xd5,0xf5,0x40,  //***@@***@@***..
0x03,0x80,0xe0,0x00,  //..*@%..*@%.....
0x07,0x41,0xd0,0x00,  //..%@*..%@*.....
0x0b,0x02,0xc0,0x00,  //..#@...#@......
0x09,0x02,0x40,0x00,  //.*%%..*%%......


/* $ */
0x00,0x0f,0x00,  //......@@*..
0x00,0x0f,0x00,  //.....+@@+..
0x00,0x1f,0x00,  //....+*@@***
0x06,0xff,0xfc,  //..%#@@@@@@@
0x1f,0xff,0xfc,  //.%@@@@@@@@@
0x3d,0x00,0x00,  //+@@%.......
0x3c,0x00,0x00,  //*@@........
0x7c,0x00,0x00,  //*@@........
0x7d,0x00,0x00,  //*@@**......
0x2f,0xfe,0x40,  //+#@@@@@%%+.
0x06,0xff,0xe0,  //.+%#@@@@@#+
0x00,0x01,0xf4,  //.....+*%@@*
0x00,0x00,0xb8,  //........%@%
0x00,0x00,0xb4,  //........%@*
0x00,0x00,0xf4,  //.......+@@*
0x95,0x56,0xe0,  //%*****%#@#.
0xff,0xff,0x80,  //@@@@@@@@#*.
0xaa,0xf9,0x00,  //%%%%@@%*...
0x00,0xf0,0x00,  //...*@@.....
0x00,0xf0,0x00,  //...*@@.....
0x01,0x90,0x00,  //...*%%.....


/* % */
0x1f,0xf8,0x00,0xe0,  //.*@@@@#....*@#..
0x28,0x2c,0x02,0xc0,  //.##**#@*...#@*..
0x34,0x1c,0x0b,0x80,  //*@*..*@*..%@%...
0x70,0x2c,0x0e,0x00,  //*@*..%@+.*@#....
0x70,0x2c,0x2c,0x00,  //*@*..#@..#@*....
0x79,0x74,0xb4,0x00,  //*@%*%@%.%@%.....
0x2f,0xe1,0xe0,0x00,  //.#@@@#.*@#......
0x00,0x02,0xc1,0xa8,  //..+*+.+#@*.*%%%+
0x00,0x0b,0x4b,0xfe,  //......%@%.%@@@@#
0x00,0x1e,0x0e,0x07,  //.....*@#.+@%..%@
0x00,0x2c,0x1d,0x07,  //....+#@+.*@*..%@
0x00,0xb4,0x1c,0x0b,  //....#@*..*@*..%@
0x01,0xe0,0x1c,0x0a,  //...*@#...*@*..##
0x03,0x80,0x1e,0xad,  //..+@#+...*@#%#@*
0x06,0x40,0x06,0xa0,  //..%%*.....*%%%*.


/* & */
0x00,0xbf,0xf4,0x00,  //...+#@@@@@*....
0x02,0xfa,0xfc,0x00,  //...#@@%%@@@+...
0x07,0xc0,0x3c,0x00,  //..*@@+..*@@*...
0x07,0x80,0x28,0x00,  //..*@%....%%+...
0x07,0xc0,0x00,0x00,  //..*@@+.........
0x03,0xe0,0x00,0x00,  //..+@@#.....**..
0x06,0xf8,0x07,0x80,  //..*#@@#...*@#..
0x2f,0xbe,0x0b,0x40,  //+#@@#@@#..#@*..
0xb8,0x1f,0xae,0x00,  //%@#+.*@@#%@%...
0xf0,0x07,0xfc,0x00,  //@@*...*@@@@+...
0xf0,0x01,0xf8,0x00,  //@@+....*@@#....
0xf0,0x01,0xfe,0x00,  //@@+....%@@@#...
0xf9,0x5b,0xdf,0x80,  //@@#***%@@%@@#..
0xbf,0xff,0x47,0xe0,  //#@@@@@@@*.*@@#.
0x1a,0xa4,0x01,0xa4,  //.*%%%%%*...*%%%


/* ' */
0x50,  //**
0xb0,  //#@
0xf0,  //@@
0xe0,  //@#
0xe0,  //@%


/* ( */
0x00,0xe0,  //...+@#.
0x02,0xd0,  //...#@*.
0x07,0x80,  //..*@#..
0x0b,0x00,  //..#@*..
0x1e,0x00,  //.*@#...
0x2d,0x00,  //.#@*...
0x3c,0x00,  //+@@....
0x78,0x00,  //*@%....
0xb4,0x00,  //%@*....
0xb4,0x00,  //%@*....
0xb0,0x00,  //%@*....
0xb0,0x00,  //#@*....
0xb0,0x00,  //%@*....
0xb4,0x00,  //%@*....
0x78,0x00,  //*@%....
0x38,0x00,  //*@#....
0x2c,0x00,  //.#@*...
0x1d,0x00,  //.%@%...
0x0f,0x00,  //.+@@...


/* ) */
0x03,0x80,  //..*@#.
0x02,0xd0,  //...#@*
0x01,0xe0,  //...%@%
0x00,0xf0,  //...*@@
0x00,0xf0,  //....@@
0x00,0xb0,  //....#@
0x00,0xb0,  //....%@
0x00,0xb0,  //....%@
0x00,0xb0,  //....%@
0x00,0xb0,  //....#@
0x00,0xf0,  //....@@
0x00,0xe0,  //...*@#
0x01,0xd0,  //...%@%
0x02,0xc0,  //...#@*
0x07,0x80,  //..*@#.
0x0b,0x40,  //..#@*.
0x1e,0x00,  //.*@#..
0x2c,0x00,  //+#@+..
0xb4,0x00,  //%@*...


/* * */
0x00,0xd0,  //...*@*..
0x10,0xc1,  //.*.*@*.*
0x39,0xdb,  //*@#*@*#@
0x07,0xe4,  //.*%@@#*+
0x1b,0xe4,  //.*#@@#*.
0xb5,0x9e,  //%@%%%*@#
0x02,0x80,  //**.%%.**
0x03,0x80,  //...@%...


/* + */
0x00,0xb8,0x00,  //....%@%...
0x00,0xb4,0x00,  //....%@%...
0x00,0xb4,0x00,  //....#@*...
0x00,0xf4,0x00,  //....@@*...
0xff,0xff,0xf0,  //@@@@@@@@@@
0xff,0xff,0xf0,  //@@@@@@@@@@
0x01,0xf0,0x00,  //***%@@****
0x01,0xe0,0x00,  //...*@#....
0x02,0xe0,0x00,  //...%@%....
0x02,0xd0,0x00,  //...%@%....
0x02,0x90,0x00,  //...%%*....


/* , */
0x28,  //.%%
0x38,  //*@#
0x74,  //%@%
0xb0,  //#@+
0xe0,  //@#.


/* - */
0xbf,0xff,0x80,  //%@@@@@@@#
0xbf,0xff,0x80,  //%@@@@@@@%


/* . */
0xb4,  //#@*
0xf4,  //@@*
0xa0,  //%%.


/* / */
0x00,0x0b,0x40,  //......%@*
0x00,0x0e,0x00,  //.....*@#.
0x00,0x2d,0x00,  //.....%@*.
0x00,0x38,0x00,  //....+@#..
0x00,0x74,0x00,  //....%@%..
0x00,0xf0,0x00,  //...+@@+..
0x01,0xd0,0x00,  //...*@%...
0x02,0xc0,0x00,  //...#@*...
0x07,0x80,0x00,  //..*@%....
0x0b,0x00,0x00,  //..#@*....
0x1e,0x00,0x00,  //.*@#.....
0x2d,0x00,0x00,  //.#@*.....
0x38,0x00,0x00,  //*@#......
0xb4,0x00,0x00,  //%@*......
0xa0,0x00,0x00,  //%%.......


/* 0 */
0x02,0xff,0xe0,  //...%@@@@@#+.
0x0b,0xea,0xf8,  //..#@@#%#@@#.
0x1e,0x00,0x7d,  //.%@#+...*@@*
0x2d,0x00,0x2d,  //.#@*.....#@*
0x3c,0x00,0x2d,  //*@@+.....%@*
0x7c,0x00,0x2d,  //*@@......#@*
0x78,0x00,0x3c,  //*@%......@@*
0xb8,0x00,0x3c,  //%@%.....+@@*
0xb4,0x00,0x3c,  //%@*.....*@@.
0xb4,0x00,0x7c,  //#@*.....*@@.
0xf4,0x00,0x78,  //@@*.....%@%.
0xb8,0x00,0xf4,  //#@%....+@@*.
0x7d,0x56,0xe0,  //%@@%**%#@#..
0x2f,0xff,0x80,  //+#@@@@@@#+..
0x06,0xa9,0x00,  //..*%%%%*....


/* 1 */
0x01,0xf8,  //..+%@@%
0x1f,0xf4,  //.%@@@@*
0x3d,0xf4,  //*@@%@@*
0x50,0xf0,  //*%+.@@*
0x00,0xf0,  //...+@@*
0x00,0xf0,  //...*@@.
0x01,0xf0,  //...*@@.
0x01,0xe0,  //...*@%.
0x02,0xe0,  //...%@%.
0x02,0xd0,  //...%@*.
0x02,0xd0,  //...#@*.
0x03,0xc0,  //...@@*.
0x03,0xc0,  //..+@@*.
0x03,0xc0,  //..*@@..
0x02,0x80,  //..*%%..


/* 2 */
0x0b,0xff,0x80,  //..%@@@@@#+.
0x0b,0xff,0xe0,  //..#@@@@@@#.
0x00,0x01,0xf4,  //..+....*@@*
0x00,0x00,0xb4,  //........#@*
0x00,0x00,0xb4,  //........#@*
0x00,0x01,0xf0,  //.......*@@+
0x00,0x07,0xd0,  //.....+%@@%.
0x00,0x7f,0x40,  //...+%@@@*..
0x02,0xf4,0x00,  //..*#@@%+...
0x0f,0x80,0x00,  //.*@@%+.....
0x2d,0x00,0x00,  //.#@%.......
0x3c,0x00,0x00,  //*@@........
0x79,0x55,0x40,  //*@#******+.
0xbf,0xff,0xc0,  //%@@@@@@@@*.
0x6a,0xaa,0x80,  //%%%%%%%%%+.


/* 3 */
0x1f,0xff,0x80,  //.*@@@@@@%.
0x1f,0xff,0xe0,  //.*@@@@@@@%
0x00,0x02,0xf0,  //.......%@@
0x00,0x00,0xf0,  //.......*@@
0x00,0x01,0xe0,  //.......*@#
0x00,0x02,0xd0,  //......*#@%
0x07,0xff,0x40,  //..%@@@@@%.
0x0b,0xff,0x80,  //..%@@@@@%.
0x00,0x07,0xd0,  //..+****@@*
0x00,0x02,0xe0,  //.......%@%
0x00,0x02,0xe0,  //.......%@%
0x00,0x02,0xd0,  //.......#@*
0x55,0x5b,0xc0,  //*%***%#@@+
0xbf,0xfe,0x40,  //%@@@@@@#*.
0x5a,0x94,0x00,  //*%%%%%*...


/* 4 */
0x03,0xc0,0xf0,  //...@@*.*@@+
0x07,0x81,0xf0,  //..*@#..*@@.
0x0b,0x41,0xe0,  //..%@%..*@#.
0x0f,0x01,0xe0,  //.+@@*..%@%.
0x1e,0x02,0xd0,  //.*@#...%@%.
0x2d,0x02,0xd0,  //.#@%...#@*.
0x3c,0x03,0xd0,  //+@@*...@@*.
0x7c,0x03,0xc0,  //*@@....@@*.
0xb8,0x07,0xd0,  //#@#****@@*+
0xff,0xff,0xf8,  //@@@@@@@@@@%
0xff,0xff,0xf8,  //@@@@@@@@@@%
0x00,0x07,0x80,  //......*@%..
0x00,0x0b,0x80,  //......%@%..
0x00,0x0b,0x40,  //......#@*..
0x00,0x0a,0x40,  //......%%*..


/* 5 */
0x2f,0xff,0xc0,  //.%@@@@@@@
0x2f,0xff,0xc0,  //.%@@@@@@@
0x3d,0x00,0x00,  //.@@*.....
0x3c,0x00,0x00,  //.@@*.....
0x3c,0x00,0x00,  //*@@*.....
0x3d,0x50,0x00,  //*@@****..
0x7f,0xfe,0x00,  //*@@@@@@#+
0x6a,0xaf,0x80,  //*%%%%#@@#
0x00,0x07,0xc0,  //......*@@
0x00,0x03,0xc0,  //......*@@
0x00,0x07,0xc0,  //......*@@
0x00,0x0b,0x80,  //......%@#
0x95,0x6f,0x40,  //%****#@@*
0xff,0xfd,0x00,  //@@@@@@@%.
0x6a,0x90,0x00,  //*%%%%*+..


/* 6 */
0x00,0xbf,0xf0,  //...*%@@@@@
0x07,0xfa,0xa0,  //..*@@@#%%%
0x0f,0x80,0x00,  //.+@@%+....
0x2e,0x00,0x00,  //.%@%......
0x3c,0x00,0x00,  //.@@+......
0x3d,0x55,0x00,  //*@@******.
0x7f,0xff,0xd0,  //*@@@@@@@@%
0x7e,0x56,0xf0,  //*@@%***#@@
0xb8,0x00,0xf0,  //%@%....+@@
0xb4,0x00,0xf0,  //%@*.....@@
0xb0,0x00,0xf0,  //%@*....+@@
0xb4,0x01,0xe0,  //%@*....*@#
0x79,0x57,0xd0,  //%@#%**%@@%
0x2f,0xff,0x80,  //+#@@@@@@#.
0x06,0xa9,0x00,  //.+%%%%%*..


/* 7 */
0xff,0xff,0xd0,  //@@@@@@@@@*
0xff,0xff,0xd0,  //@@@@@@@@@*
0x00,0x0b,0x80,  //......%@#.
0x00,0x0f,0x40,  //.....*@@*.
0x00,0x2e,0x00,  //.....#@#..
0x00,0x7c,0x00,  //....*@@*..
0x00,0xb8,0x00,  //....#@%...
0x01,0xf0,0x00,  //...*@@*...
0x02,0xd0,0x00,  //...#@%....
0x07,0xc0,0x00,  //..*@@+....
0x0b,0x40,0x00,  //..#@%.....
0x1e,0x00,0x00,  //.%@#+.....
0x3d,0x00,0x00,  //+@@*......
0x78,0x00,0x00,  //%@#.......
0xa4,0x00,0x00,  //%%*.......


/* 8 */
0x02,0xff,0xe0,  //..+%@@@@@#*
0x0b,0xea,0xf8,  //.+#@@%%%@@#
0x1e,0x00,0x3c,  //.%@#+...*@@
0x2d,0x00,0x3c,  //.#@*.....@@
0x3d,0x00,0x3c,  //.@@*....+@@
0x2e,0x00,0xb8,  //.%@#...+%@#
0x0b,0xff,0xe0,  //.+#@@@@@@%.
0x1f,0xff,0xe0,  //.%@@@@@@@#+
0x78,0x00,0xb8,  //*@#*...+#@%
0xb4,0x00,0x7c,  //#@*.....*@@
0xf0,0x00,0x7c,  //@@+.....*@@
0xf0,0x00,0xb8,  //@@*.....%@#
0xf9,0x56,0xf4,  //@@#****%@@*
0x7f,0xff,0xd0,  //%@@@@@@@@%.
0x06,0xa9,0x00,  //.*%%%%%%+..


/* 9 */
0x0b,0xff,0x80,  //.+%@@@@@#+
0x2f,0xab,0xe0,  //.#@@#%#@@#
0x3c,0x00,0xf0,  //*@@*...+@@
0x78,0x00,0xb0,  //*@%.....%@
0xb4,0x00,0xb0,  //%@*.....#@
0xb4,0x00,0xf0,  //%@*.....@@
0xb8,0x02,0xf0,  //%@#*..+%@@
0x3f,0xff,0xf0,  //*@@@@@@@@@
0x1b,0xfa,0xe0,  //.*#@@@##@#
0x00,0x01,0xd0,  //.......%@%
0x00,0x02,0xd0,  //.......#@*
0x00,0x07,0x80,  //......%@#.
0x15,0x6f,0x00,  //+***%#@@+.
0x7f,0xf8,0x00,  //*@@@@@#*..
0x6a,0x40,0x00,  //*%%%%*....


/* : */
0x14,  //.**+
0x3d,  //*@@*
0x3d,  //*@@*
0x00,  //.**.
0x00,  //....
0x00,  //....
0x00,  //....
0x00,  //....
0x00,  //....
0xb4,  //#@*.
0xf4,  //@@*.
0xa0,  //%%..


/* ; */
0x05,  //.+**
0x2f,  //.%@@
0x2e,  //.%@#
0x00,  //.+*+
0x00,  //....
0x00,  //....
0x00,  //....
0x00,  //....
0x00,  //....
0x28,  //.%%+
0x38,  //*@#.
0x74,  //%@%.
0xb0,  //#@+.
0xe0,  //@#..


/* < */
0x00,0x00,0x08,  //.........*%
0x00,0x01,0xbc,  //......+%#@@
0x00,0x6f,0xe4,  //....*%@@@#*
0x06,0xfe,0x40,  //.+%#@@@%*..
0xbf,0x90,0x00,  //#@@@#*+....
0xf8,0x00,0x00,  //@@#*.......
0xfe,0x40,0x00,  //@@@#%+.....
0x1b,0xf9,0x00,  //+%#@@@%*...
0x01,0xbf,0x90,  //...*#@@@#*.
0x00,0x0b,0xf0,  //.....*%@@@.
0x00,0x00,0x60,  //.......+%%.


/* = */
0x2f,0xff,0xfe,  //.#@@@@@@@@@#
0x3f,0xff,0xfe,  //.@@@@@@@@@@%
0x00,0x00,0x00,  //.**********+
0x00,0x00,0x00,  //............
0x00,0x00,0x00,  //+**********.
0x7f,0xff,0xfc,  //*@@@@@@@@@@*
0x7f,0xff,0xfc,  //%@@@@@@@@@@+


/* > */
0x14,0x00,0x00,  //.%*.........
0x2f,0x40,0x00,  //.%@@%+......
0x1b,0xf9,0x00,  //.*#@@@%*....
0x01,0xbf,0x90,  //...*#@@@#*..
0x00,0x0b,0xfd,  //.....*%@@@@*
0x00,0x00,0xbd,  //.......+#@@*
0x00,0x06,0xfc,  //.....+%#@@@*
0x01,0xbf,0x90,  //...*#@@@#*+.
0x1f,0xf4,0x00,  //*%@@@@%*....
0xbe,0x40,0x00,  //%@@#*.......
0x90,0x00,0x00,  //%%+.........


/* ? */
0xbf,0xf9,  //%@@@@@#*
0xba,0xbf,  //#@#%#@@@
0x00,0x0f,  //.....+@@
0x00,0x0f,  //......@@
0x00,0x1f,  //.....*@@
0x00,0x7d,  //...+%@@%
0x07,0xe4,  //..*@@#*.
0x0b,0x40,  //..#@%...
0x0e,0x00,  //.*@#....
0x1e,0x00,  //.*@%....
0x00,0x00,  //........
0x00,0x00,  //........
0x2d,0x00,  //.#@%....
0x3e,0x00,  //+@@%....
0x28,0x00,  //.%%+....


/* @ */
0x02,0xff,0xfe,0x40,  //..*#@@@@@@@#*.
0x0f,0x95,0x5b,0xd0,  //.*@@#*****%@@*
0x2d,0x00,0x01,0xe0,  //.#@*.......*@%
0x38,0x00,0x00,0xf0,  //+@#...****+*@@
0x74,0x6f,0xf4,0xe0,  //*@%.*#@@@@**@#
0x74,0xe5,0xb0,0xe0,  //%@*+@#**%@**@%
0xb1,0xd0,0xb1,0xd0,  //%@**@*..%@+*@%
0xb1,0xc0,0xb1,0xd0,  //#@*%@*..%@.*@*
0xf2,0xc0,0xb2,0xd0,  //@@.%@...#@.%@*
0xf2,0xc0,0xe2,0xc0,  //@@.%@+.*@#.#@+
0xe1,0xeb,0xfb,0x80,  //@%.%@##@@@%@%.
0xe0,0x69,0x7e,0x00,  //@%..%%%**@@%+.
0xe0,0x00,0x00,0x00,  //@#............
0xb8,0x00,0x00,0x00,  //#@%+..........
0x2f,0xff,0xfc,0x00,  //*#@@@@@@@@@...
0x06,0xaa,0xa4,0x00,  //.+*%%%%%%%%...


/* A */
0x00,0x1f,0xfc,0x00,  //.....%@@@@@+..
0x00,0x2f,0xfc,0x00,  //.....#@@@@@*..
0x00,0x7c,0x2d,0x00,  //....*@@..#@*..
0x00,0xb4,0x2e,0x00,  //....#@%..%@%..
0x00,0xf0,0x1e,0x00,  //...*@@*..*@#..
0x01,0xe0,0x1f,0x00,  //...%@#...*@@..
0x03,0xd0,0x0f,0x00,  //...@@*...*@@+.
0x07,0xc0,0x0f,0x00,  //..*@@.....@@*.
0x0b,0xaa,0xaf,0x40,  //..#@#%%%%%@@*.
0x0f,0xff,0xff,0x80,  //.*@@@@@@@@@@%.
0x2e,0x55,0x5b,0x80,  //.%@#******%@#.
0x3d,0x00,0x07,0xc0,  //+@@*......*@@.
0x7c,0x00,0x03,0xc0,  //*@@.......*@@+
0xb4,0x00,0x03,0xc0,  //#@%.......+@@*
0xa0,0x00,0x02,0x90,  //%%*........%%*


/* B */
0x1f,0xff,0xf4,  //.*@@@@@@@@*.
0x1e,0xaa,0xfd,  //.%@#%%%%@@@*
0x2d,0x00,0x2e,  //.%@%.....#@%
0x2d,0x00,0x2e,  //.#@*.....%@%
0x3d,0x00,0x2d,  //.@@*.....#@*
0x3c,0x00,0x7c,  //+@@*....*@@+
0x3f,0xff,0xf4,  //*@@@@@@@@@*.
0x3f,0xff,0xf8,  //*@@@@@@@@@#+
0x78,0x00,0x6d,  //*@#....+*#@%
0x78,0x00,0x1e,  //%@%......%@%
0xb4,0x00,0x2e,  //%@%......%@%
0xb4,0x00,0x2d,  //#@*......#@*
0xf9,0x55,0xbc,  //@@%*****#@@+
0xff,0xff,0xe4,  //@@@@@@@@@#*.
0xaa,0xaa,0x40,  //%%%%%%%%*...


/* C */
0x01,0xbf,0xfd,  //...*#@@@@@@*
0x0b,0xff,0xfd,  //..#@@@@@@@@*
0x1f,0x40,0x00,  //.*@@*.......
0x2d,0x00,0x00,  //.#@*........
0x3c,0x00,0x00,  //*@@+........
0x78,0x00,0x00,  //*@#.........
0x78,0x00,0x00,  //*@%.........
0xb8,0x00,0x00,  //%@%.........
0xb4,0x00,0x00,  //%@*.........
0xb4,0x00,0x00,  //#@*.........
0xf4,0x00,0x00,  //@@*.........
0xb8,0x00,0x00,  //%@#.........
0x7e,0x55,0x50,  //*@@%******+.
0x2f,0xff,0xf0,  //.#@@@@@@@@*.
0x05,0xaa,0xa0,  //..*%%%%%%%+.


/* D */
0x1f,0xff,0xf8,0x00,  //.*@@@@@@@@#*.
0x1f,0xff,0xff,0x00,  //.%@@@@@@@@@@*
0x2d,0x00,0x0b,0x80,  //.%@%.....*#@%
0x2d,0x00,0x07,0x80,  //.#@*......%@#
0x3d,0x00,0x07,0xc0,  //.@@*......*@@
0x3c,0x00,0x07,0x80,  //+@@*......*@#
0x3c,0x00,0x07,0x80,  //*@@+......%@%
0x3c,0x00,0x0b,0x40,  //*@@.......%@%
0x78,0x00,0x0b,0x40,  //*@#.......#@*
0x78,0x00,0x0f,0x00,  //%@%.......@@*
0xb4,0x00,0x1f,0x00,  //%@%......*@@+
0xb4,0x00,0x2e,0x00,  //#@*......#@%.
0xf9,0x55,0xb8,0x00,  //@@%****%#@#+.
0xff,0xff,0xe0,0x00,  //@@@@@@@@@#*..
0xaa,0xa9,0x40,0x00,  //%%%%%%%%*....


/* E */
0x1f,0xff,0xfc,  //.*@@@@@@@@@
0x1e,0xaa,0xa8,  //.%@#%%%%%%%
0x2d,0x00,0x00,  //.%@%.......
0x2d,0x00,0x00,  //.#@*.......
0x3d,0x00,0x00,  //.@@*.......
0x3c,0x00,0x00,  //+@@*.......
0x3f,0xff,0xd0,  //*@@@@@@@@*.
0x3f,0xff,0xd0,  //*@@@@@@@@*.
0x78,0x00,0x00,  //*@#******..
0x78,0x00,0x00,  //%@%........
0xb4,0x00,0x00,  //%@%........
0xb4,0x00,0x00,  //#@*........
0xf9,0x55,0x50,  //@@%*******.
0xff,0xff,0xe0,  //@@@@@@@@@%.
0xaa,0xaa,0x90,  //%%%%%%%%%%.


/* F */
0x1f,0xff,0xfc,  //.*@@@@@@@@@
0x1f,0xff,0xfc,  //.%@@@@@@@@@
0x2d,0x00,0x00,  //.%@%.......
0x2d,0x00,0x00,  //.#@*.......
0x3d,0x00,0x00,  //.@@*.......
0x3c,0x00,0x00,  //+@@*.......
0x3e,0xaa,0xa0,  //*@@#%%%%%%.
0x3f,0xff,0xe0,  //*@@@@@@@@%.
0x79,0x55,0x50,  //*@#*******.
0x78,0x00,0x00,  //%@%........
0xb4,0x00,0x00,  //%@%........
0xb4,0x00,0x00,  //#@*........
0xf4,0x00,0x00,  //@@*........
0xf0,0x00,0x00,  //@@*........
0xa0,0x00,0x00,  //%%+........


/* G */
0x01,0xbf,0xff,0x40,  //...*#@@@@@@@%
0x0b,0xff,0xff,0x40,  //..#@@@@@@@@@*
0x1f,0x40,0x00,0x00,  //.*@@*+.......
0x2d,0x00,0x00,0x00,  //.#@%.........
0x3c,0x00,0x00,0x00,  //*@@+.........
0x78,0x00,0x00,0x00,  //*@#..........
0x78,0x06,0xaa,0x00,  //*@%...%%%%%%+
0xb8,0x0b,0xff,0x00,  //%@%...%@@@@@+
0xb4,0x05,0x6f,0x00,  //%@*...***%@@.
0xb4,0x00,0x1e,0x00,  //#@*......*@#.
0xf4,0x00,0x1e,0x00,  //@@*......%@%.
0xb8,0x00,0x2e,0x00,  //%@#......%@%.
0x7e,0x55,0x6d,0x00,  //*@@#*****#@*.
0x2f,0xff,0xfd,0x00,  //.%@@@@@@@@@*.
0x01,0xaa,0xa4,0x00,  //..*%%%%%%%*+.


/* H */
0x1e,0x00,0x02,0xd0,  //.*@#.......#@*
0x1e,0x00,0x03,0xc0,  //.%@%.......@@*
0x2d,0x00,0x03,0xc0,  //.%@%......+@@*
0x2d,0x00,0x03,0xc0,  //.#@*......*@@.
0x3d,0x00,0x07,0xc0,  //.@@*......*@@.
0x3c,0x00,0x07,0x80,  //+@@*......*@#.
0x3f,0xff,0xff,0x80,  //*@@@@@@@@@@@%.
0x3f,0xff,0xff,0x40,  //*@@@@@@@@@@@%.
0x78,0x00,0x0b,0x40,  //*@#*******#@*.
0x78,0x00,0x0f,0x00,  //%@%.......@@*.
0xb4,0x00,0x0f,0x00,  //%@%......+@@*.
0xb4,0x00,0x0f,0x00,  //#@*......*@@+.
0xf4,0x00,0x1f,0x00,  //@@*......*@@..
0xf0,0x00,0x1e,0x00,  //@@*......*@#..
0xa0,0x00,0x19,0x00,  //%%+......*%%..


/* I */
0x1e,  //.*@#
0x1e,  //.%@%
0x2d,  //.%@%
0x2d,  //.#@*
0x3d,  //.@@*
0x3c,  //+@@*
0x3c,  //*@@+
0x3c,  //*@@.
0x78,  //*@#.
0x78,  //%@%.
0xb4,  //%@%.
0xb4,  //#@*.
0xf4,  //@@*.
0xf0,  //@@*.
0xa0,  //%%+.


/* J */
0x00,0x03,0xc0,  //......+@@
0x00,0x03,0xc0,  //......*@@
0x00,0x07,0xc0,  //......*@@
0x00,0x07,0x80,  //......*@#
0x00,0x07,0x80,  //......%@%
0x00,0x0b,0x40,  //......%@%
0x00,0x0b,0x40,  //......#@*
0x00,0x0f,0x40,  //......@@*
0x00,0x0f,0x00,  //.....+@@*
0x00,0x0f,0x00,  //.....*@@+
0x00,0x1e,0x00,  //.....*@#.
0x00,0x2e,0x00,  //.....#@%.
0x15,0xbc,0x00,  //***%#@@*.
0xbf,0xf4,0x00,  //%@@@@@*..
0x6a,0x40,0x00,  //%%%%*+...


/* K */
0x1e,0x00,0x2f,0x40,  //.*@#.....#@@*
0x1e,0x00,0xb8,0x00,  //.%@%...+#@#+.
0x2d,0x02,0xe0,0x00,  //.%@%..+#@#+..
0x2d,0x0b,0x80,0x00,  //.#@*.+#@#+...
0x3d,0x2e,0x00,0x00,  //.@@*+#@#+....
0x3d,0xb8,0x00,0x00,  //+@@*#@#......
0x3f,0xe0,0x00,0x00,  //*@@@@#.......
0x3f,0xd0,0x00,0x00,  //*@@@@%.......
0x79,0xf4,0x00,0x00,  //*@#%@@*......
0x78,0xbd,0x00,0x00,  //%@%.%@@*.....
0xb4,0x2f,0x00,0x00,  //%@%..#@@+....
0xb4,0x0b,0x80,0x00,  //#@*..+#@#+...
0xf4,0x03,0xe0,0x00,  //@@*...*@@#...
0xf0,0x01,0xf8,0x00,  //@@*....*@@#..
0xa0,0x00,0x69,0x00,  //%%+.....*%%*.


/* L */
0x1e,0x00,0x00,  //.*@#......
0x1e,0x00,0x00,  //.%@%......
0x2d,0x00,0x00,  //.%@%......
0x2d,0x00,0x00,  //.#@*......
0x3d,0x00,0x00,  //.@@*......
0x3c,0x00,0x00,  //+@@*......
0x3c,0x00,0x00,  //*@@+......
0x3c,0x00,0x00,  //*@@.......
0x78,0x00,0x00,  //*@#.......
0x78,0x00,0x00,  //%@%.......
0xb4,0x00,0x00,  //%@%.......
0xb4,0x00,0x00,  //#@*.......
0xf9,0x55,0x50,  //@@%*******
0xff,0xff,0xf0,  //@@@@@@@@@@
0xaa,0xaa,0xa0,  //%%%%%%%%%%


/* M */
0x1f,0x40,0x00,0x1f,0x40,  //.*@@*........*@@*
0x1f,0x80,0x00,0x2f,0x00,  //.%@@%........#@@*
0x2f,0x80,0x00,0x7f,0x00,  //.%@@#.......*@@@*
0x2f,0xc0,0x00,0xbf,0x00,  //.#@@@+......#@@@.
0x3e,0xd0,0x01,0xef,0x00,  //.@@#@*.....*@#@@.
0x3d,0xe0,0x03,0xde,0x00,  //+@@*@%....+@@*@%.
0x3c,0xf0,0x07,0x5e,0x00,  //*@@+@@....%@%*@%.
0x38,0xb0,0x0e,0x1d,0x00,  //*@%.#@*..+@#+%@*.
0x78,0x74,0x1d,0x2d,0x00,  //*@%.%@%..%@*.%@*.
0x74,0x38,0x38,0x2c,0x00,  //%@*.*@#.+@#..#@*.
0xb4,0x3c,0x74,0x3c,0x00,  //%@*..@@+%@*..@@*.
0xb0,0x2d,0xe0,0x3c,0x00,  //#@*..%@*@#...@@..
0xf0,0x1f,0xd0,0x3c,0x00,  //@@*..*@@@*..*@@..
0xf0,0x0f,0x80,0x38,0x00,  //@@...+@@#...*@#..
0xa0,0x0a,0x00,0x64,0x00,  //%%....%%*...*%%..


/* N */
0x1f,0x00,0x02,0xd0,  //.*@@*......%@*
0x1f,0x80,0x02,0xd0,  //.%@@#......#@*
0x2f,0xd0,0x03,0xc0,  //.%@@@*.....@@*
0x2e,0xe0,0x03,0xc0,  //.#@#@#.....@@*
0x3d,0xb4,0x03,0xc0,  //.@@*#@*...*@@.
0x3c,0x78,0x03,0xc0,  //+@@+*@#...*@@.
0x3c,0x2d,0x07,0x80,  //*@@..#@%..*@%.
0x38,0x1f,0x07,0x80,  //*@#..*@@+.%@%.
0x78,0x0b,0x4b,0x40,  //*@%...#@%.%@*.
0x78,0x03,0xcb,0x40,  //%@%...*@@*%@*.
0xb4,0x02,0xef,0x00,  //%@*....%@%@@*.
0xb4,0x00,0xff,0x00,  //#@*....*@@@@*.
0xf0,0x00,0xbf,0x00,  //@@*.....%@@@..
0xf0,0x00,0x3f,0x00,  //@@+.....+@@@..
0xa0,0x00,0x19,0x00,  //%%.......*%%..


/* O */
0x01,0xff,0xfe,0x00,  //...%@@@@@@@#+.
0x0b,0xfa,0xaf,0x80,  //..#@@@%%%#@@#.
0x1f,0x40,0x07,0xd0,  //.*@@*.....*@@*
0x2d,0x00,0x02,0xe0,  //.#@*.......#@%
0x3c,0x00,0x02,0xe0,  //*@@+.......%@%
0x78,0x00,0x02,0xd0,  //*@#........%@%
0x78,0x00,0x02,0xd0,  //%@%........#@*
0xb8,0x00,0x03,0xd0,  //%@%........@@*
0xb4,0x00,0x03,0xc0,  //%@*........@@*
0xb4,0x00,0x03,0xc0,  //#@*.......*@@+
0xf4,0x00,0x07,0x80,  //@@*.......%@#.
0xb8,0x00,0x0f,0x40,  //%@#......+@@*.
0x7e,0x55,0x7e,0x00,  //*@@#****%@@#..
0x2f,0xff,0xf8,0x00,  //.#@@@@@@@@#+..
0x05,0xaa,0x50,0x00,  //..*%%%%%%*....


/* P */
0x1f,0xff,0xf8,  //.*@@@@@@@@%+
0x1f,0xff,0xfe,  //.%@@@@@@@@@#
0x2d,0x00,0x1f,  //.%@%.....*@@
0x2d,0x00,0x0f,  //.#@*......@@
0x3d,0x00,0x0f,  //.@@*......@@
0x3c,0x00,0x0f,  //+@@*.....+@@
0x3c,0x00,0x1e,  //*@@+.....*@#
0x3c,0x01,0x7d,  //*@@*****%@@*
0x7f,0xff,0xf4,  //*@@@@@@@@@%.
0x7a,0xaa,0x40,  //%@#%%%%%%*..
0xb4,0x00,0x00,  //%@%.........
0xb4,0x00,0x00,  //#@*.........
0xf4,0x00,0x00,  //@@*.........
0xf0,0x00,0x00,  //@@*.........
0xa0,0x00,0x00,  //%%+.........


/* Q */
0x01,0xff,0xfe,0x00,  //...%@@@@@@@#+.
0x0b,0xfa,0xaf,0x80,  //..#@@@%%%#@@#.
0x1f,0x40,0x07,0xd0,  //.*@@*.....*@@*
0x2d,0x00,0x02,0xe0,  //.#@*.......#@%
0x3c,0x00,0x02,0xe0,  //*@@+.......%@%
0x78,0x00,0x02,0xd0,  //*@#........%@%
0x78,0x00,0x02,0xd0,  //%@%........#@*
0xb8,0x00,0x03,0xd0,  //%@%........@@*
0xb4,0x00,0x03,0xc0,  //%@*........@@*
0xb4,0x00,0x03,0xc0,  //#@*.......*@@+
0xf4,0x00,0x07,0x80,  //@@*.......%@#.
0xb8,0x00,0x0b,0x40,  //%@#......+#@*.
0x7e,0x55,0x7e,0x00,  //*@@%****%@@#..
0x2f,0xff,0xfd,0x00,  //.#@@@@@@@@@*..
0x05,0xaa,0x7e,0x00,  //..*%%%%%%@@#..
0x00,0x00,0x1f,0x80,  //.........*@@#.
0x00,0x00,0x0b,0xc0,  //..........%@@*
0x00,0x00,0x02,0x00,  //...........#*.


/* R */
0x1f,0xff,0xf8,  //.*@@@@@@@@%+
0x1e,0xaa,0xbe,  //.%@#%%%%#@@#
0x2d,0x00,0x1f,  //.%@%.....*@@
0x2d,0x00,0x0f,  //.#@*......@@
0x3d,0x00,0x0f,  //.@@*.....+@@
0x3c,0x00,0x1f,  //+@@*.....*@@
0x3d,0x00,0x6d,  //*@@******#@%
0x3f,0xff,0xf8,  //*@@@@@@@@@#.
0x7f,0xff,0x90,  //*@@@@@@@#*..
0x78,0x0b,0x40,  //%@%..+#@%...
0xb4,0x07,0xc0,  //%@%...*@@*..
0xb4,0x02,0xe0,  //#@*....%@#..
0xf4,0x00,0xb8,  //@@*....+#@%.
0xf0,0x00,0x7d,  //@@*.....*@@*
0xa0,0x00,0x1a,  //%%+......%%%


/* S */
0x02,0xff,0xfd,  //...%@@@@@@@*
0x0b,0xff,0xfc,  //..#@@@@@@@@*
0x0f,0x40,0x00,  //.*@@*.......
0x1e,0x00,0x00,  //.%@#........
0x2e,0x00,0x00,  //.%@%........
0x2e,0x40,0x00,  //.%@#*+......
0x0f,0xfe,0x40,  //.*@@@@@%%+..
0x02,0xff,0xe0,  //..*%@@@@@#*.
0x00,0x01,0xf8,  //.....+*%@@%.
0x00,0x00,0x78,  //........%@%.
0x00,0x00,0x78,  //........%@%.
0x00,0x00,0xb4,  //........#@*.
0x55,0x56,0xf0,  //%******#@@+.
0xbf,0xff,0xd0,  //%@@@@@@@@*..
0x6a,0xa9,0x00,  //*%%%%%%*+...


/* T */
0x7f,0xff,0xff,  //*@@@@@@@@@@@
0xbf,0xff,0xff,  //%@@@@@@@@@@@
0x00,0x3c,0x00,  //....+@@*....
0x00,0x3c,0x00,  //....*@@.....
0x00,0x7c,0x00,  //....*@@.....
0x00,0x78,0x00,  //....*@#.....
0x00,0x78,0x00,  //....%@%.....
0x00,0xb4,0x00,  //....%@%.....
0x00,0xb4,0x00,  //....#@*.....
0x00,0xf4,0x00,  //....@@*.....
0x00,0xf0,0x00,  //....@@*.....
0x00,0xf0,0x00,  //...*@@+.....
0x00,0xf0,0x00,  //...*@@......
0x01,0xe0,0x00,  //...*@#......
0x01,0x90,0x00,  //...*%%......


/* U */
0x1e,0x00,0x01,0xe0,  //.%@%.......%@%
0x2d,0x00,0x02,0xe0,  //.%@%.......%@%
0x2d,0x00,0x02,0xd0,  //.#@*.......#@*
0x3d,0x00,0x03,0xd0,  //.@@*.......@@*
0x3c,0x00,0x03,0xc0,  //+@@*.......@@*
0x3c,0x00,0x03,0xc0,  //*@@+......*@@+
0x3c,0x00,0x03,0xc0,  //*@@.......*@@.
0x78,0x00,0x07,0x80,  //*@#.......*@#.
0x78,0x00,0x07,0x80,  //%@%.......*@%.
0xb8,0x00,0x0b,0x40,  //%@%.......%@%.
0xb8,0x00,0x0f,0x40,  //%@%.......@@*.
0x78,0x00,0x1e,0x00,  //%@#......%@#..
0x3e,0x55,0xbd,0x00,  //*@@#%***#@@*..
0x1f,0xff,0xf4,0x00,  //.%@@@@@@@@%...
0x01,0xaa,0x40,0x00,  //..*%%%%%*+....


/* V */
0x7c,0x00,0x01,0xf0,  //*@@........%@@
0x3c,0x00,0x02,0xd0,  //*@@*.......#@%
0x3d,0x00,0x07,0xc0,  //+@@*......*@@+
0x3d,0x00,0x0b,0x80,  //.@@*......%@#.
0x2e,0x00,0x0f,0x40,  //.%@%.....+@@*.
0x1e,0x00,0x1e,0x00,  //.%@#.....%@#..
0x1f,0x00,0x2d,0x00,  //.*@@.....#@%..
0x0f,0x00,0x7c,0x00,  //.*@@+...*@@+..
0x0f,0x00,0xb8,0x00,  //.+@@*...#@%...
0x0f,0x40,0xf4,0x00,  //..@@*..+@@*...
0x0b,0x41,0xe0,0x00,  //..%@%..%@#....
0x07,0x82,0xd0,0x00,  //..%@%..#@%....
0x07,0x97,0xc0,0x00,  //..*@#*%@@+....
0x03,0xff,0x80,0x00,  //..*@@@@@%.....
0x01,0xaa,0x00,0x00,  //...%%%%%+.....


/* W */
0x7c,0x00,0x00,0x00,0x0b,0x80,  //*@@...............%@#
0x7c,0x00,0x3f,0x00,0x0f,0x40,  //*@@+....+@@@*.....@@%
0x3c,0x00,0x7f,0x40,0x1f,0x00,  //*@@*....%@@@*....*@@+
0x3c,0x00,0xbf,0x40,0x2e,0x00,  //+@@*....#@@@*....%@#.
0x3d,0x00,0xfb,0x40,0x3d,0x00,  //.@@*...*@@#@%...+@@*.
0x3d,0x02,0xe7,0x80,0x7c,0x00,  //.@@*...%@%*@%...*@@+.
0x2d,0x03,0xd7,0x80,0xb8,0x00,  //.#@%...@@**@#...#@#..
0x2e,0x07,0xc3,0xc0,0xf4,0x00,  //.%@%..*@@.*@@..+@@*..
0x1e,0x0b,0x83,0xc1,0xf0,0x00,  //.%@%..#@%.*@@..*@@...
0x1e,0x0f,0x03,0xc2,0xe0,0x00,  //.*@#.+@@*.+@@*.#@%...
0x1f,0x1e,0x03,0xc3,0xd0,0x00,  //.*@@.%@#...@@*+@@*...
0x0f,0x2d,0x02,0xd7,0xc0,0x00,  //.*@@.#@%...#@**@@....
0x0f,0xbc,0x02,0xeb,0x40,0x00,  //.*@@%@@*...%@%#@%....
0x0f,0xf8,0x02,0xff,0x00,0x00,  //..@@@@#....%@@@@*....
0x06,0xa0,0x00,0xa9,0x00,0x00,  //..*%%%+....+%%%%.....


/* X */
0x0b,0x80,0x01,0xf4,  //..%@#......*@@*
0x03,0xd0,0x03,0xd0,  //..+@@%....*@@*.
0x01,0xf0,0x0b,0x80,  //...%@@+..+#@%..
0x00,0xb8,0x2e,0x00,  //....#@%..#@#...
0x00,0x7c,0xb8,0x00,  //....*@@*%@#+...
0x00,0x2e,0xf0,0x00,  //.....#@#@@*....
0x00,0x0f,0xd0,0x00,  //.....*@@@*.....
0x00,0x1f,0xc0,0x00,  //.....*@@@+.....
0x00,0x3f,0xe0,0x00,  //....*@@@@%.....
0x00,0xb9,0xf0,0x00,  //...+#@%*@@*....
0x02,0xe0,0xb8,0x00,  //...#@#..#@#....
0x0b,0x80,0x3d,0x00,  //..%@#+..*@@*...
0x1f,0x00,0x2e,0x00,  //.%@@*....%@#...
0x7d,0x00,0x0f,0x40,  //*@@*.....+@@%..
0xa4,0x00,0x06,0x80,  //%%%.......*%%+.


/* Y */
0x3d,0x00,0x07,0xc0,  //*@@%......%@@*
0x1f,0x00,0x0f,0x40,  //.%@@+....*@@*.
0x0f,0x40,0x2e,0x00,  //.+@@*....#@%..
0x07,0x80,0xb8,0x00,  //..%@#...%@#...
0x02,0xd1,0xf0,0x00,  //..+#@*.*@@*...
0x01,0xe3,0xd0,0x00,  //...*@#*@@*....
0x00,0xbf,0x80,0x00,  //....#@@@%.....
0x00,0x7e,0x00,0x00,  //....*@@#......
0x00,0x3c,0x00,0x00,  //.....@@*......
0x00,0x3c,0x00,0x00,  //....*@@+......
0x00,0x3c,0x00,0x00,  //....*@@.......
0x00,0x7c,0x00,0x00,  //....*@@.......
0x00,0x78,0x00,0x00,  //....*@%.......
0x00,0xb8,0x00,0x00,  //....%@%.......
0x00,0x64,0x00,0x00,  //....%%*.......


/* Z */
0x0b,0xff,0xff,0x40,  //..#@@@@@@@@@*
0x0a,0xaa,0xaf,0x00,  //..%%%%%%%#@@+
0x00,0x00,0x3d,0x00,  //........*@@*.
0x00,0x00,0xb8,0x00,  //.......+#@%..
0x00,0x02,0xe0,0x00,  //.......#@#...
0x00,0x0b,0x80,0x00,  //......%@#+...
0x00,0x1f,0x00,0x00,  //.....%@@*....
0x00,0x7d,0x00,0x00,  //....*@@*.....
0x00,0xf4,0x00,0x00,  //...+@@%......
0x02,0xe0,0x00,0x00,  //...#@#.......
0x0b,0x80,0x00,0x00,  //..#@#........
0x1e,0x00,0x00,0x00,  //.%@#+........
0x7e,0x55,0x54,0x00,  //*@@#*******+.
0xbf,0xff,0xfc,0x00,  //#@@@@@@@@@@..
0xaa,0xaa,0xa8,0x00,  //%%%%%%%%%%%..


/* [ */
0x02,0xa9,  //..+%%%%%
0x07,0xfe,  //..*@@@@%
0x07,0x40,  //..%@%**+
0x0b,0x40,  //..%@*...
0x0b,0x00,  //..#@*...
0x0f,0x00,  //..@@*...
0x0f,0x00,  //..@@....
0x0f,0x00,  //.*@@....
0x0e,0x00,  //.*@#....
0x1e,0x00,  //.*@%....
0x1d,0x00,  //.%@%....
0x2d,0x00,  //.%@*....
0x2d,0x00,  //.#@*....
0x3c,0x00,  //.@@*....
0x3c,0x00,  //.@@+....
0x3c,0x00,  //*@@.....
0x38,0x00,  //*@#.....
0x78,0x00,  //*@%.....
0x7f,0xd0,  //%@@@@%..
0x7f,0xd0,  //*@@@@*..


/* \ */
0xf0,0x00,0x00,  //@@+......
0x74,0x00,0x00,  //%@%......
0x38,0x00,0x00,  //+@#......
0x2d,0x00,0x00,  //.%@*.....
0x0e,0x00,0x00,  //.*@#.....
0x0b,0x40,0x00,  //..#@*....
0x07,0x80,0x00,  //..*@#....
0x02,0xc0,0x00,  //...#@*...
0x01,0xe0,0x00,  //...*@%...
0x00,0xb0,0x00,  //....#@*..
0x00,0x78,0x00,  //....*@%..
0x00,0x3c,0x00,  //.....@@+.
0x00,0x1d,0x00,  //.....%@%.
0x00,0x0f,0x00,  //.....+@@.
0x00,0x06,0x40,  //......*%*


/* ] */
0x02,0xa9,  //..*%%%%*
0x07,0xfe,  //..*@@@@%
0x00,0x2d,  //..+**%@%
0x00,0x2d,  //.....%@*
0x00,0x2c,  //.....#@*
0x00,0x3c,  //.....@@*
0x00,0x3c,  //....+@@.
0x00,0x3c,  //....*@@.
0x00,0x78,  //....*@#.
0x00,0x78,  //....*@%.
0x00,0x74,  //....%@%.
0x00,0xb4,  //....%@*.
0x00,0xb0,  //....#@*.
0x00,0xf0,  //....@@*.
0x00,0xf0,  //....@@..
0x00,0xf0,  //...*@@..
0x00,0xe0,  //...*@#..
0x01,0xe0,  //...*@%..
0x7f,0xd0,  //*@@@@%..
0xbf,0x80,  //%@@@#*..


/* ^ */
0x00,0xbc,0x00,  //....%@@*..
0x01,0xfd,0x00,  //...*@@@%..
0x02,0xde,0x00,  //...#@%@#..
0x07,0x8b,0x40,  //..%@#.#@*.
0x0f,0x07,0x80,  //.+@@*.%@%.
0x2d,0x03,0xc0,  //.%@%..+@@.
0x78,0x02,0xd0,  //*@#....#@*
0xb4,0x01,0xe0,  //#@*....*@#


/* _ */
0x55,0x55,0x50,  //**********
0xff,0xff,0xf0,  //@@@@@@@@@@
0xaa,0xaa,0x90,  //%%%%%%%%%%


/* ` */
0x2e,0x00,  //*#@%..
0x0b,0x40,  //.+#@%.
0x02,0xd0,  //..+#@*


/* a */
0x07,0xff,0x80,  //..%@@@@@#+
0x06,0xaa,0xe0,  //..%%%%%#@#
0x00,0x00,0xf0,  //.......+@@
0x00,0x00,0xf0,  //....****@@
0x0b,0xff,0xf0,  //.*#@@@@@@@
0x3e,0xaa,0xf0,  //+@@#%%%#@@
0x78,0x00,0xf0,  //*@#....*@@
0x78,0x01,0xe0,  //*@%....*@#
0x79,0x01,0xe0,  //*@#****%@%
0x2f,0xff,0xe0,  //.#@@@@@@@%
0x06,0xaa,0x90,  //.+%%%%%%%*


/* b */
0x19,0x00,0x00,  //.*%%......
0x2d,0x00,0x00,  //.%@%......
0x2d,0x00,0x00,  //.%@*......
0x3d,0x00,0x00,  //.@@*......
0x3d,0x54,0x00,  //.@@%****..
0x3f,0xff,0x80,  //*@@@@@@@#+
0x3e,0xab,0xe0,  //*@@%%%#@@%
0x78,0x01,0xf0,  //*@#....*@@
0x78,0x00,0xf0,  //*@%....*@@
0xb8,0x00,0xf0,  //%@%....*@@
0xb4,0x01,0xf0,  //%@*....*@@
0xb4,0x01,0xe0,  //#@*....%@#
0xf0,0x02,0xd0,  //@@*....#@%
0xf5,0x5b,0x80,  //@@%***#@#+
0xff,0xfe,0x40,  //@@@@@@@#*.
0xaa,0xa4,0x00,  //%%%%%%*+..


/* c */
0x0b,0xff,0x80,  //.+#@@@@@%
0x2f,0xaa,0x40,  //+#@@%%%%*
0x78,0x00,0x00,  //%@#+.....
0xb4,0x00,0x00,  //#@*......
0xf0,0x00,0x00,  //@@*......
0xf0,0x00,0x00,  //@@+......
0xf0,0x00,0x00,  //@@.......
0xf0,0x00,0x00,  //@@+......
0xf9,0x05,0x00,  //@@#*****.
0x7f,0xfe,0x00,  //%@@@@@@%.
0x1a,0xa9,0x00,  //.*%%%%%%.


/* d */
0x00,0x00,0x64,  //........%%*
0x00,0x00,0xb4,  //........#@*
0x00,0x00,0xf0,  //........@@*
0x00,0x00,0xf0,  //.......+@@+
0x00,0x55,0xf0,  //...****%@@.
0x0b,0xff,0xe0,  //.+#@@@@@@#.
0x2e,0xaa,0xe0,  //+#@#%%%#@%.
0x78,0x02,0xe0,  //%@#....%@%.
0xb4,0x02,0xd0,  //#@*....%@*.
0xf0,0x02,0xd0,  //@@*....#@*.
0xf0,0x03,0xc0,  //@@+....@@*.
0xf0,0x03,0xc0,  //@@....+@@*.
0xf0,0x03,0xc0,  //@@+...*@@..
0xf9,0x57,0xc0,  //@@#***%@@..
0x7f,0xff,0x80,  //*@@@@@@@%..
0x06,0xaa,0x40,  //.*%%%%%%%..


/* e */
0x00,0x54,0x00,  //...****+..
0x0b,0xff,0x80,  //.*#@@@@@%.
0x2e,0x5b,0xd0,  //+#@#%*%@@*
0x78,0x02,0xe0,  //%@#....%@%
0xb4,0x01,0xe0,  //#@*....*@%
0xfa,0xaa,0xe0,  //@@#%%%%#@%
0xff,0xff,0xd0,  //@@@@@@@@@%
0xf0,0x00,0x00,  //@@........
0xf0,0x00,0x00,  //@@+.......
0xf9,0x00,0x40,  //@@#******.
0x7f,0xff,0x40,  //*@@@@@@@%.
0x06,0xaa,0x40,  //.*%%%%%%*.


/* f */
0x00,0x6a,  //....*%%%
0x02,0xff,  //...#@@@@
0x07,0xd1,  //..*@@%**
0x0b,0x40,  //..%@%...
0x5b,0x95,  //**#@%***
0xff,0xfe,  //@@@@@@@%
0xaf,0xa9,  //%%@@#%%%
0x0f,0x00,  //.*@@....
0x0f,0x00,  //.*@@....
0x1e,0x00,  //.*@#....
0x1e,0x00,  //.*@%....
0x2d,0x00,  //.%@%....
0x2d,0x00,  //.%@*....
0x3d,0x00,  //.@@*....
0x3c,0x00,  //.@@*....
0x28,0x00,  //+%%+....


/* g */
0x0b,0xff,0xf0,  //.+#@@@@@@@
0x2e,0xaa,0xe0,  //+#@#%%%#@%
0x78,0x01,0xe0,  //%@#....%@%
0xb4,0x02,0xd0,  //#@*....%@*
0xf0,0x02,0xd0,  //@@*....#@*
0xf0,0x03,0xc0,  //@@+....@@*
0xf0,0x03,0xc0,  //@@....+@@*
0xf0,0x03,0xc0,  //@@*...*@@.
0xf9,0x57,0xc0,  //@@#***%@@.
0x7f,0xff,0x80,  //*@@@@@@@%.
0x06,0xab,0x80,  //.*%%%%#@%.
0x00,0x0b,0x40,  //......%@*.
0x00,0x1f,0x40,  //+*...*@@*.
0xbf,0xfe,0x00,  //%@@@@@@#..
0xbf,0xe4,0x00,  //%@@@@#*...


/* h */
0x19,0x00,0x00,  //.*%%......
0x2d,0x00,0x00,  //.%@%......
0x2d,0x00,0x00,  //.%@*......
0x3d,0x00,0x00,  //.@@*......
0x3d,0x54,0x00,  //.@@%****..
0x3f,0xff,0x80,  //*@@@@@@@#+
0x3e,0xab,0xe0,  //*@@%%%#@@%
0x78,0x01,0xf0,  //*@#....*@@
0x78,0x00,0xf0,  //*@%....*@@
0xb8,0x00,0xf0,  //%@%....*@@
0xb4,0x01,0xe0,  //%@*....*@#
0xb4,0x01,0xe0,  //#@*....*@%
0xf0,0x02,0xe0,  //@@*....%@%
0xf0,0x02,0xd0,  //@@+....%@*
0xf0,0x02,0xd0,  //@@.....#@*
0xa0,0x02,0x80,  //%%.....%%+


/* i */
0x2e,  //.%@#
0x2e,  //.#@%
0x00,  //....
0x14,  //.**+
0x3c,  //.@@*
0x3c,  //*@@.
0x3c,  //*@@.
0x78,  //*@%.
0x78,  //%@%.
0xb4,  //%@%.
0xb4,  //#@*.
0xf0,  //@@*.
0xf0,  //@@*.
0xf0,  //@@..
0xa0,  //%%..


/* j */
0x00,0x2f,  //.....%@@
0x00,0x2e,  //.....%@%
0x00,0x00,  //........
0x00,0x14,  //.....***
0x00,0x3c,  //.....@@*
0x00,0x3c,  //.....@@*
0x00,0x3c,  //....*@@.
0x00,0x3c,  //....*@@.
0x00,0x78,  //....*@%.
0x00,0x78,  //....%@%.
0x00,0xb4,  //....%@%.
0x00,0xb4,  //....#@*.
0x00,0xf0,  //....@@*.
0x00,0xf0,  //....@@*.
0x00,0xf0,  //...*@@..
0x01,0xf0,  //...*@@..
0x02,0xe0,  //+**#@%..
0x7f,0xc0,  //*@@@@*..
0xbe,0x00,  //%@@#*...


/* k */
0x1e,0x00,0x00,  //.*@%......
0x2e,0x00,0x00,  //.%@%......
0x2d,0x00,0x00,  //.%@*......
0x2d,0x00,0x00,  //.#@*......
0x3c,0x01,0x50,  //.@@*...***
0x3c,0x0b,0xd0,  //+@@+..#@@*
0x3c,0x2e,0x00,  //*@@..#@#*.
0x78,0xb8,0x00,  //*@#+#@#+..
0x7a,0xe0,0x00,  //*@##@#....
0xbf,0x80,0x00,  //%@@@%.....
0xbb,0xc0,0x00,  //%@#@@*....
0xb5,0xe0,0x00,  //#@*%@#+...
0xf0,0xb8,0x00,  //@@*.#@#...
0xf0,0x2e,0x00,  //@@+.+#@%..
0xf0,0x1f,0x40,  //@@...*@@*.
0xa0,0x06,0x80,  //%%....%%%+


/* l */
0x19,  //.*%%
0x2d,  //.%@%
0x2d,  //.%@*
0x3d,  //.@@*
0x3c,  //.@@*
0x3c,  //*@@+
0x3c,  //*@@.
0x78,  //*@#.
0x78,  //*@%.
0xb4,  //%@%.
0xb4,  //%@*.
0xb4,  //#@*.
0xf0,  //@@*.
0xf0,  //@@+.
0xf0,  //@@..
0xa0,  //%%..


/* m */
0x3f,0xff,0xff,0xf8,  //*@@@@@@@@@@@@@#+
0x3e,0xaa,0xea,0xbe,  //*@@%%%%#@#%%#@@#
0x78,0x02,0xe0,0x1f,  //*@#....%@%...*@@
0x78,0x02,0xd0,0x0f,  //*@%....%@*....@@
0xb4,0x02,0xd0,0x0f,  //%@%....#@*....@@
0xb4,0x03,0xc0,0x0f,  //%@*....@@*...*@@
0xb4,0x03,0xc0,0x0f,  //#@*...+@@+...*@@
0xf0,0x03,0xc0,0x1e,  //@@*...*@@....*@#
0xf0,0x07,0xc0,0x1e,  //@@+...*@@....%@%
0xf0,0x07,0x80,0x2d,  //@@....*@%....%@%
0xa0,0x06,0x40,0x19,  //%%....*%%....%%*


/* n */
0x3f,0xff,0x80,  //*@@@@@@@#+
0x3e,0xab,0xe0,  //*@@%%%#@@%
0x78,0x01,0xf0,  //*@#....*@@
0x78,0x00,0xf0,  //*@%....*@@
0xb4,0x00,0xf0,  //%@%....*@@
0xb4,0x01,0xe0,  //%@*....*@#
0xb4,0x01,0xe0,  //#@*....*@%
0xf0,0x02,0xe0,  //@@*....%@%
0xf0,0x02,0xd0,  //@@+....%@*
0xf0,0x02,0xd0,  //@@.....#@*
0xa0,0x02,0x80,  //%%.....%%+


/* o */
0x00,0x55,0x00,  //...*****+.
0x0b,0xff,0xd0,  //.+#@@@@@@*
0x2e,0xaa,0xe0,  //+#@#%%%#@#
0x78,0x00,0xf0,  //%@#....*@@
0xb4,0x00,0xf0,  //#@*.....@@
0xf0,0x00,0xf0,  //@@*.....@@
0xf0,0x00,0xf0,  //@@+....+@@
0xf0,0x00,0xf0,  //@@.....*@@
0xf0,0x02,0xe0,  //@@+....%@#
0xf9,0x1b,0xc0,  //@@#***%@@*
0x7f,0xff,0x40,  //%@@@@@@@%.
0x1a,0xa4,0x00,  //.*%%%%%*..


/* p */
0x0f,0xff,0xe0,  //.*@@@@@@@#+
0x0f,0xaa,0xf8,  //.*@@%%%#@@%
0x1e,0x00,0x7c,  //.*@#....*@@
0x1e,0x00,0x3c,  //.*@%....*@@
0x2e,0x00,0x3c,  //.%@%....*@@
0x2d,0x00,0x7c,  //.%@*....*@@
0x2d,0x00,0x78,  //.#@*....%@%
0x3c,0x00,0xb4,  //.@@*....#@%
0x3d,0x56,0xe0,  //+@@%***#@#+
0x3f,0xff,0x90,  //*@@@@@@@#*.
0x7a,0xa9,0x00,  //*@#%%%%*+..
0x78,0x00,0x00,  //*@%........
0xb8,0x00,0x00,  //%@%........
0xb4,0x00,0x00,  //%@*........
0xb4,0x00,0x00,  //#@*........


/* q */
0x0b,0xff,0xe0,  //.+#@@@@@@#
0x2e,0xaa,0xe0,  //+#@#%%%#@%
0x78,0x02,0xe0,  //%@#....%@%
0xb4,0x02,0xd0,  //#@*....%@*
0xf0,0x02,0xd0,  //@@*....#@*
0xf0,0x03,0xc0,  //@@+....@@*
0xf0,0x03,0xc0,  //@@....+@@+
0xf0,0x03,0xc0,  //@@+...*@@.
0xf9,0x57,0xc0,  //@@#***%@@.
0x7f,0xff,0x80,  //*@@@@@@@%.
0x06,0xab,0x80,  //.*%%%%#@%.
0x00,0x0b,0x40,  //......%@*.
0x00,0x0b,0x40,  //......#@*.
0x00,0x0f,0x00,  //......@@*.
0x00,0x0f,0x00,  //......@@*.


/* r */
0x02,0xfe,  //..+#@@@#
0x0b,0xe9,  //..#@@%%%
0x1e,0x00,  //.*@#+...
0x2d,0x00,  //.%@%....
0x3c,0x00,  //.@@*....
0x3c,0x00,  //.@@*....
0x3c,0x00,  //*@@.....
0x3c,0x00,  //*@@.....
0x78,0x00,  //*@#.....
0x78,0x00,  //*@%.....
0x64,0x00,  //%%*.....


/* s */
0x0b,0xff,0xc0,  //.+#@@@@@@
0x2f,0xaa,0x80,  //.%@@%%%%%
0x3c,0x00,0x00,  //.@@*.....
0x3d,0x00,0x00,  //.@@*.....
0x2f,0xf9,0x00,  //.#@@@@%%.
0x0a,0xff,0x80,  //.+%#@@@@%
0x00,0x0b,0xc0,  //.....+%@@
0x00,0x07,0x80,  //......*@#
0x50,0x1b,0x40,  //******#@%
0xbf,0xfe,0x00,  //%@@@@@@#+
0xaa,0xa4,0x00,  //%%%%%%*..


/* t */
0x02,0xd0,0x00,  //...%@*...
0x02,0xd0,0x00,  //...#@*...
0x17,0xd5,0x40,  //***@@%***
0x7f,0xff,0x40,  //%@@@@@@@%
0x6b,0xea,0x40,  //%%#@@%%%*
0x03,0xc0,0x00,  //..*@@....
0x07,0x80,0x00,  //..*@#....
0x07,0x80,0x00,  //..%@%....
0x0b,0x40,0x00,  //..%@%....
0x0b,0x40,0x00,  //..#@*....
0x0f,0x40,0x00,  //..@@*....
0x0b,0x95,0x00,  //..#@#***.
0x07,0xfd,0x00,  //..*@@@@%.
0x00,0x69,0x00,  //...*%%%*.


/* u */
0x3c,0x00,0xb4,  //*@@.....#@*
0x78,0x00,0xf0,  //*@#.....@@*
0x78,0x00,0xf0,  //*@%....+@@+
0xb8,0x00,0xf0,  //%@%....*@@.
0xb4,0x01,0xe0,  //%@*....*@#.
0xb4,0x01,0xe0,  //#@*....*@%.
0xf0,0x01,0xe0,  //@@*....%@%.
0xf4,0x02,0xd0,  //@@*....%@*.
0xb9,0x56,0xd0,  //#@#%***#@*.
0x2f,0xff,0xc0,  //*#@@@@@@@*.
0x06,0xaa,0x80,  //.+*%%%%%%+.


/* v */
0xf0,0x00,0xb4,  //@@*.....#@*
0xb4,0x00,0xf0,  //#@*....*@@.
0xb4,0x02,0xe0,  //%@*....%@%.
0xb8,0x03,0xd0,  //%@%....@@*.
0x78,0x07,0x80,  //*@%...*@#..
0x78,0x0b,0x40,  //*@#...%@%..
0x3c,0x0f,0x00,  //*@@..+@@*..
0x3c,0x1e,0x00,  //+@@..*@#...
0x3d,0x2d,0x00,  //.@@**#@%...
0x2f,0xfc,0x00,  //.#@@@@@+...
0x1a,0xa4,0x00,  //.*%%%%*....


/* w */
0xf0,0x01,0x50,0x0b,0x40,  //@@*...+***....%@%
0xb4,0x07,0xe0,0x0f,0x00,  //%@*...%@@#....@@+
0xb4,0x0b,0xf0,0x1e,0x00,  //%@%...#@@@...*@#.
0x78,0x1e,0xb0,0x2d,0x00,  //*@%..*@##@*..#@*.
0x78,0x2d,0xb0,0x3c,0x00,  //*@%..%@*%@*.+@@+.
0x3c,0x3c,0xb4,0x78,0x00,  //*@@.+@@+%@*.%@#..
0x3c,0x78,0x74,0xb4,0x00,  //*@@.*@%.*@%.#@*..
0x3c,0xb4,0x78,0xf0,0x00,  //.@@*#@*.*@%*@@...
0x3d,0xe0,0x3a,0xe0,0x00,  //.@@%@#..*@#%@%...
0x2f,0xd0,0x3f,0xc0,0x00,  //.%@@@%..+@@@@*...
0x1a,0x80,0x1a,0x40,0x00,  //.*%%%+...%%%%....


/* x */
0x07,0xc0,0x2e,0x00,  //..*@@*...%@#+
0x02,0xe0,0x7c,0x00,  //...#@%..*@@+.
0x00,0xf4,0xf4,0x00,  //...*@@**@@*..
0x00,0xba,0xd0,0x00,  //....%@##@%...
0x00,0x2f,0x80,0x00,  //....+#@@%....
0x00,0x2f,0x40,0x00,  //....+#@@*....
0x00,0xbf,0x80,0x00,  //....#@@@#....
0x02,0xe2,0xd0,0x00,  //...#@#+#@%...
0x07,0x81,0xf0,0x00,  //..%@#+.*@@*..
0x1f,0x00,0xb8,0x00,  //.%@@*...#@#..
0x29,0x00,0x29,0x00,  //+%%*....*%%*.


/* y */
0xb4,0x00,0x78,  //#@%.....*@#
0x78,0x00,0xb4,  //%@#.....#@*
0x3c,0x01,0xe0,  //+@@+...*@#.
0x2d,0x02,0xd0,  //.#@%...#@*.
0x1e,0x07,0x80,  //.%@#..%@#..
0x0f,0x0f,0x00,  //.+@@++@@*..
0x0b,0x5e,0x00,  //..#@*%@%...
0x07,0xbc,0x00,  //..%@#@@*...
0x03,0xf8,0x00,  //..+@@@%....
0x02,0xf0,0x00,  //...#@@+....
0x02,0xd0,0x00,  //...#@%.....
0x03,0xc0,0x00,  //..*@@+.....
0x0b,0x40,0x00,  //..#@%......
0x1e,0x00,0x00,  //.*@#.......
0x2d,0x00,0x00,  //.#@*.......


/* z */
0x2f,0xff,0xd0,  //.#@@@@@@@*
0x2a,0xab,0xc0,  //.%%%%%#@@*
0x00,0x0f,0x40,  //.....*@@*.
0x00,0x2d,0x00,  //....+#@%..
0x00,0xb8,0x00,  //....#@%...
0x02,0xe0,0x00,  //...#@#....
0x0b,0x80,0x00,  //..%@#+....
0x1e,0x00,0x00,  //.%@#+.....
0x7d,0x00,0x00,  //*@@%*****.
0xbf,0xff,0x80,  //#@@@@@@@%.
0xaa,0xaa,0x40,  //%%%%%%%%%.


/* { */
0x00,0x2a,0x80,  //....*%%%%
0x00,0xff,0x80,  //....@@@@%
0x00,0xf0,0x00,  //...*@@**+
0x01,0xe0,0x00,  //...*@#...
0x01,0xe0,0x00,  //...*@%...
0x01,0xd0,0x00,  //...%@%...
0x02,0xd0,0x00,  //...%@*...
0x02,0xd0,0x00,  //...#@*...
0x03,0xc0,0x00,  //..+@@+...
0x7f,0x40,0x00,  //*@@@*....
0x7e,0x00,0x00,  //*@@#+....
0x0b,0x80,0x00,  //..%@%....
0x07,0x80,0x00,  //..*@%....
0x07,0x40,0x00,  //..%@%....
0x0b,0x40,0x00,  //..%@*....
0x0b,0x40,0x00,  //..#@*....
0x0f,0x00,0x00,  //..@@*....
0x0f,0x00,0x00,  //..@@+....
0x0f,0xf8,0x00,  //.*@@@@%..
0x0b,0xf4,0x00,  //..%@@@%..


/* | */
0x07,0x80,  //..*@%
0x07,0x80,  //..*@%
0x07,0x40,  //..%@*
0x0b,0x40,  //..%@*
0x0b,0x00,  //..#@*
0x0f,0x00,  //..@@+
0x0f,0x00,  //.+@@.
0x0e,0x00,  //.*@#.
0x1e,0x00,  //.*@%.
0x1e,0x00,  //.*@%.
0x1d,0x00,  //.%@*.
0x2d,0x00,  //.%@*.
0x2c,0x00,  //.#@*.
0x3c,0x00,  //.@@*.
0x3c,0x00,  //.@@..
0x3c,0x00,  //*@@..
0x38,0x00,  //*@%..
0x78,0x00,  //*@%..
0x64,0x00,  //*%*..


/* } */
0x02,0xa8,0x00,  //..+%%%%+.
0x03,0xfd,0x00,  //..*@@@@*.
0x00,0x2d,0x00,  //..+**#@*.
0x00,0x2c,0x00,  //.....#@*.
0x00,0x3c,0x00,  //.....@@*.
0x00,0x3c,0x00,  //....+@@..
0x00,0x3c,0x00,  //....*@@..
0x00,0x78,0x00,  //....*@%..
0x00,0x78,0x00,  //....*@#..
0x00,0x2f,0x80,  //....+#@@#
0x00,0x2f,0x80,  //....+%@@%
0x00,0xb4,0x00,  //....%@%..
0x00,0xf0,0x00,  //....@@*..
0x00,0xf0,0x00,  //...+@@...
0x00,0xf0,0x00,  //...*@@...
0x01,0xe0,0x00,  //...*@#...
0x01,0xe0,0x00,  //...*@%...
0x02,0xd0,0x00,  //...%@%...
0x7f,0xd0,0x00,  //*@@@@*...
0x7f,0x80,0x00,  //%@@@%....


/* ~ */
0x0b,0xf4,0x1e,  //.+#@@@*..*@%
0x2e,0xbc,0x2d,  //.#@##@@*.%@%
0x38,0x2f,0xf8,  //*@#..%@@@@#+
0x64,0x0b,0xe4,  //*%*...%@@#*.


/*  */
0xaa,0xaa,0xa0,  //%%%%%%%%%%
0xff,0xff,0xf0,  //@@@@@@@@@@
0xe0,0x00,0xb0,  //@#******#@
0xe0,0x00,0xb0,  //@%......%@
0xe0,0x00,0xb0,  //@%......%@
0xe0,0x00,0xb0,  //@%......%@
0xe0,0x00,0xb0,  //@%......%@
0xe0,0x00,0xb0,  //@%......%@
0xe0,0x00,0xb0,  //@%......%@
0xe0,0x00,0xb0,  //@%......%@
0xe0,0x00,0xb0,  //@%......%@
0xe0,0x00,0xb0,  //@%......%@
0xe0,0x00,0xb0,  //@%......%@
0xff,0xff,0xf0,  //@@@@@@@@@@
0xff,0xff,0xf0,  //@@@@@@@@@@


/* 一 */
0xff,0xff,0xff,0xff,  //@@@@@@@@@@@@@@@@
0xff,0xff,0xff,0xff,  //@@@@@@@@@@@@@@@@


/* 世 */
0x00,0x00,0x40,0x14,0x00,  //.......***...**..
0x03,0x82,0xc0,0x38,0x00,  //..*@#..%@*..*@%..
0x07,0x82,0xc0,0x38,0x00,  //..*@%..#@*..*@%..
0x07,0x43,0xc0,0x74,0x00,  //..*@%..@@...*@*..
0xab,0xab,0xea,0xba,0x80,  //%%#@#%%@@%%%#@#%%
0xff,0xff,0xff,0xff,0x80,  //@@@@@@@@@@@@@@@@%
0x0b,0x47,0x80,0xb4,0x00,  //**#@***@#***#@**+
0x0f,0x07,0x40,0xf0,0x00,  //..@@+.*@*...@@...
0x0f,0x07,0x40,0xe0,0x00,  //.+@@..*@*...@#...
0x0e,0x0b,0x00,0xe0,0x00,  //.*@#..%@*..*@%...
0x1e,0x0b,0x55,0xe0,0x00,  //.*@%..%@%**%@%...
0x1d,0x0f,0xff,0xd0,0x00,  //.*@%..@@@@@@@*...
0x1d,0x05,0x55,0x40,0x00,  //.%@*..********...
0x2d,0x00,0x00,0x00,0x00,  //.%@*.............
0x2c,0x00,0x00,0x00,0x00,  //.#@*.............
0x3f,0xff,0xff,0xfd,0x00,  //.@@@@@@@@@@@@@@*.
0x1b,0xff,0xff,0xfd,0x00,  //.%#@@@@@@@@@@@@*.


/* 买 */
0x07,0xff,0xff,0xff,0x80,  //..*@@@@@@@@@@@@@#
0x06,0xaa,0xaa,0xab,0xc0,  //..*%%%%%%%%%%%%@@
0x00,0x40,0x05,0x03,0x80,  //....%+....**+.+@#
0x00,0xf9,0x0b,0x07,0x80,  //....@@#%+.#@..*@%
0x00,0x1b,0x4f,0x06,0x40,  //....+%#@*.@@..*%*
0x02,0x40,0x0e,0x00,0x00,  //...#*+.+++@#.....
0x02,0xf8,0x0e,0x00,0x00,  //..+#@@#*.*@%.....
0x00,0x18,0x1d,0x00,0x00,  //....*%#*.%@*.....
0x00,0x00,0x2d,0x00,0x00,  //.+*******#@******
0x2f,0xff,0xff,0xff,0xc0,  //.#@@@@@@@@@@@@@@@
0x2a,0xaa,0xfa,0xaa,0x80,  //.%%%%%%#@@#%%%%%%
0x00,0x02,0xf9,0x00,0x00,  //.......#@@#*.....
0x00,0x0b,0x8b,0x80,0x00,  //.....+#@#*#@%....
0x00,0x7e,0x02,0xe0,0x00,  //...+%@@%...%@#*..
0x07,0xe4,0x00,0x7d,0x00,  //.+%@@#*.....*@@%.
0x3e,0x40,0x00,0x1b,0x40,  //*@@#*........*#@%
0x04,0x00,0x00,0x00,0x00,  //.+*...........+*.


/* 令 */
0x00,0x01,0x55,0x40,0x00,  //......+******.....
0x00,0x0b,0xff,0xd0,0x00,  //.....+#@@@@@@*....
0x00,0x2e,0x55,0xf0,0x00,  //....+#@%****@@*...
0x00,0xb8,0x00,0x78,0x00,  //....#@#.....*@#...
0x02,0xe0,0x50,0x2e,0x00,  //...#@#..**...%@%..
0x0b,0x80,0xb0,0x0b,0x40,  //..%@#...%@*..+#@*.
0x1e,0x00,0x78,0x07,0x80,  //.%@#+...*@%...*@#+
0x68,0x00,0x28,0x02,0xe0,  //*##+.....%%....%@%
0x00,0x55,0x55,0x54,0x00,  //...************+..
0x02,0xff,0xff,0xfe,0x00,  //...%@@@@@@@@@@@%..
0x00,0x00,0x00,0xbc,0x00,  //...+********%@@*..
0x00,0x00,0x01,0xe0,0x00,  //...........%@#*...
0x00,0x40,0x07,0x80,0x00,  //....%*....%@#+....
0x00,0xf9,0x2e,0x00,0x00,  //....@@#*+#@#+.....
0x00,0x6f,0xf8,0x00,0x00,  //....*#@@@@#+......
0x00,0x01,0xfe,0x00,0x00,  //......*%@@@%*.....
0x00,0x00,0x1b,0xd0,0x00,  //........+*#@@*....
0x00,0x00,0x01,0x80,0x00,  //...........*%*....


/* 以 */
0x00,0x00,0x00,0x14,0x00,  //..**.........**..
0x0e,0x05,0x00,0x38,0x00,  //.+@%..**....+@%..
0x0e,0x0b,0x00,0x38,0x00,  //.*@%..%@+...*@%..
0x1d,0x07,0x40,0x74,0x00,  //.*@*..*@*...*@*..
0x1d,0x03,0x80,0x74,0x00,  //.*@*..+@#...%@*..
0x1c,0x02,0xc0,0xb0,0x00,  //.%@*...#@...%@*..
0x2c,0x01,0xd0,0xf0,0x00,  //.%@*...%@*..@@...
0x2c,0x00,0x90,0xe0,0x00,  //.#@....*%*.*@%...
0x3c,0x00,0x01,0xd0,0x00,  //.@@........%@*...
0x38,0x00,0x03,0xc0,0x00,  //.@#.......+@@....
0x38,0x00,0x07,0xc0,0x00,  //*@%.......%@@*...
0x34,0x04,0x0e,0xe0,0x00,  //*@%..*%..*@#@#...
0x74,0xb8,0x2d,0xb4,0x00,  //*@*+%@#..#@*%@*..
0x7b,0xe0,0xb8,0x78,0x00,  //*@#@@#*.#@%.*@#..
0x7e,0x42,0xe0,0x2d,0x00,  //%@@#*..#@#...#@*.
0x24,0x0b,0x80,0x1e,0x00,  //+%*..+#@#....*@#.
0x00,0x2e,0x00,0x0b,0x40,  //.....#@%......#@*
0x00,0x00,0x00,0x00,0x00,  //......*.......*+.


/* 件 */
0x00,0x18,0x00,0xa0,0x00,  //.....%%*....%%....
0x00,0x38,0x50,0xf0,0x00,  //....*@#.**+.@@....
0x00,0xb0,0xa0,0xe0,0x00,  //....#@*.##.*@#....
0x01,0xe0,0xe1,0xe0,0x00,  //...*@%.*@#**@#***+
0x03,0xd1,0xff,0xff,0xd0,  //..+@@*.%@@@@@@@@@*
0x0b,0xd2,0xea,0xea,0x90,  //..%@@*.#@%%#@#%%%*
0x1f,0xc3,0x81,0xd0,0x00,  //.*@@@**@%..*@*....
0x2e,0xcb,0x42,0xd0,0x00,  //+#@#@*%@*..%@*....
0xb6,0xc0,0x02,0xc0,0x00,  //#@*#@+**...%@*....
0x03,0xc5,0x56,0xd5,0x50,  //...@@.*****#@%****
0x03,0xcf,0xff,0xff,0xe0,  //...@@+@@@@@@@@@@@#
0x03,0x85,0x57,0xd5,0x50,  //..*@%+*****@@*****
0x03,0x80,0x03,0x80,0x00,  //..*@%.....*@#.....
0x07,0x40,0x03,0x80,0x00,  //..*@%.....*@%.....
0x07,0x40,0x03,0x80,0x00,  //..*@*.....*@%.....
0x07,0x40,0x07,0x40,0x00,  //..%@*.....*@*.....
0x0b,0x00,0x07,0x40,0x00,  //..%@*.....*@*.....
0x05,0x00,0x01,0x00,0x00,  //..**+.....***.....


/* 体 */
0x00,0x64,0x01,0x80,0x00,  //....*%*....%%+....
0x00,0xb0,0x02,0xc0,0x00,  //....#@*....#@.....
0x01,0xe0,0x03,0xc0,0x00,  //...*@%.....@@.....
0x02,0xcb,0xff,0xff,0xd0,  //...#@*%@@@@@@@@@@%
0x07,0xcb,0xff,0xff,0xd0,  //..*@@.#@@@@@@@@@@*
0x0b,0xc0,0x77,0x74,0x00,  //..#@@...*@%@%@*...
0x1f,0x80,0xb7,0x78,0x00,  //.%@@#...%@%@*@%...
0x3f,0x80,0xe7,0x68,0x00,  //+@@@%...@#*@*%#...
0xb7,0x41,0xdb,0x1c,0x00,  //#@%@%..*@*%@*%@...
0x07,0x42,0x8b,0x1d,0x00,  //..*@*..##.%@**@*..
0x07,0x47,0x4b,0x0d,0x00,  //..*@*.*@%.#@.+@%..
0x07,0x0b,0x0f,0x0b,0x00,  //..%@*.#@+.@@..#@..
0x0b,0x1d,0xae,0xa7,0x40,  //..%@**@%%%@#%%*@*.
0x0b,0x28,0xff,0xe3,0x80,  //..#@+##.@@@@@%+@#.
0x0f,0x70,0x0d,0x01,0xd0,  //..@@%@*..*@%...%@*
0x0e,0x00,0x1d,0x00,0x40,  //..@%.....*@*...+%*
0x0e,0x00,0x1d,0x00,0x00,  //.*@%.....*@*......
0x04,0x00,0x04,0x00,0x00,  //.+**.....**+......


/* 作 */
0x00,0x04,0x0a,0x00,0x00,  //.....***..%%......
0x00,0x2c,0x1d,0x00,0x00,  //.....#@+.*@%......
0x00,0x74,0x2d,0x00,0x00,  //....%@*..#@*******
0x00,0xe0,0x7f,0xff,0xf0,  //...*@#..*@@@@@@@@@
0x02,0xe0,0xbb,0x95,0x50,  //...#@%..#@%@#*****
0x07,0xd1,0xd7,0x40,0x00,  //..*@@%.*@%*@*.....
0x0f,0xd2,0x87,0x40,0x00,  //.+@@@*+##+%@*.....
0x2e,0xdb,0x4b,0xaa,0x80,  //.#@#@*%@*.%@#%%%%+
0x76,0xc0,0x0b,0xff,0xc0,  //%@%%@***..#@@@@@@.
0x02,0xc0,0x0f,0x00,0x00,  //...%@+....@@......
0x03,0xc0,0x0f,0x00,0x00,  //...@@.....@@......
0x03,0x80,0x0e,0x00,0x00,  //...@#....*@#****+.
0x03,0x80,0x0f,0xff,0x80,  //..*@%....*@@@@@@%.
0x03,0x80,0x1e,0x55,0x00,  //..*@%....*@%*****.
0x07,0x40,0x1d,0x00,0x00,  //..*@*....*@*......
0x07,0x40,0x2c,0x00,0x00,  //..*@*....%@*......
0x0b,0x00,0x2c,0x00,0x00,  //..%@*....%@*......
0x05,0x00,0x14,0x00,0x00,  //..**+....**.......


/* 你 */
0x00,0x28,0x18,0x00,0x00,  //....+%%..%%+......
0x00,0xb4,0x38,0x00,0x00,  //....%@*.*@#.......
0x00,0xe0,0x7a,0xaa,0x90,  //...*@#..%@#%%%%%%*
0x02,0xd0,0xff,0xff,0xe0,  //...%@*.+@@@@@@@@@%
0x07,0xc1,0xd0,0x01,0xd0,  //..*@@*.%@*.....%@*
0x0b,0xc3,0x81,0x42,0xc0,  //..#@@*+@#..**+.#@.
0x1f,0xcb,0x42,0xc7,0x40,  //.*@@@.%@*..%@.*@%.
0x3b,0xc0,0x03,0xc0,0x00,  //+@#@@.**...@@.+*+.
0xb7,0x81,0xd3,0x89,0x00,  //%@*@#..*@*.@#.%%..
0x03,0x82,0xc3,0x8b,0x00,  //..*@%..#@++@%.%@..
0x03,0x43,0x83,0x47,0x00,  //..*@%.*@%.*@%.*@*.
0x07,0x47,0x07,0x43,0x40,  //..*@*.%@*.*@*.*@%.
0x07,0x4e,0x07,0x43,0x80,  //..%@*+@#..*@*..@#.
0x0b,0x1d,0x07,0x02,0xc0,  //..%@**@*..%@*..%@+
0x0b,0x00,0x0b,0x00,0x40,  //..#@+**...%@*..**+
0x0f,0x01,0x9b,0x00,0x00,  //..@@...*#%#@......
0x0e,0x01,0xfe,0x00,0x00,  //..@#...*@@@#......
0x05,0x00,0x14,0x00,0x00,  //.+**.....**+......


/* 使 */
0x00,0x28,0x00,0x90,0x00,  //....*%%....+%*....
0x00,0xb4,0x01,0xd0,0x00,  //....%@*....*@*....
0x00,0xe3,0xff,0xff,0xe0,  //...*@#*@@@@@@@@@@%
0x02,0xd6,0xaa,0xea,0x90,  //...%@**%%%%#@#%%%%
0x03,0xc0,0x02,0xc0,0x00,  //..*@@......%@+....
0x0b,0xc1,0xaa,0xea,0x80,  //..#@@..%%%%#@%%%%.
0x1f,0x83,0xab,0xaa,0xc0,  //.*@@#.*@#%%@#%%#@*
0x2b,0x87,0x03,0x81,0xc0,  //+##@%.*@*..@%..%@+
0xb7,0x87,0x03,0x82,0xc0,  //%@%@%.%@*.+@%..%@.
0x03,0x4b,0xab,0xaa,0x80,  //..*@*.%@#%#@#%%##.
0x07,0x46,0xab,0xaa,0x40,  //..*@*.%%%%#@#%%%%.
0x07,0x41,0x0b,0x00,0x00,  //..*@*.***.#@+.....
0x07,0x02,0xde,0x00,0x00,  //..%@*..#@%@%......
0x0b,0x00,0xbc,0x00,0x00,  //..%@*...#@@*......
0x0b,0x00,0xbe,0x40,0x00,  //..#@...+#@@#*+....
0x0f,0x07,0xd2,0xf9,0x00,  //..@@..*@@**#@@#**+
0x0e,0x2e,0x00,0x6f,0x80,  //..@#.#@#*...*%@@#+
0x05,0x04,0x00,0x00,0x00,  //.+**.+*........**.


/* 关 */
0x00,0x28,0x00,0x24,0x00,  //.....%%.....*%%..
0x00,0x2d,0x00,0xb4,0x00,  //.....%@*....%@*..
0x00,0x1e,0x00,0xe0,0x00,  //.....*@%...+@#...
0x07,0xff,0xff,0xff,0x80,  //..*@@@@@@@@@@@@@%
0x07,0xff,0xff,0xff,0x80,  //..*@@@@@@@@@@@@@%
0x00,0x00,0xb4,0x00,0x00,  //........%@*......
0x00,0x00,0xb0,0x00,0x00,  //........%@*......
0x00,0x00,0xb0,0x00,0x00,  //........#@*......
0x2f,0xff,0xff,0xff,0xc0,  //.#@@@@@@@@@@@@@@@
0x3f,0xff,0xff,0xff,0xc0,  //.@@@@@@@@@@@@@@@@
0x00,0x02,0xf8,0x00,0x00,  //.......#@@%......
0x00,0x07,0xad,0x00,0x00,  //......%@##@*.....
0x00,0x1f,0x0b,0x00,0x00,  //.....*@@++#@*....
0x00,0x7d,0x07,0x90,0x00,  //....%@@*..*@#*...
0x02,0xf4,0x01,0xf4,0x00,  //..+%@@*....*@@*..
0x1b,0x80,0x00,0x7e,0x00,  //.*#@#*......*@@#+
0x7d,0x00,0x00,0x0b,0x80,  //%@@%.........*#@#
0x10,0x00,0x00,0x01,0x00,  //.**............*.


/* 刚 */
0x00,0x00,0x00,0x00,0xa0,  //................%%
0x07,0xff,0xf8,0x00,0xe0,  //..%@@@@@@@#.....@%
0x0e,0xaa,0xac,0x70,0xe0,  //..@#%%%%%#@**@**@%
0x0d,0x00,0x2c,0x70,0xd0,  //.*@%.....%@.%@**@*
0x0e,0x81,0x6c,0xb1,0xd0,  //.*@#%..%%%@.%@.*@*
0x1d,0xd3,0x68,0xb1,0xc0,  //.*@*@**@*##.#@.%@*
0x1c,0xa6,0x38,0xe2,0xc0,  //.*@*##%#.@%.@%.%@+
0x2c,0x7d,0x38,0xe2,0xc0,  //.%@.*@@*+@%.@%.#@.
0x2c,0x38,0x34,0xd3,0x80,  //.%@..@#.*@**@*.@#.
0x28,0x38,0x74,0xd3,0x80,  //.##.+@#.*@**@*.@%.
0x38,0xbd,0x71,0xc3,0x80,  //.@%.%@@**@**@**@%.
0x35,0xda,0x71,0xc3,0x40,  //+@%*@*#%%@**@**@*.
0x3a,0x87,0xb2,0xc7,0x40,  //*@%##.%@#@.%@.*@*.
0x35,0x01,0xb0,0x07,0x00,  //*@**+.+*#@....*@*.
0x70,0x00,0xe0,0x0b,0x00,  //*@*.....@#.+..%@*.
0x70,0x29,0xe2,0x9b,0x00,  //%@+..%%*@%.%#%#@..
0xb0,0x2f,0xd1,0xfe,0x00,  //%@...%@@@*.*@@@#..


/* 到 */
0x00,0x00,0x00,0x00,0x90,  //...............+%%
0x1a,0xaa,0xa4,0x00,0xd0,  //.*%%%%%%%%*....*@%
0x1a,0xfa,0xa0,0x91,0xd0,  //.*%%@@%%%%*.%%.*@*
0x01,0xe0,0x00,0xe1,0xd0,  //...*@%.*+..*@%.*@*
0x02,0x82,0x80,0xd2,0xc0,  //..+##..##..*@*.%@*
0x0b,0x01,0xd1,0xd2,0xc0,  //..#@*..*@*.*@*.%@+
0x1e,0xab,0xe1,0xc2,0xc0,  //.%@#%%#@@%.*@*.#@.
0x1f,0xa9,0xb2,0xc3,0x80,  //.%@@#%%*#@.%@*.@#.
0x00,0x64,0x02,0xc3,0x80,  //....*%*.+*.%@.+@%.
0x00,0x70,0x02,0xc3,0x80,  //....*@*....#@.*@%.
0x2a,0xba,0x83,0x87,0x40,  //.%%%#@#%%*.@#.*@*.
0x3f,0xff,0xc3,0x87,0x40,  //.@@@@@@@@*+@%.*@*.
0x00,0xb0,0x03,0x47,0x00,  //....#@....*@%.%@*.
0x00,0xe0,0x00,0x0b,0x00,  //....@#........%@*.
0x00,0xe6,0x90,0x0b,0x00,  //...+@#%%#*....#@..
0x6f,0xff,0x83,0x9f,0x00,  //%#@@@@@@#+.@#%@@..
0xe9,0x40,0x02,0xfe,0x00,  //@%%***+...+#@@@%..


/* 制 */
0x00,0x24,0x00,0x02,0x40,  //.+*+.%%.......+%*
0x2c,0x34,0x00,0x03,0x40,  //.%@+*@%.......*@*
0x3e,0xba,0x92,0xc7,0x40,  //.@@%#@#%%%.%@.*@*
0x3f,0xff,0xe2,0x87,0x00,  //*@@@@@@@@%.##.*@*
0x00,0x70,0x03,0x8b,0x00,  //....*@*....@%.%@+
0x00,0xb4,0x03,0x4b,0x00,  //****#@***+.@%.%@.
0xff,0xff,0xe3,0x4b,0x00,  //@@@@@@@@@%*@*.#@.
0x55,0xe5,0x43,0x4e,0x00,  //****@#*****@*.@%.
0x00,0xe0,0x07,0x0e,0x00,  //....@%....*@*+@%.
0x3f,0xff,0x87,0x0d,0x00,  //*@@@@@@@#.%@+*@%.
0xb5,0xe6,0xcb,0x1d,0x00,  //%@*%@%*%@+%@.*@*.
0xa1,0xd2,0xcb,0x1d,0x00,  //##.*@*.%@.%@.*@*.
0xe1,0xc2,0x8e,0x1c,0x00,  //@%.*@*.%#.@%.%@*.
0xe1,0xc2,0x80,0x2c,0x00,  //@%.%@*.#%....%@+.
0xd2,0xcb,0x80,0x2c,0x00,  //@*.%@*#@%....#@..
0x42,0xca,0x06,0x78,0x00,  //**.#@+%%+.%#%@#..
0x03,0x80,0x07,0xf8,0x00,  //...@#.....%@@@%..


/* 力 */
0x00,0x00,0x90,0x00,0x00,  //.......+%%.......
0x00,0x01,0xd0,0x00,0x00,  //.......*@%.......
0x00,0x01,0xd0,0x00,0x00,  //.......*@*.......
0x06,0xaa,0xea,0xa9,0x00,  //..%%%%%#@#%%%%%%.
0x0b,0xff,0xff,0xff,0x40,  //..#@@@@@@@@@@@@@%
0x00,0x03,0xc0,0x07,0x40,  //..*****@@*****%@%
0x00,0x03,0x80,0x07,0x40,  //......+@#.....*@*
0x00,0x07,0x80,0x0b,0x40,  //......*@%.....%@*
0x00,0x0b,0x40,0x0b,0x00,  //......%@*.....%@*
0x00,0x0f,0x00,0x0b,0x00,  //.....+@@......#@+
0x00,0x1e,0x00,0x0f,0x00,  //.....*@%......@@.
0x00,0x2c,0x00,0x0e,0x00,  //....+#@*.....+@#.
0x00,0xb8,0x00,0x0e,0x00,  //....%@%......*@%.
0x01,0xe0,0x00,0x1d,0x00,  //...*@#+......*@%.
0x07,0xc0,0x10,0x2d,0x00,  //..*@@*...%*..%@*.
0x1f,0x40,0x3f,0xbc,0x00,  //.*@@*....@@@%@@*.
0x3d,0x00,0x1b,0xf8,0x00,  //+@@%.....%#@@@#..
0x04,0x00,0x00,0x00,0x00,  //.+*.........**...


/* 发 */
0x00,0x00,0x64,0x00,0x00,  //........*%*.+*....
0x01,0xd0,0xb0,0x78,0x00,  //...*@%..#@*.*@%...
0x02,0xc0,0xf0,0x2d,0x00,  //...#@*.+@@...%@*..
0x03,0x81,0xe0,0x05,0x00,  //..+@#..*@%...+**..
0x07,0xaa,0xea,0xaa,0x90,  //..%@#%%#@#%%%%%%%%
0x0b,0xff,0xff,0xff,0xd0,  //..%@@@@@@@@@@@@@@*
0x00,0x0b,0x40,0x00,0x00,  //...***%@%********+
0x00,0x0f,0x00,0x00,0x00,  //.....+@@+.........
0x00,0x1f,0xff,0xf8,0x00,  //.....%@@@@@@@@#+..
0x00,0x3f,0xff,0xfd,0x00,  //....+@@@@@@@@@@*..
0x00,0xbb,0x40,0x3c,0x00,  //....%@#@*...+@@*..
0x00,0xe2,0xd0,0xb8,0x00,  //...*@#+#@*..#@%...
0x02,0xd0,0xb6,0xe0,0x00,  //...#@*.+#@*#@#....
0x07,0x80,0x2f,0x80,0x00,  //..%@%...+#@@#.....
0x0e,0x00,0xbf,0x80,0x00,  //.*@#+..*%@@@#*....
0x2c,0x1b,0xe6,0xf8,0x00,  //+#@*+*#@@#*%@@%*..
0xb4,0xbe,0x40,0x6f,0x80,  //#@*.#@@#*...*#@@%.
0x00,0x10,0x00,0x06,0x00,  //.+..**+.......*%..


/* 吧 */
0x05,0x50,0x2a,0xaa,0x80,  //..*****.+%%%%%%%%+
0x0f,0xfc,0x7f,0xff,0xd0,  //.+@@@@@.%@@@@@@@@*
0x1d,0x2c,0xb0,0xe1,0xd0,  //.*@**%@.%@+.@%.*@*
0x1c,0x2c,0xb0,0xd1,0xc0,  //.*@*.%@.%@..@%.*@*
0x2c,0x28,0xe0,0xd1,0xc0,  //.%@+.#%.@#.*@*.%@*
0x2c,0x38,0xe0,0xd2,0xc0,  //.%@..@%.@%.*@*.%@.
0x28,0x34,0xe1,0xc2,0xc0,  //.##.+@%*@%.*@*.#@.
0x38,0x34,0xea,0xeb,0x80,  //.@%.*@**@#%#@#%@#.
0x38,0x75,0xff,0xff,0x80,  //+@%.*@**@@@@@@@@%.
0x34,0x71,0xc0,0x00,0x00,  //*@*.*@**@*........
0x74,0x72,0xc0,0x00,0x00,  //*@*.%@+%@+........
0x74,0xb2,0xc0,0x00,0x00,  //*@**#@.%@.........
0x7f,0xe2,0xc0,0x00,0x00,  //%@@@@#.#@.........
0x55,0x53,0x80,0x00,0x00,  //******.@%.......*+
0x00,0x03,0xea,0xab,0xc0,  //.......@@%%%%%#@@*
0x00,0x02,0xff,0xfe,0x80,  //.......%@@@@@@@#%+


/* 听 */
0x1a,0xa0,0x16,0xbf,0x40,  //.*%%%%+.+*%%#@@@*
0x3f,0xf4,0xbf,0xe9,0x00,  //.@@@@@*.#@@@@#%%+
0x38,0x34,0xf0,0x00,0x00,  //+@%.*@*.@@*+.....
0x34,0x74,0xe0,0x00,0x00,  //*@%.*@*.@#.......
0x74,0x70,0xe0,0x00,0x00,  //*@*.*@**@%.......
0x70,0xb0,0xe5,0x55,0x40,  //*@*.%@**@#*******
0x70,0xb1,0xff,0xff,0x40,  //%@*.%@.*@@@@@@@@%
0xb0,0xb1,0xd0,0x74,0x00,  //%@+.#@.*@%**%@%*+
0xb0,0xe2,0xc0,0xb0,0x00,  //#@..@%.%@*..%@*..
0xe0,0xe2,0xc0,0xb0,0x00,  //@#..@%.#@+..%@*..
0xe0,0xd3,0xc0,0xb0,0x00,  //@%.*@%.@@...#@...
0xd0,0xd3,0x80,0xf0,0x00,  //@%.*@**@%...@@...
0xff,0xc7,0x40,0xe0,0x00,  //@@@@@*%@*...@#...
0xaa,0x8b,0x00,0xe0,0x00,  //%%%%%+#@+..*@%...
0x00,0x1e,0x00,0xe0,0x00,  //.....*@#...*@%...
0x00,0x2d,0x01,0xd0,0x00,  //.....#@*...*@*...
0x00,0x04,0x00,0x40,0x00,  //.....+*....***...


/* 呢 */
0x06,0xa4,0x7f,0xff,0xd0,  //..*%%%*.%@@@@@@@@*
0x0f,0xfc,0xba,0xaa,0xd0,  //.+@@@@@.#@%%%%%#@*
0x0d,0x2c,0xf0,0x01,0xd0,  //.*@*.#@.@@.....*@*
0x1d,0x38,0xe0,0x02,0xc0,  //.*@*.@#.@#.....%@*
0x1c,0x38,0xea,0xaa,0xc0,  //.*@*.@%*@#%%%%%#@+
0x2c,0x34,0xff,0xff,0xc0,  //.%@+*@%*@@@@@@@@@.
0x2c,0x35,0xd0,0x00,0x00,  //.%@.*@**@*.*+.....
0x28,0x75,0xd3,0x40,0x00,  //.##.*@**@**@*.....
0x38,0x72,0xc7,0x41,0x40,  //.@%.*@*%@**@*..*%.
0x38,0xb2,0xc7,0x6f,0x40,  //+@%.%@+#@.*@%%@@*.
0x34,0xb3,0xcb,0xf9,0x00,  //*@*.%@.@@.%@@@%*..
0x74,0xa3,0x8b,0x00,0x00,  //*@*.##+@%.%@*.....
0x7f,0xe7,0x4b,0x00,0x00,  //*@@@@%*@*.#@......
0x6a,0x9b,0x0e,0x00,0x00,  //*%%%%%#@+.@#....+.
0x00,0x0e,0x0e,0x56,0xc0,  //.....+@#..@#***%@.
0x00,0x2d,0x0b,0xff,0x80,  //.....%@*..#@@@@@%.


/* 命 */
0x00,0x06,0xaa,0x40,0x00,  //......*%%%%%%+....
0x00,0x1f,0xff,0xe0,0x00,  //.....%@@@@@@@#....
0x00,0x7d,0x00,0xb8,0x00,  //....%@@*****%@%...
0x01,0xf4,0x00,0x2d,0x00,  //...%@@*......#@*..
0x07,0x95,0x55,0x5f,0x00,  //..%@#%********@@*.
0x1e,0x1f,0xff,0xc7,0x80,  //.%@#+*@@@@@@@**@#+
0x68,0x00,0x00,0x02,0x90,  //*%#+.+*******..%%%
0x00,0x00,0x00,0x00,0x00,  //...........****...
0x07,0xfe,0x0b,0xfe,0x00,  //..%@@@@#.+#@@@@#+.
0x0e,0x5b,0x0e,0x5b,0x00,  //..@#**#@**@%**%@*.
0x0d,0x0b,0x1d,0x0b,0x00,  //.*@%..%@.*@*..%@+.
0x0d,0x0b,0x1c,0x0b,0x00,  //.*@*..#@.%@*..%@..
0x1c,0x0e,0x2c,0x0a,0x00,  //.*@*..@#.%@+..##..
0x1c,0x0e,0x2c,0x0e,0x00,  //.%@*..@%.%@.*.@%..
0x2f,0xfd,0x38,0xfd,0x00,  //.%@@@@@%.@#.@@@%..
0x15,0x54,0x38,0x64,0x00,  //.*******.@%.*%%...
0x00,0x00,0x34,0x00,0x00,  //........*@%.......


/* 和 */
0x06,0xaf,0xc1,0x55,0x00,  //..%%%#@@@*.******
0x0f,0xfa,0x47,0xff,0xc0,  //.*@@@@#%*.*@@@@@@
0x00,0x38,0x0b,0x56,0xc0,  //..*.*@%...%@***#@
0x00,0x34,0x0b,0x02,0xc0,  //....*@%...#@...%@
0x15,0xb9,0x4e,0x02,0xc0,  //.***%@%**.@#...%@
0x2f,0xff,0xce,0x03,0xc0,  //.#@@@@@@@.@%...@@
0x01,0xf4,0x0d,0x03,0x80,  //.***@@%***@%...@%
0x02,0xfc,0x0d,0x03,0x80,  //...#@@@+.*@*..+@%
0x07,0xfa,0x1d,0x03,0x40,  //..%@@@##.*@*..*@%
0x0e,0xf7,0x9c,0x07,0x40,  //.*@#@@*@%*@*..*@*
0x2c,0xe2,0x2c,0x07,0x00,  //.#@*@%.%*%@+..*@*
0xb4,0xe0,0x2c,0x07,0x00,  //#@**@%...%@...%@*
0x60,0xd0,0x3c,0x0b,0x00,  //*%.*@%...@@...%@+
0x01,0xd0,0x38,0x0b,0x00,  //...*@*...@#***#@.
0x01,0xd0,0x3f,0xfe,0x00,  //...*@*..+@@@@@@#.
0x01,0xc0,0x15,0x55,0x00,  //...%@*..+*******.


/* 啊 */
0x06,0x42,0xf9,0xaa,0xa0,  //..*%%*.#@@#*%%%%%%
0x0f,0xe3,0xa9,0xff,0xf0,  //.*@@@#*@###%@@@@@@
0x1d,0xa7,0x24,0x00,0xd0,  //.*@*##*@+#%....*@*
0x1c,0xa7,0x34,0x01,0xc0,  //.*@.#%*@.@*.**.*@*
0x2c,0xd6,0x72,0xf9,0xc0,  //.%@.@%%#*@.%@@%*@+
0x28,0xda,0x62,0x69,0xc0,  //.%%.@*%%%%.#%%%%@.
0x28,0xda,0x63,0x6a,0xc0,  //.#%*@*#%%#.@*%%%@.
0x34,0xcd,0x33,0x26,0x80,  //.@**@*@**@+@*%*#%.
0x35,0xcd,0x37,0x37,0x80,  //+@**@*@*.@*@+@*@%.
0x31,0xcc,0x37,0x37,0x40,  //*@**@*@*.@*@.@*@*.
0x32,0x8d,0x3b,0x77,0x40,  //*@*%#*@*+@%@*@*@*.
0x72,0x9e,0xf7,0xf7,0x00,  //*@+%%*@%@@%@@@*@*.
0x7f,0x9c,0x40,0x07,0x00,  //%@@@%%@***....*@*.
0x6a,0x68,0x00,0x07,0x00,  //%%%%*%#.......*@+.
0x00,0x28,0x00,0x9b,0x00,  //.....%%.....#%#@..
0x00,0x34,0x00,0xbe,0x00,  //.....@%....+#@@#..


/* 在 */
0x00,0x00,0xa0,0x00,0x00,  //.......+%%........
0x00,0x01,0xd0,0x00,0x00,  //.......%@%........
0x0a,0xab,0xea,0xaa,0x90,  //.+%%%%%@@#%%%%%%%%
0x0f,0xff,0xff,0xff,0xd0,  //.*@@@@@@@@@@@@@@@%
0x00,0x2e,0x00,0x00,0x00,  //.+***%@#*********+
0x00,0x3c,0x02,0x80,0x00,  //....*@@*...%%.....
0x00,0xb4,0x03,0x80,0x00,  //...+#@*...*@%.....
0x02,0xe0,0x03,0x80,0x00,  //..+#@%....*@%.....
0x0b,0xd1,0x5b,0x95,0x00,  //.+#@@*+***%@#****.
0x2f,0xc7,0xff,0xff,0x40,  //*#@@@**@@@@@@@@@*.
0xba,0xc0,0x0b,0x40,0x00,  //%@##@++***%@%***+.
0x13,0xc0,0x0b,0x00,0x00,  //.*.@@.....%@*.....
0x03,0xc0,0x0b,0x00,0x00,  //...@@.....%@*.....
0x03,0x80,0x0f,0x00,0x00,  //..+@%.....@@......
0x03,0x80,0x0f,0x00,0x00,  //..*@%.....@@......
0x07,0x5f,0xff,0xff,0xc0,  //..*@%*@@@@@@@@@@@.
0x07,0x5f,0xff,0xff,0x80,  //..*@*%@@@@@@@@@@#.


/* 多 */
0x00,0x02,0x90,0x00,0x00,  //.......%%*.......
0x00,0x0b,0xea,0xa9,0x00,  //.....+#@@%%%%%%*.
0x00,0x2f,0xff,0xff,0x40,  //....+#@@@@@@@@@@*
0x01,0xf8,0x00,0x2e,0x00,  //...*@@#+....+#@#+
0x07,0x9e,0x41,0xb8,0x00,  //..%@#%@#*..*#@#+.
0x05,0x02,0xeb,0x90,0x00,  //.***..*#@##@#*...
0x00,0x06,0xf9,0x00,0x00,  //....+*%#@@#*.....
0x1a,0xff,0x90,0x00,0x00,  //.*%#@@@@#*.......
0x1e,0x96,0xe5,0x55,0x00,  //.*@#%**#@#******.
0x00,0x1f,0xff,0xff,0x40,  //..+..*@@@@@@@@@@*
0x00,0x78,0x00,0x1f,0x00,  //....%@#******%@@*
0x02,0xfd,0x00,0x7d,0x00,  //...%@@@*....*@@%.
0x0b,0x4b,0x82,0xf4,0x00,  //.+#@%+%@#+*%@@*..
0x00,0x01,0xff,0x80,0x00,  //.**+...*@@@@#*...
0x00,0x06,0xf9,0x00,0x00,  //.....+%#@@#*.....
0x06,0xbf,0x80,0x00,0x00,  //.**%#@@@%*.......
0x7f,0x94,0x00,0x00,0x00,  //%@@@#%*..........
0x14,0x00,0x00,0x00,0x00,  //.**+.............


/* 好 */
0x01,0x80,0x00,0x00,0x00,  //...*%*............
0x02,0xc0,0x1a,0xaa,0x40,  //...%@*...%%%%%%%%.
0x02,0xc0,0x2f,0xff,0xc0,  //...#@....%@@@@@@@*
0x2b,0xa9,0x00,0x07,0x80,  //.%%@#%%*......%@#.
0x3f,0xff,0x00,0x1e,0x00,  //.@@@@@@@.....*@#..
0x0b,0x0f,0x00,0x78,0x00,  //..%@+.@@....*@#+..
0x0a,0x0e,0x00,0xb0,0x00,  //..##.+@#....%@*...
0x0d,0x1d,0x00,0xb0,0x00,  //.*@%.*@%****#@****
0x1c,0x1c,0xff,0xff,0xe0,  //.%@*.%@*@@@@@@@@@#
0x2c,0x38,0x55,0xe5,0x50,  //.#@..@#.***%@#****
0x1e,0x74,0x00,0xe0,0x00,  //.%@#%@%....*@%....
0x07,0xf0,0x01,0xd0,0x00,  //..%@@@+....*@%....
0x02,0xe0,0x01,0xd0,0x00,  //...#@#.....*@*....
0x03,0xf8,0x01,0xd0,0x00,  //..*@@@#....%@*....
0x0b,0x6e,0x02,0xc0,0x00,  //.+#@*#@#...%@*....
0x2d,0x08,0x66,0xc0,0x00,  //+#@%..%+*#%#@+....
0xb4,0x00,0x7f,0x80,0x00,  //#@%.....*@@@#.....
0x10,0x00,0x01,0x00,0x00,  //.*.......+**+.....


/* 字 */
0x00,0x00,0x90,0x00,0x00,  //.......*%%.......
0x00,0x01,0xf0,0x00,0x00,  //..+*****@@*****+.
0x1f,0xff,0xff,0xff,0x00,  //.%@@@@@@@@@@@@@@*
0x3e,0xaa,0xaa,0xab,0x40,  //.@@%%%%%%%%%%%#@%
0x38,0x00,0x00,0x07,0x40,  //+@#...........*@*
0x38,0x55,0x55,0x47,0x40,  //*@%.*********.%@*
0x00,0xff,0xff,0xd0,0x00,  //.*+*@@@@@@@@@*+*.
0x00,0x00,0x1f,0x80,0x00,  //....******@@#....
0x00,0x00,0x7d,0x00,0x00,  //........*@@*.....
0x00,0x01,0xf4,0x00,0x00,  //+*******@@******+
0xbf,0xff,0xff,0xff,0x40,  //#@@@@@@@@@@@@@@@*
0xaa,0xaa,0xea,0xaa,0x00,  //%%%%%%%#@#%%%%%%*
0x00,0x02,0xc0,0x00,0x00,  //.......%@*.......
0x00,0x02,0xc0,0x00,0x00,  //.......#@+.......
0x00,0x03,0xc0,0x00,0x00,  //...++..@@........
0x00,0xe7,0x80,0x00,0x00,  //...*@#%@#........
0x00,0xbf,0x80,0x00,0x00,  //...*#@@@%........
0x00,0x05,0x00,0x00,0x00,  //.....***+........


/* 少 */
0x00,0x00,0x28,0x00,0x00,  //.........%%+......
0x00,0x00,0x3c,0x00,0x00,  //.........@@.......
0x00,0x00,0x3c,0x00,0x00,  //....+*+.*@@..*+...
0x00,0x74,0x38,0x2c,0x00,  //....%@*.*@%..#@+..
0x00,0xf0,0x78,0x1d,0x00,  //...+@@..*@%..%@*..
0x01,0xd0,0x74,0x0e,0x00,  //...%@%..*@%..+@#..
0x02,0xc0,0xb4,0x0b,0x00,  //...#@+..%@*...#@*.
0x07,0x80,0xb0,0x07,0x80,  //..*@%...%@*...*@%.
0x0b,0x40,0xf0,0x03,0xc0,  //..#@*...@@*..**@@+
0x1e,0x00,0xf0,0xb9,0x40,  //.*@#....@@..%@%***
0x00,0x00,0xf1,0xe0,0x00,  //.+*+...*@@.*@#....
0x00,0x00,0x07,0x80,0x00,  //..........%@#+....
0x00,0x00,0x2e,0x00,0x00,  //........+%@#+.....
0x00,0x01,0xb8,0x00,0x00,  //......+*#@#+......
0x00,0x6f,0xd0,0x00,0x00,  //....*%@@@%........
0x1b,0xfd,0x00,0x00,0x00,  //+*%@@@@%+.........
0x7f,0x90,0x00,0x00,0x00,  //*@@@#*............
0x14,0x00,0x00,0x00,0x00,  //.%*+..............


/* 已 */
0x3f,0xff,0xff,0xe0,  //+@@@@@@@@@@@@%.
0x3f,0xff,0xff,0xf0,  //*@@@@@@@@@@@@@+
0x00,0x00,0x00,0xf0,  //...........+@@.
0x00,0x00,0x00,0xe0,  //...........*@#.
0x14,0x00,0x01,0xe0,  //.**+.......*@%.
0x3c,0x00,0x01,0xe0,  //.@@+.......*@%.
0x3e,0xaa,0xaa,0xd0,  //.@@%%%%%%%%#@*.
0x3f,0xff,0xff,0xd0,  //+@@@@@@@@@@@@*.
0x38,0x00,0x00,0x00,  //*@#**********..
0x78,0x00,0x00,0x00,  //*@%............
0x74,0x00,0x00,0x00,  //*@*............
0x74,0x00,0x00,0x00,  //%@*............
0xb0,0x00,0x00,0x00,  //%@*............
0xb0,0x00,0x00,0x14,  //#@*.........***
0xff,0xff,0xff,0xf4,  //@@@@@@@@@@@@@@*
0x7f,0xff,0xfe,0x90,  //*@@@@@@@@@@#%%+


/* 度 */
0x00,0x00,0x1e,0x00,0x00,  //.........*@%......
0x00,0x55,0x5f,0x55,0x50,  //...******%@@******
0x02,0xff,0xff,0xff,0xe0,  //...#@@@@@@@@@@@@@%
0x03,0x81,0x90,0x19,0x00,  //..*@#***%****%%**+
0x03,0x96,0xd5,0x6d,0x40,  //..*@%**%@%***#@%*+
0x07,0x6f,0xff,0xff,0xc0,  //..*@%#@@@@@@@@@@@+
0x07,0x42,0xc0,0x38,0x00,  //..*@***#@****@#**.
0x07,0x43,0xd5,0x78,0x00,  //..%@*..@@****@%...
0x0b,0x03,0xff,0xf8,0x00,  //..%@*..@@@@@@@%...
0x0b,0x00,0x00,0x00,0x00,  //..#@++********+...
0x0f,0x2f,0xff,0xfd,0x00,  //..@@.%@@@@@@@@@*..
0x0e,0x1b,0x95,0x7d,0x00,  //.*@#.*%@#***%@@*..
0x1d,0x02,0xd0,0xb4,0x00,  //.*@%...#@*.+#@%...
0x2d,0x00,0xbb,0xd0,0x00,  //.%@*....#@%@@%....
0x2c,0x00,0xbf,0x80,0x00,  //.#@....*%@@@%+....
0x78,0x1b,0xe6,0xf9,0x00,  //*@%.*%#@@#*#@@%*+.
0xb1,0xf9,0x00,0x6f,0x80,  //#@**@@#%+...*#@@#.
0x10,0x00,0x00,0x01,0x00,  //+*..*+........+*+.


/* 开 */
0x1a,0xaa,0xaa,0xaa,  //.*%%%%%%%%%%%%%%
0x1f,0xff,0xff,0xfe,  //.%@@@@@@@@@@@@@#
0x00,0xb0,0x07,0x40,  //....%@*...*@%...
0x00,0xf0,0x07,0x40,  //....@@+...*@*...
0x00,0xf0,0x07,0x40,  //....@@....%@*...
0x00,0xe0,0x0b,0x00,  //...+@#....%@*...
0xaa,0xea,0xab,0xaa,  //%%%#@#%%%%#@#%%%
0xff,0xff,0xff,0xff,  //@@@@@@@@@@@@@@@@
0x01,0xd0,0x0f,0x00,  //***%@%****@@****
0x02,0xc0,0x0f,0x00,  //...%@*....@@....
0x02,0xc0,0x0e,0x00,  //...#@....*@#....
0x07,0x80,0x0e,0x00,  //..*@%....*@%....
0x0b,0x40,0x1e,0x00,  //..%@*....*@%....
0x1e,0x00,0x1d,0x00,  //.*@#.....*@*....
0x2d,0x00,0x1d,0x00,  //.#@*.....*@*....
0xb8,0x00,0x2d,0x00,  //%@%......%@*....


/* 您 */
0x00,0x28,0x28,0x00,0x00,  //....+%%..%%.......
0x00,0xb0,0x79,0x55,0x00,  //....#@*.*@#******.
0x01,0xe0,0xbf,0xff,0xd0,  //...*@%.+#@@@@@@@@*
0x03,0xd2,0xd0,0x02,0xd0,  //..*@@*.%@******%@*
0x0b,0xd7,0x82,0xc2,0x80,  //..#@@**@%..%@..##.
0x2e,0xc0,0x52,0xc1,0x00,  //.%@#@***%*.%@.**+.
0x66,0xc1,0xc3,0x8a,0x00,  //*%%%@*.*@*.@#.%#..
0x02,0xc3,0x83,0x87,0x40,  //...%@.+@%..@%.*@*.
0x03,0xcb,0x03,0x82,0x80,  //...@@.%@***@%..##.
0x03,0x85,0x3f,0x41,0x40,  //...@%.**+@@@*..**.
0x01,0x40,0x15,0x00,0x00,  //..+**....*%%+.....
0x05,0x18,0x34,0x04,0x00,  //..**.%%+*@%..**+..
0x0e,0x2c,0x28,0x0d,0x00,  //.+@%.#@..##..*@%..
0x1d,0x3c,0x1d,0x0b,0x00,  //.%@*.@@..%@*..#@..
0x38,0x38,0x00,0x07,0x40,  //+@#.+@%...*+..%@*.
0x74,0x39,0x56,0x93,0x80,  //*@%.*@#****%#*+@#.
0x00,0x2f,0xff,0x80,0x00,  //.....#@@@@@@#*....


/* 感 */
0x00,0x00,0x02,0xc6,0x00,  //...........%@.*%..
0x00,0x00,0x02,0xc7,0x40,  //...+*******#@*%@*+
0x03,0xff,0xff,0xff,0xe0,  //..+@@@@@@@@@@@@@@%
0x03,0x40,0x02,0xd0,0x00,  //..*@%******%@****+
0x07,0x5a,0xa5,0xc2,0x80,  //..*@*%%%%%%*@*.##.
0x07,0x1a,0xa5,0xc7,0x40,  //..*@*%%%%%%*@**@*.
0x0b,0x00,0x00,0xee,0x00,  //..%@++****.*@%@%..
0x0a,0x2f,0xf0,0xf8,0x00,  //..##.#@@@@*.@@#+..
0x0d,0x34,0x70,0xf0,0x00,  //.*@%+@*.*@*+@@+..+
0x1d,0x39,0xb6,0xf5,0x80,  //.%@**@%*%@%#@@%*#*
0x38,0x7f,0xfa,0x2f,0x80,  //+@#.*@@@@@%#*#@@#+
0x14,0x00,0x00,0x05,0x00,  //+**..+*.+*+..+**..
0x0e,0x2c,0x34,0x1d,0x00,  //..@#.#@.+@%..%@*..
0x1d,0x38,0x2c,0x0e,0x00,  //.*@*.@#..%@+.+@%..
0x28,0x38,0x00,0x0b,0x00,  //.##.+@%..+*+..%@*.
0x74,0x39,0x55,0x87,0x40,  //*@%.*@#****%#**@%.
0x00,0x2f,0xff,0x80,0x00,  //+*...#@@@@@@#+.**.


/* 我 */
0x00,0x00,0x18,0x00,0x00,  //.......*+%%+.....
0x06,0xbf,0x2c,0x74,0x00,  //.**%%@@@*%@**@*..
0x2f,0xf9,0x2c,0x28,0x00,  //.%@@@@%*.%@*.##..
0x00,0xe0,0x2c,0x1d,0x00,  //.+*+@#...%@*.%@*.
0x00,0xe0,0x2c,0x00,0x00,  //...+@%...%@*..*+.
0x6a,0xea,0xae,0xaa,0x40,  //*%%#@#%%%#@#%%%%*
0xbf,0xff,0xff,0xff,0x40,  //%@@@@@@@@@@@@@@@*
0x01,0xd0,0x1c,0x00,0x00,  //...*@*...*@*..**.
0x01,0xc0,0x1c,0x1d,0x00,  //...%@*.++*@*.%@%.
0x02,0xeb,0x1d,0x38,0x00,  //...#@%#@.*@**@#..
0xaf,0xfa,0x1e,0xb0,0x00,  //%#@@@@#%.*@%#@+..
0xfb,0x80,0x0f,0xd0,0x00,  //@@#@#+...*@@@*...
0x03,0x80,0x1f,0x40,0x00,  //*.+@%....*@@*....
0x03,0x80,0xbf,0x00,0x00,  //..*@%..+%@@@.....
0x07,0x47,0xeb,0x42,0x00,  //..*@*+%@@%%@*.+%.
0x5b,0x4a,0x47,0xef,0x00,  //%%%@*.##*.*@@#@@.
0xbf,0x00,0x01,0xf9,0x00,  //#@@@+......%@@#*.


/* 打 */
0x00,0x24,0x00,0x00,0x00,  //....+%%...........
0x00,0x34,0x15,0x55,0x50,  //....*@*..*********
0x00,0x74,0x2f,0xff,0xf0,  //....*@*..%@@@@@@@@
0x0a,0xba,0x55,0x6d,0x50,  //.+%%#@#%*****#@%**
0x1f,0xff,0x00,0x2c,0x00,  //.*@@@@@@*....%@*..
0x00,0xb0,0x00,0x3c,0x00,  //.+**#@**.....@@...
0x00,0xf0,0x00,0x3c,0x00,  //....@@.......@@...
0x00,0xe1,0x00,0x38,0x00,  //....@#+*....+@#...
0x01,0xfe,0x00,0x38,0x00,  //...*@@@#....*@%...
0x2f,0xf9,0x00,0x74,0x00,  //.#@@@@#*....*@%...
0x3a,0xd0,0x00,0x74,0x00,  //+@##@*......*@*...
0x01,0xd0,0x00,0x74,0x00,  //.+.*@*......%@*...
0x02,0xc0,0x00,0xb0,0x00,  //...%@*......%@*...
0x02,0xc0,0x00,0xb0,0x00,  //...%@+......%@+...
0x03,0xc0,0x00,0xf0,0x00,  //+..@@...*+..@@....
0x7b,0x80,0x7a,0xf0,0x00,  //*@%@#...*@#%@@....
0x6f,0x40,0x6f,0xe0,0x00,  //*#@@%...*#@@@%....


/* 把 */
0x00,0x60,0x00,0x00,0x00,  //....%%............
0x00,0xf0,0x2a,0xaa,0x80,  //....@@..+%%%%%%%%+
0x00,0xe0,0x7f,0xff,0xd0,  //....@%..%@@@@@@@@*
0x1a,0xe8,0xb0,0xe1,0xd0,  //.*%#@#%+%@+.@%.*@*
0x2f,0xfc,0xb0,0xd1,0xc0,  //.%@@@@@+%@..@%.*@*
0x01,0xd0,0xe0,0xd1,0xc0,  //.+*%@%*.@#.*@*.%@*
0x01,0xc0,0xe0,0xd2,0xc0,  //...*@*..@%.*@*.%@.
0x02,0xd4,0xe1,0xc2,0xc0,  //...%@***@%.*@*.#@.
0x02,0xf8,0xea,0xeb,0x80,  //..+#@@%*@#%#@#%@#.
0x2f,0xe5,0xff,0xff,0x80,  //+#@@@#**@@@@@@@@%.
0x7b,0x81,0xc0,0x00,0x00,  //*@#@#..*@*........
0x03,0x82,0xc0,0x00,0x00,  //++*@%..%@*........
0x03,0x42,0xc0,0x00,0x00,  //..*@%..%@.........
0x07,0x42,0xc0,0x00,0x00,  //..*@*..#@.........
0x07,0x43,0x80,0x00,0x00,  //..*@*..@%.......++
0xab,0x03,0xaa,0xaa,0xc0,  //%%#@*..@#%%%%%%#@*
0xbe,0x02,0xff,0xff,0x80,  //%@@#...#@@@@@@@@%.


/* 持 */
0x00,0x90,0x00,0xa0,0x00,  //....%%......%%....
0x00,0xe0,0x00,0xe0,0x00,  //...+@%......@%....
0x00,0xe0,0x6a,0xea,0x80,  //...*@%..%%%#@#%%%*
0x1a,0xe8,0xbf,0xff,0xc0,  //.%%#@#%*#@@@@@@@@*
0x2f,0xfc,0x01,0xd0,0x00,  //.#@@@@@*...*@*....
0x01,0xc0,0x01,0xc0,0x00,  //...%@*.....*@*....
0x02,0xc2,0xff,0xff,0xe0,  //...%@*.%@@@@@@@@@%
0x02,0xc2,0xaa,0xae,0x90,  //...#@+*%%%%%%#@#%%
0x03,0xf8,0x00,0x0d,0x00,  //..+@@@%......*@*..
0x2f,0xe1,0x55,0x6e,0x40,  //*#@@@#*******%@%**
0x6b,0x83,0xff,0xff,0xc0,  //*##@%..@@@@@@@@@@*
0x03,0x40,0x50,0x2d,0x00,  //..*@%..******#@**.
0x07,0x40,0x70,0x2c,0x00,  //..*@*...%@*..%@...
0x07,0x00,0x34,0x2c,0x00,  //..*@*...*@%..#@...
0x0b,0x00,0x14,0x38,0x00,  //..%@*....**..@%...
0xab,0x00,0x09,0x38,0x00,  //%%#@+....*%**@%...
0xbe,0x00,0x0f,0xf4,0x00,  //#@@#.....*@@@@%...
0x00,0x00,0x01,0x50,0x00,  //.+*+......+***....


/* 按 */
0x00,0x90,0x01,0x80,0x00,  //....%%.....*%+....
0x00,0xe0,0x01,0xd0,0x00,  //....@%.....*@%....
0x00,0xd0,0xbf,0xff,0xd0,  //...*@%.+#@@@@@@@@*
0x15,0xe5,0xea,0xaa,0xe0,  //.**%@%**@#%%%%%%@%
0x2f,0xf9,0xc0,0x00,0xd0,  //.%@@@@%%@+.*+..+@%
0x02,0xd1,0x87,0x00,0x90,  //.**%@*+%%.%@*..+%*
0x02,0xc0,0x0a,0x00,0x00,  //...%@+....##......
0x02,0xc2,0xae,0xaa,0x80,  //...%@+*%%#@#%%%%%*
0x03,0xf6,0xba,0xae,0x80,  //..+@@@*%%@#%%#@#%+
0x2f,0xe0,0x74,0x1d,0x00,  //*#@@@%+.*@*..*@*..
0x7b,0x80,0xa0,0x28,0x00,  //*@#@%...##...##...
0x03,0x40,0xe0,0x74,0x00,  //+.*@*..*@#+.*@*...
0x07,0x40,0x7d,0xa0,0x00,  //..*@*...*@@%##....
0x07,0x00,0x0b,0xd0,0x00,  //..*@*....*#@@*....
0x0b,0x00,0x1e,0xe4,0x00,  //..%@*...+%@#@#*...
0xab,0x01,0xf8,0x2e,0x00,  //%##@..+%@@%+*#@%..
0xbe,0x0f,0x80,0x0b,0x80,  //#@@#.*@@%*...+#@%.
0x00,0x00,0x00,0x01,0x00,  //.+*...*+.......*..


/* 摸 */
0x00,0x90,0x08,0x09,0x00,  //...+%*...+%*..%%..
0x00,0xd1,0x6d,0x5e,0x50,  //...*@*.**%@%**@#**
0x01,0xd2,0xff,0xff,0xe0,  //...*@*.#@@@@@@@@@#
0x1a,0xe4,0x2c,0x1d,0x00,  //.%%#@#%**%@***@%*+
0x2f,0xf8,0x14,0x04,0x00,  //.%@@@@%.********+.
0x02,0xc1,0xff,0xff,0x80,  //...%@..*@@@@@@@@#.
0x02,0x81,0xc0,0x02,0xc0,  //...##..*@*.....#@.
0x03,0x82,0xff,0xff,0x80,  //...@%**%@@@@@@@@#.
0x07,0xf6,0xd5,0x57,0x80,  //..*@@@*%@*****%@%.
0x3f,0x92,0x95,0x57,0x40,  //*@@@#%+##*****%@%.
0x6b,0x42,0xab,0xaa,0x40,  //*##@*..%%%%@#%%%*.
0x07,0x00,0x03,0x80,0x00,  //..*@*.....*@%.....
0x0b,0x0f,0xff,0xff,0xd0,  //..%@*.@@@@@@@@@@@*
0x0b,0x05,0x6f,0xd5,0x40,  //..%@..***#@@@%***+
0x0b,0x00,0x78,0xe0,0x00,  //..#@....*@#*@#+...
0x5e,0x02,0xe0,0x6d,0x00,  //%%@#..*%@#+.*#@*..
0xbd,0x1f,0x40,0x0b,0x80,  //%@@%.%@@%....+#@#+
0x04,0x04,0x00,0x01,0x00,  //.**...*+.......*+.


/* 支 */
0x00,0x00,0x24,0x00,0x00,  //........+%%......
0x00,0x00,0x78,0x00,0x00,  //........*@%......
0x05,0x55,0xb9,0x55,0x40,  //.+******%@#******
0x1f,0xff,0xff,0xff,0xc0,  //.*@@@@@@@@@@@@@@@
0x05,0x55,0xb9,0x55,0x40,  //.*******#@%******
0x00,0x00,0xb0,0x00,0x00,  //........%@*......
0x00,0x00,0xf4,0x00,0x00,  //..+*****@@****+..
0x0b,0xff,0xff,0xfd,0x00,  //..%@@@@@@@@@@@@*.
0x06,0xea,0xaa,0xbd,0x00,  //..%#@#%%%%%%#@@*.
0x00,0xb0,0x00,0x78,0x00,  //....#@*.....%@#..
0x00,0x38,0x01,0xe0,0x00,  //....*@#+...%@#+..
0x00,0x1e,0x0b,0x80,0x00,  //.....*@#+.%@#+...
0x00,0x07,0xee,0x00,0x00,  //......%@@#@#+....
0x00,0x06,0xf8,0x00,0x00,  //......*#@@#+.....
0x00,0x6f,0xaf,0x40,0x00,  //...+*#@@%#@@%+...
0x1b,0xf8,0x06,0xf9,0x00,  //.*%@@@%*..*#@@#*.
0x7e,0x40,0x00,0x6f,0x80,  //%@@#%+......*#@@#
0x10,0x00,0x00,0x06,0x00,  //.**...........*%+


/* 文 */
0x00,0x00,0x60,0x00,0x00,  //........%%*.......
0x00,0x00,0x78,0x00,0x00,  //........*@%.......
0x05,0x55,0x7d,0x55,0x50,  //..******%@@*******
0x0f,0xff,0xff,0xff,0xd0,  //.*@@@@@@@@@@@@@@@*
0x00,0xb4,0x00,0x3c,0x00,  //..**#@*******@@**+
0x00,0x78,0x00,0x74,0x00,  //....*@%.....*@%...
0x00,0x2c,0x00,0xb0,0x00,  //.....#@+....#@+...
0x00,0x1e,0x01,0xd0,0x00,  //.....*@%...%@%....
0x00,0x0b,0x03,0x80,0x00,  //......#@*.*@#.....
0x00,0x07,0x8b,0x40,0x00,  //......*@#*#@*.....
0x00,0x02,0xfd,0x00,0x00,  //.......%@@@%......
0x00,0x00,0xf8,0x00,0x00,  //.......*@@#.......
0x00,0x06,0xfd,0x00,0x00,  //......*#@@@%......
0x00,0x2f,0x8b,0x80,0x00,  //.....%@@%*#@#.....
0x01,0xbd,0x02,0xe0,0x00,  //...*#@@*..+#@#*...
0x1b,0xe0,0x00,0xbd,0x00,  //.*#@@%+.....#@@%..
0x7e,0x00,0x00,0x1f,0x80,  //%@@%*........*@@#.
0x00,0x00,0x00,0x01,0x00,  //.**...........**..


/* 新 */
0x00,0x24,0x00,0x00,0x00,  //....*%*.........+*
0x00,0x78,0x00,0x5a,0xe0,  //..***@#**+.+**%#@%
0x0f,0xff,0xe2,0xfe,0x80,  //.*@@@@@@@%.#@@@#%*
0x05,0x55,0x43,0x80,0x00,  //.+*********@#*....
0x03,0x03,0x43,0x40,0x00,  //..*@*..@%.*@*.....
0x03,0x47,0x07,0x40,0x00,  //...@%.*@+.*@*.....
0x2b,0xab,0x97,0xaa,0x90,  //.%%@#%#@%%*@#%%%%%
0x2a,0xba,0x9b,0xff,0xe0,  //+%%%#@#%%*%@@@@@@%
0x00,0xb0,0x0b,0x0b,0x00,  //....%@*...%@..%@..
0x2a,0xba,0x8b,0x0b,0x00,  //.%%%#@#%%.#@..#@..
0x3f,0xff,0xce,0x0e,0x00,  //+@@@@@@@@.@#..@%..
0x00,0xe0,0x0e,0x0e,0x00,  //.+*.@#+*.+@%..@%..
0x28,0xe3,0x5d,0x0d,0x00,  //.##.@%*@**@*.*@%..
0x74,0xe3,0x5c,0x0d,0x00,  //*@**@%.@%%@*.*@*..
0xa0,0xd2,0xac,0x1d,0x00,  //%#.*@*.###@..*@*..
0x55,0xd0,0x78,0x1c,0x00,  //***%@*.+*@%..*@*..
0x0f,0xc0,0xb0,0x1c,0x00,  //.*@@@*..%@*..%@*..
0x01,0x40,0x10,0x14,0x00,  //..***...+*...**...


/* 是 */
0x00,0xbf,0xff,0xfe,0x00,  //....#@@@@@@@@@@#.
0x00,0xe5,0x55,0x5f,0x00,  //...*@#********@@.
0x01,0xe5,0x55,0x5e,0x00,  //...*@%********@#.
0x01,0xff,0xff,0xfe,0x00,  //...*@@@@@@@@@@@%.
0x01,0xc0,0x00,0x0e,0x00,  //...%@*.......*@%.
0x02,0xff,0xff,0xfd,0x00,  //...%@@@@@@@@@@@*.
0x01,0xaa,0xaa,0xa9,0x00,  //...%%%%%%%%%%%%*.
0x00,0x00,0x00,0x00,0x00,  //.+***************
0x2f,0xff,0xff,0xff,0xc0,  //.%@@@@@@@@@@@@@@@
0x00,0x00,0xb4,0x00,0x00,  //.*******#@*******
0x02,0xc0,0xb0,0x00,0x00,  //...#@+..%@*......
0x03,0x80,0xff,0xfe,0x00,  //..+@#...@@@@@@@%.
0x07,0x80,0xf5,0x55,0x00,  //..%@#+..@@******.
0x0e,0xe0,0xe0,0x00,0x00,  //.+@#@#*+@#.......
0x2d,0x7e,0xe5,0x55,0x40,  //.#@**@@#@#*******
0x78,0x0b,0xff,0xff,0x80,  //%@%..+%@@@@@@@@@#
0x10,0x00,0x00,0x00,0x00,  //+%......+*******+


/* 有 */
0x00,0x00,0xa0,0x00,0x00,  //........%%+.......
0x00,0x01,0xe0,0x00,0x00,  //.......*@%........
0x0f,0xff,0xff,0xff,0xe0,  //.+@@@@@@@@@@@@@@@%
0x0a,0xab,0xaa,0xaa,0x90,  //.+%%%%#@#%%%%%%%%*
0x00,0x0f,0x00,0x00,0x00,  //.....+@@+.........
0x00,0x2e,0x55,0x54,0x00,  //....+#@#*******...
0x00,0xbf,0xff,0xfe,0x00,  //...+#@@@@@@@@@@%..
0x02,0xf4,0x00,0x1e,0x00,  //..+#@@********@%..
0x1b,0xf4,0x00,0x1d,0x00,  //.*#@@@********@%..
0x7d,0xff,0xff,0xfd,0x00,  //*@@*@@@@@@@@@@@*..
0x00,0xe5,0x55,0x6d,0x00,  //.**.@#*******%@*..
0x00,0xe0,0x00,0x2c,0x00,  //...*@%.......%@*..
0x00,0xff,0xff,0xfc,0x00,  //...*@@@@@@@@@@@*..
0x01,0xe5,0x55,0x6c,0x00,  //...*@%*******#@...
0x01,0xd0,0x00,0x3c,0x00,  //...*@*.......@@...
0x02,0xc0,0x09,0x38,0x00,  //...%@*....%**@#...
0x02,0xc0,0x0f,0xf8,0x00,  //...%@*...+@@@@%...


/* 板 */
0x00,0x60,0x00,0x00,0x40,  //....%%+.......+***
0x00,0xb0,0x1a,0xbf,0xc0,  //....%@...*%%#@@@@*
0x00,0xe0,0x3f,0xa9,0x40,  //....@#..+@@@#%%**.
0x05,0xe5,0x74,0x00,0x00,  //.***@#***@*.......
0x2f,0xfe,0x70,0x00,0x00,  //.%@@@@@%*@*.......
0x02,0xe0,0xb5,0x55,0x00,  //.+*#@%*+%@%******.
0x03,0xf0,0xbf,0xff,0x80,  //..+@@@+.%@@@@@@@#.
0x07,0xf4,0xae,0x03,0xc0,  //..%@@@%.##@%***@@.
0x0f,0xec,0xea,0x03,0x80,  //.*@@@#@+@%##..*@%.
0x2e,0xde,0xd7,0x0b,0x00,  //.%@#@*@%@%%@*.%@*.
0x76,0xc0,0xd3,0x8e,0x00,  //*@%%@.**@*+@%*@#..
0xa2,0xc1,0xc2,0xec,0x00,  //##.#@..*@*.#@#@*..
0x13,0x82,0xc0,0xf8,0x00,  //**.@%..%@+.*@@%...
0x03,0x83,0x81,0xf4,0x00,  //..+@%..@#..*@@%...
0x03,0x47,0x47,0xad,0x00,  //..*@%.*@%.*@##@*..
0x03,0x4b,0x1e,0x0b,0x40,  //..*@*.%@+%@#++#@*.
0x07,0x4e,0x78,0x07,0xd0,  //..*@**@%%@#+..*@@*
0x01,0x04,0x10,0x00,0x40,  //..**+.*+.*.....**.


/* 格 */
0x00,0x60,0x06,0x40,0x00,  //....%%+...*%*.....
0x00,0xb0,0x0f,0x55,0x40,  //....%@...+@@%****.
0x00,0xb0,0x1f,0xff,0xc0,  //....#@...%@@@@@@@.
0x1a,0xf9,0x38,0x0b,0x80,  //.*%%@@%*+@#***%@#.
0x2f,0xfd,0xb8,0x0f,0x00,  //.%@@@@@*#@#+.*@@*.
0x02,0xe1,0xea,0x6d,0x00,  //.+*#@#*%@%##*#@%..
0x03,0xf0,0x02,0xf4,0x00,  //..*@@@***.*#@@%...
0x0b,0xe8,0x0b,0xf8,0x00,  //..%@@##..*%@@@%+..
0x0f,0xd9,0xbe,0x2f,0x40,  //.*@@@%#%%@@#*%@@%*
0x2a,0xc1,0xe0,0x02,0xd0,  //.%##@+.*@%*...*#@%
0x76,0xc0,0x6a,0xaa,0x40,  //*@*#@...*%%%%%%%*.
0xa3,0x80,0xff,0xff,0x40,  //##.@#...@@@@@@@@*.
0x43,0x80,0xe0,0x07,0x00,  //**.@%..*@%....*@*.
0x03,0x80,0xd0,0x07,0x00,  //..*@%..*@*....%@*.
0x03,0x41,0xd0,0x0b,0x00,  //..*@*..*@*....%@+.
0x07,0x41,0xd5,0x5b,0x00,  //..*@*..*@%****#@..
0x07,0x02,0xff,0xff,0x00,  //..*@*..%@@@@@@@@..
0x05,0x00,0x00,0x00,0x00,  //..**+..+*******+..


/* 楚 */
0x00,0x18,0x00,0x24,0x00,  //.....*%+.....%%...
0x00,0x2c,0x00,0x38,0x00,  //.....%@......@%...
0x0f,0xff,0xdf,0xff,0xd0,  //..@@@@@@@*@@@@@@@*
0x05,0xbd,0x45,0xfd,0x40,  //..**#@@%***%@@@%*+
0x01,0xfe,0x02,0xfa,0x00,  //...%@@@#+..#@@##..
0x0a,0x76,0x8a,0x76,0x40,  //..%#%@%##+##%@*#%.
0x28,0x34,0x68,0x70,0xd0,  //+##+*@*+*##+%@+*@*
0x10,0x70,0x10,0xb0,0x40,  //.%+.*@*..*+.%@..*.
0x05,0x55,0x55,0x55,0x00,  //..**************+.
0x0f,0xff,0xff,0xff,0x80,  //.+@@@@@@@@@@@@@@%.
0x00,0x00,0xb0,0x07,0x40,  //..******#@*****@%.
0x02,0xc0,0xf0,0x01,0x00,  //...%@+..@@....***.
0x02,0x80,0xff,0xfc,0x00,  //...##...@@@@@@@+..
0x07,0xc0,0xea,0xa8,0x00,  //..*@@*.*@#%%%%%...
0x0a,0xe0,0xd0,0x00,0x00,  //..##@#**@*........
0x1d,0x7e,0xe5,0x55,0x40,  //.%@**@@#@%*******.
0x78,0x0b,0xff,0xff,0x80,  //*@#..*#@@@@@@@@@%.


/* 没 */
0x00,0x00,0x00,0x00,0x00,  //..*+.....+****+...
0x07,0x40,0xbf,0xfd,0x00,  //..*@%...%@@@@@@%..
0x07,0xe0,0xfa,0xae,0x00,  //..*@@#+.@@%%%#@%..
0x00,0xb0,0xe0,0x1d,0x00,  //...+%@.+@#...*@*..
0x00,0x01,0xd0,0x1d,0x00,  //.+...*.%@%...*@*..
0x18,0x02,0xc0,0x1e,0x90,  //.%#*..+#@+...*@#%%
0x1f,0x8b,0x40,0x0f,0xd0,  //.%@@%+%@%....*@@@*
0x06,0xc1,0x00,0x00,0x00,  //..*#@.+********+..
0x00,0x47,0xff,0xff,0x00,  //....*.*@@@@@@@@@*.
0x00,0x06,0xd5,0x5f,0x40,  //......*#@%***%@@*.
0x02,0x81,0xe0,0x1e,0x00,  //..+%%..*@%...%@#..
0x07,0x40,0xb4,0x78,0x00,  //..*@%...%@*.%@#+..
0x0b,0x00,0x2e,0xe0,0x00,  //..#@*....#@%@#*...
0x0e,0x00,0x1f,0xc0,0x00,  //.*@#.....*@@@+....
0x2d,0x00,0xbf,0xe0,0x00,  //.%@*...+%@@@@#+...
0x3c,0x0b,0xe4,0xbd,0x00,  //+@@+.*%@@#*.%@@%+.
0x74,0x7e,0x40,0x1b,0xd0,  //*@%.*@@#*....*#@@*
0x00,0x00,0x00,0x01,0x40,  //+*+..+*........*%.


/* 测 */
0x00,0x00,0x00,0x00,0x50,  //................**
0x09,0x0b,0xfe,0x00,0xb0,  //.*#*.+#@@@@#....%@
0x0f,0x9d,0x5b,0x2c,0xe0,  //.*@@%*@%**%@.%@.@#
0x02,0x9c,0x07,0x28,0xe0,  //..+%#*@.*+*@.#%.@%
0x00,0x18,0xda,0x38,0xd0,  //....+%#+@*%#.@%*@%
0x20,0x28,0xca,0x34,0xd0,  //*%*..%%*@*%%+@**@*
0x7d,0x28,0xcd,0x35,0xd0,  //*@@%.#%*@*@%*@**@*
0x0b,0x35,0xcd,0x71,0xc0,  //.*#@.@**@.@**@**@*
0x01,0x35,0xcd,0x72,0xc0,  //...*+@**@*@**@*%@+
0x00,0x32,0x8c,0xb2,0xc0,  //....*@*%#*@*%@.%@.
0x06,0x72,0x9c,0xb2,0xc0,  //..%%*@*#%*@+%@.#@.
0x0e,0x63,0x98,0xa3,0x80,  //..@#*%*@%*%.##.@%.
0x1d,0x07,0xc0,0xe3,0x80,  //.*@*..%@@*..@%.@%.
0x2c,0x0a,0xa0,0x03,0x40,  //.%@+..#%##....*@*.
0x38,0x1c,0x34,0x03,0x40,  //+@#..%@**@%...*@*.
0x74,0x74,0x2c,0x6b,0x00,  //*@*.*@%..%@+%%%@*.
0xb0,0xa0,0x00,0xbf,0x00,  //#@.+##...+*.%@@@+.


/* 清 */
0x00,0x00,0x01,0x80,0x00,  //..*........%%.....
0x0a,0x41,0x56,0xd5,0x50,  //..%#*.+****#@*****
0x07,0xe7,0xff,0xff,0xe0,  //..*@@%*@@@@@@@@@@%
0x00,0xa0,0x03,0x80,0x00,  //...+%%.....@%.....
0x00,0x03,0xff,0xff,0x80,  //.*...*+@@@@@@@@@#.
0x28,0x00,0x07,0x80,0x00,  //.%#*...****@%***+.
0x2f,0x4a,0xab,0xaa,0x90,  //.%@@*+%%%%#@#%%%%%
0x06,0x8a,0xaa,0xaa,0x90,  //..*#%*%%%%%%%%%%%*
0x00,0x01,0x55,0x55,0x00,  //....+..*********..
0x00,0x07,0xff,0xff,0x40,  //......*@@@@@@@@@*.
0x02,0x4b,0x00,0x03,0x40,  //..*%*.%@+.....*@*.
0x07,0x4b,0xff,0xff,0x40,  //..%@*.%@@@@@@@@@*.
0x0b,0x0e,0x00,0x07,0x00,  //..#@..@#******%@*.
0x1e,0x0e,0xaa,0xab,0x00,  //.*@%..@#%%%%%%#@*.
0x2c,0x0e,0xaa,0xab,0x00,  //.%@*.+@#%%%%%%#@+.
0x38,0x0d,0x00,0x0b,0x00,  //+@#..*@*...+*.#@..
0x74,0x1d,0x01,0xfe,0x00,  //*@%..*@*...*@@@#..
0x00,0x04,0x00,0x54,0x00,  //+*...**+...+***+..


/* 灯 */
0x00,0x60,0x00,0x00,0x00,  //....%%............
0x00,0xf0,0x15,0x55,0x50,  //....@@...*********
0x00,0xe0,0x2f,0xff,0xf0,  //....@%...%@@@@@@@@
0x24,0xe2,0x40,0x3c,0x00,  //+%*.@%.%%+***@@***
0x34,0xd3,0x40,0x3c,0x00,  //.@%*@%+@*....@@...
0x38,0xd7,0x00,0x38,0x00,  //.@%*@**@*...+@#...
0x29,0xdb,0x00,0x38,0x00,  //.##*@*%@....*@%...
0x2d,0xca,0x00,0x34,0x00,  //.%@*@*#%....*@%...
0x16,0xc4,0x00,0x74,0x00,  //.**%@***....*@*...
0x02,0xc0,0x00,0x74,0x00,  //...#@*......*@*...
0x03,0xe0,0x00,0xb0,0x00,  //..+@@#......%@*...
0x07,0xb4,0x00,0xb0,0x00,  //..*@#@*.....%@*...
0x0b,0x28,0x00,0xb0,0x00,  //..#@+##.....#@....
0x0e,0x1d,0x00,0xf0,0x00,  //.*@%.*@*....@@....
0x2c,0x0a,0x00,0xe0,0x00,  //.%@*..##...+@#....
0x78,0x00,0x3a,0xe0,0x00,  //*@%...*.*@#%@%....
0xb0,0x00,0x2f,0xd0,0x00,  //#@*.....+#@@@*....


/* 用 */
0x02,0xff,0xff,0xff,0x80,  //...#@@@@@@@@@@@@#
0x03,0x95,0x7d,0x56,0xc0,  //..*@#****@@****#@
0x03,0x80,0x38,0x03,0xc0,  //..*@%...+@%....@@
0x07,0x40,0x38,0x03,0xc0,  //..*@%...*@%....@@
0x07,0x95,0xb9,0x57,0x80,  //..*@%***%@%***%@#
0x0b,0xff,0xff,0xff,0x80,  //..%@@@@@@@@@@@@@%
0x0b,0x40,0xb4,0x07,0x80,  //..%@****#@****%@%
0x0b,0x00,0xb0,0x07,0x40,  //..#@....%@*...*@*
0x0f,0x00,0xb0,0x0b,0x40,  //..@@....#@....%@*
0x0f,0xff,0xff,0xff,0x00,  //.+@@@@@@@@@@@@@@*
0x0e,0xaa,0xea,0xaf,0x00,  //.*@#%%%#@#%%%%@@*
0x1d,0x00,0xe0,0x0f,0x00,  //.*@*...*@%....@@.
0x2c,0x01,0xd0,0x0f,0x00,  //.#@*...*@%....@@.
0x3c,0x01,0xd0,0x0e,0x00,  //+@@....*@*...*@%.
0x74,0x01,0xc1,0xae,0x00,  //%@%....%@*.*%%@%.
0xf0,0x02,0xc2,0xfd,0x00,  //@@*....%@*.%@@@*.


/* 的 */
0x00,0x60,0x02,0x80,0x00,  //....*%*....%%....
0x00,0xb0,0x07,0x80,0x00,  //....#@+...*@%....
0x01,0xe5,0x0b,0x95,0x00,  //..**@#**..%@%***+
0x0f,0xff,0x4f,0xff,0xc0,  //.+@@@@@@*+@@@@@@@
0x0d,0x07,0x5e,0x56,0xc0,  //.*@%**%@*%@%***#@
0x1d,0x07,0x2c,0x02,0xc0,  //.*@*..*@*#@+...#@
0x1c,0x07,0xb4,0x03,0xc0,  //.*@*..%@%@%....@@
0x1c,0x0b,0x09,0x03,0xc0,  //.%@*..%@..%%...@@
0x2e,0xab,0x0b,0x03,0x80,  //.%@#%%#@..%@..+@#
0x2f,0xfe,0x07,0x03,0x80,  //.%@@@@@#..*@*.*@%
0x38,0x0e,0x03,0x47,0x80,  //.@#...@%..*@%.*@%
0x38,0x0e,0x03,0x87,0x40,  //.@%...@%...@#.*@*
0x38,0x0d,0x00,0x07,0x40,  //+@%..*@%......%@*
0x34,0x0d,0x00,0x0b,0x00,  //*@*..*@*......%@*
0x79,0x6d,0x00,0x0b,0x00,  //*@%**%@*..*...#@+
0x7f,0xfc,0x0f,0xaf,0x00,  //*@@@@@@*..@@#%@@.
0x15,0x54,0x0a,0xfd,0x00,  //*******+.+%#@@@%.


/* 硬 */
0x0a,0xa9,0xbf,0xff,0xe0,  //.+%%%%%%%@@@@@@@@#
0x1f,0xfd,0x6a,0xea,0x90,  //.*@@@@@*%%%%@#%%%%
0x02,0x80,0x00,0xe0,0x00,  //...##....+**@#**..
0x07,0x40,0x7f,0xff,0xc0,  //..*@*...*@@@@@@@@+
0x0b,0x00,0xa5,0xe6,0xc0,  //..%@+...##*%@%*%@*
0x0f,0xe4,0xe1,0xd2,0xc0,  //.+@@@#%.@#*%@%*%@*
0x1e,0xac,0xff,0xff,0xc0,  //.%@#%#@.@@@@@@@@@.
0x3d,0x28,0xd2,0xd2,0xc0,  //+@@*.##*@%*#@**#@.
0x7d,0x38,0xd2,0xc3,0x80,  //%@@*.@%*@%*#@**@#.
0x1c,0x35,0xff,0xff,0x80,  //**@*.@%*@@@@@@@@%.
0x1c,0x34,0x57,0x95,0x40,  //.*@**@****%@#****.
0x1c,0x31,0xe7,0x40,0x00,  //.*@.*@**@#%@*.....
0x1c,0x70,0x7e,0x00,0x00,  //.%@.*@*.*@@#......
0x2f,0xf0,0x2f,0x40,0x00,  //.%@@@@..+#@@*.....
0x1a,0xa0,0xb6,0xe4,0x00,  //.%%%%%.*#@%%@#%+..
0x00,0x0b,0x80,0x6f,0x90,  //......%@#*..*#@@#*
0x00,0x01,0x00,0x01,0x40,  //......**......+%%.


/* 空 */
0x00,0x01,0xd0,0x00,  //.......%@%......
0x00,0x01,0xe0,0x00,  //..+*****@#*****.
0x1f,0xff,0xff,0xfe,  //.%@@@@@@@@@@@@@#
0x3e,0xaa,0xaa,0xab,  //.@@%%%%%%%%%%%#@
0x38,0x00,0x00,0x0b,  //+@#...........%@
0x38,0x19,0x19,0x0b,  //*@%.+%#%.*#%+.#@
0x06,0xf9,0x1b,0xe4,  //.*%#@@#*.*#@@#*.
0x2e,0x40,0x01,0xbd,  //.#@#%*.....*%@@*
0x10,0x00,0x00,0x04,  //.%+...........*+
0x0b,0xff,0xff,0xf4,  //..#@@@@@@@@@@@*.
0x0a,0xab,0xea,0xa0,  //..%%%%%@@%%%%%+.
0x00,0x03,0xc0,0x00,  //.......@@.......
0x00,0x03,0x80,0x00,  //......*@#.......
0x00,0x03,0x80,0x00,  //......*@%.......
0x00,0x07,0x40,0x00,  //......*@%.......
0xaa,0xab,0xaa,0xa9,  //%%%%%%#@#%%%%%%*
0xff,0xff,0xff,0xfd,  //@@@@@@@@@@@@@@@*


/* 经 */
0x00,0x64,0x00,0x00,0x00,  //....*%*...........
0x00,0xb0,0x3f,0xfe,0x40,  //....#@+.*@@@@@@#*.
0x01,0xd0,0x2a,0xab,0x40,  //...%@*..*%%%%%#@%.
0x03,0x80,0x00,0x1e,0x00,  //..*@#.+*.....*@#..
0x0b,0x0e,0x00,0x78,0x00,  //..#@++@#....%@#+..
0x2e,0x6c,0x02,0xf4,0x00,  //.%@#%#@*..+%@@*...
0x3f,0xf4,0x1f,0xae,0x00,  //+@@@@@%..%@@%#@%..
0x16,0xe1,0xb8,0x0b,0x80,  //.**%@#.*#@#*.+#@#*
0x02,0x80,0x90,0x01,0x40,  //..+##+.+#*.....%%.
0x0b,0x44,0x55,0x55,0x40,  //..#@**%+*********.
0x2f,0xfc,0xff,0xff,0x80,  //.%@@@@@*@@@@@@@@%.
0x2e,0x90,0x02,0xd0,0x00,  //.#@#%*+.***#@***+.
0x00,0x00,0x02,0xc0,0x00,  //......+....#@.....
0x00,0x68,0x03,0xc0,0x00,  //...*%#%....@@.....
0x2f,0xf4,0x03,0x80,0x00,  //*#@@@@%....@#.....
0x79,0x06,0xab,0xaa,0x80,  //%@#%*.*%%%#@#%%%%+
0x00,0x0b,0xff,0xff,0xc0,  //+.....%@@@@@@@@@@.


/* 置 */
0x03,0xff,0xff,0xff,0x80,  //..*@@@@@@@@@@@@@#
0x07,0x47,0x43,0x83,0x80,  //..*@***@%**@%**@#
0x0b,0x57,0x57,0x97,0x80,  //..%@%*%@%*%@%**@%
0x0b,0xff,0xff,0xff,0x80,  //..%@@@@@@@@@@@@@%
0x00,0x00,0x74,0x00,0x00,  //..******%@%******
0x0f,0xff,0xff,0xff,0xc0,  //.*@@@@@@@@@@@@@@@
0x00,0x00,0xb0,0x00,0x00,  //.+******#@*******
0x01,0xff,0xff,0xf8,0x00,  //...*@@@@@@@@@@#+.
0x03,0x80,0x00,0x1c,0x00,  //...@#********%@*.
0x03,0xaa,0xaa,0xac,0x00,  //...@#%%%%%%%%#@*.
0x03,0x80,0x00,0x2c,0x00,  //..*@#********#@+.
0x03,0xff,0xff,0xfc,0x00,  //..*@@@@@@@@@@@@..
0x07,0x40,0x00,0x38,0x00,  //..*@%********@#..
0x07,0xff,0xff,0xf8,0x00,  //..*@@@@@@@@@@@%..
0x07,0x40,0x00,0x78,0x00,  //..%@*********@%..
0xbf,0xff,0xff,0xff,0xc0,  //%@@@@@@@@@@@@@@@@


/* 美 */
0x00,0x09,0x00,0x24,0x00,  //.....*%*....*%*..
0x00,0x0a,0x00,0xa0,0x00,  //......##....##...
0x07,0xff,0xff,0xff,0xc0,  //..*@@@@@@@@@@@@@@
0x06,0xaa,0xba,0xaa,0x80,  //..*%%%%%#@#%%%%%%
0x00,0x00,0x38,0x00,0x00,  //........*@%......
0x02,0xff,0xff,0xff,0x00,  //...#@@@@@@@@@@@@+
0x01,0x55,0xb9,0x55,0x00,  //...*****%@%*****.
0x00,0x00,0xb4,0x00,0x00,  //..******%@******+
0x0f,0xff,0xff,0xff,0x80,  //..@@@@@@@@@@@@@@%
0x05,0x55,0x55,0x55,0x40,  //.+***************
0x00,0x00,0xb0,0x00,0x00,  //........#@.......
0x3f,0xff,0xff,0xff,0xc0,  //.@@@@@@@@@@@@@@@@
0x2a,0xab,0xfe,0xaa,0x80,  //.%%%%%#@@@@%%%%%%
0x00,0x0b,0x9e,0x00,0x00,  //......#@%%@%.....
0x00,0x6e,0x07,0x90,0x00,  //....*#@#..%@#*...
0x06,0xf4,0x01,0xf9,0x00,  //.+%#@@%....*@@#*.
0x7f,0x40,0x00,0x2f,0x80,  //%@@@%+......+%@@#
0x14,0x00,0x00,0x01,0x00,  //.**...........*%+


/* 耶 */
0x1f,0xff,0xf5,0xff,0xe0,  //.*@@@@@@@@**@@@@@%
0x1b,0xaa,0xe2,0xff,0xe0,  //.%#@#%%#@#*#@@@@@#
0x07,0x42,0xc3,0xc1,0xd0,  //..%@*..%@*.@@..%@*
0x0b,0x42,0xc3,0x82,0xc0,  //..%@***#@.+@%..#@+
0x0b,0xff,0xc3,0x87,0x40,  //..%@@@@@@.*@%.*@%.
0x0f,0x57,0x87,0x4b,0x00,  //..@@**%@#.*@%.%@*.
0x0e,0x03,0x87,0x4b,0x00,  //..@#..*@%.*@*.#@..
0x0e,0x07,0x47,0x07,0x40,  //.+@#***@%.%@*.*@*.
0x0f,0xff,0x4b,0x03,0x80,  //.*@@@@@@*.%@*..@#.
0x1d,0x07,0x4b,0x02,0xc0,  //.*@%**%@*.#@...%@.
0x1d,0x0b,0x5f,0x02,0xc0,  //.*@*..%@%*@@...%@*
0x1d,0xaf,0xde,0x12,0xc0,  //.%@%%#@@@*@#+%*#@+
0xbf,0xef,0x0e,0x7f,0x80,  //%@@@@#@@**@%*@@@#.
0xa4,0x0f,0x0d,0x16,0x00,  //#%**+.@@.*@%.*%%+.
0x00,0x0e,0x1d,0x00,0x00,  //.....+@%.*@*......
0x00,0x0e,0x1d,0x00,0x00,  //.....*@%.%@*......


/* 触 */
0x01,0x80,0x00,0x18,0x00,  //...*%*.......*%...
0x03,0xd5,0x00,0x2c,0x00,  //..+@@***.....%@...
0x0b,0xff,0x00,0x28,0x00,  //..%@@@@@*....#%...
0x0d,0x0a,0x06,0xba,0x80,  //.*@%..##..*%%@#%%+
0x2c,0x1d,0x0e,0xba,0xe0,  //.#@**%@*++@##@#%@%
0x1f,0xff,0x8c,0x34,0xd0,  //+%@@@@@@#*@**@*+@*
0x1d,0x62,0x9c,0x30,0xd0,  //.*@*%#*##*@**@**@*
0x1c,0xa2,0x9c,0x71,0xc0,  //.*@.%%.#%%@.*@**@*
0x2e,0xab,0x6c,0x71,0xc0,  //.%@%##%@%%@.%@.*@*
0x29,0xe7,0x69,0xb6,0xc0,  //.%#*@%%@*##*#@*#@.
0x28,0xd3,0x3f,0xff,0xc0,  //.#%.@**@*@@@@@@@@.
0x39,0xd7,0x00,0xe0,0x00,  //.@#%@%%@****@#**+.
0x3f,0xff,0x00,0xd3,0x40,  //+@@@@@@@....@%.@%.
0x31,0xc7,0x00,0xd2,0x80,  //*@**@.%@...*@*.#%.
0x71,0xca,0x00,0xe6,0xc0,  //*@+*@.%#...*@%*#@.
0xa0,0x0a,0x6b,0xff,0xc0,  //##..**#%*%#@@@@@@+
0xd0,0xbd,0x69,0x41,0xc0,  //@%..#@@*%%%***.*@*
0x40,0x14,0x00,0x00,0x00,  //*+..+**.........*+


/* 设 */
0x29,0x00,0xff,0xf8,0x00,  //.%#*...+@@@@@@%..
0x2f,0xc1,0xea,0xbc,0x00,  //.%@@@+.*@#%%%@@..
0x01,0x82,0xc0,0x38,0x00,  //..+%#..%@*...@%..
0x00,0x03,0x80,0x38,0x00,  //.......@#...*@%..
0xa8,0x0b,0x40,0x3f,0x80,  //%%%*..%@%...*@@@%
0xff,0x0a,0x00,0x2e,0x40,  //@@@@.+##....+#@#%
0x0e,0x05,0x55,0x50,0x00,  //**@#..*%*******..
0x0e,0x0f,0xff,0xfd,0x00,  //.+@%.+@@@@@@@@@%.
0x0d,0x07,0x95,0x6d,0x00,  //.*@%.+%@#****#@%.
0x1d,0x02,0xc0,0x78,0x00,  //.*@*...#@+..*@#+.
0x1c,0x00,0xe1,0xf4,0x00,  //.*@*...*@#.*@@*..
0x2c,0x10,0x7b,0xd0,0x00,  //.%@**%..*@#@@*...
0x2e,0xe0,0x2f,0x40,0x00,  //.%@%@%...#@@*....
0x2f,0x81,0xbf,0x80,0x00,  //.#@@#*.*#@@@#*...
0x19,0x1b,0xd1,0xf8,0x00,  //.*%*.*#@@%.%@@%+.
0x00,0x7e,0x00,0x2f,0x00,  //....%@@%*...*#@@+
0x00,0x10,0x00,0x04,0x00,  //.....*+.......*+.


/* 词 */
0x39,0x0b,0xff,0xff,0x00,  //.@#*..%@@@@@@@@@*
0x2f,0x86,0xaa,0xab,0x40,  //+#@@#.%%%%%%%%#@*
0x02,0x80,0x00,0x07,0x40,  //..*%%.........*@*
0x00,0x0a,0xaa,0x87,0x40,  //.....+%%%%%%%+*@*
0x54,0x0f,0xff,0xcb,0x00,  //***+.*@@@@@@@*%@*
0xfe,0x00,0x00,0x0b,0x00,  //@@@%..........%@+
0x1d,0x01,0x55,0x0b,0x00,  //**@*..+*****..#@.
0x1d,0x0b,0xff,0x4f,0x00,  //.*@*..#@@@@@*.@@.
0x1c,0x0e,0x07,0x0e,0x00,  //.*@*.+@%**%@*.@#.
0x2c,0x0d,0x07,0x0e,0x00,  //.%@*.*@*..*@**@%.
0x2c,0x1d,0x0b,0x0d,0x00,  //.%@..*@*..%@.*@%.
0x3c,0x1f,0xff,0x1d,0x00,  //.@@..*@@@@@@.*@*.
0x39,0x9a,0xaa,0x1d,0x00,  //.@#*%*%%%%%%.*@*.
0x3f,0x80,0x00,0x1c,0x00,  //*@@@#........%@*.
0x3d,0x00,0x09,0x6c,0x00,  //+@@%.....+%%*#@*.
0x00,0x00,0x0f,0xf8,0x00,  //.++......*@@@@#..


/* 试 */
0x00,0x00,0x01,0x85,0x00,  //++.........*%+**.
0x38,0x00,0x01,0xc7,0x00,  //*@%*.......*@*%@.
0x2f,0x40,0x01,0xc3,0x40,  //+#@@%......*@**@*
0x02,0x45,0x56,0xd5,0x40,  //..*%*******#@%***
0x00,0x1f,0xff,0xff,0x40,  //.....*@@@@@@@@@@%
0xa8,0x15,0x56,0xd5,0x00,  //%%%+.******#@%***
0xfd,0x00,0x02,0xc0,0x00,  //@@@%.......%@*...
0x0d,0x15,0x56,0xc0,0x00,  //.*@*.******%@*...
0x1d,0x2f,0xf9,0xc0,0x00,  //.*@*.%@@@@%*@*...
0x1c,0x03,0x81,0xc0,0x00,  //.*@*...@%..*@*...
0x2c,0x03,0x81,0xc0,0x00,  //.%@+..+@%..*@*...
0x2c,0x03,0x41,0xc0,0x00,  //.%@...*@*..*@*...
0x38,0x03,0x41,0xd0,0x00,  //.@#.*.*@*..*@*...
0x3a,0x87,0x00,0xd0,0x00,  //.@#%%.*@*+**@*...
0x3f,0x4b,0xb8,0xe0,0x00,  //*@@@%*%@#@%*@%..*
0x28,0x7f,0x90,0xf6,0x80,  //.%%**@@@#%*.@@*#%
0x00,0x50,0x00,0x7f,0x40,  //....%**+....%@@@%


/* 说 */
0x00,0x00,0x90,0x18,  //.*.....+%*...%%+
0x29,0x00,0xe0,0x38,  //.##%+...@%..+@#.
0x1f,0xc0,0xb0,0x74,  //.%@@@...#@..*@*.
0x01,0x86,0xba,0xba,  //..+*#.*%#@%%#@#%
0x00,0x0b,0xff,0xff,  //......#@@@@@@@@@
0xa9,0x0f,0x00,0x0b,  //%%%*..@@......%@
0xfe,0x0e,0x00,0x0b,  //@@@%.+@%......%@
0x1e,0x0e,0x00,0x0f,  //**@%.*@%......@@
0x0d,0x1e,0x55,0x5e,  //.*@%.*@%******@#
0x1d,0x1f,0xff,0xfe,  //.*@*.*@@@@@@@@@%
0x1c,0x01,0xd2,0xd0,  //.*@*.+*%@%*#@**+
0x2c,0x01,0xc2,0xc0,  //.%@*...%@*.%@...
0x2c,0x02,0xc2,0xc0,  //.%@.++.#@..#@...
0x2d,0xd7,0x83,0x80,  //.#@*@**@%..@#...
0x3f,0x8b,0x03,0x80,  //.@@@#*#@*..@%...
0x29,0x2d,0x03,0x96,  //.##*+#@%..*@#**%
0x00,0xb8,0x03,0xff,  //....%@#...+@@@@@
0x00,0x10,0x00,0x00,  //.....*.....+***+


/* 请 */
0x00,0x00,0x06,0x40,0x00,  //.*........*%*....
0x39,0x05,0x5b,0x95,0x40,  //.@#*..****%@%****
0x2f,0x8f,0xff,0xff,0x40,  //.#@@#.@@@@@@@@@@%
0x02,0x80,0x0b,0x00,0x00,  //..*%%.....%@*....
0x00,0x0b,0xff,0xff,0x00,  //......%@@@@@@@@@.
0xa8,0x00,0x0b,0x00,0x00,  //%%%*..+***#@****.
0xfe,0x1a,0xaf,0xaa,0x80,  //@@@%.%%%%%@@%%%%%
0x0e,0x1a,0xaa,0xaa,0x80,  //.*@%.%%%%%%%%%%%%
0x0d,0x01,0x55,0x54,0x00,  //.*@*..+********..
0x1d,0x0b,0xff,0xfd,0x00,  //.*@*..#@@@@@@@@%.
0x1c,0x0e,0x00,0x0d,0x00,  //.*@*..@%.....*@%.
0x2c,0x0f,0xff,0xfd,0x00,  //.%@+.+@@@@@@@@@*.
0x2c,0x0d,0x00,0x1d,0x00,  //.%@.+*@%*****%@*.
0x3d,0x9e,0x55,0x6c,0x00,  //.@@*#*@%*****%@*.
0x3f,0x9e,0xaa,0xac,0x00,  //.@@@#*@#%%%%%#@+.
0x2d,0x2c,0x00,0x2c,0x00,  //.#@%.%@*..+*.#@..
0x00,0x2c,0x07,0xf8,0x00,  //.....%@...*@@@#..
0x00,0x14,0x01,0x50,0x00,  //.....**...+***+..


/* 调 */
0x29,0x0b,0xff,0xff,0x40,  //.##*..%@@@@@@@@@*
0x2f,0x8e,0x55,0x57,0x40,  //.%@@%.@#******%@%
0x01,0x4e,0x07,0x03,0x40,  //..*%%+@%..%@..*@*
0x00,0x0d,0x1b,0x57,0x40,  //.....*@***#@***@*
0xa8,0x1d,0x6a,0x97,0x00,  //%%%+.*@**%##%**@*
0xfd,0x1c,0x0e,0x0b,0x00,  //@@@*.*@*..@%..%@*
0x0d,0x1d,0xae,0x9b,0x00,  //.*@*.%@*%%@#%%%@.
0x1c,0x2c,0xaa,0x9b,0x00,  //.*@*.%@*%%%%%*#@.
0x1c,0x2c,0x00,0x0e,0x00,  //.%@+.#@..***..@#.
0x2c,0x38,0xbf,0x8e,0x00,  //.%@..@#.#@@@#.@%.
0x28,0x38,0xd2,0xcd,0x00,  //.##.+@%*@**%@*@%.
0x39,0x75,0xc2,0x8d,0x00,  //.@%**@**@*.%#*@*.
0x3f,0xb1,0xff,0x9d,0x00,  //+@@@#@**@@@@%*@*.
0x3d,0xb0,0x55,0x1c,0x00,  //+@@%#@.*******@*.
0x00,0xe0,0x01,0x6c,0x00,  //.+++@#....+%*#@+.
0x01,0xd0,0x03,0xf8,0x00,  //...%@*....*@@@#..
0x00,0x40,0x00,0x00,0x00,  //...+*......+**+..


/* 谢 */
0x00,0x00,0x60,0x01,0x80,  //.+......*%+....*%+
0x19,0x01,0xb4,0x01,0xc0,  //.*#%+.+*#@*+...*@*
0x0b,0xcb,0xfe,0x01,0xc0,  //.*#@@+%@@@@#...%@*
0x01,0x8a,0x0a,0x02,0xc0,  //...*#.#%..%#+**#@*
0x00,0x0e,0x5a,0xbf,0xf0,  //......@#**#%%@@@@@
0x29,0x0f,0xfe,0x56,0xd0,  //*%%*..@@@@@%***#@*
0x7f,0x0d,0x0e,0x03,0x80,  //*@@@.+@*..@%...@%.
0x0b,0x0e,0xad,0xa3,0x80,  //+*#@.*@#%%@*%%.@%.
0x0a,0x0e,0xad,0xa3,0x80,  //..%#.*@#%#@*%%.@%.
0x0e,0x1c,0x0d,0x63,0x40,  //..@%.*@*.*@*%#*@*.
0x0e,0x2e,0xac,0x73,0x40,  //..@%*#@#%#@**@*@*.
0x0d,0x6a,0xfc,0x77,0x40,  //.+@**%%#@@@**@*@*.
0x0d,0x02,0xdc,0x07,0x00,  //.*@*++.%@%@+..*@*.
0x0e,0x87,0x6c,0x07,0x00,  //.*@%#**@*%@...*@*.
0x1f,0x9e,0x2c,0x07,0x00,  //.*@@#*@#.%@...%@+.
0x09,0x79,0x68,0x9b,0x00,  //.+%**@#**##.#%#@..
0x00,0x62,0xf8,0xfe,0x00,  //....%#.%@@%.@@@#..


/* 购 */
0x00,0x00,0x02,0x40,0x00,  //..........*%*.....
0x0b,0xfe,0x0b,0x00,0x00,  //..#@@@@#*.%@+.....
0x0d,0x57,0x4f,0xaa,0x40,  //.*@%**%@*+@@%%%%%.
0x1c,0x03,0x1f,0xff,0xd0,  //.*@*..*@*%@@@@@@@*
0x1c,0xe7,0x28,0x00,0xd0,  //.%@+@%*@*##....*@*
0x2c,0xd7,0x74,0x01,0xd0,  //.%@*@*%@%@%*+..*@*
0x28,0xdb,0x07,0x01,0xd0,  //.%#*@*%@***@+..*@*
0x39,0xca,0x0a,0x01,0xc0,  //.@%*@*%#..##...*@*
0x39,0xce,0x1d,0x52,0xc0,  //.@%*@+@%.*@*%%.%@*
0x36,0xce,0x28,0x72,0xc0,  //*@*%@.@%.%#.*@.%@+
0x36,0x8d,0x34,0x72,0xc0,  //*@*##*@**@*.%@+#@.
0x23,0x89,0xbb,0xf3,0x80,  //*%*@#*%*%@#@@@*@#.
0x07,0xe0,0x69,0x77,0x80,  //..*@@%..*%%**@%@%.
0x0a,0x74,0x00,0x07,0x80,  //..##*@*......**@%.
0x1d,0x2c,0x00,0x07,0x40,  //.%@*.#@+......*@*.
0x78,0x0e,0x02,0x9b,0x40,  //*@#..*@#..*#%*%@*.
0xa0,0x04,0x02,0xff,0x00,  //##+...**..*#@@@@+.
0x00,0x00,0x00,0x14,0x00,  //.+..........+***..


/* 遍 */
0x00,0x00,0x02,0x40,0x00,  //..*.......+%%.....
0x0e,0x00,0x57,0xd5,0x40,  //..@%*..****@@****.
0x0b,0xd3,0xff,0xff,0xc0,  //..#@@*+@@@@@@@@@@*
0x01,0x93,0x40,0x01,0xc0,  //...*#**@%******%@*
0x00,0x07,0x55,0x56,0xc0,  //.....+*@%******#@.
0x15,0x07,0xff,0xff,0xc0,  //.***+.%@@@@@@@@@@.
0x3f,0x8b,0x00,0x00,0x00,  //*@@@%.%@*********.
0x07,0x8a,0x6a,0xaa,0x80,  //.**@%.##%%%%%%%%%.
0x07,0x4e,0xeb,0x7a,0xc0,  //..*@*.@%@%%@*@%%@*
0x07,0x4e,0xd6,0x31,0xc0,  //..*@**@%@**%.@**@.
0x0b,0x1d,0xea,0xba,0xc0,  //..%@*%@*@###%@##@.
0x0b,0x2d,0xea,0xba,0x80,  //..%@*#@*@%###@%##.
0x0b,0x35,0xc9,0x72,0x80,  //..#@*@%*@.#**@.%%.
0x0f,0x62,0x8d,0x66,0x80,  //..@@%#*%#.@**#%#%.
0x1f,0x81,0x40,0x0a,0x00,  //.*@@#*.%%.*.++%#*.
0x2d,0xf9,0x00,0x00,0x00,  //.#@%@@%**********+
0x78,0x2f,0xff,0xff,0xc0,  //%@%.*#@@@@@@@@@@@*
0x10,0x01,0x55,0x55,0x40,  //**....***********.


/* 酷 */
0x00,0x00,0x00,0x18,0x00,  //.............%%...
0x2f,0xff,0xca,0x28,0x00,  //.%@@@@@@@*##.##...
0x16,0xed,0x4e,0x38,0x00,  //.**%@%@**+@%*@#**+
0x02,0x9c,0x1f,0xff,0xe0,  //...%%*@..*@@@@@@@%
0x06,0xad,0x05,0x79,0x40,  //.+*##%@*++**%@%***
0x1f,0xff,0x80,0x34,0x00,  //.*@@@@@@%...*@*...
0x2a,0x66,0x40,0x70,0x00,  //.%%%%%*#%...*@*...
0x2a,0x63,0x6f,0xff,0xe0,  //.%%#*#*@*#@@@@@@@#
0x27,0x33,0x6a,0xaa,0x90,  //.#%@+@*@*%%%%%%%%%
0x3a,0x3b,0x00,0x00,0x00,  //.@##.@#@*.........
0x39,0x2b,0x0b,0xff,0x40,  //+@#*.%#@**#@@@@@*.
0x30,0x07,0x2e,0xab,0x80,  //*@*...*@.%@%%%%@#.
0x3f,0xff,0x2c,0x03,0x80,  //*@@@@@@@.%@....@%.
0x7a,0xaa,0x28,0x03,0x80,  //*@%%%%##.##....@%.
0x60,0x0a,0x38,0x03,0x40,  //*#....%%.@%...*@%.
0xa5,0x5a,0x39,0x57,0x40,  //%#****#%.@#***%@*.
0xbf,0xfd,0x3f,0xff,0x40,  //%@@@@@@**@@@@@@@*.


/* 重 */
0x00,0x00,0x01,0x55,0x40,  //...************%*
0x03,0xff,0xff,0xff,0x00,  //...@@@@@@@@@@@@@+
0x00,0x00,0x78,0x00,0x00,  //...******@#+.....
0x0a,0xaa,0xba,0xaa,0x80,  //.+%%%%%%#@#%%%%%%
0x0a,0xaa,0xba,0xaa,0x80,  //.*%%%%%%#@#%%%%%%
0x00,0x00,0x74,0x00,0x00,  //...+****%@%****..
0x02,0xff,0xff,0xfe,0x00,  //...#@@@@@@@@@@@%.
0x03,0x80,0xb4,0x0e,0x00,  //..+@%***#@****@%.
0x03,0xaa,0xba,0xae,0x00,  //..*@#%%%#@#%%#@%.
0x07,0x95,0xf5,0x6d,0x00,  //..*@%***@@***%@*.
0x07,0x55,0xf5,0x6d,0x00,  //..*@%***@@***%@*.
0x07,0xff,0xff,0xfc,0x00,  //..%@@@@@@@@@@@@*.
0x00,0x00,0xe0,0x00,0x00,  //.......*@%.......
0x0f,0xff,0xff,0xfe,0x00,  //..@@@@@@@@@@@@@%.
0x05,0x56,0xe5,0x54,0x00,  //..*****%@%******.
0x15,0x56,0xe5,0x55,0x40,  //*******%@%*******
0xbf,0xff,0xff,0xff,0x80,  //%@@@@@@@@@@@@@@@#


/* 钮 */
0x01,0x40,0x00,0x00,0x00,  //..+**.............
0x0b,0x40,0x6a,0xaa,0x80,  //..%@%**+*%%%%%%%%.
0x0f,0xfe,0x7f,0xff,0xd0,  //.+@@@@@%%@@@@@@@@*
0x0a,0xa9,0x03,0x41,0xc0,  //.+%%%%%%..*@%..%@*
0x00,0x00,0x07,0x42,0xc0,  //..........*@*..%@*
0x05,0x54,0x07,0x02,0xc0,  //.******...%@*..#@.
0x1f,0xfc,0x0b,0x03,0xc0,  //.*@@@@@...%@+..@@.
0x03,0x80,0x0f,0x03,0x80,  //.+*@#**.**@@***@%.
0x03,0x80,0xff,0xff,0x80,  //...@%...@@@@@@@@%.
0x17,0x94,0x5e,0x5b,0x40,  //+*%@#****%@#**%@*.
0x7f,0xfc,0x1d,0x07,0x40,  //*@@@@@@..*@*..*@*.
0x07,0x40,0x1c,0x07,0x00,  //+*%@***..*@*..%@*.
0x07,0x00,0x2c,0x0b,0x00,  //..%@*....%@+..%@*.
0x0b,0x00,0x2c,0x0b,0x00,  //..%@+.+..#@...#@..
0x0b,0x60,0x38,0x0f,0x00,  //..%@%#*..@#...@@..
0x0f,0xe6,0xba,0xae,0x90,  //..@@@#%%%@#%%%@#%*
0x06,0x47,0xff,0xff,0xd0,  //..%%*.%@@@@@@@@@@*


/* 键 */
0x0a,0x00,0x00,0x18,0x00,  //..%%.........%%...
0x0d,0x01,0x51,0x69,0x00,  //.+@%..****.**##**.
0x1f,0xf7,0xf3,0xff,0xd0,  //.%@@@@%@@@*@@@@@@*
0x1a,0xa0,0xa0,0x39,0xd0,  //.*%%%%..##.**@%*@*
0x00,0x01,0xd6,0xba,0xe0,  //.......*@*%%%@##@#
0x15,0x42,0x8a,0xba,0xe0,  //.*****+#%.%%#@##@#
0x3f,0xdb,0x80,0x75,0xc0,  //.@@@@*%@%*+**@*%@.
0x0b,0x0f,0xe7,0xff,0x80,  //.*#@*+@@@#*@@@@@#.
0x0a,0x00,0xa0,0xb0,0x00,  //..%#..+*##+*%@**+.
0x1e,0x40,0xd5,0xb5,0x40,  //**@#***.@%**#@***.
0x7f,0xdd,0xdb,0xff,0x80,  //*@@@@*@*@*#@@@@@#.
0x1d,0x0e,0xc0,0xe0,0x00,  //+*@%*.@#@+..@%....
0x0d,0x0b,0x9f,0xff,0xc0,  //.*@*..%@#*@@@@@@@*
0x1c,0x07,0x45,0xe5,0x40,  //.*@*..*@***%@%***+
0x1d,0x8b,0x80,0xc0,0x00,  //.*@%#*%@#+.*@*....
0x1f,0x9e,0xe5,0x95,0x40,  //.%@@#*@%@#%%%%****
0x09,0x28,0x2f,0xff,0xc0,  //.+%*+##.*#@@@@@@@*
0x00,0x00,0x00,0x00,0x00,  //.....*+...+******.


/* 闭 */
0x04,0x00,0x00,0x00,  //.**.............
0x1e,0x4b,0xff,0xff,  //.*@#%+%@@@@@@@@@
0x06,0xc6,0xaa,0xab,  //.*%#@*%%%%%%%%#@
0x00,0x40,0x00,0x07,  //....*+...+*...%@
0x28,0x00,0x2c,0x0b,  //.%%......%@*..%@
0x3c,0x00,0x2c,0x0b,  //.@@.+****#@**.#@
0x38,0xbf,0xff,0xcf,  //*@%.#@@@@@@@@.@@
0x38,0x56,0xf9,0x4e,  //*@%.***%@@#**.@#
0x74,0x02,0xf8,0x0e,  //*@*....#@@%..*@%
0x74,0x07,0x74,0x0d,  //*@*...%@%@%..*@%
0xb0,0x1d,0x34,0x1d,  //%@*..%@%*@*..*@*
0xb0,0x78,0x74,0x1d,  //%@*.%@#.*@*..*@*
0xb2,0xe0,0x70,0x2c,  //#@.%@#..*@*..%@*
0xf2,0x84,0xb0,0x2c,  //@@+#%.**#@+..%@+
0xe0,0x0f,0xe0,0x3c,  //@%....@@@#...@@.
0xe0,0x01,0x45,0x78,  //@%....**%*%%*@#.
0xd0,0x00,0x0b,0xf4,  //@*........#@@@%.


/*  */
0x6a,0xaa,0xaa,0xaa,0x90,  //%%%%%%%%%%%%%%%%%%
0xbf,0xff,0xff,0xff,0xe0,  //%@@@@@@@@@@@@@@@@%
0x2f,0xff,0xff,0xff,0x80,  //.#@@@@@@@@@@@@@@#.
0x0b,0xff,0xff,0xfe,0x00,  //..#@@@@@@@@@@@@#..
0x02,0xff,0xff,0xf8,0x00,  //...#@@@@@@@@@@#...
0x00,0xbf,0xff,0xe0,0x00,  //....#@@@@@@@@#....
0x00,0x2f,0xff,0x80,0x00,  //.....#@@@@@@#.....
0x00,0x0b,0xfe,0x00,0x00,  //......#@@@@#......
0x00,0x02,0xf8,0x00,0x00,  //.......#@@#.......
0x00,0x01,0xf4,0x00,0x00,  //.......*@@*.......
0x00,0x01,0xf4,0x00,0x00,  //.......*@@*.......
0x00,0x01,0xf4,0x00,0x00,  //.......*@@*.......
0x00,0x01,0xf4,0x00,0x00,  //.......*@@*.......
0x00,0x01,0xf4,0x00,0x00,  //.......*@@*.......
0x00,0x01,0xf4,0x00,0x00,  //.......*@@*.......
0x00,0x01,0xf4,0x00,0x00,  //.......*@@*.......
0x00,0x01,0xf4,0x00,0x00,  //.......*@@*.......
0x00,0x56,0xf9,0x50,0x00,  //...****%@@%****...
0x01,0xaa,0xaa,0xa4,0x00,  //...*%%%%%%%%%%*...


/*  */
0x00,0x00,0x00,0x01,0x40,  //..............*%%
0x00,0x00,0x01,0xaf,0xc0,  //...........*%#@@@
0x00,0x00,0x6f,0xff,0xc0,  //.......+*%@@@@@@@
0x00,0x0b,0xff,0xff,0xc0,  //......%@@@@@@@@@@
0x00,0x0f,0xff,0xff,0xc0,  //.....*@@@@@@@@@@@
0x00,0x0f,0xff,0xff,0xc0,  //.....*@@@@@@@@@@@
0x00,0x0f,0xff,0xe5,0xc0,  //.....*@@@@@@@#%*@
0x00,0x0f,0xf9,0x00,0xc0,  //.....*@@@@#*+..*@
0x00,0x0e,0x40,0x00,0xc0,  //.....*@%*......*@
0x00,0x0c,0x00,0x00,0xc0,  //.....*@*.......*@
0x00,0x0c,0x00,0x00,0xc0,  //.....*@*.......*@
0x00,0x0c,0x00,0x00,0xc0,  //.....*@*....+***@
0x00,0x0c,0x02,0xff,0xc0,  //.....*@*..*#@@@@@
0x00,0x0c,0x0b,0xff,0xc0,  //.....*@*..#@@@@@@
0x01,0x1c,0x0b,0xff,0x80,  //..****@*..#@@@@@#
0x6f,0xfc,0x01,0xb9,0x00,  //*#@@@@@*...%#@#%+
0xff,0xfc,0x00,0x00,0x00,  //@@@@@@@*.........
0xbf,0xf8,0x00,0x00,0x00,  //%@@@@@#..........
0x1a,0x90,0x00,0x00,0x00,  //.*%%%*...........


/*  */
0x00,0x16,0x90,0x00,0x00,  //.....*%%%**........
0x01,0xbf,0xfe,0x00,0x00,  //...*#@@@@@@#+......
0x07,0xff,0xff,0xd0,0x00,  //..%@@@@@@@@@@*.....
0x1f,0xe0,0x1b,0xf0,0x00,  //.*@@@%****#@@@+....
0x3f,0x40,0x01,0xf8,0x00,  //+@@@*......%@@#....
0x7d,0x00,0x00,0xbc,0x00,  //%@@%........#@@*...
0xbc,0x00,0x00,0x7d,0x00,  //#@@+........*@@*...
0xf8,0x00,0x00,0x3e,0x00,  //@@#.........*@@%...
0xf8,0x00,0x00,0x3e,0x00,  //@@#.........*@@%...
0xbc,0x00,0x00,0x3d,0x00,  //#@@.........*@@%...
0x7d,0x00,0x00,0xbd,0x00,  //%@@*........%@@*...
0x3e,0x00,0x01,0xf8,0x00,  //*@@#+......*@@#....
0x2f,0x90,0x07,0xf4,0x00,  //.%@@#*...+%@@@*....
0x0b,0xfe,0xbf,0xf8,0x00,  //..#@@@@##@@@@@#+...
0x02,0xff,0xff,0xbe,0x00,  //...%@@@@@@@@#@@#+..
0x00,0x1b,0xe4,0x2f,0x80,  //....*%#@@#%+.#@@#+.
0x00,0x00,0x00,0x0b,0xe0,  //..............#@@#+
0x00,0x00,0x00,0x02,0xf4,  //...............#@@*
0x00,0x00,0x00,0x00,0xa0,  //................%%+


/*  */
0x7f,0xff,0xff,0xff,0xfd,  //%@@@@@@@@@@@@@@@@@@%
0xd0,0x00,0x00,0x00,0x07,  //@%****************%@
0xd0,0x00,0x00,0x00,0x07,  //@%................%@
0xe0,0x00,0x00,0x00,0x0b,  //@#................#@
0xf8,0x00,0x00,0x00,0x2f,  //@@#..............#@@
0xea,0x00,0x00,0x00,0xab,  //@%##+..........+##%@
0xd2,0xd0,0x00,0x07,0x87,  //@*+#@*........*@#+*@
0xd0,0x74,0x00,0x1d,0x07,  //@*..%@%......%@%..*@
0xd0,0x1e,0x00,0xb4,0x07,  //@*...*@#....#@*...*@
0xd0,0x02,0x96,0x80,0x07,  //@*....+##**##+....*@
0xd0,0x00,0xbe,0x00,0x07,  //@*.....+%@@%+.....*@
0xd0,0x00,0x00,0x00,0x07,  //@*................*@
0xd0,0x00,0x00,0x00,0x07,  //@*................*@
0xd0,0x00,0x00,0x00,0x07,  //@*................*@
0xbf,0xff,0xff,0xff,0xfe,  //%@@@@@@@@@@@@@@@@@@%


/*  */
0x01,0xa4,0x00,0x1a,0x40,  //..+*%%%+....+%%%*+..
0x1f,0xff,0x41,0xff,0xf4,  //.*@@@@@@%..%@@@@@@*.
0x3f,0xff,0xeb,0xff,0xfc,  //*@@@@@@@@%%@@@@@@@@*
0xbf,0xff,0xff,0xff,0xfe,  //%@@@@@@@@@@@@@@@@@@%
0xbf,0xff,0xff,0xff,0xfe,  //#@@@@@@@@@@@@@@@@@@#
0xff,0xff,0xff,0xff,0xff,  //@@@@@@@@@@@@@@@@@@@@
0xbf,0xff,0xff,0xff,0xfe,  //#@@@@@@@@@@@@@@@@@@#
0x7f,0xff,0xff,0xff,0xfd,  //%@@@@@@@@@@@@@@@@@@%
0x2f,0xff,0xff,0xff,0xf8,  //+#@@@@@@@@@@@@@@@@#+
0x1f,0xff,0xff,0xff,0xf4,  //.*@@@@@@@@@@@@@@@@*.
0x07,0xff,0xff,0xff,0xd0,  //..*@@@@@@@@@@@@@@*..
0x01,0xff,0xff,0xff,0x40,  //...*@@@@@@@@@@@@*...
0x00,0x7f,0xff,0xfd,0x00,  //....*@@@@@@@@@@*....
0x00,0x1f,0xff,0xf4,0x00,  //.....*@@@@@@@@*.....
0x00,0x07,0xff,0xd0,0x00,  //......*@@@@@@*......
0x00,0x01,0xff,0x40,0x00,  //.......*@@@@*.......
0x00,0x00,0x28,0x00,0x00,  //........*##*........


/*  */
0x00,0x00,0x10,0x00,0x00,  //........+%.........
0x00,0x00,0x70,0x00,0x00,  //........%@*........
0x00,0x00,0xf8,0x00,0x00,  //.......+@@%........
0x00,0x01,0xfc,0x00,0x00,  //.......%@@@*.......
0x00,0x03,0xfe,0x00,0x00,  //......+@@@@%.......
0x00,0x0b,0xff,0x40,0x00,  //.....+%@@@@@*......
0x5a,0xff,0xff,0xfe,0x90,  //**%#@@@@@@@@@@@%%*+
0xbf,0xff,0xff,0xff,0xf0,  //#@@@@@@@@@@@@@@@@@*
0x2f,0xff,0xff,0xff,0xd0,  //.#@@@@@@@@@@@@@@@*.
0x0b,0xff,0xff,0xff,0x40,  //..#@@@@@@@@@@@@@*..
0x02,0xff,0xff,0xfd,0x00,  //...%@@@@@@@@@@@*...
0x00,0xbf,0xff,0xf4,0x00,  //....#@@@@@@@@@*....
0x00,0xbf,0xff,0xf4,0x00,  //....#@@@@@@@@@*....
0x00,0xff,0xff,0xf4,0x00,  //....@@@@@@@@@@%....
0x00,0xff,0xff,0xf8,0x00,  //...+@@@@@@@@@@%....
0x00,0xff,0x4b,0xf8,0x00,  //...*@@@@%*%@@@#....
0x01,0xf4,0x01,0xbc,0x00,  //...*@@%+...*#@@....
0x01,0x40,0x00,0x18,0x00,  //...%%+.......*#+...


/*  */
0x00,0x00,0x10,0x00,0x00,  //........+%.........
0x00,0x00,0x70,0x00,0x00,  //........%@*........
0x00,0x00,0xf8,0x00,0x00,  //.......+@@%........
0x00,0x01,0x9c,0x00,0x00,  //.......%#*@*.......
0x00,0x03,0x4a,0x00,0x00,  //......+@*.#%.......
0x00,0x0a,0x07,0x40,0x00,  //.....+%#..*@*......
0x5a,0xfd,0x02,0xfe,0x90,  //**%#@@@*...#@@@%%*+
0xb9,0x40,0x00,0x16,0xf0,  //#@#%**+.....***%@@*
0x28,0x00,0x00,0x01,0xd0,  //.##*...........%@*.
0x0b,0x40,0x00,0x07,0x40,  //..#@*.........%@*..
0x02,0xd0,0x00,0x1d,0x00,  //...%@*.......%@*...
0x00,0xa0,0x00,0x34,0x00,  //....##......*@*....
0x00,0x90,0x00,0x34,0x00,  //....#%.......@*....
0x00,0xd0,0x00,0x24,0x00,  //....@*...*...#%....
0x00,0xc1,0xb8,0x28,0x00,  //...+@*.*#@#*.%%....
0x00,0xdb,0x4b,0xa8,0x00,  //...*@%#@%*%@%%#....
0x01,0xf4,0x01,0xbc,0x00,  //...*@@%+...*#@@....
0x01,0x40,0x00,0x18,0x00,  //...%%+.......*#+...


/*  */
0x00,0x1a,0x40,0x00,  //.....*%%*.....
0x00,0xbf,0xe0,0x00,  //....#@@@@#+...
0x01,0xff,0xf8,0x00,  //...%@@@@@@#...
0x03,0xff,0xfc,0x00,  //...@@@@@@@@*..
0x03,0xff,0xfd,0x00,  //..+@@@@@@@@*..
0x03,0xff,0xfc,0x00,  //...@@@@@@@@*..
0x02,0xff,0xf8,0x00,  //...%@@@@@@#...
0x00,0xbf,0xf0,0x00,  //....#@@@@@*...
0x06,0x1a,0x46,0x00,  //..%%**%%%*%%*.
0x2f,0xe5,0x6f,0xc0,  //.#@@@%**%#@@@+
0x7f,0xff,0xff,0xd0,  //*@@@@@@@@@@@@%
0xbf,0xff,0xff,0xf0,  //%@@@@@@@@@@@@@
0xbf,0xff,0xff,0xf0,  //#@@@@@@@@@@@@@
0xff,0xff,0xff,0xf0,  //@@@@@@@@@@@@@@
0xff,0xff,0xff,0xf0,  //@@@@@@@@@@@@@@
0xbf,0xff,0xff,0xf0,  //#@@@@@@@@@@@@@
0x3f,0xff,0xff,0xd0,  //*@@@@@@@@@@@@%


/*  */
0x2a,0xaa,0xaa,0xaa,0xaa,0x40,  //+%%%%%%%%%%%%%%%%%%%*
0xaa,0xfa,0xaa,0xaa,0xea,0xc0,  //##%%@@%%%%%%%%%#@#%#@
0xd0,0xa0,0x00,0x00,0xc0,0xc0,  //@*..%%.........*@*..@
0xd0,0xa0,0x00,0x00,0xc0,0xc0,  //@*..%%.........*@*..@
0xe5,0xa0,0x00,0x00,0xd5,0xc0,  //@#**#%.........*@%*%@
0xff,0xe0,0x00,0x00,0xff,0xc0,  //@@@@@%.........*@@@@@
0xd0,0xa0,0x00,0x00,0xc0,0xc0,  //@%..#%.........*@*..@
0xd0,0xa0,0x00,0x00,0xc0,0xc0,  //@*..%%.........*@*..@
0xd0,0xa0,0x00,0x01,0xd0,0xc0,  //@%**##**********@***@
0xff,0xff,0xff,0xff,0xff,0xc0,  //@@@@@@@@@@@@@@@@@@@@@
0xe0,0xa0,0x00,0x01,0xd0,0xc0,  //@%**##*********%@***@
0xd0,0xa0,0x00,0x00,0xc0,0xc0,  //@*..%%.........*@*..@
0xd0,0xa0,0x00,0x00,0xc0,0xc0,  //@*..#%.........*@*..@
0xfa,0xe0,0x00,0x00,0xea,0xc0,  //@@%#@%.........*@#%#@
0xe5,0xa0,0x00,0x00,0xe6,0xc0,  //@#*%#%.........*@%*%@
0xd0,0xa0,0x00,0x00,0xc0,0xc0,  //@*..%%.........*@*..@
0xd0,0xa0,0x00,0x00,0xc0,0xc0,  //@*..%%.........*@*..@
0xa5,0xa5,0x55,0x56,0xe6,0xc0,  //##*%##%********#@%*%@
0x2a,0xaa,0xaa,0xaa,0xaa,0x40,  //*%%%%%%%%%%%%%%%%%%%%


/*  */
0x2a,0xaa,0x02,0xaa,0xa0,  //*%%%%%%%..*%%%%%%%.
0xbf,0xff,0x4b,0xff,0xf4,  //#@@@@@@@*.#@@@@@@@*
0xff,0xff,0x4f,0xff,0xf4,  //@@@@@@@@*.@@@@@@@@*
0xff,0xff,0x4f,0xff,0xf4,  //@@@@@@@@*.@@@@@@@@*
0xff,0xff,0x4f,0xff,0xf4,  //@@@@@@@@*.@@@@@@@@*
0xff,0xff,0x4f,0xff,0xf4,  //@@@@@@@@*.@@@@@@@@*
0xbf,0xff,0x4b,0xff,0xf4,  //#@@@@@@@*.#@@@@@@@*
0x15,0x55,0x01,0x55,0x50,  //+*******..+*******.
0x00,0x00,0x00,0x00,0x00,  //.+*****....+*****..
0xbf,0xff,0x0b,0xff,0xf0,  //%@@@@@@@*.%@@@@@@@*
0xff,0xff,0x4f,0xff,0xf4,  //@@@@@@@@*.@@@@@@@@*
0xff,0xff,0x4f,0xff,0xf4,  //@@@@@@@@*.@@@@@@@@*
0xff,0xff,0x4f,0xff,0xf4,  //@@@@@@@@*.@@@@@@@@*
0xff,0xff,0x4f,0xff,0xf4,  //@@@@@@@@*.@@@@@@@@*
0xff,0xff,0x4f,0xff,0xf4,  //@@@@@@@@*.@@@@@@@@*
0x7f,0xfe,0x07,0xff,0xe0,  //%@@@@@@#+.%@@@@@@#+


/*  */
0x6a,0x81,0xaa,0x42,0xa9,  //%%%%%*.*%%%%*.*%%%%%
0xff,0xe2,0xff,0x8b,0xff,  //@@@@@%.%@@@@%.%@@@@@
0xff,0xe2,0xff,0x8b,0xff,  //@@@@@%.%@@@@%.%@@@@@
0xff,0xe2,0xff,0x8b,0xff,  //@@@@@%.%@@@@%.%@@@@@
0x15,0x40,0x55,0x01,0x54,  //*****+.******.+*****
0x00,0x00,0x00,0x00,0x00,  //....................
0xbf,0xd1,0xff,0x47,0xfe,  //#@@@@%.%@@@@%.%@@@@#
0xff,0xe2,0xff,0x8b,0xff,  //@@@@@%.%@@@@%.%@@@@@
0xff,0xe2,0xff,0x8b,0xff,  //@@@@@%.%@@@@%.%@@@@@
0xbf,0xe2,0xff,0x8b,0xfe,  //#@@@@%.%@@@@%.%@@@@#
0x00,0x00,0x00,0x00,0x00,  //+****...****...****+
0x00,0x00,0x00,0x00,0x00,  //+****...****...****+
0xbf,0xe2,0xff,0x8b,0xfe,  //#@@@@%.%@@@@%.%@@@@#
0xff,0xe2,0xff,0x8b,0xff,  //@@@@@%.%@@@@%.%@@@@@
0xff,0xe2,0xff,0x8b,0xff,  //@@@@@%.%@@@@%.%@@@@@
0xbf,0xd1,0xff,0x47,0xfe,  //#@@@@%.%@@@@%.%@@@@#


/*  */
0x6a,0x81,0xaa,0xaa,0xa9,  //%%%%%*.*%%%%%%%%%%%%
0xff,0xe2,0xff,0xff,0xff,  //@@@@@%.%@@@@@@@@@@@@
0xff,0xe2,0xff,0xff,0xff,  //@@@@@%.%@@@@@@@@@@@@
0xff,0xe2,0xff,0xff,0xff,  //@@@@@%.%@@@@@@@@@@@@
0x15,0x40,0x55,0x55,0x54,  //*****+.*************
0x00,0x00,0x00,0x00,0x00,  //....................
0xbf,0xd1,0xff,0xff,0xfe,  //#@@@@%.%@@@@@@@@@@@#
0xff,0xe2,0xff,0xff,0xff,  //@@@@@%.%@@@@@@@@@@@@
0xff,0xe2,0xff,0xff,0xff,  //@@@@@%.%@@@@@@@@@@@@
0xbf,0xe2,0xff,0xff,0xfe,  //#@@@@%.%@@@@@@@@@@@#
0x00,0x00,0x00,0x00,0x00,  //+****...***********+
0x00,0x00,0x00,0x00,0x00,  //+****...***********+
0xbf,0xe2,0xff,0xff,0xfe,  //#@@@@%.%@@@@@@@@@@@#
0xff,0xe2,0xff,0xff,0xff,  //@@@@@%.%@@@@@@@@@@@@
0xff,0xe2,0xff,0xff,0xff,  //@@@@@%.%@@@@@@@@@@@@
0xbf,0xd1,0xff,0xff,0xfe,  //#@@@@%.%@@@@@@@@@@@#


/*  */
0x00,0x00,0x00,0x1f,0x40,  //.............*@@*.
0x00,0x00,0x00,0x7f,0xc0,  //............*@@@@*
0x00,0x00,0x01,0xff,0xd0,  //...........*@@@@@%
0x00,0x00,0x07,0xff,0x80,  //..*+......*@@@@@#.
0x1f,0x40,0x1f,0xfe,0x00,  //.*@@*....*@@@@@#..
0x3f,0xd0,0x7f,0xf8,0x00,  //*@@@@*..*@@@@@#...
0x7f,0xf5,0xff,0xe0,0x00,  //%@@@@@**@@@@@#....
0x2f,0xff,0xff,0x80,0x00,  //.#@@@@@@@@@@#.....
0x0b,0xff,0xfe,0x00,0x00,  //..#@@@@@@@@#......
0x02,0xff,0xf8,0x00,0x00,  //...#@@@@@@#.......
0x00,0xbf,0xe0,0x00,0x00,  //....#@@@@#........
0x00,0x2f,0x80,0x00,0x00,  //.....#@@#.........
0x00,0x0a,0x00,0x00,0x00,  //......%%..........


/*  */
0x0a,0x00,0x0a,0x00,  //.+##.....+##.
0x2f,0x80,0x2f,0x80,  //+#@@#...+#@@#
0xbf,0xe0,0xbf,0xc0,  //%@@@@#.+#@@@@
0x3f,0xfa,0xff,0x80,  //*@@@@@##@@@@#
0x1f,0xff,0xfe,0x00,  //.*@@@@@@@@@#.
0x07,0xff,0xf8,0x00,  //..*@@@@@@@#..
0x01,0xff,0xf0,0x00,  //...*@@@@@@+..
0x02,0xff,0xf8,0x00,  //..+#@@@@@@#..
0x0b,0xff,0xfe,0x00,  //.+#@@@@@@@@#.
0x2f,0xfb,0xff,0x80,  //+#@@@@#@@@@@#
0xbf,0xe1,0xff,0xc0,  //%@@@@#.*@@@@@
0x7f,0x80,0x7f,0x80,  //*@@@#...*@@@#
0x1e,0x00,0x1e,0x00,  //.*@#.....*@#+


/*  */
0x00,0x16,0x90,0x00,0x00,  //.....*%%%**........
0x01,0xbf,0xfe,0x00,0x00,  //...*#@@@@@@#+......
0x07,0xff,0xff,0xd0,0x00,  //..%@@@@@@@@@@*.....
0x1f,0xe0,0x1b,0xf0,0x00,  //.*@@@%****#@@@+....
0x3f,0x41,0x01,0xf8,0x00,  //+@@@*..**..%@@#....
0x7d,0x02,0x40,0xbc,0x00,  //%@@%...%*...#@@*...
0xbc,0x02,0x40,0x7d,0x00,  //#@@+...%*...*@@*...
0xf8,0x56,0x94,0x3e,0x00,  //@@#.***#%****@@%...
0xf8,0x6a,0xa9,0x3e,0x00,  //@@#.%%%##%%**@@%...
0xbc,0x02,0x40,0x3d,0x00,  //#@@....%*...*@@%...
0x7d,0x02,0x40,0xbd,0x00,  //%@@*...%*...%@@*...
0x3e,0x01,0x41,0xf8,0x00,  //*@@#+..%*..*@@#....
0x2f,0x90,0x07,0xf4,0x00,  //.%@@#*...+%@@@*....
0x0b,0xfe,0xbf,0xf8,0x00,  //..#@@@@##@@@@@#+...
0x02,0xff,0xff,0xbe,0x00,  //...%@@@@@@@@#@@#+..
0x00,0x1b,0xe4,0x2f,0x80,  //....*%#@@#%+.#@@#+.
0x00,0x00,0x00,0x0b,0xe0,  //..............#@@#+
0x00,0x00,0x00,0x02,0xf4,  //...............#@@*
0x00,0x00,0x00,0x00,0xa0,  //................%%+


/*  */
0x00,0x16,0x90,0x00,0x00,  //.....*%%%**........
0x01,0xbf,0xfe,0x00,0x00,  //...*#@@@@@@#+......
0x07,0xff,0xff,0xd0,0x00,  //..%@@@@@@@@@@*.....
0x1f,0xe0,0x1b,0xf0,0x00,  //.*@@@%****#@@@+....
0x3f,0x40,0x01,0xf8,0x00,  //+@@@*......%@@#....
0x7d,0x00,0x00,0xbc,0x00,  //%@@%........#@@*...
0xbc,0x00,0x00,0x7d,0x00,  //#@@+........*@@*...
0xf8,0x55,0x54,0x3e,0x00,  //@@#.*********@@%...
0xf8,0x6a,0xa9,0x3e,0x00,  //@@#.%%%%%%%**@@%...
0xbc,0x00,0x00,0x3d,0x00,  //#@@.........*@@%...
0x7d,0x00,0x00,0xbd,0x00,  //%@@*........%@@*...
0x3e,0x00,0x01,0xf8,0x00,  //*@@#+......*@@#....
0x2f,0x90,0x07,0xf4,0x00,  //.%@@#*...+%@@@*....
0x0b,0xfe,0xbf,0xf8,0x00,  //..#@@@@##@@@@@#+...
0x02,0xff,0xff,0xbe,0x00,  //...%@@@@@@@@#@@#+..
0x00,0x1b,0xe4,0x2f,0x80,  //....*%#@@#%+.#@@#+.
0x00,0x00,0x00,0x0b,0xe0,  //..............#@@#+
0x00,0x00,0x00,0x02,0xf4,  //...............#@@*
0x00,0x00,0x00,0x00,0xa0,  //................%%+


/*  */
0x00,0x01,0xe0,0x00,0x00,  //.......%@%.......
0x00,0x02,0xf0,0x00,0x00,  //.......%@@.......
0x00,0x02,0xf0,0x00,0x00,  //....*..%@@..++...
0x02,0xd2,0xf1,0xe4,0x00,  //..+#@*.%@@.*@#*..
0x0b,0xe2,0xf1,0xfc,0x00,  //.+#@@%.%@@.*@@@*.
0x2f,0x82,0xf0,0xbe,0x00,  //.#@@#..%@@..%@@#.
0x3e,0x02,0xf0,0x2f,0x40,  //*@@#...%@@...#@@*
0xbd,0x02,0xf0,0x0f,0x80,  //%@@*...%@@...*@@#
0xbc,0x02,0xf0,0x0b,0xc0,  //#@@....%@@....#@@
0xf8,0x01,0x90,0x0b,0xc0,  //@@#....*%*....%@@
0xf8,0x00,0x00,0x0b,0xc0,  //@@#...........%@@
0xbc,0x00,0x00,0x0b,0xc0,  //#@@+..........#@@
0x7d,0x00,0x00,0x1f,0x80,  //%@@*.........*@@%
0x3f,0x00,0x00,0x2f,0x00,  //+@@@+.......+#@@*
0x1f,0x80,0x00,0xbe,0x00,  //.%@@#*.....*#@@%.
0x0b,0xf9,0x5b,0xf8,0x00,  //..#@@@#***#@@@#+.
0x02,0xff,0xff,0xe0,0x00,  //...%@@@@@@@@@#+..
0x00,0x6f,0xfe,0x40,0x00,  //....*#@@@@@#*....


/*  */
0x00,0x00,0x00,0x00,0x1a,  //.................%%%
0x00,0x00,0x00,0x00,0x2f,  //.................%@@
0x00,0x00,0x00,0x00,0x2f,  //.................%@@
0x00,0x00,0x00,0x00,0x2f,  //.................%@@
0x00,0x00,0x00,0x00,0x2f,  //.................%@@
0x00,0x00,0x00,0x00,0x2f,  //.................%@@
0x00,0x00,0x00,0x3e,0x2f,  //............+@@%.%@@
0x00,0x00,0x00,0x3e,0x2f,  //............*@@%.%@@
0x00,0x00,0x00,0x3e,0x2f,  //............*@@%.%@@
0x00,0x00,0x00,0x3e,0x2f,  //............*@@%.%@@
0x00,0x00,0x28,0x3e,0x2f,  //........*%%**@@%.%@@
0x00,0x00,0x7d,0x3e,0x2f,  //........*@@**@@%.%@@
0x00,0x00,0x7d,0x3e,0x2f,  //........*@@**@@%.%@@
0x00,0x68,0x7d,0x3e,0x2f,  //....%%%+*@@**@@%.%@@
0x54,0xbc,0x7d,0x3e,0x2f,  //***.%@@**@@**@@%.%@@
0xf8,0xbc,0x7d,0x3e,0x2f,  //@@%.%@@**@@**@@%.%@@
0xf8,0xbc,0x7d,0x3e,0x2f,  //@@%.%@@**@@**@@%.%@@


/*  */
0x00,0x02,0xa0,0x00,0x00,  //.......%%%+......
0x00,0x03,0xf0,0x00,0x00,  //...+..*@@@*......
0x02,0x87,0xf4,0x74,0x00,  //..+#%.*@@@%.%@*..
0x0b,0xff,0xff,0xfc,0x00,  //.+#@@@@@@@@@@@@*.
0x0f,0xff,0xff,0xfc,0x00,  //.+@@@@@@@@@@@@@*.
0x07,0xff,0xff,0xf4,0x00,  //..*@@@@@@@@@@@%..
0x07,0xf8,0x0b,0xf4,0x00,  //..*@@@#*.+#@@@%..
0xbf,0xf0,0x02,0xff,0x80,  //#@@@@@.....#@@@@%
0xff,0xe0,0x01,0xff,0xc0,  //@@@@@%.....%@@@@@
0xff,0xe0,0x01,0xff,0xc0,  //@@@@@#.....%@@@@@
0x6b,0xf0,0x02,0xfa,0x40,  //*%#@@@*...+#@@#%*
0x07,0xf9,0x1b,0xf4,0x00,  //..*@@@#***#@@@*..
0x07,0xff,0xff,0xf8,0x00,  //..%@@@@@@@@@@@#..
0x1f,0xff,0xff,0xfd,0x00,  //.*@@@@@@@@@@@@@*.
0x0b,0xeb,0xfe,0xf8,0x00,  //..#@@##@@@@%@@#+.
0x02,0x43,0xf4,0x60,0x00,  //...#*.*@@@*.*#+..
0x00,0x03,0xf0,0x00,0x00,  //......+@@@*......


/*  */
0x00,0x1a,0xa4,0x00,  //.....%%%%%*.....
0x00,0x7a,0xac,0x00,  //....*@%%%#@+....
0x00,0x90,0x09,0x00,  //....#%....#%....
0xaa,0xea,0xab,0xa9,  //%%%#@#%%%%#@%%%%
0x69,0x55,0x55,0x75,  //*%#*********%@%*
0x18,0x00,0x00,0x30,  //.*%.........*@*.
0x18,0x00,0x00,0x30,  //.*%.++.++.*.*@*.
0x18,0xa2,0x4d,0x30,  //.*%.%%.%*.@**@*.
0x18,0xa2,0x4d,0x30,  //.*%.%%.%*.@**@*.
0x18,0xa2,0x4d,0x30,  //.*%.%%.%*.@**@*.
0x18,0xa2,0x4d,0x30,  //.*%.%%.%*.@**@*.
0x18,0xa2,0x4d,0x30,  //.*%.%%.%*.@**@*.
0x18,0xa2,0x4d,0x30,  //.*%.%%.%*.@**@*.
0x18,0x51,0x49,0x30,  //.*%.%%.%*.%**@*.
0x18,0x00,0x00,0x30,  //.*%.........*@*.
0x18,0x00,0x00,0x30,  //.*#.........*@*.
0x0f,0xff,0xff,0xe0,  //.*@@@@@@@@@@@#..


/*  */
0x00,0x00,0xb8,0x3e,0x00,  //.......*#@%.*@@%..
0x00,0x07,0xee,0x7e,0x00,  //......*@@#@#*@@%..
0x00,0x1e,0x07,0xfe,0x00,  //.....%@#**%@@@@%..
0x00,0xb8,0xb5,0xfe,0x00,  //....%@#*#@**@@@%..
0x02,0xe2,0xfd,0x2e,0x00,  //..+#@%*#@@@%*#@#..
0x0b,0x4b,0xff,0x8b,0x80,  //.*#@%*#@@@@@#*#@%.
0x7d,0x7f,0xff,0xe2,0xe0,  //*@@**@@@@@@@@#*%@#
0x61,0xff,0xff,0xf8,0x60,  //*#*%@@@@@@@@@@#*%#
0x03,0xff,0xff,0xfe,0x00,  //..*@@@@@@@@@@@@%..
0x03,0xfe,0xab,0xfe,0x00,  //..*@@@@#%%#@@@@%..
0x03,0xfe,0x03,0xfe,0x00,  //..*@@@@%..*@@@@%..
0x03,0xfe,0x03,0xfe,0x00,  //..*@@@@%..*@@@@%..
0x03,0xfe,0x03,0xfe,0x00,  //..*@@@@%..*@@@@%..
0x02,0xfe,0x03,0xfe,0x00,  //..+#@@@%..*@@@@%..


/*  */
0xbf,0xff,0xff,0x80,0x00,  //#@@@@@@@@@@@%....
0xd0,0x00,0x0e,0xa0,0x00,  //@%********@%##...
0xd0,0x00,0x0d,0x28,0x00,  //@*........@*+##..
0xd0,0x00,0x0d,0x0a,0x00,  //@*........@*.+##.
0xd0,0x00,0x0d,0x02,0x80,  //@*........@*..+#%
0xd0,0x00,0x0e,0x56,0xc0,  //@*........@%***%@
0xd0,0x00,0x0b,0xff,0xc0,  //@*........#@@@@@@
0xd0,0x00,0x00,0x00,0xc0,  //@*.............*@
0xd0,0x00,0x00,0x00,0xc0,  //@*.............*@
0xd0,0x00,0x00,0x00,0xc0,  //@*.............*@
0xd0,0x00,0x00,0x00,0xc0,  //@*.............*@
0xd0,0x00,0x00,0x00,0xc0,  //@*.............*@
0xd0,0x00,0x00,0x00,0xc0,  //@*.............*@
0xd0,0x00,0x00,0x00,0xc0,  //@*.............*@
0xd0,0x00,0x00,0x00,0xc0,  //@*.............*@
0xd0,0x00,0x00,0x00,0xc0,  //@*.............*@
0xd0,0x00,0x00,0x00,0xc0,  //@*.............*@
0xd0,0x00,0x00,0x00,0xc0,  //@*.............*@
0xe5,0x55,0x55,0x55,0xc0,  //@%*************%@
0x6a,0xaa,0xaa,0xaa,0x80,  //%%%%%%%%%%%%%%%%%


/*  */
0x00,0x06,0xa4,0x00,0x00,  //.....+*%%%*+.....
0x00,0xbf,0xff,0x80,0x00,  //...+%@@@@@@@%+...
0x02,0xfe,0xaf,0xf4,0x00,  //..+#@@@#%#@@@@*..
0x0b,0xd0,0x01,0xfc,0x00,  //.+#@@%+...+*@@@*.
0x2f,0x40,0x10,0x2e,0x00,  //.#@@*...+*..+#@#.
0x7d,0x00,0x70,0x1f,0x40,  //*@@*....*@...*@@*
0xb8,0x00,0x70,0x0b,0x80,  //%@#.....*@....#@#
0xb4,0x00,0x70,0x07,0xc0,  //#@%.....*@....*@@
0xf4,0x00,0x70,0x07,0xc0,  //@@*...**%@....*@@
0xf4,0x0f,0xf0,0x07,0xc0,  //@@*..*@@@@....*@@
0xb8,0x00,0x00,0x07,0xc0,  //#@%...****....%@@
0x7c,0x00,0x00,0x0b,0x80,  //%@@+..........#@%
0x3e,0x00,0x00,0x1f,0x40,  //+@@%.........%@@*
0x1f,0x40,0x00,0x7e,0x00,  //.%@@%.......*@@%.
0x0b,0xe4,0x06,0xf8,0x00,  //..#@@#*+.+*#@@#+.
0x02,0xff,0xff,0xe0,0x00,  //...%@@@@@@@@@#+..
0x00,0x6f,0xfe,0x40,0x00,  //....*#@@@@@#*....


/*  */
0x00,0x7f,0x43,0xf8,0x00,  //....%@@@*.*@@@#.....
0x00,0xbf,0x43,0xfd,0x00,  //....#@@@*..@@@@*....
0x01,0xff,0x97,0xfe,0x00,  //...*@@@@%**@@@@#....
0x02,0xff,0xff,0xff,0x00,  //...#@@@@@@@@@@@@*...
0x03,0xff,0x02,0xff,0x40,  //..+@@@@@*..#@@@@%...
0x07,0xff,0x02,0xff,0xc0,  //..%@@@@@*..%@@@@@...
0x0b,0xff,0x02,0xff,0xd0,  //..#@@@@@+..%@@@@@*..
0x1f,0xff,0x01,0xff,0xe0,  //.*@@@@@@...%@@@@@#..
0x2f,0xff,0xaa,0xff,0xf0,  //.#@@@@@@%%%#@@@@@@+.
0x3f,0xff,0xff,0xff,0xf4,  //+@@@@@@@@@@@@@@@@@%.
0x7f,0xfe,0x56,0xff,0xf8,  //%@@@@@@#***%@@@@@@#.
0xbf,0xfe,0x00,0xff,0xfd,  //#@@@@@@%...*@@@@@@@*
0xff,0xfe,0x00,0xff,0xfe,  //@@@@@@@%...*@@@@@@@%
0xff,0xfe,0x00,0xff,0xfe,  //@@@@@@@%...*@@@@@@@#


/*  */
0x00,0x02,0xfd,0x00,0x00,  //.......%@@@*.......
0x00,0x02,0xfd,0x00,0x00,  //.......%@@@*.......
0x00,0x02,0xfd,0x00,0x00,  //.......%@@@*.......
0x00,0x02,0xfd,0x00,0x00,  //.......%@@@*.......
0x00,0x02,0xfd,0x00,0x00,  //.......%@@@*.......
0x00,0x56,0xfe,0x50,0x00,  //....***#@@@%***....
0x01,0xff,0xff,0xf8,0x00,  //...*@@@@@@@@@@#....
0x00,0x7f,0xff,0xe0,0x00,  //....%@@@@@@@@#+....
0x00,0x1f,0xff,0x80,0x00,  //.....%@@@@@@#+.....
0x00,0x07,0xfe,0x00,0x00,  //......%@@@@#+......
0x00,0x01,0xf8,0x00,0x00,  //.......%@@#+.......
0x6a,0xa4,0x60,0xaa,0xa0,  //%%%%%%*.%#+.%%%%%%+
0xff,0xfd,0x02,0xff,0xf4,  //@@@@@@@*...#@@@@@@*
0xff,0xff,0x9b,0xff,0xf4,  //@@@@@@@@%%#@@@@@@@*
0xff,0xff,0xff,0x8a,0x24,  //@@@@@@@@@@@@#*##*#*
0xff,0xff,0xff,0xda,0x74,  //@@@@@@@@@@@@@*##*@*
0xbf,0xff,0xff,0xff,0xf0,  //#@@@@@@@@@@@@@@@@@*


/*  */
0x00,0x06,0xa4,0x00,0x00,  //.....+*%%%*+.....
0x00,0xbf,0xff,0x80,0x00,  //...+%@@@@@@@%+...
0x02,0xfe,0xaf,0xf4,0x00,  //..+#@@@#%#@@@@*..
0x0b,0xd0,0x01,0xfc,0x00,  //.+#@@%+...+*@@@*.
0x2f,0x41,0x50,0x2e,0x00,  //.#@@*..***..+#@#.
0x7d,0x02,0xf0,0x1f,0x40,  //*@@*...%@@...*@@*
0xb8,0x02,0xf0,0x0b,0x80,  //%@#....%@@....#@#
0xb4,0x02,0xf0,0x07,0xc0,  //#@%....%@@....*@@
0xf4,0x02,0xf0,0x07,0xc0,  //@@*..**#@@**..*@@
0xf4,0x2f,0xff,0x07,0xc0,  //@@*.+#@@@@@@*.*@@
0xb8,0x0b,0xfd,0x07,0xc0,  //#@%..+#@@@@*..%@@
0x7c,0x02,0xf4,0x0b,0x80,  //%@@+..+#@@*...#@%
0x3e,0x00,0x90,0x1f,0x40,  //+@@%...+#*...%@@*
0x1f,0x40,0x00,0x7e,0x00,  //.%@@%.......*@@%.
0x0b,0xe4,0x06,0xf8,0x00,  //..#@@#*+.+*#@@#+.
0x02,0xff,0xff,0xe0,0x00,  //...%@@@@@@@@@#+..
0x00,0x6f,0xfe,0x40,0x00,  //....*#@@@@@#*....


/*  */
0x00,0x06,0xa4,0x00,0x00,  //.....+*%%%*+.....
0x00,0xbf,0xff,0x80,0x00,  //...+%@@@@@@@%+...
0x02,0xfe,0xaf,0xf4,0x00,  //..+#@@@#%#@@@@*..
0x0b,0xd0,0x01,0xfc,0x00,  //.+#@@%+...+*@@@*.
0x2f,0x40,0x00,0x2e,0x00,  //.#@@*...*...+#@#.
0x7d,0x01,0xd0,0x1f,0x40,  //*@@*...%@%...*@@*
0xb8,0x07,0xf4,0x0b,0x80,  //%@#...%@@@%...#@#
0xb4,0x1f,0xfd,0x07,0xc0,  //#@%..%@@@@@%..*@@
0xf4,0x2a,0xfa,0x07,0xc0,  //@@*.+%%#@@%%*.*@@
0xf4,0x02,0xf0,0x07,0xc0,  //@@*....%@@....*@@
0xb8,0x02,0xf0,0x07,0xc0,  //#@%....%@@....%@@
0x7c,0x02,0xf0,0x0b,0x80,  //%@@+...%@@....#@%
0x3e,0x02,0xf0,0x1f,0x40,  //+@@%...%@@...%@@*
0x1f,0x40,0x00,0x7e,0x00,  //.%@@%..+*+..*@@%.
0x0b,0xe4,0x06,0xf8,0x00,  //..#@@#*+.+*#@@#+.
0x02,0xff,0xff,0xe0,0x00,  //...%@@@@@@@@@#+..
0x00,0x6f,0xfe,0x40,0x00,  //....*#@@@@@#*....


/*  */
0x03,0xff,0xff,0xf0,0x00,  //..+@@@@@@@@@@@*..
0x07,0xaa,0xaa,0xb8,0x00,  //..%@#%%%%%%%#@%..
0x0b,0x40,0x00,0x3c,0x00,  //..#@*.......+@@+.
0x1e,0x00,0x00,0x2d,0x00,  //.*@#.........%@%.
0x2d,0x00,0x00,0x1e,0x00,  //.#@*.........*@#.
0x3c,0x00,0x00,0x0b,0x40,  //*@@...........#@*
0xb4,0x00,0x00,0x07,0x80,  //%@%...........*@#
0xf5,0x50,0x00,0x57,0xc0,  //@@%***.....***%@@
0xff,0xf0,0x02,0xff,0xc0,  //@@@@@@+....#@@@@@
0xff,0xf8,0x07,0xff,0xc0,  //@@@@@@%***%@@@@@@
0xff,0xff,0xff,0xff,0xc0,  //@@@@@@@@@@@@@@@@@
0xff,0xff,0xff,0xff,0xc0,  //@@@@@@@@@@@@@@@@@
0xff,0xff,0xff,0xff,0xc0,  //@@@@@@@@@@@@@@@@@
0xbf,0xff,0xff,0xff,0x80,  //#@@@@@@@@@@@@@@@#


/*  */
0x00,0x06,0xa4,0x00,0x00,  //.....+*%%%*+.....
0x00,0xbf,0xff,0x80,0x00,  //...+%@@@@@@@%+...
0x02,0xfe,0xaf,0xf4,0x00,  //..+#@@@#%#@@@@*..
0x0b,0xd0,0x01,0xfc,0x00,  //.+#@@%+...+*@@@*.
0x2f,0x44,0x00,0x2e,0x00,  //.#@@*.*.....+#@#.
0x7d,0x0e,0x00,0x1f,0x40,  //*@@*.*@#*....*@@*
0xb8,0x0f,0xe0,0x0b,0x80,  //%@#..*@@@%+...#@#
0xb4,0x0f,0xfd,0x07,0xc0,  //#@%..*@@@@@*..*@@
0xf4,0x0f,0xff,0x87,0xc0,  //@@*..*@@@@@@#+*@@
0xf4,0x0f,0xff,0x87,0xc0,  //@@*..*@@@@@@%.*@@
0xb8,0x0f,0xf8,0x07,0xc0,  //#@%..*@@@@#*..%@@
0x7c,0x0f,0x90,0x0b,0x80,  //%@@+.*@@#*....#@%
0x3e,0x0d,0x00,0x1f,0x40,  //+@@%.*@%.....%@@*
0x1f,0x40,0x00,0x7e,0x00,  //.%@@%.......*@@%.
0x0b,0xe4,0x06,0xf8,0x00,  //..#@@#*+.+*#@@#+.
0x02,0xff,0xff,0xe0,0x00,  //...%@@@@@@@@@#+..
0x00,0x6f,0xfe,0x40,0x00,  //....*#@@@@@#*....


/*  */
0x00,0x06,0xa4,0x00,0x00,  //.....+*%%%*+.....
0x00,0x7f,0xff,0x81,0x80,  //...+%@@@@@@@%+.*#
0x02,0xff,0xff,0xe7,0xc0,  //..+#@@@@@@@@@#%@@
0x0b,0xe4,0x06,0xff,0xc0,  //.+#@@#%****#@@@@@
0x2f,0x80,0x00,0xbf,0xc0,  //.%@@#.......#@@@@
0x3e,0x00,0x01,0xff,0xc0,  //*@@#.......*@@@@@
0xbd,0x00,0x03,0xff,0xc0,  //%@@*......+@@@@@@
0xbc,0x00,0x01,0x55,0x40,  //#@@........******
0xf8,0x00,0x00,0x00,0x00,  //@@#..............
0xf8,0x00,0x00,0x00,0x00,  //@@#..............
0xbc,0x00,0x00,0x00,0x00,  //#@@+.............
0x7d,0x00,0x00,0x00,0x00,  //%@@*.............
0x3f,0x00,0x00,0x20,0x00,  //+@@@+.......+%...
0x1f,0x80,0x00,0xb8,0x00,  //.%@@#*.....*#@#..
0x0b,0xf9,0x5b,0xf8,0x00,  //..#@@@#***#@@@#+.
0x02,0xff,0xff,0xe0,0x00,  //...%@@@@@@@@@#+..
0x00,0x6f,0xfe,0x40,0x00,  //....*#@@@@@#*....


/*  */
0x00,0x06,0xa4,0x00,0x00,  //.....+*%%%*+.....
0x00,0xbf,0xff,0x81,0x80,  //...+%@@@@@@@%+.*#
0x02,0xff,0xff,0xe7,0xc0,  //..+#@@@@@@@@@#%@@
0x0b,0xe4,0x06,0xff,0xc0,  //.+#@@#%****#@@@@@
0x2f,0x80,0x00,0xbf,0xc0,  //.#@@#.......#@@@@
0x3e,0x00,0x01,0xff,0xc0,  //*@@#.......*@@@@@
0xbd,0x00,0x03,0xff,0xc0,  //%@@*......+@@@@@@
0x14,0x00,0x01,0x55,0x40,  //***........******
0x00,0x00,0x00,0x00,0x00,  //.................
0x00,0x00,0x00,0x00,0x00,  //.................
0xaa,0xa0,0x00,0x0a,0x40,  //%%%%%%+.......%%%
0xff,0xe0,0x00,0x1f,0x40,  //@@@@@#+......*@@%
0xff,0x80,0x00,0x2f,0x00,  //@@@@#+......+#@@*
0xff,0x80,0x00,0xbe,0x00,  //@@@@#*.....*#@@%.
0xff,0xf9,0x5b,0xf8,0x00,  //@@@@@@#***#@@@#..
0xe2,0xff,0xff,0xe0,0x00,  //@#*%@@@@@@@@@#...
0x80,0x6f,0xfe,0x40,0x00,  //%+..*#@@@@@#*....


/*  */
0x2a,0xaa,0xaa,0xaa,0xa8,  //+%%%%%%%%%%%%%%%%%%+
0xbf,0xff,0xff,0xff,0xfe,  //#@@@@@@@@@@@@@@@@@@#
0xff,0xff,0xff,0xff,0xff,  //@@@@@@@@@@@@@@@@@@@@
0xff,0xff,0xff,0xff,0xff,  //@@@@@@@@@@@@@@@@@@@@
0xe5,0x55,0x55,0x55,0x5b,  //@%****************%@
0xd0,0x00,0x00,0x00,0x07,  //@*................*@
0xd3,0x0f,0xff,0xff,0xc7,  //@*+@**@@@@@@@@@@@+*@
0xd1,0x05,0x55,0x55,0x47,  //@*.*..***********.*@
0xd0,0x00,0x00,0x00,0x07,  //@*.*..***********.*@
0xd3,0x0f,0xff,0xff,0xc7,  //@**@**@@@@@@@@@@@**@
0xd0,0x00,0x00,0x00,0x07,  //@*.*..***********.*@
0xd0,0x00,0x00,0x00,0x07,  //@*.*..***********.*@
0xd3,0x0f,0xff,0xff,0xc7,  //@**@**@@@@@@@@@@@**@
0xd0,0x00,0x00,0x00,0x07,  //@*.*..***********.*@
0xe5,0x55,0x55,0x55,0x5b,  //@%****************%@
0x7f,0xff,0xff,0xff,0xfd,  //*@@@@@@@@@@@@@@@@@@*


/*  */
0x00,0x59,0x00,0x00,  //....*%%%*....
0x02,0xff,0xd0,0x00,  //...%@@@@@%...
0x0b,0xd5,0xf4,0x00,  //..%@@%*%@@%..
0x0f,0x00,0x7c,0x00,  //.*@@+...*@@+.
0x1e,0x00,0x2d,0x00,  //.*@%.....#@*.
0x1d,0x00,0x2d,0x00,  //.*@*.....%@*.
0x1d,0x00,0x2d,0x00,  //.*@*.....%@*.
0x2e,0x55,0x6e,0x00,  //*%@%*****#@%*
0xff,0xff,0xff,0x80,  //@@@@@@@@@@@@%
0xff,0xff,0xff,0x80,  //@@@@@@@@@@@@%
0xff,0xff,0xff,0x80,  //@@@@@@@@@@@@%
0xff,0xff,0xff,0x80,  //@@@@@@@@@@@@%
0xff,0xff,0xff,0x80,  //@@@@@@@@@@@@%
0xff,0xff,0xff,0x80,  //@@@@@@@@@@@@%
0xff,0xff,0xff,0x80,  //@@@@@@@@@@@@%
0xbf,0xff,0xff,0x40,  //#@@@@@@@@@@@%


/*  */
0x60,0x00,0x00,0x00,0x00,  //%%.................
0xf4,0x00,0x00,0x00,0x00,  //@@*....***........+
0xb0,0x2f,0xfe,0x00,0x6c,  //#@*.*%@@@@@%*...*#@
0x62,0xff,0xff,0xeb,0xfc,  //*%+%@@@@@@@@@#%@@@@
0x67,0xff,0xff,0xff,0xfc,  //*%*@@@@@@@@@@@@@@@@
0x67,0xff,0xff,0xff,0xfc,  //*%*@@@@@@@@@@@@@@@@
0x67,0xff,0xff,0xff,0xfc,  //*%*@@@@@@@@@@@@@@@@
0x67,0xff,0xff,0xff,0xfc,  //*%*@@@@@@@@@@@@@@@@
0x67,0xff,0xff,0xff,0xfc,  //*%*@@@@@@@@@@@@@@@@
0x67,0xff,0xff,0xff,0xfc,  //*%*@@@@@@@@@@@@@@@@
0x67,0xff,0xff,0xff,0xfc,  //*%*@@@@@@@@@@@@@@@@
0x67,0xf9,0x5b,0xff,0xf4,  //*%*@@@#%**%@@@@@@@%
0x67,0x40,0x00,0x6e,0x40,  //*%*@%+.....+%#@#%+.
0x60,0x00,0x00,0x00,0x00,  //*%.................
0x60,0x00,0x00,0x00,0x00,  //*%.................
0x60,0x00,0x00,0x00,0x00,  //*%.................
0x60,0x00,0x00,0x00,0x00,  //*%.................


/*  */
0x00,0x01,0xa9,0x00,0x00,  //......**%%%*+......
0x00,0x6f,0xff,0xe0,0x00,  //....*#@@@@@@@%*....
0x02,0xf9,0x56,0xfd,0x00,  //...#@@#%***#@@@*...
0x0b,0x90,0x00,0x2f,0x40,  //..#@#*......+%@@%..
0x2e,0x00,0x00,0x07,0xc0,  //.%@#+.........%@@*.
0x3c,0x00,0x00,0x02,0xe0,  //*@@*...........%@#.
0x74,0x00,0x00,0x00,0xf0,  //%@%............+@@+
0xb0,0x00,0x00,0x00,0xb4,  //#@*.............%@*
0xf0,0x00,0x00,0x00,0x74,  //@@*...*.....+...*@*
0xf0,0x1c,0x01,0x90,0x74,  //@@*.+%@*...*#*..%@*
0xb5,0xfc,0x01,0xf8,0xb4,  //#@**@@@*...*@@#.#@*
0x7f,0xfc,0x01,0xff,0xf0,  //%@@@@@@*...*@@@@@@+
0x2f,0xfc,0x01,0xff,0xe0,  //*#@@@@@*...*@@@@@%.
0x02,0xfc,0x01,0xfd,0x00,  //...#@@@*...*@@@*...
0x00,0xbc,0x01,0xf8,0x00,  //...*#@@*...*@@%....
0x00,0x1c,0x01,0x80,0x00,  //.....*@+...*#+.....


/*  */
0x00,0x02,0x40,  //.......#*
0x00,0x0b,0x40,  //......#@*
0x00,0x2f,0x40,  //.....#@@*
0x00,0xbf,0x40,  //....#@@@*
0xbf,0xff,0x40,  //#@@@@@@@*
0xff,0xff,0x40,  //@@@@@@@@*
0xff,0xff,0x40,  //@@@@@@@@*
0xff,0xff,0x40,  //@@@@@@@@*
0xff,0xff,0x40,  //@@@@@@@@*
0xaa,0xff,0x40,  //%%%#@@@@*
0x00,0x7f,0x40,  //....%@@@*
0x00,0x1f,0x40,  //.....%@@*
0x00,0x07,0x40,  //......%@*
0x00,0x01,0x00,  //.......**


/*  */
0x00,0x02,0x40,0x00,  //.......#*....
0x00,0x0b,0x40,0x00,  //......#@*....
0x00,0x2f,0x40,0x00,  //.....#@@*....
0x00,0xbf,0x40,0x00,  //....#@@@*....
0xbf,0xff,0x45,0x00,  //#@@@@@@@*.%%.
0xff,0xff,0x47,0x40,  //@@@@@@@@*.*@*
0xff,0xff,0x41,0x80,  //@@@@@@@@*..%%
0xff,0xff,0x42,0x80,  //@@@@@@@@*..%%
0xff,0xff,0x47,0x00,  //@@@@@@@@*.%@*
0xaa,0xff,0x40,0x00,  //%%%#@@@@*.**.
0x00,0x7f,0x40,0x00,  //....%@@@*....
0x00,0x1f,0x40,0x00,  //.....%@@*....
0x00,0x07,0x40,0x00,  //......%@*....
0x00,0x01,0x00,0x00,  //.......**....


/*  */
0x00,0x00,0x00,0x64,0x00,  //............%#*....
0x00,0x02,0x40,0x1e,0x00,  //.......#*...+%@%...
0x00,0x0b,0x40,0x06,0x40,  //......#@*..**.*#%..
0x00,0x2f,0x42,0xd1,0xd0,  //.....#@@*..%@%.*@*.
0x00,0xbf,0x40,0x74,0xa0,  //....#@@@*...*@%.%#.
0xbf,0xff,0x45,0x1c,0x30,  //#@@@@@@@*.%%.*@+*@*
0xff,0xff,0x47,0x49,0x34,  //@@@@@@@@*.*@*.#%.@*
0xff,0xff,0x41,0x8a,0x24,  //@@@@@@@@*..%%.%%.#*
0xff,0xff,0x42,0x8a,0x24,  //@@@@@@@@*..%%.%%.#*
0xff,0xff,0x47,0x0d,0x34,  //@@@@@@@@*.%@*.@*.@*
0xaa,0xff,0x40,0x18,0x70,  //%%%#@@@@*.**.%#+*@+
0x00,0x7f,0x40,0xb4,0xa0,  //....%@@@*..+%@*.#%.
0x00,0x1f,0x42,0x91,0xc0,  //.....%@@*..%#*.%@+.
0x00,0x07,0x40,0x07,0x40,  //......%@*.....%@*..
0x00,0x01,0x00,0x2d,0x00,  //.......**...*#@*...
0x00,0x00,0x00,0x50,0x00,  //............*%+....


/*  */
0xaa,0xa8,0x6a,0xa9,  //%%%%%%%+*%%%%%%%
0xea,0xac,0x7a,0xaa,  //@#%%%#@**@%%%%#%
0xd0,0x0c,0x70,0x0a,  //@*...*@**@....%%
0xd2,0x0c,0x71,0x4a,  //@*+%+*@**@.*%.%%
0xd1,0x0c,0x70,0x4a,  //@*+*+*@**@.**.%%
0xd0,0x0c,0x70,0x0a,  //@*...*@**@....%%
0xff,0xfc,0x7f,0xfe,  //@@@@@@@**@@@@@@%
0x55,0x54,0x15,0x55,  //*******+********
0x00,0x00,0x00,0x00,  //*******.+***+.++
0xff,0xfc,0x7f,0x8a,  //@@@@@@@**@@@%.%%
0xd0,0x1c,0x7f,0xaa,  //@%****@**@@@#%#%
0xd0,0x0c,0x7a,0xfe,  //@*.*.*@**@%#@@@%
0xd3,0x0c,0x71,0xfe,  //@**@**@**@.*@@@%
0xd0,0x0c,0x70,0x00,  //@*.*.*@**@.+***+
0xe5,0x5c,0x70,0x45,  //@%***%@**@.**.**
0xff,0xfc,0x71,0x8a,  //@@@@@@@**@.*%.%%


/*  */
0x54,0x11,0x05,0x15,0x15,  //%**++%.*++**+%**+%%%
0x94,0x21,0x05,0x25,0x2a,  //%****%.******%***%%%
0x94,0x21,0x05,0x25,0x2a,  //%****%.******%***%%%
0x94,0x21,0x05,0x25,0x2a,  //%****%.******%***%%%
0x94,0x21,0x05,0x25,0x2a,  //%****%.******%***%%%
0x94,0x21,0x05,0x25,0x2a,  //%****%.******%***%%%
0x94,0x21,0x05,0x25,0x2a,  //%****%.******%***%%%
0x94,0x21,0x05,0x25,0x2a,  //%****%.******%***%%%
0x94,0x21,0x05,0x25,0x2a,  //%****%.******%***%%%
0x94,0x21,0x05,0x25,0x2a,  //%****%.******%***%%%
0x94,0x21,0x05,0x25,0x2a,  //%****%.******%***%%%
0x94,0x21,0x05,0x25,0x2a,  //%****%.******%***%%%
0x94,0x21,0x05,0x25,0x2a,  //%****%.******%***%%%
0x94,0x21,0x05,0x25,0x2a,  //%****%.******%***%%%
0x94,0x21,0x05,0x25,0x2a,  //%****%.******%***%%%
0x94,0x21,0x05,0x25,0x2a,  //%****%.******%***%%%


/*  */
0x2a,0xa9,0x00,0x00,0x00,  //*%%%%%%*.........
0xbf,0xff,0x40,0x00,0x00,  //#@@@@@@@%........
0xf9,0xbf,0xd0,0x00,0x00,  //@@#*#@@@@%.......
0xf0,0x3f,0xf4,0x00,0x00,  //@@*..@@@@@%......
0xf0,0x3f,0xfd,0x00,0x00,  //@@*.+@@@@@@%.....
0xfe,0xbf,0xff,0x40,0x00,  //@@@%#@@@@@@@%....
0xff,0xff,0xff,0xd0,0x00,  //@@@@@@@@@@@@@%...
0xbf,0xff,0xff,0xf4,0x00,  //%@@@@@@@@@@@@@%..
0x3f,0xff,0xff,0xfd,0x00,  //*@@@@@@@@@@@@@@%.
0x1f,0xff,0xff,0xff,0x40,  //.*@@@@@@@@@@@@@@%
0x07,0xff,0xff,0xff,0x80,  //..*@@@@@@@@@@@@@#
0x01,0xff,0xff,0xff,0x40,  //...*@@@@@@@@@@@@*
0x00,0x7f,0xff,0xfd,0x00,  //....*@@@@@@@@@@*.
0x00,0x1f,0xff,0xf4,0x00,  //.....*@@@@@@@@*..
0x00,0x07,0xff,0xd0,0x00,  //......*@@@@@@*...
0x00,0x01,0xff,0x40,0x00,  //.......*@@@@*....
0x00,0x00,0x7d,0x00,0x00,  //........*@@*.....


/*  */
0x2a,0xa9,0x19,0x00,0x00,0x00,  //*%%%%%%***%*.........
0xbf,0xff,0x47,0x80,0x00,0x00,  //#@@@@@@@%.*@#+.......
0xf9,0xbf,0xd1,0xe0,0x00,0x00,  //@@#*#@@@@%.*@#+......
0xf0,0x3f,0xf4,0x78,0x00,0x00,  //@@*..@@@@@%.*@#+.....
0xf0,0x3f,0xfd,0x1e,0x00,0x00,  //@@*.+@@@@@@%.*@#+....
0xfe,0xbf,0xff,0x47,0x80,0x00,  //@@@%#@@@@@@@%.*@#+...
0xff,0xff,0xff,0xd1,0xe0,0x00,  //@@@@@@@@@@@@@%.*@#+..
0xbf,0xff,0xff,0xf4,0x78,0x00,  //%@@@@@@@@@@@@@%.*@#+.
0x3f,0xff,0xff,0xfd,0x1e,0x00,  //*@@@@@@@@@@@@@@%.*@#+
0x1f,0xff,0xff,0xff,0x47,0x80,  //.*@@@@@@@@@@@@@@%.%@#
0x07,0xff,0xff,0xff,0x83,0xc0,  //..*@@@@@@@@@@@@@#.*@@
0x01,0xff,0xff,0xff,0x4b,0x40,  //...*@@@@@@@@@@@@*.#@%
0x00,0x7f,0xff,0xfd,0x2d,0x00,  //....*@@@@@@@@@@*.#@%.
0x00,0x1f,0xff,0xf4,0xb4,0x00,  //.....*@@@@@@@@*.#@%..
0x00,0x07,0xff,0xd2,0xd0,0x00,  //......*@@@@@@*.#@%...
0x00,0x01,0xff,0x4b,0x40,0x00,  //.......*@@@@*.#@%....
0x00,0x00,0x7d,0x2d,0x00,0x00,  //........*@@*.%@%.....


/*  */
0x00,0x2a,0xaa,0xaa,0x00,  //.....%%%%%%%%%%%+..
0x00,0x7f,0xff,0xff,0x80,  //....*@@@@@@@@@@@%..
0x00,0xbf,0xff,0xff,0x80,  //...+#@@@@@@@@@@@%..
0x00,0xf8,0x00,0x0b,0x40,  //...*@@%*******#@*..
0x01,0xf9,0x55,0x5f,0x14,  //...*@@%******%@@.**
0x02,0xff,0xff,0xfe,0x24,  //..+#@@@@@@@@@@@#.#*
0x07,0xe0,0x00,0x2d,0x30,  //..*@@%.......#@*.@+
0x07,0xe5,0x55,0x7c,0x60,  //..%@@%******%@@+*#.
0x0f,0xff,0xff,0xf8,0x90,  //.+@@@@@@@@@@@@#.%%.
0x1f,0xff,0xff,0xf4,0x80,  //.*@@@@@@@@@@@@%.#*.
0x2f,0xff,0xff,0xf0,0xc0,  //.%@@@@@@@@@@@@**@..
0x3f,0xff,0xff,0xe1,0x80,  //+@@@@@@@@@@@@#.%%..
0xbf,0xff,0xff,0xd2,0x40,  //%@@@@@@@@@@@@%.#*..
0xbf,0xff,0xff,0xc3,0x00,  //#@@@@@@@@@@@@*+@+..
0xe5,0x55,0x55,0x46,0x00,  //@%***********.*#...
0x90,0x00,0x00,0x09,0x00,  //%%............#*...
0x2f,0xff,0xff,0xf8,0x00,  //+#@@@@@@@@@@@@#....


/*  */
0x6a,0xaa,0xaa,0x90,  //*%%%%%%%%%%%%%
0xff,0xff,0xff,0xf0,  //@@@@@@@@@@@@@@
0xff,0xff,0xff,0xf0,  //@@@@@@@@@@@@@@
0xff,0xff,0xff,0xf0,  //@@@@@@@@@@@@@@
0xff,0xff,0xff,0xf0,  //@@@@@@@@@@@@@@
0xff,0xff,0xff,0xf0,  //@@@@@@@@@@@@@@
0xff,0xff,0xff,0xf0,  //@@@@@@@@@@@@@@
0xff,0xff,0xff,0xf0,  //@@@@@@@@@@@@@@
0xff,0xff,0xff,0xf0,  //@@@@@@@@@@@@@@
0xff,0xff,0xff,0xf0,  //@@@@@@@@@@@@@@
0xff,0xff,0xff,0xf0,  //@@@@@@@@@@@@@@
0xff,0xff,0xff,0xf0,  //@@@@@@@@@@@@@@
0xff,0xf5,0xff,0xf0,  //@@@@@@%*@@@@@@
0xff,0xd0,0x7f,0xf0,  //@@@@@%..*@@@@@
0xff,0x40,0x1f,0xf0,  //@@@@%....*@@@@
0xfd,0x00,0x07,0xf0,  //@@@%......*@@@
0xb4,0x00,0x00,0xa0,  //#@%........*##


/*  */
0x01,0xaa,0xaa,0x40,0x00,  //...%%%%%%%%%*......
0x03,0xaa,0xaa,0xd0,0x00,  //..+@#%%%%%%#@%.....
0x03,0x00,0x01,0xf4,0x00,  //..*@*......*@@%....
0x03,0x00,0x01,0xfd,0x00,  //..*@*......*@@@*...
0x03,0x00,0x00,0x5a,0x00,  //..*@*......+**#%...
0x03,0x00,0x00,0x0a,0x00,  //..*@*.........%%...
0x03,0x00,0x00,0x0a,0x00,  //..*@*.........%%...
0x17,0x00,0x00,0x0a,0x40,  //.*%@*.........%#**.
0xbf,0x40,0x00,0x0b,0xb0,  //%@@@**********#@#@*
0xff,0xff,0xff,0xfe,0x24,  //@@@@@@@@@@@@@@@#.#*
0xff,0xff,0xff,0xff,0xb4,  //@@@@@@@@@@@@@@@@#@*
0xff,0xff,0xff,0xff,0xf4,  //@@@@@@@@@@@@@@@@@@*
0xff,0xff,0xff,0xff,0xf4,  //@@@@@@@@@@@@@@@@@@*
0xff,0x40,0x00,0x0b,0xf4,  //@@@@**********#@@@*
0x57,0x00,0x00,0x0a,0x50,  //**%@*.........%#***
0x03,0x00,0x00,0x0a,0x00,  //..*@*.........%%...
0x03,0xff,0xff,0xfe,0x00,  //..+@@@@@@@@@@@@%...


/*  */
0x00,0x07,0xff,0xf8,0x00,0x00,  //......%@@@@@@@#+.....
0x00,0x0f,0xff,0xfd,0x00,0x00,  //.....+@@@@@@@@@%.....
0x00,0x1f,0xff,0xfe,0x00,0x00,  //..***%@@@@@@@@@#***+.
0x2f,0xff,0xff,0xff,0xff,0x40,  //+#@@@@@@@@@@@@@@@@@@*
0xbf,0xff,0xff,0xff,0xff,0xc0,  //%@@@@@@@@@@@@@@@@@@@@
0xff,0xff,0xe5,0xbf,0xff,0xc0,  //@@@@@@@@@%*%#@@@@@@@@
0xff,0xfe,0x00,0x1f,0xff,0xc0,  //@@@@@@@%+....*@@@@@@@
0xff,0xf8,0x15,0x07,0xff,0xc0,  //@@@@@@#..*%*+.*@@@@@@
0xff,0xf0,0x7f,0x82,0xff,0xc0,  //@@@@@@+.%@@@#+.%@@@@@
0xff,0xe0,0xff,0xe1,0xff,0xc0,  //@@@@@#.*@@@@@%.*@@@@@
0xff,0xe1,0xff,0xf0,0xff,0xc0,  //@@@@@%.*@@@@@@.*@@@@@
0xff,0xe1,0xff,0xe1,0xff,0xc0,  //@@@@@#.*@@@@@#.*@@@@@
0xff,0xf0,0xbf,0xc1,0xff,0xc0,  //@@@@@@+.#@@@@*.%@@@@@
0xff,0xf8,0x1a,0x03,0xff,0xc0,  //@@@@@@%..*%%*.*@@@@@@
0xff,0xfd,0x00,0x0b,0xff,0xc0,  //@@@@@@@%.....*#@@@@@@
0xff,0xff,0x95,0xbf,0xff,0xc0,  //@@@@@@@@#%**%@@@@@@@@
0xbf,0xff,0xff,0xff,0xff,0xc0,  //#@@@@@@@@@@@@@@@@@@@@
0x2f,0xff,0xff,0xff,0xff,0x40,  //+#@@@@@@@@@@@@@@@@@@%


/*  */
0x00,0x00,0x60,0x00,0x00,  //........*%.........
0x00,0x00,0xb4,0x00,0x00,  //........#@*........
0x00,0x01,0xf8,0x00,0x00,  //.......*@@#........
0x00,0x02,0xfc,0x00,0x00,  //.......#@@@*.......
0x00,0x03,0xfe,0x00,0x00,  //......+@@@@%.......
0x00,0x06,0xbf,0x00,0x00,  //......%#%@@@+......
0x00,0x09,0x3f,0x40,0x00,  //......#%*@@@%......
0x00,0x1c,0x2f,0x80,0x00,  //.....*@+.#@@#......
0x00,0x28,0x1f,0xd0,0x00,  //.....%#..*@@@*.....
0x00,0x34,0x0f,0xe0,0x00,  //....+@*..+@@@%.....
0x00,0x7a,0xab,0xf0,0x00,  //....*@#%%%#@@@+....
0x00,0xa5,0x57,0xf4,0x00,  //....#%****%@@@%....
0x00,0xc0,0x02,0xfc,0x00,  //...*@*.....#@@@....
0x01,0x80,0x01,0xfd,0x00,  //...%#......*@@@*...
0x03,0x40,0x00,0xfe,0x00,  //...@%.......@@@#...
0x07,0x00,0x00,0xbf,0x00,  //..*@*.......%@@@*..
0x6f,0xa0,0x06,0xff,0xe0,  //%#@@#%*...%#@@@@@%*


/*  */
0x55,0xaa,0xa5,0x00,  //****%%%%%%%*....
0x5b,0xf5,0x6f,0x90,  //*%#@@@***#@@#*..
0x0b,0xf0,0x07,0xf0,  //..%@@@....%@@@*.
0x07,0xf0,0x02,0xf8,  //..%@@@.....#@@%.
0x07,0xf0,0x02,0xf8,  //..*@@@.....%@@%.
0x07,0xf0,0x02,0xf4,  //..*@@@.....#@@%.
0x07,0xf0,0x07,0xe0,  //..*@@@....*@@#..
0x07,0xf5,0x6e,0x40,  //..*@@@***#@#*...
0x07,0xfa,0xaf,0x90,  //..*@@@%%%#@@#*..
0x07,0xf0,0x07,0xf4,  //..*@@@....*@@@%.
0x07,0xf0,0x01,0xfd,  //..*@@@.....*@@@*
0x07,0xf0,0x00,0xfe,  //..*@@@.....+@@@%
0x07,0xf0,0x00,0xfe,  //..*@@@......@@@%
0x07,0xf0,0x00,0xfd,  //..*@@@.....+@@@%
0x07,0xf0,0x01,0xfc,  //..*@@@.....*@@@+
0x0b,0xf0,0x07,0xf4,  //..%@@@+...*@@@*.
0xaf,0xfe,0xbe,0x40,  //%#@@@@@%#@@#%+..


/*  */
0x01,0x95,0x58,  //...*%%****%
0x01,0x6f,0xe4,  //...**#@@@%*
0x00,0x2f,0x80,  //.....%@@%..
0x00,0x2f,0x40,  //.....#@@*..
0x00,0x3f,0x00,  //.....@@@*..
0x00,0x3f,0x00,  //....*@@@+..
0x00,0x7e,0x00,  //....*@@#...
0x00,0xbe,0x00,  //....%@@%...
0x00,0xbd,0x00,  //....#@@*...
0x00,0xfc,0x00,  //....@@@*...
0x00,0xfc,0x00,  //...*@@@....
0x01,0xf8,0x00,  //...*@@#....
0x02,0xf4,0x00,  //...%@@%....
0x02,0xf4,0x00,  //...#@@*....
0x03,0xf0,0x00,  //..+@@@+....
0x07,0xf0,0x00,  //..*@@@.....
0x6f,0xfe,0x00,  //%#@@@@@%...


/*  */
0x90,0x05,0x55,0x50,0x10,  //%************%+..**.
0xff,0xff,0xff,0xf0,0x78,  //@@@@@@@@@@@@@@*.*@#+
0xe0,0x0f,0x40,0x70,0xbe,  //@#+..*@@*...%@*+#@@#
0xd0,0x0f,0x40,0x30,0x24,  //@*...*@@*...*@*.*#%+
0x80,0x0f,0x40,0x20,0x24,  //#+...*@@*....#*..%*.
0x00,0x0f,0x40,0x00,0x24,  //.....*@@*....*...%*.
0x00,0x0f,0x40,0x00,0x24,  //.....*@@*........%*.
0x00,0x0f,0x40,0x00,0x24,  //.....*@@*........%*.
0x00,0x0f,0x40,0x00,0x24,  //.....*@@*........%*.
0x00,0x0f,0x40,0x00,0x24,  //.....*@@*........%*.
0x00,0x0f,0x40,0x00,0x24,  //.....*@@*........%*.
0x00,0x0f,0x40,0x00,0x24,  //.....*@@*........%*.
0x00,0x0f,0x40,0x00,0x24,  //.....*@@*........%*.
0x00,0x0f,0x40,0x00,0x24,  //.....*@@*........%*.
0x00,0x0f,0x40,0x00,0x69,  //.....*@@*.......*#%*
0x00,0x1f,0x80,0x00,0xbd,  //.....%@@%.......#@@%
0x02,0xff,0xf8,0x00,0x28,  //...%@@@@@@%*....+##.


/*  */
0x90,0x05,0x55,0x54,0x80,  //%***************%
0xff,0xff,0xff,0xff,0xc0,  //@@@@@@@@@@@@@@@@@
0xe0,0x03,0xf0,0x01,0xc0,  //@#*+...@@@.....%@
0xd0,0x03,0xf0,0x01,0xc0,  //@*.....@@@.....*@
0x80,0x03,0xf0,0x00,0xc0,  //#+.....@@@.....+@
0x00,0x02,0xf0,0x00,0x00,  //.......#@@......*
0x00,0x02,0xf0,0x00,0x00,  //.......%@@.......
0x00,0x02,0xf0,0x00,0x00,  //.......%@@.......
0x00,0x02,0xf0,0x00,0x00,  //.......%@@.......
0x00,0x02,0xf0,0x00,0x00,  //.......%@@.......
0x00,0x02,0xf0,0x00,0x00,  //.......%@@.......
0x00,0x03,0xf0,0x00,0x00,  //.......@@@.......
0x00,0x03,0xf0,0x00,0x00,  //.......@@@.......
0x00,0x2f,0xfe,0x40,0x00,  //....*%@@@@@%*....
0x00,0x55,0x55,0x40,0x00,  //..*.*********.*..
0x28,0x00,0x00,0x0a,0x00,  //.%#...........%#+
0xbf,0xff,0xff,0xff,0x80,  //#@@@@@@@@@@@@@@@#
0x79,0x55,0x55,0x5b,0x40,  //*@#***********#@*
0x04,0x00,0x00,0x04,0x00,  //.+%...........%*.


/*  */
0xaa,0xaa,0xaa,0xa0,0x00,  //%%%%%%%%%%%%%%+.....
0xff,0xff,0xff,0xf0,0x00,  //@@@@@@@@@@@@@@*.....
0xbf,0xff,0xff,0xf0,0x00,  //#@@@@@@@@@@@@@+.....
0x00,0x00,0x00,0x00,0x00,  //+************+......
0x15,0x55,0x55,0x55,0x50,  //******************+.
0xff,0xff,0xff,0xff,0xf4,  //@@@@@@@@@@@@@@@@@@*.
0xff,0xff,0xff,0xff,0xf4,  //@@@@@@@@@@@@@@@@@@*.
0x15,0x55,0x55,0x55,0x50,  //******************+.
0x00,0x00,0x00,0x00,0x00,  //+**************.....
0xbf,0xff,0xff,0xfe,0x00,  //#@@@@@@@@@@@@@@%....
0xff,0xff,0xff,0xfe,0x00,  //@@@@@@@@@@@@@@@%....
0xaa,0xaa,0xaa,0xa9,0x00,  //%%%%%%%%%%%%%%%*....
0x00,0x00,0x00,0x00,0x00,  //....................
0xaa,0xaa,0xaa,0xaa,0xaa,  //%%%%%%%%%%%%%%%%%%%%
0xff,0xff,0xff,0xff,0xff,  //@@@@@@@@@@@@@@@@@@@@
0xbf,0xff,0xff,0xff,0xfe,  //#@@@@@@@@@@@@@@@@@@#


/*  */
0x00,0x0a,0xaa,0xa0,0x00,  //.....+%%%%%%%%+.....
0x00,0x0f,0xff,0xf0,0x00,  //.....*@@@@@@@@*.....
0x00,0x0f,0xff,0xf0,0x00,  //.....+@@@@@@@@+.....
0x00,0x00,0x00,0x00,0x00,  //......+******+......
0x05,0x55,0x55,0x55,0x50,  //.+****************+.
0x1f,0xff,0xff,0xff,0xf4,  //.*@@@@@@@@@@@@@@@@*.
0x1f,0xff,0xff,0xff,0xf4,  //.*@@@@@@@@@@@@@@@@*.
0x05,0x55,0x55,0x55,0x50,  //.+****************+.
0x00,0x00,0x00,0x00,0x00,  //.....**********.....
0x00,0xbf,0xff,0xfe,0x00,  //....%@@@@@@@@@@%....
0x00,0xbf,0xff,0xfe,0x00,  //....%@@@@@@@@@@%....
0x00,0x6a,0xaa,0xa9,0x00,  //....*%%%%%%%%%%*....
0x00,0x00,0x00,0x00,0x00,  //....................
0xaa,0xaa,0xaa,0xaa,0xaa,  //%%%%%%%%%%%%%%%%%%%%
0xff,0xff,0xff,0xff,0xff,  //@@@@@@@@@@@@@@@@@@@@
0xbf,0xff,0xff,0xff,0xfe,  //#@@@@@@@@@@@@@@@@@@#


/*  */
0x00,0x0a,0xaa,0xaa,0xaa,  //.....+%%%%%%%%%%%%%%
0x00,0x0f,0xff,0xff,0xff,  //.....*@@@@@@@@@@@@@@
0x00,0x0f,0xff,0xff,0xfe,  //.....+@@@@@@@@@@@@@#
0x00,0x00,0x00,0x00,0x00,  //......+************+
0x05,0x55,0x55,0x55,0x54,  //.+******************
0x1f,0xff,0xff,0xff,0xff,  //.*@@@@@@@@@@@@@@@@@@
0x1f,0xff,0xff,0xff,0xff,  //.*@@@@@@@@@@@@@@@@@@
0x05,0x55,0x55,0x55,0x54,  //.+******************
0x00,0x00,0x00,0x00,0x00,  //.....**************+
0x00,0xbf,0xff,0xff,0xfe,  //....%@@@@@@@@@@@@@@#
0x00,0xbf,0xff,0xff,0xff,  //....%@@@@@@@@@@@@@@@
0x00,0x6a,0xaa,0xaa,0xaa,  //....*%%%%%%%%%%%%%%%
0x00,0x00,0x00,0x00,0x00,  //....................
0xaa,0xaa,0xaa,0xaa,0xaa,  //%%%%%%%%%%%%%%%%%%%%
0xff,0xff,0xff,0xff,0xff,  //@@@@@@@@@@@@@@@@@@@@
0xbf,0xff,0xff,0xff,0xfe,  //#@@@@@@@@@@@@@@@@@@#


/*  */
0xaa,0xaa,0xaa,0xaa,0xaa,  //%%%%%%%%%%%%%%%%%%%%
0xff,0xff,0xff,0xff,0xff,  //@@@@@@@@@@@@@@@@@@@@
0xbf,0xff,0xff,0xff,0xfe,  //#@@@@@@@@@@@@@@@@@@#
0x00,0x00,0x00,0x00,0x00,  //+******************+
0x15,0x55,0x55,0x55,0x54,  //********************
0xff,0xff,0xff,0xff,0xff,  //@@@@@@@@@@@@@@@@@@@@
0xff,0xff,0xff,0xff,0xff,  //@@@@@@@@@@@@@@@@@@@@
0x15,0x55,0x55,0x55,0x54,  //********************
0x00,0x00,0x00,0x00,0x00,  //+******************+
0xbf,0xff,0xff,0xff,0xfe,  //#@@@@@@@@@@@@@@@@@@#
0xff,0xff,0xff,0xff,0xff,  //@@@@@@@@@@@@@@@@@@@@
0xaa,0xaa,0xaa,0xaa,0xaa,  //%%%%%%%%%%%%%%%%%%%%
0x00,0x00,0x00,0x00,0x00,  //....................
0xaa,0xaa,0xaa,0xaa,0xaa,  //%%%%%%%%%%%%%%%%%%%%
0xff,0xff,0xff,0xff,0xff,  //@@@@@@@@@@@@@@@@@@@@
0xbf,0xff,0xff,0xff,0xfe,  //#@@@@@@@@@@@@@@@@@@#


/*  */
0xa4,0x6a,0xaa,0xaa,0xaa,  //%%%.*%%%%%%%%%%%%%%%
0xf8,0xbf,0xff,0xff,0xff,  //@@%.%@@@@@@@@@@@@@@@
0xf8,0xbf,0xff,0xff,0xff,  //@@%.%@@@@@@@@@@@@@@@
0x00,0x00,0x00,0x00,0x00,  //+*+.+**************+
0x54,0x15,0x55,0x55,0x55,  //***.****************
0xf8,0xbf,0xff,0xff,0xff,  //@@%.%@@@@@@@@@@@@@@@
0xf8,0xbf,0xff,0xff,0xff,  //@@%.%@@@@@@@@@@@@@@@
0x54,0x15,0x55,0x55,0x55,  //***.****************
0x00,0x00,0x00,0x00,0x00,  //+*+.+**************+
0xf8,0xbf,0xff,0xff,0xff,  //@@%.%@@@@@@@@@@@@@@@
0xf8,0xbf,0xff,0xff,0xff,  //@@%.%@@@@@@@@@@@@@@@
0xa4,0x6a,0xaa,0xaa,0xaa,  //%%%.*%%%%%%%%%%%%%%%
0x00,0x00,0x00,0x00,0x00,  //....................
0xa4,0x6a,0xaa,0xaa,0xaa,  //%%%.%%%%%%%%%%%%%%%%
0xf8,0xbf,0xff,0xff,0xff,  //@@%.%@@@@@@@@@@@@@@@
0xf8,0xbf,0xff,0xff,0xff,  //@@%.%@@@@@@@@@@@@@@@


/*  */
0xaa,0xaa,0xaa,0xaa,0xaa,  //%%%%%%%%%%%%%%%%%%%%
0xff,0xff,0xff,0xff,0xff,  //@@@@@@@@@@@@@@@@@@@@
0xff,0xff,0xff,0xff,0xff,  //@@@@@@@@@@@@@@@@@@@@
0x00,0x00,0x00,0x00,0x00,  //+******************+
0x00,0x01,0x55,0x55,0x55,  //...+...*************
0x02,0x02,0xff,0xff,0xff,  //..+#*..%@@@@@@@@@@@@
0x0b,0x02,0xff,0xff,0xff,  //.+#@*..%@@@@@@@@@@@@
0x2f,0x01,0x55,0x55,0x55,  //+#@@*..*************
0x7f,0x00,0x00,0x00,0x00,  //*@@@*..+***********+
0x1f,0x02,0xff,0xff,0xff,  //.*@@*..%@@@@@@@@@@@@
0x07,0x02,0xff,0xff,0xff,  //..*@*..%@@@@@@@@@@@@
0x01,0x01,0xaa,0xaa,0xaa,  //...*+..%%%%%%%%%%%%%
0x00,0x00,0x00,0x00,0x00,  //....................
0xaa,0xaa,0xaa,0xaa,0xaa,  //%%%%%%%%%%%%%%%%%%%%
0xff,0xff,0xff,0xff,0xff,  //@@@@@@@@@@@@@@@@@@@@
0xff,0xff,0xff,0xff,0xff,  //@@@@@@@@@@@@@@@@@@@@


/*  */
0xaa,0xaa,0xaa,0xaa,0xaa,  //%%%%%%%%%%%%%%%%%%%%
0xff,0xff,0xff,0xff,0xff,  //@@@@@@@@@@@@@@@@@@@@
0xff,0xff,0xff,0xff,0xff,  //@@@@@@@@@@@@@@@@@@@@
0x00,0x00,0x00,0x00,0x00,  //+******************+
0x00,0x01,0x55,0x55,0x55,  //*......*************
0xd0,0x02,0xff,0xff,0xff,  //@*.....%@@@@@@@@@@@@
0xf4,0x02,0xff,0xff,0xff,  //@@*....%@@@@@@@@@@@@
0xfd,0x01,0x55,0x55,0x55,  //@@@*...*************
0xfd,0x00,0x00,0x00,0x00,  //@@@%...+***********+
0xf4,0x02,0xff,0xff,0xff,  //@@%....%@@@@@@@@@@@@
0xd0,0x02,0xff,0xff,0xff,  //@%.....%@@@@@@@@@@@@
0x40,0x01,0xaa,0xaa,0xaa,  //*......%%%%%%%%%%%%%
0x00,0x00,0x00,0x00,0x00,  //....................
0xaa,0xaa,0xaa,0xaa,0xaa,  //%%%%%%%%%%%%%%%%%%%%
0xff,0xff,0xff,0xff,0xff,  //@@@@@@@@@@@@@@@@@@@@
0xff,0xff,0xff,0xff,0xff,  //@@@@@@@@@@@@@@@@@@@@


/*  */
0x2f,0xff,0xff,0x80,0x06,  //.%@@@@@@@@@@#+....*#
0x7f,0xff,0xff,0xe0,0x1f,  //%@@@@@@@@@@@@#...*@@
0xff,0xff,0xff,0xf0,0x7f,  //@@@@@@@@@@@@@@*.*@@@
0xff,0xff,0xff,0xf1,0xff,  //@@@@@@@@@@@@@@**@@@@
0xff,0xff,0xff,0xf7,0xff,  //@@@@@@@@@@@@@@%@@@@@
0xff,0xff,0xff,0xff,0xff,  //@@@@@@@@@@@@@@@@@@@@
0xff,0xff,0xff,0xff,0xff,  //@@@@@@@@@@@@@@@@@@@@
0xff,0xff,0xff,0xff,0xff,  //@@@@@@@@@@@@@@@@@@@@
0xff,0xff,0xff,0xff,0xff,  //@@@@@@@@@@@@@@@@@@@@
0xff,0xff,0xff,0xf6,0xff,  //@@@@@@@@@@@@@@*#@@@@
0xff,0xff,0xff,0xf0,0xbf,  //@@@@@@@@@@@@@@*+#@@@
0xbf,0xff,0xff,0xf0,0x2f,  //#@@@@@@@@@@@@@+.+#@@
0x7f,0xff,0xff,0xe0,0x0b,  //*@@@@@@@@@@@@%...+#@
0x1b,0xff,0xff,0x40,0x01,  //.*#@@@@@@@@@%.....+%


/*  */
0x2a,0xaa,0xaa,0xaa,0xaa,0x40,  //+%%%%%%%%%%%%%%%%%%%*
0xaa,0xaa,0xaa,0xaa,0xaa,0xc0,  //##%%%%%%%%%%%%%%%%%%@
0xd0,0x00,0x00,0x00,0x00,0xc0,  //@*..................@
0xd0,0xa0,0x00,0x00,0x00,0xc0,  //@*.+%%+.............@
0xd2,0xf8,0x00,0x00,0x00,0xc0,  //@*.#@@#.............@
0xd3,0xfc,0x00,0x14,0x00,0xc0,  //@*+@@@@+.....%%.....@
0xd2,0xf8,0x00,0x7d,0x00,0xc0,  //@*.%@@%.....%@@%....@
0xd0,0x50,0x01,0xff,0x40,0xc0,  //@*..**.....%@@@@%...@
0xd0,0x00,0x07,0xff,0xd0,0xc0,  //@*........%@@@@@@%..@
0xd0,0x08,0x1f,0xff,0xf4,0xc0,  //@*...+#+.%@@@@@@@@*.@
0xd0,0x2e,0xbf,0xff,0xf4,0xc0,  //@*..+#@#%@@@@@@@@@*.@
0xd0,0xbf,0xff,0xff,0xf4,0xc0,  //@*.+#@@@@@@@@@@@@@*.@
0xd2,0xff,0xff,0xff,0xf4,0xc0,  //@*+#@@@@@@@@@@@@@@*.@
0xd3,0xff,0xff,0xff,0xf4,0xc0,  //@**@@@@@@@@@@@@@@@*.@
0xd1,0x55,0x55,0x55,0x50,0xc0,  //@*+****************.@
0xd0,0x00,0x00,0x00,0x00,0xc0,  //@*..................@
0xbf,0xff,0xff,0xff,0xff,0xc0,  //%@@@@@@@@@@@@@@@@@@@@


/*  */
0x00,0x00,0x01,0xf4,0x00,  //...........%@@*..
0x00,0x00,0x07,0xfd,0x00,  //..........%@@@@*.
0x00,0x00,0x07,0xff,0x40,  //.........**@@@@@*
0x00,0x00,0x75,0xff,0x80,  //........%@**@@@@#
0x00,0x01,0xdd,0x7f,0x40,  //.......%@%@**@@@%
0x00,0x07,0x6f,0x5d,0x00,  //......%@*#@@**@%.
0x00,0x1d,0xbf,0xd0,0x00,  //.....%@*#@@@@**..
0x00,0x76,0xff,0xd0,0x00,  //....%@*#@@@@@%...
0x01,0xdb,0xff,0x40,0x00,  //...%@*#@@@@@%....
0x07,0x6f,0xfd,0x00,0x00,  //..%@*#@@@@@%.....
0x1d,0xbf,0xf4,0x00,0x00,  //.%@*#@@@@@%......
0x77,0xff,0xd0,0x00,0x00,  //%@%@@@@@@%.......
0xd1,0xff,0x40,0x00,0x00,  //@%.*@@@@%........
0xe4,0x7d,0x00,0x00,0x00,  //@%*.*@@%.........
0xf8,0x74,0x00,0x00,0x00,  //@@%.*@%..........
0xff,0xd0,0x00,0x00,0x00,  //@@@@@%...........


/*  */
0x00,0x69,0x00,  //...*%%%*...
0x0b,0xff,0x80,  //..%@@@@@#*.
0x2f,0xff,0xf0,  //.#@@@@@@@@*
0x7e,0x42,0xf8,  //*@@#***%@@#
0xbc,0x00,0xbc,  //#@@*....#@@
0xf8,0x00,0x7c,  //@@#.....*@@
0xf8,0x00,0x7c,  //@@#.....*@@
0xbc,0x00,0xbc,  //#@@*....#@@
0x7e,0x42,0xf8,  //*@@#***%@@#
0x2f,0xff,0xf4,  //.#@@@@@@@@*
0x1f,0xff,0xe0,  //.*@@@@@@@#.
0x0b,0xff,0xd0,  //..#@@@@@@*.
0x07,0xff,0x80,  //..*@@@@@#..
0x02,0xff,0x40,  //...#@@@@*..
0x01,0xfe,0x00,  //...%@@@#...
0x00,0xfd,0x00,  //...+@@@*...
0x00,0x78,0x00,  //....%@#....


/*  */
0x00,0x06,0xa4,0x00,0x00,  //.....+*%%%*+.....
0x00,0xbf,0xff,0x80,0x00,  //...+%@@@@@@@%+...
0x02,0xfe,0xbf,0xf4,0x00,  //..+#@@@##@@@@@*..
0x0b,0xd0,0x7f,0xfc,0x00,  //.+#@@%+.*@@@@@@*.
0x2f,0x40,0x7f,0xfe,0x00,  //.#@@*...*@@@@@@#.
0x7d,0x00,0x7f,0xff,0x40,  //*@@*....*@@@@@@@*
0xb8,0x00,0x7f,0xff,0x80,  //%@#.....*@@@@@@@#
0xb4,0x00,0x7f,0xff,0xc0,  //#@%.....*@@@@@@@@
0xf4,0x00,0x7f,0xff,0xc0,  //@@*.....*@@@@@@@@
0xf4,0x00,0x7f,0xff,0xc0,  //@@*.....*@@@@@@@@
0xb8,0x00,0x7f,0xff,0xc0,  //#@%.....*@@@@@@@@
0x7c,0x00,0x7f,0xff,0x80,  //%@@+....*@@@@@@@%
0x3e,0x00,0x7f,0xff,0x40,  //+@@%....*@@@@@@@*
0x1f,0x40,0x7f,0xfe,0x00,  //.%@@%...*@@@@@@%.
0x0b,0xe4,0x7f,0xf8,0x00,  //..#@@#*+*@@@@@#+.
0x02,0xff,0xff,0xe0,0x00,  //...%@@@@@@@@@#+..
0x00,0x6f,0xfe,0x40,0x00,  //....*#@@@@@#*....


/*  */
0x00,0x38,0x00,  //....*@%....
0x00,0xbc,0x00,  //....%@@+...
0x00,0xfd,0x00,  //...+@@@%...
0x02,0xff,0x00,  //...%@@@@+..
0x03,0xff,0x80,  //..*@@@@@%..
0x0b,0xff,0xc0,  //..#@@@@@@*.
0x1f,0xff,0xe0,  //.%@@@@@@@#.
0x3f,0xff,0xf8,  //*@@@@@@@@@%
0xbf,0xff,0xfc,  //%@@@@@@@@@@
0xfe,0x7f,0xfc,  //@@@#*@@@@@@
0xfd,0x2f,0xfc,  //@@@*.#@@@@@
0xb8,0x0f,0xfc,  //#@#..*@@@@@
0x7c,0x1f,0xf8,  //%@@+.%@@@@#
0x2f,0xbf,0xf4,  //.#@@#@@@@@*
0x0b,0xff,0xd0,  //.+#@@@@@@%.
0x01,0xbe,0x00,  //...%#@@%*..


/*  */
0x06,0xaa,0xaa,0x90,0x10,  //.*%%%%%%%%%%%%..**..
0x3a,0xaa,0xaa,0x91,0xf4,  //*@#%%%%%%%%%%%.*@@%.
0xa0,0x00,0x00,0x00,0xbd,  //#%............*.#@@%
0xd0,0x00,0x00,0x1d,0x2e,  //@*...........*@%.#@#
0xd0,0x00,0x00,0x67,0x48,  //@*..........*#%@%.%+
0xd0,0x00,0x01,0x9f,0xd0,  //@*.........*#%@@@%..
0xd0,0x00,0x06,0x7f,0x80,  //@*........*#%@@@#+..
0xd0,0x00,0x19,0xfe,0x00,  //@*.......*#%@@@#+...
0xd0,0x00,0x7b,0xf8,0x00,  //@*......*@#@@@#+....
0xd0,0x01,0x9b,0xe0,0x00,  //@*.....*#*#@@#+.....
0xd0,0x02,0x03,0x81,0x00,  //@*.....%*.+@#+.*....
0xd0,0x02,0xc6,0x0a,0x00,  //@*.....%@*%#+.%%....
0xd0,0x02,0xf8,0x0a,0x00,  //@*.....%@@#+..%%....
0x90,0x00,0x00,0x09,0x00,  //#%.....+**+...#%....
0x75,0x55,0x55,0x6c,0x00,  //*@%**********%@*....
0x1b,0xff,0xff,0xe0,0x00,  //.*#@@@@@@@@@@#*.....


/*  */
0x00,0x00,0x00,0x34,0x00,  //............+@%....
0x06,0xa0,0x00,0x3d,0x00,  //.*%%%%*.....*@@%...
0x3a,0x80,0x00,0x7f,0x40,  //*@#%%*..+****@@@%..
0xa0,0x06,0xff,0xff,0xd0,  //#%...+%#@@@@@@@@@%.
0xd0,0x7f,0xff,0xff,0xf4,  //@*..*@@@@@@@@@@@@@*
0xd0,0xff,0xff,0xff,0xe0,  //@*.*@@@@@@@@@@@@@#+
0xd2,0xff,0xff,0xff,0x80,  //@*.#@@@@@@@@@@@@#+.
0xd3,0xfd,0x00,0x3e,0x00,  //@*.@@@@%*...*@@#+..
0xd3,0xf0,0x00,0x38,0x00,  //@*+@@@+.....*@#+...
0xd3,0xd0,0x00,0x20,0x00,  //@*+@@%.......%+....
0xd2,0xc0,0x00,0x00,0x00,  //@*.#@*.........*...
0xd1,0xc0,0x00,0x0a,0x00,  //@*.%@*........%%...
0xd0,0xc0,0x00,0x0a,0x00,  //@*.+@*........%%...
0xd0,0x40,0x00,0x0a,0x00,  //@*..%*........%%...
0x90,0x00,0x00,0x09,0x00,  //#%............#%...
0x75,0x55,0x55,0x6c,0x00,  //*@%**********%@*...
0x1b,0xff,0xff,0xe0,0x00,  //.*#@@@@@@@@@@#*....


/*  */
0x06,0xaa,0xaa,0x90,0x00,  //.*%%%%%%%%%%%%.....
0x3a,0xaa,0xaa,0x91,0x90,  //*@#%%%%%%%%%%%.*#*.
0xa0,0x00,0x00,0x07,0xf0,  //#%............*@@@*
0xd0,0x00,0x00,0x1f,0xf4,  //@*...........*@@@@*
0xd0,0x00,0x00,0x7f,0xd0,  //@*..........*@@@@%.
0xd0,0x50,0x01,0xff,0x40,  //@*..**.....*@@@@%..
0xd1,0xf4,0x07,0xfd,0x00,  //@*.%@@%...*@@@@%...
0xd3,0xfd,0x1f,0xf4,0x00,  //@*.@@@@%.*@@@@%....
0xd1,0xff,0xbf,0xd0,0x00,  //@*.*@@@@%@@@@%.....
0xd0,0x7f,0xff,0x46,0x00,  //@*..*@@@@@@@%.*%...
0xd0,0x1f,0xfd,0x0a,0x00,  //@*...*@@@@@%..%%...
0xd0,0x07,0xf4,0x0a,0x00,  //@*....*@@@%...%%...
0xd0,0x01,0xd0,0x0a,0x00,  //@*.....*@%....%%...
0x90,0x00,0x00,0x09,0x00,  //#%............#%...
0x75,0x55,0x55,0x6c,0x00,  //*@%**********%@*...
0x1b,0xff,0xff,0xe0,0x00,  //.*#@@@@@@@@@@#*....


/*  */
0x00,0x00,0x28,0x00,0x00,  //.........##.........
0x00,0x00,0xbe,0x00,0x00,  //........#@@#........
0x00,0x02,0xff,0x80,0x00,  //.......#@@@@#.......
0x00,0x07,0xff,0xd0,0x00,  //......*@@@@@@*......
0x00,0x00,0x7d,0x00,0x00,  //.......*%@@%*.......
0x00,0x00,0x7d,0x00,0x00,  //........*@@*........
0x02,0x00,0x7d,0x00,0x80,  //...%+...*@@*...+%...
0x0b,0x00,0x7d,0x00,0xe0,  //..#@*...*@@*...*@#..
0x2f,0x55,0xbe,0x55,0xf8,  //.#@@%***%@@%***%@@#.
0xbf,0xff,0xff,0xff,0xfe,  //#@@@@@@@@@@@@@@@@@@#
0x7f,0xff,0xff,0xff,0xfd,  //%@@@@@@@@@@@@@@@@@@%
0x1f,0x40,0x7d,0x01,0xf4,  //.%@@****%@@%****@@%.
0x07,0x00,0x7d,0x00,0xd0,  //..%@*...*@@*...*@%..
0x01,0x00,0x7d,0x00,0x40,  //...*....*@@*....*...
0x00,0x00,0x7d,0x00,0x00,  //........*@@*........
0x00,0x01,0xbe,0x40,0x00,  //......+*%@@%*+......
0x00,0x07,0xff,0xd0,0x00,  //......*@@@@@@*......
0x00,0x01,0xff,0x40,0x00,  //.......%@@@@%.......
0x00,0x00,0x7d,0x00,0x00,  //........%@@%........
0x00,0x00,0x14,0x00,0x00,  //.........%%.........


/*  */
0xa4,0x00,0x00,  //%%*.......+
0xf8,0x00,0x08,  //@@%......+#
0xf8,0x00,0x2c,  //@@%.....+#@
0xf8,0x00,0xbc,  //@@%....+#@@
0xf8,0x02,0xfc,  //@@%...+#@@@
0xf8,0x0b,0xfc,  //@@%..+#@@@@
0xf8,0x2f,0xfc,  //@@%.+#@@@@@
0xf8,0xbf,0xfc,  //@@%+#@@@@@@
0xfa,0xff,0xfc,  //@@##@@@@@@@
0xfa,0xff,0xfc,  //@@##@@@@@@@
0xf8,0xbf,0xfc,  //@@%.#@@@@@@
0xf8,0x2f,0xfc,  //@@%..#@@@@@
0xf8,0x0b,0xfc,  //@@%...#@@@@
0xf8,0x02,0xfc,  //@@%....#@@@
0xf8,0x00,0xbc,  //@@%.....#@@
0xf8,0x00,0x2c,  //@@%......#@
0xf8,0x00,0x08,  //@@%.......#
0x10,0x00,0x00,  //***........


/*  */
0xa4,0x00,0x00,0x00,0x01,  //%%*.......+*.......%
0xf8,0x00,0x09,0x00,0x07,  //@@%......+#*......%@
0xf8,0x00,0x2d,0x00,0x1f,  //@@%.....+#@*.....%@@
0xf8,0x00,0xbd,0x00,0x7f,  //@@%....+#@@*....%@@@
0xf8,0x02,0xfd,0x01,0xff,  //@@%...+#@@@*...%@@@@
0xf8,0x0b,0xfd,0x07,0xff,  //@@%..+#@@@@*..%@@@@@
0xf8,0x2f,0xfd,0x1f,0xff,  //@@%.+#@@@@@*.%@@@@@@
0xf8,0xbf,0xfd,0x7f,0xff,  //@@%+#@@@@@@*%@@@@@@@
0xfa,0xff,0xfe,0xff,0xff,  //@@##@@@@@@@#@@@@@@@@
0xfa,0xff,0xfe,0xff,0xff,  //@@##@@@@@@@#@@@@@@@@
0xf8,0xbf,0xfd,0x7f,0xff,  //@@%.#@@@@@@**@@@@@@@
0xf8,0x2f,0xfd,0x1f,0xff,  //@@%..#@@@@@*.*@@@@@@
0xf8,0x0b,0xfd,0x07,0xff,  //@@%...#@@@@*..*@@@@@
0xf8,0x02,0xfd,0x01,0xff,  //@@%....#@@@*...*@@@@
0xf8,0x00,0xbd,0x00,0x7f,  //@@%.....#@@*....*@@@
0xf8,0x00,0x2d,0x00,0x1f,  //@@%......#@*.....*@@
0xf8,0x00,0x09,0x00,0x07,  //@@%.......#*......*@
0x10,0x00,0x00,0x00,0x00,  //***........+.......*


/*  */
0x00,0x00,0x40,0x00,0x00,  //........%.......+*
0x00,0x01,0xc0,0x00,0x90,  //.......%@......+#*
0x00,0x07,0xc0,0x02,0xd0,  //......%@@.....+#@*
0x00,0x1f,0xc0,0x0b,0xd0,  //.....%@@@....+#@@*
0x00,0x7f,0xc0,0x2f,0xd0,  //....%@@@@...+#@@@*
0x01,0xff,0xc0,0xbf,0xd0,  //...%@@@@@..+#@@@@*
0x07,0xff,0xc2,0xff,0xd0,  //..%@@@@@@.+#@@@@@*
0x1f,0xff,0xcb,0xff,0xd0,  //.%@@@@@@@+#@@@@@@*
0x7f,0xff,0xef,0xff,0xd0,  //*@@@@@@@@#@@@@@@@*
0x3f,0xff,0xdf,0xff,0xd0,  //*@@@@@@@@%@@@@@@@*
0x1f,0xff,0xc7,0xff,0xd0,  //.*@@@@@@@.%@@@@@@*
0x07,0xff,0xc1,0xff,0xd0,  //..*@@@@@@..%@@@@@*
0x01,0xff,0xc0,0x7f,0xd0,  //...*@@@@@...%@@@@*
0x00,0x7f,0xc0,0x1f,0xd0,  //....*@@@@....%@@@*
0x00,0x1f,0xc0,0x07,0xd0,  //.....*@@@.....%@@*
0x00,0x07,0xc0,0x01,0xd0,  //......*@@......%@*
0x00,0x01,0xc0,0x00,0x50,  //.......*@.......%*
0x00,0x00,0x00,0x00,0x00,  //........*........+


/*  */
0x80,0x00,0x00,0x00,  //%*..............
0xf8,0x00,0x00,0x00,  //@@%+............
0xff,0x40,0x00,0x00,  //@@@@%...........
0xff,0xe4,0x00,0x00,  //@@@@@#*.........
0xff,0xfe,0x40,0x00,  //@@@@@@@#*.......
0xff,0xff,0xe0,0x00,  //@@@@@@@@@%*.....
0xff,0xff,0xfe,0x00,  //@@@@@@@@@@@%+...
0xff,0xff,0xff,0xd0,  //@@@@@@@@@@@@@%..
0xff,0xff,0xff,0xf9,  //@@@@@@@@@@@@@@#*
0xff,0xff,0xff,0xf8,  //@@@@@@@@@@@@@@%+
0xff,0xff,0xff,0x80,  //@@@@@@@@@@@@#*..
0xff,0xff,0xf9,0x00,  //@@@@@@@@@@#*....
0xff,0xff,0x90,0x00,  //@@@@@@@@#*......
0xff,0xfd,0x00,0x00,  //@@@@@@@%+.......
0xff,0xe0,0x00,0x00,  //@@@@@%+.........
0xfe,0x00,0x00,0x00,  //@@@#*...........
0xe4,0x00,0x00,0x00,  //@#*.............
0x40,0x00,0x00,0x00,  //*...............


/*  */
0xaa,0xa8,0x0a,0xaa,0x80,  //%%%%%%%...%%%%%%%
0xff,0xfc,0x0f,0xff,0xc0,  //@@@@@@@*..@@@@@@@
0xff,0xfc,0x0f,0xff,0xc0,  //@@@@@@@*..@@@@@@@
0xff,0xfc,0x0f,0xff,0xc0,  //@@@@@@@*..@@@@@@@
0xff,0xfc,0x0f,0xff,0xc0,  //@@@@@@@*..@@@@@@@
0xff,0xfc,0x0f,0xff,0xc0,  //@@@@@@@*..@@@@@@@
0xff,0xfc,0x0f,0xff,0xc0,  //@@@@@@@*..@@@@@@@
0xff,0xfc,0x0f,0xff,0xc0,  //@@@@@@@*..@@@@@@@
0xff,0xfc,0x0f,0xff,0xc0,  //@@@@@@@*..@@@@@@@
0xff,0xfc,0x0f,0xff,0xc0,  //@@@@@@@*..@@@@@@@
0xff,0xfc,0x0f,0xff,0xc0,  //@@@@@@@*..@@@@@@@
0xff,0xfc,0x0f,0xff,0xc0,  //@@@@@@@*..@@@@@@@
0xff,0xfc,0x0f,0xff,0xc0,  //@@@@@@@*..@@@@@@@
0xff,0xfc,0x0f,0xff,0xc0,  //@@@@@@@*..@@@@@@@
0xff,0xfc,0x0f,0xff,0xc0,  //@@@@@@@*..@@@@@@@
0xff,0xfc,0x0f,0xff,0xc0,  //@@@@@@@*..@@@@@@@
0xff,0xfc,0x0f,0xff,0xc0,  //@@@@@@@+..@@@@@@@


/*  */
0xaa,0xaa,0xaa,0xaa,0x80,  //%%%%%%%%%%%%%%%%%
0xff,0xff,0xff,0xff,0xc0,  //@@@@@@@@@@@@@@@@@
0xff,0xff,0xff,0xff,0xc0,  //@@@@@@@@@@@@@@@@@
0xff,0xff,0xff,0xff,0xc0,  //@@@@@@@@@@@@@@@@@
0xff,0xff,0xff,0xff,0xc0,  //@@@@@@@@@@@@@@@@@
0xff,0xff,0xff,0xff,0xc0,  //@@@@@@@@@@@@@@@@@
0xff,0xff,0xff,0xff,0xc0,  //@@@@@@@@@@@@@@@@@
0xff,0xff,0xff,0xff,0xc0,  //@@@@@@@@@@@@@@@@@
0xff,0xff,0xff,0xff,0xc0,  //@@@@@@@@@@@@@@@@@
0xff,0xff,0xff,0xff,0xc0,  //@@@@@@@@@@@@@@@@@
0xff,0xff,0xff,0xff,0xc0,  //@@@@@@@@@@@@@@@@@
0xff,0xff,0xff,0xff,0xc0,  //@@@@@@@@@@@@@@@@@
0xff,0xff,0xff,0xff,0xc0,  //@@@@@@@@@@@@@@@@@
0xff,0xff,0xff,0xff,0xc0,  //@@@@@@@@@@@@@@@@@
0xff,0xff,0xff,0xff,0xc0,  //@@@@@@@@@@@@@@@@@
0xff,0xff,0xff,0xff,0xc0,  //@@@@@@@@@@@@@@@@@
0xff,0xff,0xff,0xff,0xc0,  //@@@@@@@@@@@@@@@@@


/*  */
0x40,0x00,0x00,0x00,0x00,  //%.......*+.......
0xd0,0x00,0x60,0x00,0x00,  //@%......*#+......
0xf4,0x00,0x78,0x00,0x00,  //@@%.....*@#+.....
0xfd,0x00,0x7e,0x00,0x00,  //@@@%....*@@#+....
0xff,0x40,0x7f,0x80,0x00,  //@@@@%...*@@@#+...
0xff,0xd0,0x7f,0xe0,0x00,  //@@@@@%..*@@@@#+..
0xff,0xf4,0x7f,0xf8,0x00,  //@@@@@@%.*@@@@@#+.
0xff,0xfd,0x7f,0xfe,0x00,  //@@@@@@@%*@@@@@@#+
0xff,0xff,0xbf,0xff,0x80,  //@@@@@@@@#@@@@@@@#
0xff,0xff,0xbf,0xff,0x80,  //@@@@@@@@#@@@@@@@#
0xff,0xfd,0x7f,0xfe,0x00,  //@@@@@@@**@@@@@@#.
0xff,0xf4,0x7f,0xf8,0x00,  //@@@@@@*.*@@@@@#..
0xff,0xd0,0x7f,0xe0,0x00,  //@@@@@*..*@@@@#...
0xff,0x40,0x7f,0x80,0x00,  //@@@@*...*@@@#....
0xfd,0x00,0x7e,0x00,0x00,  //@@@*....*@@#.....
0xf4,0x00,0x78,0x00,0x00,  //@@*.....*@#......
0xd0,0x00,0x60,0x00,0x00,  //@*......*#.......
0x00,0x00,0x00,0x00,0x00,  //*.......+........


/*  */
0x40,0x00,0x00,0x00,0x1a,  //%.......*+.......*%%
0xd0,0x00,0x60,0x00,0x2f,  //@%......*#+......%@@
0xf4,0x00,0x78,0x00,0x2f,  //@@%.....*@#+.....%@@
0xfd,0x00,0x7e,0x00,0x2f,  //@@@%....*@@#+....%@@
0xff,0x40,0x7f,0x80,0x2f,  //@@@@%...*@@@#+...%@@
0xff,0xd0,0x7f,0xe0,0x2f,  //@@@@@%..*@@@@#+..%@@
0xff,0xf4,0x7f,0xf8,0x2f,  //@@@@@@%.*@@@@@#+.%@@
0xff,0xfd,0x7f,0xfe,0x2f,  //@@@@@@@%*@@@@@@#+%@@
0xff,0xff,0xbf,0xff,0xaf,  //@@@@@@@@#@@@@@@@##@@
0xff,0xff,0xbf,0xff,0xaf,  //@@@@@@@@#@@@@@@@##@@
0xff,0xfd,0x7f,0xfe,0x2f,  //@@@@@@@**@@@@@@#.%@@
0xff,0xf4,0x7f,0xf8,0x2f,  //@@@@@@*.*@@@@@#..%@@
0xff,0xd0,0x7f,0xe0,0x2f,  //@@@@@*..*@@@@#...%@@
0xff,0x40,0x7f,0x80,0x2f,  //@@@@*...*@@@#....%@@
0xfd,0x00,0x7e,0x00,0x2f,  //@@@*....*@@#.....%@@
0xf4,0x00,0x78,0x00,0x2f,  //@@*.....*@#......%@@
0xd0,0x00,0x60,0x00,0x2f,  //@*......*#.......%@@
0x00,0x00,0x00,0x00,0x04,  //*.......+........***


/*  */
0x40,0x00,0x28,  //%.......+%%
0xd0,0x00,0x7c,  //@%......*@@
0xf4,0x00,0x7c,  //@@%.....*@@
0xfd,0x00,0x7c,  //@@@%....*@@
0xff,0x40,0x7c,  //@@@@%...*@@
0xff,0xd0,0x7c,  //@@@@@%..*@@
0xff,0xf4,0x7c,  //@@@@@@%.*@@
0xff,0xfd,0x7c,  //@@@@@@@%*@@
0xff,0xff,0xbc,  //@@@@@@@@#@@
0xff,0xff,0xbc,  //@@@@@@@@#@@
0xff,0xfd,0x7c,  //@@@@@@@**@@
0xff,0xf4,0x7c,  //@@@@@@*.*@@
0xff,0xd0,0x7c,  //@@@@@*..*@@
0xff,0x40,0x7c,  //@@@@*...*@@
0xfd,0x00,0x7c,  //@@@*....*@@
0xf4,0x00,0x7c,  //@@*.....*@@
0xd0,0x00,0x7c,  //@*......*@@
0x00,0x00,0x14,  //*........**


/*  */
0x00,0x01,0xd0,0x00,0x00,  //.......%@%.......
0x00,0x07,0xf4,0x00,0x00,  //......%@@@%......
0x00,0x1f,0xfd,0x00,0x00,  //.....%@@@@@%.....
0x00,0x7f,0xff,0x40,0x00,  //....%@@@@@@@%....
0x01,0xff,0xff,0xd0,0x00,  //...%@@@@@@@@@%...
0x07,0xff,0xff,0xf4,0x00,  //..%@@@@@@@@@@@%..
0x1f,0xff,0xff,0xfd,0x00,  //.%@@@@@@@@@@@@@%.
0x7f,0xff,0xff,0xff,0x40,  //%@@@@@@@@@@@@@@@%
0x00,0x00,0x00,0x00,0x00,  //*****************
0x00,0x00,0x00,0x00,0x00,  //+****************
0xff,0xff,0xff,0xff,0xc0,  //@@@@@@@@@@@@@@@@@
0xff,0xff,0xff,0xff,0xc0,  //@@@@@@@@@@@@@@@@@
0xff,0xff,0xff,0xff,0xc0,  //@@@@@@@@@@@@@@@@@
0xbf,0xff,0xff,0xff,0x80,  //#@@@@@@@@@@@@@@@#


/*  */
0x00,0x00,0x90,  //........%*.
0x00,0x02,0xf4,  //.......#@@*
0x00,0x0b,0xfc,  //......#@@@@
0x00,0x2f,0xf8,  //.....#@@@@#
0x00,0xbf,0xe0,  //....#@@@@#.
0x02,0xff,0x80,  //...#@@@@#..
0x0b,0xfe,0x00,  //..#@@@@#...
0x2f,0xf8,0x00,  //.#@@@@#....
0xbf,0xe0,0x00,  //#@@@@#.....
0xbf,0xd0,0x00,  //#@@@@%.....
0x2f,0xf4,0x00,  //+#@@@@%....
0x0b,0xfd,0x00,  //.+#@@@@%...
0x02,0xff,0x40,  //..+#@@@@%..
0x00,0xbf,0xd0,  //...+#@@@@%.
0x00,0x2f,0xf4,  //....+#@@@@%
0x00,0x0b,0xfc,  //.....+#@@@@
0x00,0x02,0xf4,  //......+#@@%
0x00,0x00,0x90,  //.......+#%.


/*  */
0x08,0x00,0x00,  //.+%+........
0x2e,0x00,0x00,  //+#@#+.......
0xbf,0x80,0x00,  //#@@@#+......
0x7f,0xe0,0x00,  //%@@@@#+.....
0x1f,0xf8,0x00,  //.%@@@@#+....
0x07,0xfe,0x00,  //..%@@@@#+...
0x01,0xff,0x80,  //...%@@@@#+..
0x00,0x7f,0xe0,  //....%@@@@#+.
0x00,0x1f,0xf8,  //.....%@@@@#+
0x00,0x0f,0xfd,  //.....+@@@@@*
0x00,0x2f,0xf4,  //....+#@@@@%.
0x00,0xbf,0xd0,  //...+#@@@@%..
0x02,0xff,0x40,  //..+#@@@@%...
0x0b,0xfd,0x00,  //.+#@@@@%....
0x2f,0xf4,0x00,  //+#@@@@%.....
0xbf,0xd0,0x00,  //#@@@@%......
0x7f,0x40,0x00,  //*@@@%.......
0x1d,0x00,0x00,  //.*@%........


/*  */
0x00,0x06,0xa4,0x00,0x00,  //.....+*%%%*+.....
0x00,0xbf,0xff,0x80,0x00,  //...+%@@@@@@@%+...
0x02,0xff,0xff,0xf4,0x00,  //..+#@@@@@@@@@@*..
0x0b,0xfe,0xaf,0xfc,0x00,  //.+#@@@@#%#@@@@@*.
0x2f,0xfc,0x0f,0xfe,0x00,  //.#@@@@@*..@@@@@#.
0x7f,0xfc,0x0f,0xff,0x40,  //*@@@@@@*..@@@@@@*
0xbf,0xfc,0x0f,0xff,0x80,  //%@@@@@@*..@@@@@@#
0xbe,0x54,0x05,0x6f,0xc0,  //#@@#***+..***#@@@
0xfd,0x00,0x00,0x1f,0xc0,  //@@@*.........*@@@
0xfd,0x00,0x00,0x1f,0xc0,  //@@@%.........*@@@
0xbe,0xa8,0x0a,0xaf,0xc0,  //#@@#%%%+..%%%#@@@
0x7f,0xfc,0x0f,0xff,0x80,  //%@@@@@@*..@@@@@@%
0x3f,0xfc,0x0f,0xff,0x40,  //+@@@@@@*..@@@@@@*
0x1f,0xfd,0x0f,0xfe,0x00,  //.%@@@@@***@@@@@%.
0x0b,0xff,0xff,0xf8,0x00,  //..#@@@@@@@@@@@#+.
0x02,0xff,0xff,0xe0,0x00,  //...%@@@@@@@@@#+..
0x00,0x6f,0xfe,0x40,0x00,  //....*#@@@@@#*....


/*  */
0x00,0x06,0xa4,0x00,0x00,  //.....+*%%%*+.....
0x00,0xbf,0xff,0x80,0x00,  //...+%@@@@@@@%+...
0x02,0xff,0xff,0xf4,0x00,  //..+#@@@@@@@@@@*..
0x0b,0xff,0xff,0xfc,0x00,  //.+#@@@@@@@@@@@@*.
0x2f,0xff,0xff,0xfe,0x00,  //.#@@@@@@@@@@@@@#.
0x7f,0xff,0xff,0xff,0x40,  //*@@@@@@@@@@@@@@@*
0xbf,0xff,0xff,0xff,0x80,  //%@@@@@@@@@@@@@@@#
0xbe,0x55,0x55,0x6f,0xc0,  //#@@#*********#@@@
0xfd,0x00,0x00,0x1f,0xc0,  //@@@*.........*@@@
0xfd,0x00,0x00,0x1f,0xc0,  //@@@%.........*@@@
0xbe,0xaa,0xaa,0xaf,0xc0,  //#@@#%%%%%%%%%#@@@
0x7f,0xff,0xff,0xff,0x80,  //%@@@@@@@@@@@@@@@%
0x3f,0xff,0xff,0xff,0x40,  //+@@@@@@@@@@@@@@@*
0x1f,0xff,0xff,0xfe,0x00,  //.%@@@@@@@@@@@@@%.
0x0b,0xff,0xff,0xf8,0x00,  //..#@@@@@@@@@@@#+.
0x02,0xff,0xff,0xe0,0x00,  //...%@@@@@@@@@#+..
0x00,0x6f,0xfe,0x40,0x00,  //....*#@@@@@#*....


/*  */
0x00,0x06,0xa4,0x00,0x00,  //.....+*%%%*+.....
0x00,0xbf,0xff,0x80,0x00,  //...+%@@@@@@@%+...
0x02,0xff,0xff,0xf4,0x00,  //..+#@@@@@@@@@@*..
0x0b,0xff,0xff,0xfc,0x00,  //.+#@@@@@@@@@@@@*.
0x2f,0xeb,0xfa,0xfe,0x00,  //.#@@@##@@@#%@@@#.
0x7f,0x82,0xe0,0x7f,0x40,  //*@@@#..#@#..%@@@*
0xbf,0x40,0x40,0x3f,0x80,  //%@@@*...%...*@@@#
0xbf,0x80,0x00,0xbf,0xc0,  //#@@@#+.....+#@@@@
0xff,0xe0,0x02,0xff,0xc0,  //@@@@@#+...+#@@@@@
0xff,0xe0,0x02,0xff,0xc0,  //@@@@@#.....#@@@@@
0xbf,0x80,0x00,0xbf,0xc0,  //#@@@#.......#@@@@
0x7f,0x00,0x80,0x3f,0x80,  //%@@@*..+#+..*@@@%
0x3f,0x82,0xe0,0xbf,0x40,  //+@@@#++#@#++#@@@*
0x1f,0xff,0xff,0xfe,0x00,  //.%@@@@@@@@@@@@@%.
0x0b,0xff,0xff,0xf8,0x00,  //..#@@@@@@@@@@@#+.
0x02,0xff,0xff,0xe0,0x00,  //...%@@@@@@@@@#+..
0x00,0x6f,0xfe,0x40,0x00,  //....*#@@@@@#*....


/*  */
0x00,0x06,0xa4,0x00,0x00,  //.....+*%%%*+.....
0x00,0xbf,0xff,0x80,0x00,  //...+%@@@@@@@%+...
0x02,0xff,0xff,0xf4,0x00,  //..+#@@@@@@@@@@*..
0x0b,0xff,0xff,0xfc,0x00,  //.+#@@@@@@@@@@@@*.
0x2f,0xff,0xff,0xfe,0x00,  //.#@@@@@@@@@@@@@#.
0x7f,0xff,0xfe,0x2f,0x40,  //*@@@@@@@@@@#*#@@*
0xbf,0xff,0xf8,0x0b,0x80,  //%@@@@@@@@@#+..#@#
0xbe,0x6f,0xe0,0x0b,0xc0,  //#@@#*#@@@#+...#@@
0xf8,0x0b,0x80,0x2f,0xc0,  //@@#+.+#@#+...#@@@
0xf8,0x02,0x00,0xbf,0xc0,  //@@#...+#+...#@@@@
0xbe,0x00,0x02,0xff,0xc0,  //#@@#.......#@@@@@
0x7f,0x80,0x0b,0xff,0x80,  //%@@@#.....#@@@@@%
0x3f,0xe0,0x2f,0xff,0x40,  //+@@@@#...#@@@@@@*
0x1f,0xf8,0xbf,0xfe,0x00,  //.%@@@@#*#@@@@@@%.
0x0b,0xff,0xff,0xf8,0x00,  //..#@@@@@@@@@@@#+.
0x02,0xff,0xff,0xe0,0x00,  //...%@@@@@@@@@#+..
0x00,0x6f,0xfe,0x40,0x00,  //....*#@@@@@#*....


/*  */
0x00,0x06,0xa4,0x00,0x00,  //.....+*%%%*+.....
0x00,0xbf,0xff,0x80,0x00,  //...+%@@@@@@@%+...
0x02,0xff,0xff,0xf4,0x00,  //..+#@@@@@@@@@@*..
0x0b,0xf8,0x06,0xfc,0x00,  //.+#@@@%****#@@@*.
0x2f,0xd0,0x00,0xbe,0x00,  //.#@@@*.....+#@@#.
0x7f,0x80,0x00,0x7f,0x40,  //*@@@%...*...*@@@*
0xbf,0xd2,0xe0,0x3f,0x80,  //%@@@@*.#@#..*@@@#
0xbf,0xfb,0xd0,0x3f,0xc0,  //#@@@@@#@@%..*@@@@
0xff,0xfe,0x00,0xbf,0xc0,  //@@@@@@@#+...%@@@@
0xff,0xfc,0x02,0xff,0xc0,  //@@@@@@@*..+#@@@@@
0xbf,0xfc,0x0b,0xff,0xc0,  //#@@@@@@*..#@@@@@@
0x7f,0xfe,0xaf,0xff,0x80,  //%@@@@@@#%%@@@@@@%
0x3f,0xfc,0x0f,0xff,0x40,  //+@@@@@@*..@@@@@@*
0x1f,0xfc,0x0f,0xfe,0x00,  //.%@@@@@*..@@@@@%.
0x0b,0xfd,0x5f,0xf8,0x00,  //..#@@@@%**@@@@#+.
0x02,0xff,0xff,0xe0,0x00,  //...%@@@@@@@@@#+..
0x00,0x6f,0xfe,0x40,0x00,  //....*#@@@@@#*....


/*  */
0x00,0x06,0xa4,0x00,0x00,  //.....+*%%%*+.....
0x00,0xbf,0xff,0x80,0x00,  //...+%@@@@@@@%+...
0x02,0xfc,0x0f,0xf4,0x00,  //..+#@@@*..@@@@*..
0x0b,0xfc,0x0f,0xfc,0x00,  //.+#@@@@*..@@@@@*.
0x2f,0xfd,0x5f,0xfe,0x00,  //.#@@@@@%**@@@@@#.
0x7f,0xff,0xff,0xff,0x40,  //*@@@@@@@@@@@@@@@*
0xbf,0xe0,0x0f,0xff,0x80,  //%@@@@%....@@@@@@#
0xbf,0xe0,0x0f,0xff,0xc0,  //#@@@@%....@@@@@@@
0xff,0xe4,0x0f,0xff,0xc0,  //@@@@@#*+..@@@@@@@
0xff,0xfc,0x0f,0xff,0xc0,  //@@@@@@@*..@@@@@@@
0xbf,0xfc,0x0f,0xff,0xc0,  //#@@@@@@*..@@@@@@@
0x7f,0xfc,0x0f,0xff,0x80,  //%@@@@@@*..@@@@@@%
0x3f,0xe0,0x01,0xff,0x40,  //+@@@@#.....%@@@@*
0x1f,0xe0,0x01,0xfe,0x00,  //.%@@@%.....*@@@%.
0x0b,0xe5,0x56,0xf8,0x00,  //..#@@#*****%@@#+.
0x02,0xff,0xff,0xe0,0x00,  //...%@@@@@@@@@#+..
0x00,0x6f,0xfe,0x40,0x00,  //....*#@@@@@#*....


/*  */
0x00,0x01,0xa0,0x00,0x00,  //.......*%%.......
0x00,0x02,0xf0,0x00,0x00,  //.......%@@.......
0x00,0x02,0xf0,0x00,0x00,  //......+#@@*......
0x00,0x2f,0xfe,0x00,0x00,  //....+%@@@@@#+....
0x00,0xa2,0xf2,0xc0,0x00,  //...+##*%@@*#@*...
0x02,0x82,0xe0,0xa0,0x00,  //...##..%@#..%#+..
0x07,0x00,0x00,0x24,0x00,  //..*@+........#%..
0x5a,0x40,0x00,0x69,0x40,  //**##**.....+*##**
0xff,0xe0,0x01,0xff,0xc0,  //@@@@@%.....*@@@@@
0xff,0xe0,0x01,0xff,0xc0,  //@@@@@%.....*@@@@@
0x0a,0x00,0x00,0x28,0x00,  //+*%#*+......*##*+
0x03,0x00,0x00,0x34,0x00,  //..*@*..+*+..+@*..
0x02,0x82,0xf0,0xa0,0x00,  //...%#+.%@@.+##...
0x00,0xb6,0xf6,0x80,0x00,  //....#@%#@@%##....
0x00,0x1b,0xf9,0x00,0x00,  //.....*#@@@#%.....
0x00,0x02,0xf0,0x00,0x00,  //.......%@@.......
0x00,0x02,0xf0,0x00,0x00,  //.......%@@.......


/*  */
0x00,0x06,0xa4,0x00,0x00,  //.....+*%%%*+.....
0x00,0xbf,0xff,0x80,0x00,  //...+%@@@@@@@%+...
0x02,0xfe,0xaf,0xf4,0x00,  //..+#@@@#%#@@@@*..
0x0b,0xd0,0x01,0xfc,0x00,  //.+#@@%+...+*@@@*.
0x2f,0x40,0x00,0x2e,0x00,  //.#@@*.......+#@#.
0x7d,0x09,0x08,0x1f,0x40,  //*@@*..#*.+%..*@@*
0xb8,0x2f,0x6e,0x0b,0x80,  //%@#..#@@*#@#..#@#
0xb4,0x2f,0xfe,0x07,0xc0,  //#@%..#@@@@@#+.*@@
0xf4,0x0b,0xf8,0x07,0xc0,  //@@*...#@@@#+..*@@
0xf4,0x0b,0xfd,0x07,0xc0,  //@@*..+#@@@@*..*@@
0xb8,0x2f,0xff,0x07,0xc0,  //#@%..#@@@@@@+.%@@
0x7c,0x1e,0x2d,0x0b,0x80,  //%@@+.%@#*#@%..#@%
0x3e,0x04,0x04,0x1f,0x40,  //+@@%..*+..*..%@@*
0x1f,0x40,0x00,0x7e,0x00,  //.%@@%.......*@@%.
0x0b,0xe4,0x06,0xf8,0x00,  //..#@@#*+.+*#@@#+.
0x02,0xff,0xff,0xe0,0x00,  //...%@@@@@@@@@#+..
0x00,0x6f,0xfe,0x40,0x00,  //....*#@@@@@#*....


/*  */
0x00,0x06,0xa4,0x00,0x00,  //.....+*%%%*+.....
0x00,0xbf,0xff,0x80,0x00,  //...+%@@@@@@@%+...
0x02,0xfe,0xaf,0xf4,0x00,  //..+#@@@#%#@@@@*..
0x0b,0xd0,0x01,0xfc,0x00,  //.+#@@%+...+*@@@*.
0x2f,0x40,0x00,0x2e,0x00,  //.#@@*.......+#@#.
0x7d,0x00,0x01,0x1f,0x40,  //*@@*.......*.*@@*
0xb8,0x00,0x0b,0x4b,0x80,  //%@#.......#@%.#@#
0xb4,0x24,0x2f,0xc7,0xc0,  //#@%.+#%..#@@@+*@@
0xf4,0xbd,0xbf,0x47,0xc0,  //@@*.#@@%#@@@%.*@@
0xf4,0xbf,0xfd,0x07,0xc0,  //@@*.#@@@@@@%..*@@
0xb8,0x2f,0xf4,0x07,0xc0,  //#@%..#@@@@%...%@@
0x7c,0x0b,0xd0,0x0b,0x80,  //%@@+..#@@%....#@%
0x3e,0x02,0x40,0x1f,0x40,  //+@@%...%%....%@@*
0x1f,0x40,0x00,0x7e,0x00,  //.%@@%.......*@@%.
0x0b,0xe4,0x06,0xf8,0x00,  //..#@@#*+.+*#@@#+.
0x02,0xff,0xff,0xe0,0x00,  //...%@@@@@@@@@#+..
0x00,0x6f,0xfe,0x40,0x00,  //....*#@@@@@#*....


/*  */
0x00,0x06,0xa4,0x00,0x00,  //.....+*%%%**.....
0x00,0xbf,0xff,0x80,0x00,  //...+%@@@@@@@%+...
0x02,0xfe,0xaf,0xf4,0x00,  //..+#@@@#%%@@@@*..
0x0b,0xd0,0x01,0xfc,0x00,  //.+#@@%+....%@@@*.
0x2f,0x40,0x02,0xfe,0x00,  //.#@@*......#@@@#.
0x7d,0x00,0x0b,0xef,0x40,  //*@@*......#@@%@@*
0xb8,0x00,0x2f,0x4b,0x80,  //%@#......#@@%.#@#
0xb4,0x00,0xbd,0x07,0xc0,  //#@%.....#@@%..*@@
0xf4,0x02,0xf4,0x07,0xc0,  //@@*....#@@%...*@@
0xf4,0x0b,0xd0,0x07,0xc0,  //@@*...#@@%....*@@
0xb8,0x2f,0x40,0x07,0xc0,  //#@%..#@@%.....%@@
0x7c,0xbd,0x00,0x0b,0x80,  //%@@+#@@%......#@%
0x3f,0xf4,0x00,0x1f,0x00,  //+@@@@@%......%@@*
0x1f,0xd0,0x00,0x7e,0x00,  //.%@@@%......%@@%.
0x0b,0xe4,0x06,0xf8,0x00,  //..#@@#*+.+*#@@#+.
0x02,0xff,0xff,0xe0,0x00,  //...%@@@@@@@@@#+..
0x00,0x6f,0xfe,0x40,0x00,  //....*#@@@@@#*....


/*  */
0x00,0x02,0xd0,0x00,  //.......#@%......
0x00,0x0b,0xf4,0x00,  //......#@@@*.....
0x00,0x2f,0xf4,0x00,  //.....#@@@@%.....
0x00,0xbf,0xe0,0x00,  //....#@@@@#......
0x02,0xff,0x80,0x00,  //...#@@@@#.......
0x0b,0xfe,0x00,0x00,  //..#@@@@#........
0x2f,0xfd,0x55,0x54,  //.#@@@@@%********
0xbf,0xff,0xff,0xff,  //#@@@@@@@@@@@@@@@
0xff,0xff,0xff,0xff,  //@@@@@@@@@@@@@@@@
0xbf,0xff,0xff,0xff,  //#@@@@@@@@@@@@@@@
0x2f,0xfe,0xaa,0xa9,  //.#@@@@@#%%%%%%%*
0x0b,0xfe,0x00,0x00,  //..#@@@@#........
0x02,0xff,0x80,0x00,  //...#@@@@#.......
0x00,0xbf,0xe0,0x00,  //....#@@@@#......
0x00,0x2f,0xf4,0x00,  //.....#@@@@%.....
0x00,0x0b,0xf4,0x00,  //......#@@@%.....
0x00,0x02,0xe0,0x00,  //.......#@#......


/*  */
0x00,0x07,0x80,0x00,  //......*@#.......
0x00,0x0f,0xe0,0x00,  //.....*@@@#......
0x00,0x1f,0xf8,0x00,  //.....*@@@@#.....
0x00,0x0b,0xfe,0x00,  //......#@@@@#....
0x00,0x02,0xff,0x80,  //.......#@@@@#...
0x00,0x00,0xbf,0xe0,  //........#@@@@#..
0x15,0x55,0x7f,0xf8,  //********%@@@@@#.
0xbf,0xff,0xff,0xfe,  //#@@@@@@@@@@@@@@#
0xff,0xff,0xff,0xff,  //@@@@@@@@@@@@@@@@
0xff,0xff,0xff,0xfe,  //@@@@@@@@@@@@@@@#
0x6a,0xaa,0xbf,0xf8,  //*%%%%%%%%@@@@@#+
0x00,0x00,0x7f,0xe0,  //........%@@@@#+.
0x00,0x01,0xff,0x80,  //.......%@@@@#+..
0x00,0x07,0xfe,0x00,  //......%@@@@#+...
0x00,0x1f,0xf8,0x00,  //.....*@@@@#+....
0x00,0x1f,0xe0,0x00,  //.....*@@@#+.....
0x00,0x07,0x80,0x00,  //......%@#+......


/*  */
0x00,0x02,0xd0,0x00,0x00,  //.......%@*.......
0x00,0x0b,0xf4,0x00,0x00,  //......#@@@*......
0x00,0x2f,0xfd,0x00,0x00,  //.....#@@@@@*.....
0x00,0xbf,0xff,0x40,0x00,  //....#@@@@@@@*....
0x02,0xff,0xff,0xd0,0x00,  //...#@@@@@@@@@*...
0x0b,0xff,0xff,0xf4,0x00,  //..#@@@@@@@@@@@*..
0x2f,0xff,0xff,0xfd,0x00,  //.#@@@@@@@@@@@@@*.
0xbf,0xeb,0xfb,0xff,0x40,  //#@@@@##@@@#@@@@@*
0xff,0x8b,0xf5,0xff,0x80,  //@@@@#.%@@@**@@@@#
0xbe,0x0b,0xf4,0x7f,0x80,  //#@@#..%@@@*.*@@@%
0x28,0x0b,0xf4,0x1a,0x00,  //+#%...%@@@*..*#%.
0x00,0x0b,0xf4,0x00,0x00,  //......%@@@*......
0x00,0x0b,0xf4,0x00,0x00,  //......%@@@*......
0x00,0x0b,0xf4,0x00,0x00,  //......%@@@*......
0x00,0x0b,0xf4,0x00,0x00,  //......%@@@*......
0x00,0x0b,0xf4,0x00,0x00,  //......%@@@*......


/*  */
0x00,0x02,0x90,0x00,0x00,  //......+%%%.......
0x00,0x0b,0xf4,0x00,0x00,  //......%@@@*......
0x00,0x0b,0xf4,0x00,0x00,  //......%@@@*......
0x00,0x0b,0xf4,0x00,0x00,  //......%@@@*......
0x00,0x0b,0xf4,0x00,0x00,  //......%@@@*......
0x00,0x0b,0xf4,0x00,0x00,  //......%@@@*......
0x78,0x0b,0xf4,0x1e,0x00,  //*@#+..%@@@*..%@#.
0xfe,0x0b,0xf4,0x7f,0x80,  //@@@#+.%@@@*.%@@@#
0xff,0x8b,0xf5,0xff,0x80,  //@@@@#+%@@@*%@@@@#
0x7f,0xeb,0xfb,0xfe,0x00,  //%@@@@##@@@#@@@@#+
0x1f,0xff,0xff,0xf8,0x00,  //.%@@@@@@@@@@@@#+.
0x07,0xff,0xff,0xe0,0x00,  //..%@@@@@@@@@@#+..
0x01,0xff,0xff,0x80,0x00,  //...%@@@@@@@@#+...
0x00,0x7f,0xfe,0x00,0x00,  //....%@@@@@@#+....
0x00,0x1f,0xf8,0x00,0x00,  //.....%@@@@#+.....
0x00,0x07,0xe0,0x00,0x00,  //......%@@#+......
0x00,0x01,0x80,0x00,0x00,  //.......%%+.......


/*  */
0x00,0x00,0x00,0x38,0x00,  //............+@#.....
0x00,0x00,0x00,0x3e,0x00,  //............*@@#....
0x00,0x00,0x00,0x3f,0x80,  //............*@@@#...
0x00,0x06,0xaa,0xbf,0xe0,  //.....**%%%%%#@@@@#..
0x01,0xbf,0xff,0xff,0xf8,  //...*#@@@@@@@@@@@@@#.
0x0b,0xff,0xff,0xff,0xfe,  //..#@@@@@@@@@@@@@@@@#
0x2f,0xff,0xff,0xff,0xfe,  //.#@@@@@@@@@@@@@@@@@#
0x7f,0xff,0xff,0xff,0xf8,  //*@@@@@@@@@@@@@@@@@#.
0xbf,0xff,0xea,0xbf,0xe0,  //%@@@@@@@@#%%#@@@@#..
0xbf,0x90,0x00,0x3f,0x80,  //#@@@#%+.....*@@@#...
0xfe,0x00,0x00,0x3e,0x00,  //@@@#+.......*@@#....
0xfc,0x00,0x00,0x38,0x00,  //@@@+........+@#.....
0xb8,0x00,0x00,0x10,0x00,  //#@%..........*......
0x74,0x00,0x00,0x00,0x00,  //%@*.................
0x74,0x00,0x00,0x00,0x00,  //*@*.................
0x24,0x00,0x00,0x00,0x00,  //.#*.................
0x14,0x00,0x00,0x00,0x00,  //.**.................


/*  */
0x00,0x00,0x02,0xaa,0x80,  //..........+%%%%%%
0x00,0x00,0x02,0xff,0xc0,  //..........+#@@@@@
0x00,0x00,0x00,0xbf,0xc0,  //...........+#@@@@
0x00,0x00,0x00,0xbf,0xc0,  //............#@@@@
0x00,0x00,0x02,0xff,0xc0,  //...........#@@@@@
0x00,0x00,0x0b,0xd2,0xc0,  //..........#@@%+#@
0x00,0x00,0x2f,0x40,0x80,  //.........#@@%..+%
0x00,0x00,0x2d,0x00,0x00,  //........+#@%.....
0x00,0x00,0x04,0x00,0x00,  //.........+*......
0x00,0x09,0x00,0x00,0x00,  //......#*.........
0x00,0x2f,0x00,0x00,0x00,  //.....#@@*........
0x90,0xbd,0x00,0x00,0x00,  //#%..#@@%.........
0xf6,0xf4,0x00,0x00,0x00,  //@@%#@@%..........
0xff,0xd0,0x00,0x00,0x00,  //@@@@@%...........
0xff,0x80,0x00,0x00,0x00,  //@@@@#............
0xff,0xd0,0x00,0x00,0x00,  //@@@@@%...........
0xff,0xf4,0x00,0x00,0x00,  //@@@@@@*..........


/*  */
0x00,0x00,0x00,0x01,0x00,  //...............*.
0x00,0x00,0x00,0x0b,0x40,  //..............#@%
0x00,0x00,0x10,0x2f,0x40,  //........+*...#@@%
0x00,0x00,0x74,0xbd,0x00,  //........*@%.#@@%.
0x00,0x00,0x7e,0xf4,0x00,  //........*@@#@@%..
0x00,0x00,0x7f,0xd0,0x00,  //........*@@@@%...
0x00,0x00,0x7f,0xd0,0x00,  //........*@@@@%...
0x00,0x00,0x7f,0xf4,0x00,  //........*@@@@@%..
0x00,0x00,0x2a,0xa8,0x00,  //...******%%%%%%..
0x0b,0xff,0x40,0x00,0x00,  //..%@@@@@*........
0x02,0xff,0x40,0x00,0x00,  //..+#@@@@*........
0x00,0xff,0x40,0x00,0x00,  //...*@@@@*........
0x02,0xff,0x40,0x00,0x00,  //...#@@@@*........
0x0b,0xeb,0x40,0x00,0x00,  //..#@@%#@*........
0x2f,0x42,0x40,0x00,0x00,  //.#@@%.+#*........
0xbd,0x00,0x00,0x00,0x00,  //%@@%...+.........
0x24,0x00,0x00,0x00,0x00,  //+#%..............


/*  */
0x00,0x0a,0x90,0x00,  //......%%%%......
0x00,0x0f,0xf0,0x00,  //.....*@@@@......
0x00,0x0f,0xf0,0x00,  //.....*@@@@......
0x00,0x0f,0xf0,0x00,  //.....*@@@@......
0x00,0x0f,0xf0,0x00,  //.....*@@@@......
0x00,0x0f,0xf0,0x00,  //.....*@@@@......
0xbf,0xff,0xff,0xfd,  //#@@@@@@@@@@@@@@%
0xff,0xff,0xff,0xfe,  //@@@@@@@@@@@@@@@%
0xff,0xff,0xff,0xfe,  //@@@@@@@@@@@@@@@%
0xbf,0xff,0xff,0xfe,  //#@@@@@@@@@@@@@@%
0x00,0x1f,0xf0,0x00,  //+*****@@@@*****.
0x00,0x0f,0xf0,0x00,  //.....*@@@@......
0x00,0x0f,0xf0,0x00,  //.....*@@@@......
0x00,0x0f,0xf0,0x00,  //.....*@@@@......
0x00,0x0f,0xf0,0x00,  //.....*@@@@......
0x00,0x0b,0xe0,0x00,  //.....+#@@#......


/*  */
0xbf,0xff,0xff,0xfd,  //#@@@@@@@@@@@@@@%
0xff,0xff,0xff,0xfe,  //@@@@@@@@@@@@@@@%
0xff,0xff,0xff,0xfe,  //@@@@@@@@@@@@@@@%
0xbf,0xff,0xff,0xfe,  //#@@@@@@@@@@@@@@%


/*  */
0x00,0x02,0x90,0x00,  //......+%%%......
0x00,0x0b,0xf4,0x00,  //......%@@@*.....
0x00,0x0b,0xf4,0x00,  //......%@@@*.....
0x19,0x0b,0xf4,0x18,  //.*%*..%@@@*..%%.
0x3f,0x8b,0xf5,0xbe,  //+@@@%*%@@@**#@@%
0x7f,0xfb,0xff,0xff,  //%@@@@@#@@@@@@@@@
0x7f,0xff,0xff,0xff,  //*@@@@@@@@@@@@@@@
0x1b,0xff,0xff,0xf8,  //.*#@@@@@@@@@@@%+
0x01,0xff,0xff,0x80,  //...%@@@@@@@@#*..
0x02,0xff,0xff,0xd0,  //..*#@@@@@@@@@%..
0x2f,0xff,0xff,0xf9,  //.%@@@@@@@@@@@@#*
0x7f,0xff,0xff,0xff,  //%@@@@@@@@@@@@@@@
0x7f,0xeb,0xfb,0xfe,  //*@@@@##@@@#@@@@#
0x2f,0x4b,0xf4,0xbd,  //.#@@*.%@@@*+%@@*
0x04,0x0b,0xf4,0x14,  //.+*+..%@@@*..**.
0x00,0x0b,0xf4,0x00,  //......%@@@*.....
0x00,0x0b,0xf0,0x00,  //......%@@@*.....


/*  */
0x00,0x06,0xa4,0x00,0x00,  //.....+*%%%*+.....
0x00,0xbf,0xff,0x80,0x00,  //...+%@@@@@@@%+...
0x02,0xff,0xff,0xf4,0x00,  //..+#@@@@@@@@@@*..
0x0b,0xfc,0x0b,0xfc,0x00,  //.+#@@@@***#@@@@*.
0x2f,0xfc,0x0b,0xfe,0x00,  //.#@@@@@...%@@@@#.
0x7f,0xfc,0x0b,0xff,0x40,  //*@@@@@@...#@@@@@*
0xbf,0xfc,0x0f,0xff,0x80,  //%@@@@@@...@@@@@@#
0xbf,0xfc,0x0f,0xff,0xc0,  //#@@@@@@...@@@@@@@
0xff,0xfc,0x0f,0xff,0xc0,  //@@@@@@@...@@@@@@@
0xff,0xfc,0x0f,0xff,0xc0,  //@@@@@@@+..@@@@@@@
0xbf,0xfd,0x0f,0xff,0xc0,  //#@@@@@@***@@@@@@@
0x7f,0xfe,0xaf,0xff,0x80,  //%@@@@@@#%%@@@@@@%
0x3f,0xfc,0x0f,0xff,0x40,  //+@@@@@@*..@@@@@@*
0x1f,0xfc,0x0f,0xfe,0x00,  //.%@@@@@*..@@@@@%.
0x0b,0xfd,0x5f,0xf8,0x00,  //..#@@@@%**@@@@#+.
0x02,0xff,0xff,0xe0,0x00,  //...%@@@@@@@@@#+..
0x00,0x6f,0xfe,0x40,0x00,  //....*#@@@@@#*....


/*  */
0x00,0xb4,0x07,0x90,0x00,  //...*#@%...%@#*...
0x02,0x9d,0x1d,0xb0,0x00,  //...##*@%.*@%%@+..
0x03,0x07,0x74,0x30,0x00,  //..*@*.*@%@%..@*..
0x02,0x96,0xe5,0xb0,0x00,  //...##**#@#**%@+..
0x00,0xbf,0xff,0x90,0x00,  //...*#@@@@@@@#*...
0xff,0xf8,0x0b,0xff,0xc0,  //@@@@@@%...%@@@@@@
0xff,0xf8,0x0b,0xff,0xc0,  //@@@@@@%...%@@@@@@
0xff,0xf8,0x0b,0xff,0xc0,  //@@@@@@%...%@@@@@@
0xff,0xf8,0x0b,0xff,0xc0,  //@@@@@@%...%@@@@@@
0x1f,0xf8,0x0b,0xfe,0x00,  //*%@@@@%...%@@@@#*
0x1f,0xf8,0x0b,0xfe,0x00,  //.*@@@@%...%@@@@%.
0x1f,0xf8,0x0b,0xfe,0x00,  //.*@@@@%...%@@@@%.
0x1f,0xf8,0x0b,0xfe,0x00,  //.*@@@@%...%@@@@%.
0x1f,0xf9,0x5b,0xfe,0x00,  //.*@@@@#***#@@@@%.
0x0f,0xff,0xff,0xfd,0x00,  //.*@@@@@@@@@@@@@%.


/*  */
0x00,0x00,0x00,0x00,0x18,  //.................*%.
0x00,0x00,0x00,0x00,0x7d,  //................%@@*
0x00,0x00,0x56,0xab,0xfe,  //.......+**%%%%#@@@@%
0x00,0x0b,0xff,0xff,0xfe,  //.....*%@@@@@@@@@@@@#
0x00,0x7f,0xff,0xff,0xff,  //....*@@@@@@@@@@@@@@@
0x01,0xff,0xff,0xff,0xff,  //...%@@@@@@@@@@@@@@@@
0x03,0xff,0xe4,0x0b,0xfe,  //..*@@@@@@%*+..#@@@@%
0x0b,0xfe,0x01,0x5b,0xfd,  //..%@@@@%*.+**%#@@@@%
0x0f,0xf4,0x2f,0xff,0xfc,  //..@@@@%.+%@@@@@@@@@+
0x0f,0xd1,0xff,0xff,0xf8,  //.*@@@*.*@@@@@@@@@@%.
0x0f,0x47,0xff,0xff,0xe0,  //.*@@*.*@@@@@@@@@@#+.
0x0b,0x5f,0xff,0xff,0x80,  //..#@%*@@@@@@@@@@#+..
0x0b,0xff,0xff,0xfe,0x00,  //.+#@@@@@@@@@@@@#+...
0x7e,0xff,0xff,0xe4,0x00,  //*@@#@@@@@@@@@#*.....
0xb8,0x1b,0xfe,0x40,0x00,  //#@#..*#@@@@%*.......
0x60,0x00,0x00,0x00,0x00,  //%#+.................


/*  */
0x00,0x01,0x40,0x00,  //.......%*.......
0x00,0x00,0xe0,0x00,  //.......*@#+.....
0x00,0x00,0xf8,0x00,  //.......*@@#+....
0x00,0x01,0xfe,0x00,  //.......*@@@#....
0x00,0x07,0xff,0x40,  //......*@@@@@*...
0x00,0x1f,0xff,0x80,  //.....%@@@@@@%...
0x00,0x7f,0xff,0x80,  //....%@@@@@@@%...
0x01,0xff,0xff,0x80,  //...*@@@@@@@@%...
0x02,0xff,0xff,0x40,  //...#@@@@@@@@%...
0x03,0xff,0xfe,0x00,  //..+@@@@@@@@#+...
0x03,0xff,0xf9,0x00,  //...@@@@@@@#*....
0x02,0xff,0xe0,0x00,  //...#@@@@@#+.....
0x01,0xff,0x80,0x00,  //...%@@@@#.......
0x00,0xbf,0x00,0x00,  //...+#@@@+.......
0x00,0x2e,0x00,0x00,  //....*#@#........
0x00,0x0b,0x00,0x00,  //.....+#@........
0x00,0x01,0x00,0x00,  //.......**.......
0x00,0x00,0x00,0x00,  //................
0x55,0x55,0x55,0x55,  //****************
0xaa,0xaa,0xaa,0xa9,  //%%%%%%%%%%%%%%%%


/*  */
0x00,0x01,0xaa,0x40,0x00,  //......*%%%%%%*......
0x00,0x2f,0xeb,0xf8,0x00,  //....*#@@@%#@@@#*....
0x02,0xee,0x07,0xfb,0x80,  //...%@#@#++%@@@#@%...
0x0a,0x28,0x7f,0xf8,0xa0,  //..##*%#.%@@@@@%*##..
0x28,0x38,0xff,0xfc,0x28,  //.##+.@%+@@@@@@@.+##.
0x70,0x39,0xff,0xfc,0x0d,  //%@+..@#%@@@@@@@..+@%
0xd0,0x2f,0xff,0xf8,0x07,  //@%...#@@@@@@@@#...%@
0xa0,0x1f,0xff,0xf4,0x0a,  //%#+..*@@@@@@@@*..+#%
0x28,0x07,0xff,0xd0,0x28,  //.##...%@@@@@@%...##.
0x0a,0x01,0xbe,0x40,0xa0,  //.+##+..*#@@#*..+##+.
0x02,0xd0,0x00,0x07,0x80,  //..+#@%+..++..+%@#+..
0x00,0x6e,0x55,0xb9,0x00,  //....*#@%****%@#*....
0x00,0x06,0xbe,0x90,0x00,  //......*%#@@#%*......


/*  */
0x00,0x00,0x00,0x50,0x00,  //............*%+.....
0x00,0x01,0xaa,0xb4,0x00,  //......*%%%%%#@*.....
0x00,0x6f,0xeb,0xe0,0x00,  //....*#@@@%#@@#......
0x02,0xee,0x07,0xc0,0x80,  //...%@#@#++%@@*.+%...
0x0a,0x28,0x7f,0x80,0xa0,  //..##*%#.%@@@%..*##..
0x28,0x38,0xff,0x00,0x28,  //.##+.@%+@@@@*.*.+##.
0x70,0x39,0xfd,0x08,0x0d,  //%@+..@#%@@@%..#..+@%
0xd0,0x2f,0xfc,0x18,0x07,  //@%...#@@@@@+.*#...%@
0xa0,0x1f,0xf4,0x24,0x0a,  //%#+..*@@@@*..#*..+#%
0x28,0x07,0xe0,0x50,0x28,  //.##...%@@#..*%...##.
0x0a,0x03,0xd0,0x40,0xa0,  //.+##+.+@@*..*..+##+.
0x02,0xdb,0x80,0x07,0x80,  //..+#@%%@#....+%@#+..
0x00,0x6f,0x01,0xb9,0x00,  //....*#@@*.+*#@#*....
0x00,0x2e,0x0a,0x90,0x00,  //.....%@%..%#%*......
0x00,0x18,0x00,0x00,0x00,  //.....*#*............


/*  */
0x00,0x00,0x28,0x00,0x00,  //........+##+........
0x00,0x00,0xbe,0x00,0x00,  //........%@@%........
0x00,0x00,0xff,0x00,0x00,  //.......*@@@@*.......
0x00,0x02,0xff,0x80,0x00,  //.......#@@@@#.......
0x00,0x07,0xff,0xd0,0x00,  //......*@@@@@@*......
0x00,0x0b,0x96,0xe0,0x00,  //......#@%**%@#......
0x00,0x1f,0x41,0xf4,0x00,  //.....*@@*..*@@*.....
0x00,0x2f,0x41,0xf8,0x00,  //.....#@@*..*@@#.....
0x00,0x7f,0x41,0xfd,0x00,  //....%@@@*..*@@@%....
0x00,0xff,0x41,0xff,0x00,  //...+@@@@*..*@@@@+...
0x01,0xff,0x41,0xff,0x40,  //...%@@@@*..*@@@@%...
0x03,0xff,0xaa,0xff,0xc0,  //..*@@@@@#%%#@@@@@*..
0x0b,0xff,0xaa,0xff,0xe0,  //..%@@@@@#%%#@@@@@%..
0x0f,0xff,0x41,0xff,0xf0,  //.*@@@@@@*..*@@@@@@*.
0x2f,0xff,0x41,0xff,0xf8,  //.#@@@@@@*..*@@@@@@#.
0x7f,0xff,0x96,0xff,0xfd,  //*@@@@@@@%**%@@@@@@@*
0xbf,0xff,0xff,0xff,0xfe,  //#@@@@@@@@@@@@@@@@@@#
0xbf,0xff,0xff,0xff,0xfe,  //#@@@@@@@@@@@@@@@@@@#


/*  */
0x00,0x00,0x00,0x14,  //.............*%+
0x00,0x00,0x00,0xbd,  //..+........+#@@%
0x1f,0x90,0x02,0xfd,  //.*@@#%*+..+#@@@*
0x3f,0xff,0x9b,0xf8,  //+@@@@@@@#%#@@@#.
0x0b,0xff,0xff,0xe0,  //.+%@@@@@@@@@@#+.
0x00,0xbf,0xff,0x80,  //...*%@@@@@@@#+..
0x00,0x1b,0xff,0x40,  //.....*#@@@@@%...
0x00,0x0b,0xff,0x80,  //.....+#@@@@@#...
0x00,0x2f,0xff,0xc0,  //....+#@@@@@@@...
0x24,0xbf,0xaf,0xc0,  //+%**#@@@##@@@*..
0xbf,0xfe,0x1f,0xd0,  //#@@@@@@#+*@@@*..
0x2f,0xf8,0x0b,0xe0,  //+#@@@@#+..%@@%..
0x0b,0xf0,0x03,0xf0,  //..%@@@*...*@@@..
0x02,0xf4,0x02,0xf0,  //...%@@*....%@@*.
0x00,0xb8,0x00,0xd0,  //....#@%....+@%..
0x00,0x20,0x00,0x00,  //....+#+.....+...


/*  */
0x01,0xf4,0x00,0xbc,0x00,  //...%@@%....+#@@*...
0x03,0x5c,0x01,0x8a,0x00,  //..+@**@+...*#*#%...
0x07,0x0d,0x01,0x8a,0x00,  //.**@**@****%%.%#*+.
0xbf,0x0f,0xff,0x8b,0xf4,  //#@@@**@@@@@@%.%@@@*
0xff,0x0f,0xff,0x8b,0xf4,  //@@@@**@@@@@@%.%@@@*
0xff,0xaf,0xff,0xeb,0xf4,  //@@@@##@@@@@@@%#@@@*
0xff,0xff,0xff,0xff,0xf4,  //@@@@@@@@@@@@@@@@@@*
0xd0,0x00,0x20,0x20,0x24,  //@*..**...%...%...%*
0xd0,0x00,0x20,0x20,0x24,  //@*..**...%...%...%*
0xd0,0x00,0x20,0x20,0x24,  //@*..**...%...%...%*
0xea,0xaa,0xaa,0xaa,0xa4,  //@#%%##%%%#%%%#%%%#*
0xd0,0x00,0x20,0x20,0x24,  //@*..**...%...%...%*
0xd0,0x00,0x20,0x20,0x24,  //@*..**...%...%...%*
0xd0,0x00,0x20,0x20,0x24,  //@*..**...%...%...%*
0xe5,0x55,0x65,0x65,0x64,  //@%**%%***#***#***#*
0xd0,0x50,0x20,0x20,0x24,  //@%*******#***#***#*
0xd0,0x00,0x20,0x20,0x24,  //@*..**...%...%...%*
0xd0,0x00,0x20,0x20,0x24,  //@*..**...%...%...%*
0xe5,0x55,0x65,0x65,0x64,  //@%**%%***#***#***#*
0x6a,0xaa,0xaa,0xaa,0xa0,  //*%%%%%%%%%%%%%%%%%+


/*  */
0x00,0x00,0x00,0x00,0x40,  //...............+%...
0x00,0x00,0x00,0x00,0xd0,  //...............*@%..
0x00,0x00,0x00,0x01,0xf4,  //****.......+****@@%.
0xff,0xd0,0x0b,0xff,0xfd,  //@@@@@%...+%@@@@@@@@%
0xff,0xf8,0x2f,0xff,0xfe,  //@@@@@@#.+#@@@@@@@@@#
0x56,0xfc,0xbe,0x55,0xf8,  //***%@@@*#@@#%**%@@#.
0x00,0x39,0xf8,0x00,0xe0,  //....+@%*@@#....*@#..
0x00,0x12,0xf0,0x00,0x80,  //.....**#@@*....*#...
0x00,0x07,0xe0,0x00,0x00,  //......*@@%..........
0x00,0x0b,0xc0,0x00,0x00,  //......#@@*..........
0x00,0x1f,0x90,0x00,0x40,  //.....*@@#*.....+%...
0x00,0x2f,0x68,0x00,0xd0,  //.....#@@*#%....*@%..
0x01,0xbe,0x7e,0x01,0xf4,  //****#@@%*@@%****@@%.
0xff,0xf8,0x7f,0xff,0xfd,  //@@@@@@#+*@@@@@@@@@@%
0xff,0xe0,0x1b,0xff,0xfe,  //@@@@@#+..*#@@@@@@@@#
0x55,0x00,0x01,0x55,0xf8,  //*****......****%@@#.
0x00,0x00,0x00,0x00,0xe0,  //...............*@#..
0x00,0x00,0x00,0x00,0x80,  //...............*#...


/*  */
0x00,0x1b,0xff,0xe4,0x00,  //....+*#@@@@@@#%+....
0x01,0xff,0xff,0xff,0x40,  //...%@@@@@@@@@@@@%...
0x0b,0xff,0xff,0xff,0xe0,  //..#@@@@@@@@@@@@@@#..
0x2f,0xff,0xff,0xff,0xf8,  //.#@@@@@@@@@@@@@@@@#.
0x7f,0xff,0xff,0xff,0xfd,  //*@@@@@@@@@@@@@@@@@@*
0xbf,0xff,0xff,0xff,0xfe,  //#@@@@@@@@@@@@@@@@@@#
0xff,0xff,0xff,0xff,0xff,  //@@@@@@@@@@@@@@@@@@@@
0xff,0xff,0xff,0xff,0xff,  //@@@@@@@@@@@@@@@@@@@@
0xbf,0xff,0xff,0xff,0xfe,  //%@@@@@@@@@@@@@@@@@@%
0x3f,0xff,0xff,0xff,0xfc,  //*@@@@@@@@@@@@@@@@@@*
0x1f,0xff,0xff,0xff,0xf4,  //.%@@@@@@@@@@@@@@@@%.
0x07,0xff,0xff,0xff,0xd0,  //..%@@@@@@@@@@@@@@%..
0x01,0xff,0xff,0xfe,0x00,  //...*@@@@@@@@@@@#*...
0x01,0xff,0xff,0x90,0x00,  //...%@@@@@@@@%%*.....
0x03,0xfd,0x00,0x00,0x00,  //..+@@@@%............
0x0b,0xe0,0x00,0x00,0x00,  //.+#@@%*.............
0x19,0x00,0x00,0x00,0x00,  //.*%%+...............


/*  */
0xaa,0x90,0x00,0xaa,0x80,  //%%%%%*.....*%%%%%
0xff,0xe0,0x01,0xff,0xc0,  //@@@@@%.....*@@@@@
0xff,0xe0,0x01,0xff,0xc0,  //@@@@@%.....*@@@@@
0xff,0xe0,0x01,0xff,0xc0,  //@@@@@%.....*@@@@@
0xff,0xe0,0x01,0xff,0xc0,  //@@@@@%.....*@@@@@
0xbf,0xe0,0x01,0xff,0x80,  //#@@@@%.....*@@@@#
0x00,0x00,0x00,0x00,0x00,  //.................
0x55,0x40,0x00,0x55,0x40,  //******.....+*****
0xff,0xe0,0x01,0xff,0xc0,  //@@@@@%.....*@@@@@
0xff,0xe0,0x01,0xff,0xc0,  //@@@@@%.....*@@@@@
0xff,0xe0,0x02,0xff,0xc0,  //@@@@@#.....#@@@@@
0xbf,0xf9,0x1b,0xff,0x80,  //%@@@@@#***%@@@@@#
0x7f,0xff,0xff,0xff,0x40,  //*@@@@@@@@@@@@@@@%
0x2f,0xff,0xff,0xfe,0x00,  //.#@@@@@@@@@@@@@#+
0x0f,0xff,0xff,0xfd,0x00,  //.*@@@@@@@@@@@@@*.
0x02,0xff,0xff,0xf4,0x00,  //..*#@@@@@@@@@@*..
0x00,0x6f,0xff,0x40,0x00,  //....%#@@@@@@%+...


/*  */
0x00,0x00,0x50,0x00,0x00,  //........%%........
0x00,0x01,0xf4,0x00,0x00,  //.......%@@%.......
0x00,0x07,0xfd,0x00,0x00,  //......%@@@@%......
0x00,0x1f,0xff,0x40,0x00,  //.....%@@@@@@%.....
0x00,0x7f,0xff,0xd0,0x00,  //....%@@@@@@@@%....
0x01,0xff,0xaf,0xf4,0x00,  //...%@@@@##@@@@%...
0x07,0xfe,0x0b,0xfd,0x00,  //..%@@@@#++#@@@@%..
0x1f,0xf8,0x02,0xff,0x40,  //.%@@@@#+..+#@@@@%.
0x7f,0xe0,0x00,0xbf,0xd0,  //%@@@@#+....+#@@@@%
0xbf,0x80,0x00,0x2f,0xe0,  //#@@@#+......+#@@@#
0x2e,0x00,0x00,0x0b,0x80,  //.#@#+........+#@#.
0x08,0x00,0x00,0x02,0x00,  //..%+..........+%..


/*  */
0x1d,0x00,0x00,0x07,0x40,  //.*@%..........%@*.
0x7f,0x40,0x00,0x1f,0xd0,  //*@@@%........%@@@*
0xbf,0xd0,0x00,0x7f,0xe0,  //#@@@@%......%@@@@#
0x2f,0xf4,0x01,0xff,0x80,  //+#@@@@%....%@@@@#+
0x0b,0xfd,0x07,0xfe,0x00,  //.+#@@@@%..%@@@@#+.
0x02,0xff,0x5f,0xf8,0x00,  //..+#@@@@%%@@@@#+..
0x00,0xbf,0xff,0xe0,0x00,  //...+#@@@@@@@@#+...
0x00,0x2f,0xff,0x80,0x00,  //....+#@@@@@@#+....
0x00,0x0b,0xfe,0x00,0x00,  //.....+#@@@@#+.....
0x00,0x02,0xf8,0x00,0x00,  //......+#@@#+......
0x00,0x00,0xa0,0x00,0x00,  //.......+##+.......


/*  */
0x01,0x81,0xaa,0xaa,0xa4,0x00,  //...*%..%%%%%%%%%%%*..
0x02,0xe0,0xbf,0xff,0xf4,0x00,  //..+#@%.+#@@@@@@@@@*..
0x0b,0xf4,0x3f,0xff,0xf4,0x00,  //..#@@@%.*@@@@@@@@@*..
0x2f,0xfd,0x00,0x00,0xf4,0x00,  //.#@@@@@*.......*@@*..
0x7f,0xff,0x00,0x00,0xf4,0x00,  //%@@@@@@@*......*@@*..
0xab,0xea,0x40,0x00,0xf4,0x00,  //%%#@@#%%*......*@@*..
0x03,0xe0,0x00,0x00,0xf4,0x00,  //..*@@%.........*@@*..
0x03,0xe0,0x00,0x2a,0xfa,0x80,  //..*@@%.......%%#@@#%%
0x03,0xe0,0x00,0x2f,0xff,0xc0,  //..*@@%.......#@@@@@@@
0x03,0xe0,0x00,0x0b,0xff,0x40,  //..*@@%.......+#@@@@@*
0x03,0xea,0xaa,0x43,0xfd,0x00,  //..*@@#%%%%%%%.*@@@@%.
0x03,0xff,0xff,0xd1,0xf8,0x00,  //..*@@@@@@@@@@*.*@@%..
0x03,0xff,0xff,0xf0,0x60,0x00,  //..+@@@@@@@@@@@+.%#...


/*  */
0xbf,0x00,0x00,0x00,0x00,  //#@@@*..............
0x02,0xaa,0xaa,0xaa,0xa4,  //+**##%%%%%%%%%%%%%*
0x02,0xff,0xff,0xff,0xf4,  //...%@@@@@@@@@@@@@@*
0x01,0xff,0xff,0xff,0xf4,  //...*@@@@@@@@@@@@@@*
0x00,0xff,0xff,0xff,0xf4,  //...*@@@@@@@@@@@@@@*
0x00,0xff,0xff,0xff,0xf4,  //....@@@@@@@@@@@@@@*
0x00,0xbf,0xff,0xff,0xf4,  //....#@@@@@@@@@@@@@*
0x00,0x7f,0xff,0xff,0xf4,  //....%@@@@@@@@@@@@@*
0x00,0x7f,0xff,0xa9,0x40,  //....*@@@@@@@#%%***.
0x00,0x39,0x40,0x00,0x00,  //....*@%***+........
0x00,0x34,0x00,0x00,0x00,  //....+@*............
0x00,0x7a,0xaa,0xaa,0x80,  //....%@#%%%%%%%%%%..
0x00,0x65,0x55,0x56,0x40,  //....*#%*******%#%..
0x00,0x78,0x00,0x07,0x80,  //....%@#.......%@#..
0x00,0x78,0x00,0x07,0x80,  //....%@#.......%@#..


/*  */
0x1a,0xa8,0x00,0x00,0x00,  //.*%%%%%*...........
0x7f,0xff,0x00,0x00,0x00,  //%@@@@@@@*..........
0xff,0xff,0x40,0x00,0x00,  //@@@@@@@@*..........
0xff,0xff,0xaa,0xaa,0x90,  //@@@@@@@@#%%%%%%%%*.
0xff,0xff,0xff,0xff,0xf0,  //@@@@@@@@@@@@@@@@@@*
0xff,0xff,0xff,0xff,0xf4,  //@@@@@@@@@@@@@@@@@@*
0xff,0xff,0xff,0xff,0xf4,  //@@@@@@@@@@@@@@@@@@*
0xff,0xff,0xff,0xff,0xf4,  //@@@@@@@@@@@@@@@@@@*
0xff,0xff,0xff,0xff,0xf4,  //@@@@@@@@@@@@@@@@@@*
0xff,0xff,0xff,0xff,0xf4,  //@@@@@@@@@@@@@@@@@@*
0xff,0xff,0xff,0xff,0xf4,  //@@@@@@@@@@@@@@@@@@*
0xff,0xff,0xff,0xff,0xf4,  //@@@@@@@@@@@@@@@@@@*
0xff,0xff,0xff,0xff,0xf4,  //@@@@@@@@@@@@@@@@@@*
0xff,0xff,0xff,0xff,0xf4,  //@@@@@@@@@@@@@@@@@@*
0xbf,0xff,0xff,0xff,0xf4,  //%@@@@@@@@@@@@@@@@@*
0x2f,0xff,0xff,0xff,0x90,  //+%@@@@@@@@@@@@@@#%.


/*  */
0x1a,0xa8,0x00,0x00,0x00,0x00,  //.*%%%%%*.............
0x7f,0xff,0x00,0x00,0x00,0x00,  //%@@@@@@@*............
0xff,0xff,0x40,0x00,0x00,0x00,  //@@@@@@@@*............
0xff,0xff,0xaa,0xaa,0x00,0x00,  //@@@@@@@@#%%%%%%%+....
0xff,0xff,0xff,0xff,0x80,0x00,  //@@@@@@@@@@@@@@@@#....
0xff,0xff,0xff,0xff,0xc0,0x00,  //@@@@@@@@@@@@@@@@@+...
0xff,0xff,0xff,0xff,0xc0,0x00,  //@@@@@@@@@@@@@@@@@*...
0xff,0xe5,0x55,0x55,0x40,0x00,  //@@@@@#%**********+...
0xff,0x80,0x00,0x00,0x00,0x00,  //@@@@%..+************.
0xfd,0x0b,0xff,0xff,0xff,0x80,  //@@@%.*#@@@@@@@@@@@@@#
0xf8,0x7f,0xff,0xff,0xff,0x40,  //@@#.*@@@@@@@@@@@@@@@*
0xe0,0xbf,0xff,0xff,0xfd,0x00,  //@#.+#@@@@@@@@@@@@@@%.
0x82,0xff,0xff,0xff,0xf4,0x00,  //#++#@@@@@@@@@@@@@@%..
0x0b,0xff,0xff,0xff,0xe0,0x00,  //*.#@@@@@@@@@@@@@@#...
0x2f,0xff,0xff,0xff,0x80,0x00,  //.%@@@@@@@@@@@@@@#....
0x2f,0xff,0xff,0xf9,0x00,0x00,  //+#@@@@@@@@@@@@#%.....


/*  */
0x06,0x00,  //..%#+..
0x1f,0x80,  //.%@@#+.
0x7f,0xe0,  //%@@@@#+
0xff,0xf8,  //@@@@@@%
0x1f,0x80,  //+*@@#*.
0x0f,0x80,  //.*@@%..
0x0f,0x80,  //.*@@%..
0x0f,0x80,  //.*@@%..
0x0f,0x80,  //.*@@%..
0x0f,0x80,  //.*@@%..
0x0f,0x80,  //.*@@%..
0x0f,0x80,  //.*@@%..
0x0f,0x80,  //.*@@%..
0x0f,0x80,  //.*@@%..
0x0f,0x80,  //.*@@%..
0x5f,0x90,  //*%@@#**
0xff,0xf8,  //@@@@@@%
0x7f,0xe0,  //*@@@@#.
0x1f,0x80,  //.*@@#..
0x06,0x00,  //..*%...


/*  */
0x02,0x00,0x00,0x00,0x80,  //...%+..........+%...
0x0b,0x00,0x00,0x00,0xe0,  //..#@*..........*@#..
0x2f,0x55,0x55,0x55,0xf8,  //.#@@%**********%@@#.
0xbf,0xff,0xff,0xff,0xfe,  //#@@@@@@@@@@@@@@@@@@#
0x7f,0xff,0xff,0xff,0xfd,  //%@@@@@@@@@@@@@@@@@@%
0x1f,0x40,0x00,0x01,0xf4,  //.%@@************@@%.
0x07,0x00,0x00,0x00,0xd0,  //..%@*..........*@%..


/*  */
0x90,0x00,0x00,0x00,0x00,0x00,  //%*.....................
0xd0,0x00,0x00,0x00,0x00,0x00,  //@*...............+**...
0xd0,0x00,0x00,0x00,0x2f,0x00,  //@*...............%@@...
0xd0,0x00,0x69,0x00,0x2f,0x00,  //@*......*%%*.....%@@...
0xd0,0x00,0x7d,0x00,0x2f,0x00,  //@*......*@@*.....%@@...
0xd0,0x00,0x7d,0x00,0x2f,0x00,  //@*......*@@*.....%@@...
0xd0,0x00,0x7d,0x3e,0x2f,0x00,  //@*......*@@**@@%.%@@...
0xd0,0x00,0x7d,0x3e,0x2f,0x00,  //@*......*@@**@@%.%@@...
0xd0,0x00,0x7d,0x3e,0x2f,0x00,  //@*..+**.*@@**@@%.%@@...
0xd0,0xbc,0x7d,0x3e,0x2f,0x00,  //@*..%@@**@@**@@%.%@@...
0xd0,0xbc,0x7d,0x3e,0x2f,0x00,  //@*..%@@**@@**@@%.%@@...
0xd0,0xbc,0x7d,0x3e,0x2f,0x00,  //@*..%@@**@@**@@%.%@@...
0xd0,0xbc,0x7d,0x3e,0x2f,0x00,  //@*..%@@**@@**@@%.%@@...
0xd0,0xbc,0x7d,0x3e,0x2f,0x00,  //@*..%@@**@@**@@%.%@@...
0xd0,0x54,0x14,0x15,0x15,0x00,  //@*..***+****+***.***...
0xd0,0x00,0x00,0x00,0x00,0x00,  //@*.....................
0xff,0xff,0xff,0xff,0xff,0xf8,  //@@@@@@@@@@@@@@@@@@@@@@%


/*  */
0x06,0xaa,0xaa,0xa8,0x00,  //.*%%%%%%%%%%%%%*.
0x3f,0xff,0xff,0xff,0x40,  //*@@@@@@@@@@@@@@@*
0xbf,0xff,0xff,0xff,0x80,  //#@@@@@@@@@@@@@@@#
0xff,0xff,0xff,0xff,0xc0,  //@@@@@@@@@@@@@@@@@
0xff,0xff,0xe6,0xef,0xc0,  //@@@@@@@@@#%%@#@@@
0xfd,0xbf,0x80,0x1b,0xc0,  //@@@*#@@@#...+*#@@
0xfc,0x1f,0x40,0x1f,0xc0,  //@@@*.%@@*....*@@@
0xfe,0x00,0x00,0x3f,0xc0,  //@@@%...**....@@@@
0xfc,0x00,0x00,0x3f,0xc0,  //@@@*.........@@@@
0xfe,0x00,0x00,0x3f,0xc0,  //@@@#+.......*@@@@
0xff,0x40,0x00,0xbf,0xc0,  //@@@@*.......%@@@@
0xff,0x90,0x01,0xff,0xc0,  //@@@@#*.....*@@@@@
0xfe,0x90,0x07,0xff,0xc0,  //@@@%%*....*@@@@@@
0xfe,0x40,0x6f,0xff,0xc0,  //@@@#*****#@@@@@@@
0xff,0xff,0xff,0xff,0xc0,  //@@@@@@@@@@@@@@@@@
0xbf,0xff,0xff,0xff,0x80,  //%@@@@@@@@@@@@@@@#
0x2f,0xff,0xff,0xfe,0x00,  //+#@@@@@@@@@@@@@#+


/*  */
0x06,0xaa,0xaa,0xa8,0x00,  //.*%%%%%%%%%%%%%*.
0x3f,0xff,0xff,0xff,0x40,  //*@@@@@@@@@@@@@@@*
0xbf,0xff,0xff,0xff,0x80,  //#@@@@@@@@@@@@@@@#
0xff,0xff,0xf4,0x07,0xc0,  //@@@@@@@@@@*...*@@
0xff,0xff,0xd0,0x07,0xc0,  //@@@@@@@@@*....*@@
0xff,0xff,0xc0,0x6b,0xc0,  //@@@@@@@@@*..%%#@@
0xff,0xff,0xc0,0xff,0xc0,  //@@@@@@@@@*.*@@@@@
0xff,0xff,0xc0,0xff,0xc0,  //@@@@@@@@@*.*@@@@@
0xff,0xfc,0x00,0x0b,0xc0,  //@@@@@@@**...**#@@
0xff,0xfc,0x00,0x0b,0xc0,  //@@@@@@@.......%@@
0xff,0xfc,0x00,0x0b,0xc0,  //@@@@@@@**...**#@@
0xff,0xff,0xc0,0xff,0xc0,  //@@@@@@@@@*.*@@@@@
0xff,0xff,0xc0,0xff,0xc0,  //@@@@@@@@@*.*@@@@@
0xff,0xff,0xc0,0xff,0xc0,  //@@@@@@@@@*.*@@@@@
0xff,0xff,0xc0,0xff,0xc0,  //@@@@@@@@@*.*@@@@@
0xbf,0xff,0xc0,0xff,0x80,  //%@@@@@@@@*.*@@@@#
0x2f,0xff,0xc0,0xfe,0x00,  //+#@@@@@@@*.*@@@#+


/*  */
0x2a,0xaa,0xaa,0xaa,0xa8,  //*%%%%%%%%%%%%%%%%%%*
0xf8,0x02,0xea,0xaa,0xab,  //@@%....%@#%%%%%%%%#@
0xf9,0x56,0x80,0x00,0x07,  //@@#****##.........*@
0xd0,0x00,0x00,0x00,0x07,  //@%******+.........*@
0xe5,0x55,0x55,0x55,0x5b,  //@%****************%@
0xff,0xfe,0x41,0xbf,0xff,  //@@@@@@@#%**%#@@@@@@@
0xff,0xf8,0x00,0x2f,0xff,  //@@@@@@#+.**.+#@@@@@@
0xff,0xf0,0xaa,0x0f,0xff,  //@@@@@@*.####.*@@@@@@
0xff,0xe1,0x4b,0x4b,0xff,  //@@@@@#.%%*#@%.#@@@@@
0xff,0xe2,0x7f,0x8b,0xff,  //@@@@@%.%*@@@%.%@@@@@
0xff,0xe2,0xff,0x8b,0xff,  //@@@@@#.%@@@@%.#@@@@@
0xff,0xf0,0xbe,0x0f,0xff,  //@@@@@@++#@@#++@@@@@@
0xff,0xf8,0x14,0x2f,0xff,  //@@@@@@#..**..#@@@@@@
0xff,0xfe,0x41,0xbf,0xff,  //@@@@@@@#****#@@@@@@@
0xe5,0x55,0x55,0x55,0x5b,  //@%****************%@
0xd0,0x00,0x00,0x00,0x07,  //@*................*@
0xbf,0xff,0xff,0xff,0xfe,  //#@@@@@@@@@@@@@@@@@@#


/*  */
0x00,0x1a,0x40,0x00,0x00,  //.....*%%%+.........
0x01,0xbf,0xf4,0x00,0x00,  //...*#@@@@@*........
0x07,0xe5,0xb8,0x00,0x00,  //..%@@#%*#@#........
0x1f,0xc0,0x2c,0x00,0x00,  //.*@@@*...#@*.......
0x3f,0xc0,0x2d,0x00,0x00,  //+@@@@....%@*.......
0x79,0x00,0x2c,0x00,0x00,  //%@#**....#@*.......
0xb4,0x00,0xbc,0x00,0x00,  //#@*...**#@@........
0xf0,0x07,0xf4,0x00,0x00,  //@@*...*@@@%........
0xb4,0x0b,0xf0,0x00,0x00,  //#@*...#@@@*...++...
0x7d,0x6f,0xf8,0x0a,0x00,  //%@@%*#@@@@#+.+##+..
0x2f,0xfe,0x7e,0x0b,0x80,  //.#@@@@@%%@@#+.#@#+.
0x06,0x90,0x1f,0x83,0xe0,  //..*%%%+..%@@#+*@@#+
0x00,0x00,0x07,0xea,0xb4,  //..........%@@####@%
0x00,0x00,0x01,0xfd,0x10,  //...........%@@@*.%.
0x00,0x00,0x00,0x7e,0x00,  //............%@@#+..
0x00,0x00,0x00,0x1f,0x80,  //.............%@@#+.
0x00,0x00,0x00,0x07,0xe0,  //..............%@@%.
0x00,0x00,0x00,0x01,0xd0,  //...............%@*.


/*  */
0x00,0x00,0x00,0x02,0x09,0x00,  //..............*#+.%*.
0x00,0x00,0x00,0x07,0xae,0x00,  //..............%@##@#.
0x00,0x00,0x00,0x03,0xad,0x00,  //......**+.....*@##@%.
0x00,0x0f,0x40,0x2e,0x07,0x80,  //.....*@@%...+#@#..%@#
0x06,0x1f,0x86,0x3e,0x07,0xc0,  //..%#+%@@#+%#*@@#..*@@
0x1f,0xff,0xff,0x87,0x5a,0x00,  //.%@@@@@@@@@@#+*@%*#%*
0x0f,0xff,0xff,0x47,0xfe,0x00,  //.*@@@@@@@@@@%.*@@@@%.
0x0b,0xd0,0x6f,0x07,0x4a,0x00,  //..#@@*..*#@@..*@*+#%.
0x6f,0x40,0x1f,0x90,0x00,0x00,  //%%@@%....*@@#%++.....
0xff,0x00,0x0f,0xf0,0x00,0x00,  //@@@@*.....@@@@*......
0xff,0x40,0x0f,0xf0,0x00,0x00,  //@@@@*.....@@@@*......
0x1f,0x80,0x1f,0x41,0x00,0x00,  //**@@#....*@@%*.*..*..
0x0b,0xe4,0x7f,0x07,0x5e,0x00,  //..#@@#**%@@@+.%@%*@#.
0x1f,0xff,0xff,0x83,0xfd,0x00,  //.*@@@@@@@@@@#.*@@@@%.
0x0f,0xbf,0xef,0x9b,0x0a,0x40,  //.*@@#@@@@#@@%*%@**##*
0x05,0x1f,0x81,0x3e,0x07,0xc0,  //..*%.*@@%.*%*@@%..*@@
0x00,0x0f,0x40,0x1a,0x0a,0x40,  //.....*@@%...+%##+.##%
0x00,0x00,0x00,0x03,0xfd,0x00,  //..............*@@@@%.
0x00,0x00,0x00,0x07,0x9e,0x00,  //..............%@#%@#.
0x00,0x00,0x00,0x01,0x04,0x00,  //...............*..*+.


/*  */
0x01,0xbf,0xf9,0x00,0x00,  //...*%@@@@@#%+.......
0x0b,0xff,0xff,0xd0,0x00,  //..%@@@@@@@@@@%......
0x2f,0xff,0xff,0xf4,0x00,  //.#@@@@@@@@@@@@%.....
0x7f,0xff,0xff,0xfc,0x00,  //*@@@@@@@@@@@@@@*....
0xbf,0xff,0xff,0xfd,0x20,  //#@@@@@@@@@@@@@@%.#+.
0xff,0xff,0xff,0xfe,0x28,  //@@@@@@@@@@@@@@@%.##.
0xbf,0xff,0xff,0xfd,0x3d,  //#@@@@@@@@@@@@@@%.@@%
0x7f,0xff,0xff,0xfc,0x3e,  //*@@@@@@@@@@@@@@**@@#
0x2f,0xff,0xff,0xf4,0xbf,  //.%@@@@@@@@@@@@*.%@@@
0x07,0xff,0xff,0x91,0xfe,  //..%@@@@@@@@@#*.*@@@#
0x07,0xff,0xf9,0x07,0xfd,  //..*@@@@@@@#*..%@@@@*
0x0b,0x80,0x00,0x6f,0xf4,  //.+#@%*.++...*#@@@@%.
0x04,0x01,0x5b,0xff,0xd0,  //.**+...***%@@@@@@*..
0x00,0x00,0x6b,0xeb,0xd0,  //........*%#@@##@@*..
0x00,0x00,0x00,0x01,0xf0,  //..............+%@@+.


/*  */
0x00,0x00,0x7d,0x00,0x00,  //........%@@%.....
0x00,0x00,0xd7,0x40,0x00,  //........@%*@*....
0x00,0x00,0xc2,0x80,0x00,  //.......*@+.%%....
0x00,0x01,0x81,0x80,0x00,  //.......%#..%%....
0x00,0x07,0x42,0x80,0x00,  //......*@*..#%....
0x00,0x09,0x03,0x94,0x00,  //.....+#%..*@%**+.
0x00,0x28,0x07,0xff,0x40,  //.....##...%@@@@@*
0x7f,0xe0,0x00,0x02,0x80,  //%@@@@#+........%#
0xff,0x40,0x00,0x00,0xc0,  //@@@@%..........*@
0xff,0x00,0x00,0x02,0x80,  //@@@@*..........%#
0xff,0x00,0x00,0x02,0x80,  //@@@@*..........#%
0xff,0x00,0x00,0x02,0x80,  //@@@@*..........#%
0xff,0x00,0x00,0x03,0x40,  //@@@@*.........*@*
0xff,0x00,0x00,0x03,0x00,  //@@@@*.........*@*
0xd7,0x00,0x00,0x0a,0x00,  //@%*@*.........%#.
0xe7,0x40,0x00,0x09,0x00,  //@#%@%*........#%.
0x7f,0xf9,0x00,0x1d,0x00,  //%@@@@@#%*+...*@*.
0x00,0x06,0xff,0xf4,0x00,  //.....+%#@@@@@@%..


/*  */
0x00,0x00,0x5a,0x90,0x00,  //.......+*%%%%*...
0x00,0x1b,0xea,0xa8,0x00,  //.****%#@@#%%%##..
0xbf,0xf4,0x00,0x0d,0x00,  //#@@@@@%*.....+@*.
0xd7,0x40,0x00,0x0a,0x00,  //@%*@*.........%%.
0xe7,0x00,0x00,0x07,0x00,  //@#%@*.........*@+
0xff,0x00,0x00,0x03,0x00,  //@@@@*.........*@*
0xff,0x00,0x00,0x03,0x40,  //@@@@*.........+@*
0xff,0x00,0x00,0x02,0x80,  //@@@@*..........%%
0xff,0x00,0x00,0x02,0x80,  //@@@@*..........#%
0xff,0x00,0x00,0x01,0xc0,  //@@@@*..........*@
0xff,0x80,0x00,0x00,0xc0,  //@@@@#*.........*@
0x2a,0xb0,0x00,0x02,0x80,  //*%%%#@*...+****##
0x00,0x28,0x07,0xfe,0x00,  //.....%#+..*@@@@#+
0x00,0x0a,0x03,0x40,0x00,  //......##..+@%*+..
0x00,0x02,0x42,0x80,0x00,  //......+#%..%%....
0x00,0x01,0xc1,0x80,0x00,  //.......*@..*%....
0x00,0x00,0xc2,0x80,0x00,  //.......*@*.#%....
0x00,0x00,0xab,0x40,0x00,  //........#%%@*....
0x00,0x00,0x69,0x00,0x00,  //........*%%*.....


/*  */
0x00,0x00,0x00,  //........+
0x00,0x00,0x40,  //........%
0x00,0x00,0xc0,  //.......+@
0x00,0x01,0xc0,  //.......%@
0x00,0x03,0xc0,  //......+@@
0x00,0x0b,0xc0,  //.....+%@@
0x5a,0xff,0xc0,  //**%#@@@@@
0xbf,0xff,0xc0,  //#@@@@@@@@
0x2f,0xff,0xc0,  //.#@@@@@@@
0x0b,0xff,0xc0,  //..#@@@@@@
0x02,0xff,0xc0,  //...%@@@@@
0x00,0xbf,0xc0,  //....#@@@@
0x00,0xbf,0xc0,  //....#@@@@
0x00,0xff,0xc0,  //....@@@@@
0x00,0xff,0xc0,  //...+@@@@@
0x00,0xff,0x40,  //...*@@@@%
0x01,0xf4,0x00,  //...*@@%+.
0x01,0x40,0x00,  //...%%+...


/*  */
0x01,0xa4,0x00,0x1a,0x40,  //..+*%%%+....+%%%*+..
0x1f,0xab,0x41,0xea,0xf4,  //.*@@%%#@%..%@#%%@@*.
0x34,0x01,0xeb,0x40,0x1c,  //*@%....*@%%@*....%@*
0xa0,0x00,0x28,0x00,0x0a,  //%#......*##*......#%
0x90,0x00,0x00,0x00,0x06,  //#*.......++.......*#
0xd0,0x00,0x00,0x00,0x07,  //@*................*@
0x90,0x00,0x00,0x00,0x06,  //#%................%#
0x60,0x00,0x00,0x00,0x09,  //%#................#%
0x24,0x00,0x00,0x00,0x18,  //+#%..............%#+
0x1d,0x00,0x00,0x00,0x74,  //.*@%............%@*.
0x07,0x40,0x00,0x01,0xd0,  //..*@%..........%@*..
0x01,0xd0,0x00,0x07,0x40,  //...*@%........%@*...
0x00,0x74,0x00,0x1d,0x00,  //....*@%......%@*....
0x00,0x1d,0x00,0x74,0x00,  //.....*@%....%@*.....
0x00,0x07,0x41,0xd0,0x00,  //......*@%..%@*......
0x00,0x01,0xeb,0x40,0x00,  //.......*@##@*.......
0x00,0x00,0x28,0x00,0x00,  //........*##*........


/*  */
0x2f,0xfc,0x09,0x00,0x00,  //.%@@@@@+..#*......
0x60,0x00,0x0f,0x40,0x00,  //%#*****...@@*.....
0xd0,0x00,0x0f,0xd0,0x00,  //@*........@@@*....
0xd0,0x00,0x0f,0xf4,0x00,  //@*........@@@@*...
0xd0,0xbf,0xff,0xfd,0x00,  //@*..%@@@@@@@@@@*..
0xd0,0xbf,0xff,0xff,0x40,  //@*..%@@@@@@@@@@@*.
0xd0,0xbf,0xff,0xff,0xc0,  //@*..%@@@@@@@@@@@@*
0xd0,0xbf,0xff,0xff,0x80,  //@*..%@@@@@@@@@@@#+
0xd0,0xbf,0xff,0xfe,0x00,  //@*..%@@@@@@@@@@#+.
0xd0,0x6a,0xaf,0xf8,0x00,  //@*..*%%%%%@@@@#+..
0xd0,0x00,0x0f,0xe0,0x00,  //@*........@@@#+...
0x90,0x00,0x0f,0x80,0x00,  //#%........@@#+....
0x75,0x54,0x0e,0x00,0x00,  //*@%****...@#+.....
0x1b,0xfc,0x04,0x00,0x00,  //.*#@@@@+..*+......


/*  */
0x06,0xaa,0xaa,0xa8,0x00,  //.*%%%%%%%%%%%%%*.
0x3f,0xff,0xff,0xff,0x40,  //*@@@@@@@@@@@@@@@*
0xbf,0xff,0xff,0xff,0x80,  //#@@@@@@@@@@@@@@@#
0xf8,0x2f,0xff,0xff,0xc0,  //@@#**#@@@@@@@@@@@
0xf4,0x1f,0xff,0xff,0xc0,  //@@*..%@@@@@@@@@@@
0xf8,0x2f,0xff,0xff,0xc0,  //@@#**#@@@@@@@@@@@
0xff,0xff,0xfa,0xbf,0xc0,  //@@@@@@@@@@#%#@@@@
0xf8,0x28,0x10,0x1f,0xc0,  //@@%..%%..*...*@@@
0xf8,0x28,0x00,0x0b,0xc0,  //@@%..%%...*...#@@
0xf8,0x28,0x1e,0x07,0xc0,  //@@%..%%..%@%..*@@
0xf8,0x28,0x2f,0x07,0xc0,  //@@%..%%..%@@..*@@
0xf8,0x28,0x2f,0x07,0xc0,  //@@%..%%..%@@..*@@
0xf8,0x28,0x2f,0x07,0xc0,  //@@%..%%..%@@..*@@
0xf8,0x28,0x2f,0x07,0xc0,  //@@%..%%..%@@..*@@
0xf8,0x28,0x2f,0x07,0xc0,  //@@#**##**#@@**%@@
0xbf,0xff,0xff,0xff,0x80,  //%@@@@@@@@@@@@@@@#
0x2f,0xff,0xff,0xfe,0x00,  //+#@@@@@@@@@@@@@#+


/*  */
0x0a,0xaa,0xa4,0x00,  //..%%%%%%%%%..
0x1f,0xff,0xfd,0x00,  //.*@@@@@@@@@*.
0x0f,0xff,0xf8,0x00,  //.*@@@@@@@@#+.
0x03,0xaf,0xf0,0x00,  //..*@##@@@@...
0x03,0xaf,0xf0,0x00,  //..*@%%@@@@...
0x03,0xaf,0xf0,0x00,  //..*@%%@@@@...
0x03,0xaf,0xf0,0x00,  //..*@%%@@@@...
0x03,0xaf,0xf0,0x00,  //..*@%%@@@@...
0x03,0xaf,0xf0,0x00,  //..*@##@@@@...
0x1f,0xff,0xfd,0x00,  //.%@@@@@@@@@%.
0x7f,0xff,0xff,0x00,  //*@@@@@@@@@@@*
0xbf,0xff,0xff,0x80,  //#@@@@@@@@@@@%
0xbf,0xff,0xff,0x80,  //#@@@@@@@@@@@%
0x00,0x2d,0x00,0x00,  //+****#@*****.
0x00,0x1c,0x00,0x00,  //.....%@*.....
0x00,0x1c,0x00,0x00,  //.....*@......
0x00,0x0c,0x00,0x00,  //.....*@......
0x00,0x08,0x00,0x00,  //......#......
0x00,0x04,0x00,0x00,  //......%......


/*  */
0x00,0x00,0x00,0x3f,0xfe,  //.............@@@@@@#
0x06,0xaa,0xa8,0x1f,0xff,  //.*%%%%%%%%%*.%@@@@@@
0x3a,0xaa,0xa8,0x07,0xff,  //*@#%%%%%%%%*..%@@@@@
0xa0,0x00,0x00,0x07,0xff,  //#%............*@@@@@
0xd0,0x00,0x00,0x1f,0xff,  //@*...........*@@@@@@
0xd0,0x00,0x00,0x7e,0x1f,  //@*..........*@@#+%@@
0xd0,0x00,0x01,0xf8,0x06,  //@*.........*@@#+..%#
0xd0,0x00,0x07,0xe0,0x00,  //@*........*@@#+.....
0xd0,0x00,0x1f,0x80,0x00,  //@*.......*@@#+......
0xd0,0x00,0x7e,0x00,0x00,  //@*......*@@#+.++....
0xd0,0x00,0xf8,0x0a,0x00,  //@*.....+@@#+..%%....
0xd0,0x00,0x60,0x0a,0x00,  //@*......%#+...%%....
0xd0,0x00,0x00,0x0a,0x00,  //@*.......+....%%....
0xd0,0x00,0x00,0x0a,0x00,  //@*............%%....
0x90,0x00,0x00,0x09,0x00,  //#%............#%....
0x75,0x55,0x55,0x6c,0x00,  //*@%**********%@*....
0x1b,0xff,0xff,0xe0,0x00,  //.*#@@@@@@@@@@#*.....


/*  */
0x00,0x08,0x0f,0xfe,0x00,  //.....+#+..@@@@@#+
0x00,0x0e,0x00,0x02,0x80,  //.....*@#+.+****##
0x00,0x0f,0x80,0x00,0xc0,  //.....*@@#+.....*@
0x00,0x0f,0xe0,0x00,0xc0,  //.....*@@@#+....*@
0xbf,0xff,0xf8,0x00,0xc0,  //#@@@@@@@@@#+...*@
0xff,0xff,0xfe,0x00,0xc0,  //@@@@@@@@@@@#+..*@
0xff,0xff,0xff,0x80,0xc0,  //@@@@@@@@@@@@#+.*@
0xff,0xff,0xff,0x80,0xc0,  //@@@@@@@@@@@@#..*@
0xff,0xff,0xfe,0x00,0xc0,  //@@@@@@@@@@@#...*@
0xaa,0xaf,0xf8,0x00,0xc0,  //%%%%%#@@@@#....*@
0x00,0x0f,0xe0,0x00,0xc0,  //.....*@@@#.....*@
0x00,0x0f,0x80,0x01,0xc0,  //.....*@@#......*@
0x00,0x0e,0x05,0x57,0x40,  //.....*@#..****%@%
0x00,0x04,0x0f,0xf9,0x00,  //......%...@@@@#%.


/*  */
0x00,0x1a,0xaa,0x80,0x00,  //.....%%%%%%%%*.....
0x00,0x7f,0xff,0xf0,0x00,  //....%@@@@@@@@@+....
0x00,0xbf,0xff,0xf0,0x00,  //....%@@@@@@@@@*....
0x6a,0xbf,0xff,0xfa,0xa0,  //%%%%#@@@@@@@@@#%%%*
0xe5,0xbf,0xff,0xf5,0x64,  //@%**#@@@@@@@@@%**#*
0xd0,0xbf,0xff,0xf0,0x24,  //@*..%@@@@@@@@@*..#*
0xa0,0x7f,0xff,0xf0,0x34,  //#%..*@@@@@@@@@+.+@*
0x34,0x3f,0xff,0xe0,0xa0,  //*@%.*@@@@@@@@#.+##.
0x1e,0x7f,0xff,0xe7,0x80,  //.*@#*@@@@@@@@%%@#+.
0x02,0xff,0xff,0xf9,0x00,  //..*%@@@@@@@@@@#*...
0x00,0x0b,0xff,0x40,0x00,  //.....*#@@@@@*+.....
0x00,0x02,0xfd,0x00,0x00,  //.......%@@@*.......
0x00,0x00,0xf8,0x00,0x00,  //.......*@@#........
0x00,0x00,0xf8,0x00,0x00,  //.......*@@%........
0x00,0x06,0xfd,0x40,0x00,  //.....+*#@@@%*......
0x00,0x7f,0xff,0xe0,0x00,  //....*@@@@@@@@#.....
0x00,0xbf,0xff,0xf0,0x00,  //....%@@@@@@@@@*....


/*  */
0x06,0xaa,0xaa,0xa8,0x00,  //.*%%%%%%%%%%%%%*.
0x3f,0xff,0xff,0xff,0x40,  //*@@@@@@@@@@@@@@@*
0xbf,0xff,0xff,0xff,0x80,  //#@@@@@@@@@@@@@@@#
0xff,0xe4,0x06,0xff,0xc0,  //@@@@@#%****#@@@@@
0xff,0x80,0x00,0xbf,0xc0,  //@@@@#.......%@@@@
0xfe,0x00,0x00,0x2f,0xc0,  //@@@#.**...+*.#@@@
0xfd,0x1f,0xfe,0x0f,0xc0,  //@@@*.*@@@@@%.*@@@
0xfc,0x2f,0xfe,0x0b,0xc0,  //@@@..#@@@@@#..#@@
0xf8,0x3f,0xff,0x0b,0xc0,  //@@#..@@@@@@@*.%@@
0xf8,0x2f,0xff,0x0b,0xc0,  //@@#..#@@@@@@+.%@@
0xfc,0x1f,0xfd,0x0b,0xc0,  //@@@+.*@@@@@%..#@@
0xfd,0x02,0xe0,0x1f,0xc0,  //@@@***+%@#+..*@@@
0xff,0x1a,0xf0,0x2f,0xc0,  //@@@@+*%#@@..+#@@@
0xff,0x82,0xf0,0xbf,0xc0,  //@@@@#*.%@@.*#@@@@
0xff,0xfa,0xfb,0xff,0xc0,  //@@@@@@##@@#@@@@@@
0xbf,0xff,0xff,0xff,0x80,  //%@@@@@@@@@@@@@@@#
0x2f,0xff,0xff,0xfe,0x00,  //+#@@@@@@@@@@@@@#+


/*  */
0x00,0x00,0xb4,0x00,0x00,  //........#@%........
0x00,0x02,0xfd,0x00,0x00,  //.......#@@@%.......
0x00,0x0b,0xff,0x40,0x00,  //......#@@@@@%......
0x00,0x2f,0xff,0xd0,0x00,  //.....#@@@@@@@%.....
0x00,0xbf,0xff,0xf4,0x00,  //....#@@@@@@@@@%....
0x01,0xff,0xff,0xf8,0x00,  //...*@@@@@@@@@@#....
0x00,0x02,0xfd,0x00,0x00,  //.......%@@@*.......
0x00,0x02,0xfd,0x00,0x00,  //.......%@@@*.......
0x00,0x02,0xfd,0x00,0x00,  //.......%@@@*.......
0x00,0x02,0xfd,0x00,0x00,  //.......%@@@*.......
0x00,0x02,0xfd,0x00,0x00,  //.......%@@@*.......
0x00,0x01,0xa8,0x00,0x00,  //+*****.*%%%+.*****.
0xbf,0xf4,0x00,0xbf,0xf4,  //#@@@@@*.....#@@@@@*
0xff,0xfe,0xab,0xff,0xf4,  //@@@@@@@#%%%@@@@@@@*
0xff,0xff,0xff,0xda,0x74,  //@@@@@@@@@@@@@%##%@*
0xff,0xff,0xff,0x8a,0x24,  //@@@@@@@@@@@@#.##.#*
0xbf,0xff,0xff,0xff,0xf4,  //#@@@@@@@@@@@@@@@@@*


/*  */
0x00,0x00,0x69,0x00,0x00,  //.......*%%%****+.
0x00,0x1b,0xab,0xff,0x00,  //....+%#@#%%@@@@@*
0x01,0xa4,0x00,0x02,0x40,  //...*##%+....+**#%
0x07,0x40,0x00,0x02,0x40,  //..*@%..........#*
0x0d,0x00,0x00,0x02,0x40,  //.*@%...........#*
0x28,0x00,0x00,0x01,0x80,  //.%#............%#
0x30,0x00,0x00,0x01,0xc0,  //+@*............*@
0x60,0x00,0x00,0x00,0xc0,  //*#.............*@
0xa0,0x00,0x00,0x00,0xc0,  //%%.............*@
0x90,0x00,0x00,0x01,0xc0,  //#*.............*@
0xd0,0x00,0x00,0x02,0x80,  //@*.............%%
0xd0,0x00,0x00,0x03,0x40,  //@*............+@*
0x90,0x00,0x00,0x0a,0x00,  //#*............%#.
0xa0,0x00,0x00,0x1c,0x00,  //%%...........*@*.
0x90,0x00,0x00,0x74,0x00,  //#%..........*@%..
0xd0,0x00,0x06,0xd0,0x00,  //@%+***...+*#@*...
0x7f,0xff,0xfe,0x00,0x00,  //%@@@@@@@@@@%*....


/*  */
0x05,0x00,0x00,0x00,  //.+%%............
0x2f,0x00,0x00,0x00,  //+#@@*...........
0x7f,0x80,0x00,0x00,  //%@@@#...........
0xff,0xd0,0x00,0x00,  //@@@@@*..........
0xff,0xd0,0x00,0x00,  //@@@@@*..........
0xbf,0x40,0x00,0x00,  //%@@@*...........
0x7e,0x00,0x00,0x00,  //*@@#............
0x3f,0x00,0x00,0x00,  //.@@@*...........
0x1f,0x80,0x00,0x00,  //.%@@#...........
0x0b,0xd0,0x00,0x00,  //..#@@%..........
0x02,0xf4,0x01,0x40,  //..+#@@%....**...
0x00,0xfe,0x07,0xe0,  //...*@@@#*.*@@#*.
0x00,0x2f,0xef,0xfd,  //....*#@@@#@@@@@%
0x00,0x0b,0xff,0xfd,  //.....+#@@@@@@@@%
0x00,0x01,0xff,0xf8,  //.......%@@@@@@#+
0x00,0x00,0x1b,0xd0,  //.........*%@@%+.


/*  */
0x06,0xaa,0xaa,0x90,  //.*%%%%%%%%%%%%..
0x3a,0xaa,0xaa,0xa8,  //*@#%%%%%%%%%%##.
0xa0,0x00,0x00,0x09,  //#%............#%
0xd0,0x00,0x00,0x0a,  //@*............%%
0xd0,0x00,0x00,0x0a,  //@*............%%
0xd0,0x00,0x00,0x0a,  //@*............%%
0xd0,0x00,0x00,0x0a,  //@*............%%
0xd0,0x00,0x00,0x0a,  //@*............%%
0xd0,0x00,0x00,0x0a,  //@*............%%
0xd0,0x00,0x00,0x0a,  //@*............%%
0xd0,0x00,0x00,0x0a,  //@*............%%
0xd0,0x00,0x00,0x0a,  //@*............%%
0xd0,0x00,0x00,0x0a,  //@*............%%
0x90,0x00,0x00,0x09,  //#%............#%
0x75,0x55,0x55,0x6c,  //*@%**********%@*
0x1b,0xff,0xff,0xe0,  //.*#@@@@@@@@@@#*.


/*  */
0x6a,0xaa,0xaa,0x90,  //*%%%%%%%%%%%%%
0xea,0xaa,0xaa,0xb0,  //@#%%%%%%%%%%#@
0xd0,0x00,0x00,0x30,  //@*..........*@
0xd0,0x00,0x00,0x30,  //@*..........*@
0xd0,0x00,0x00,0x30,  //@*..........*@
0xd0,0x00,0x00,0x30,  //@*..........*@
0xd0,0x00,0x00,0x30,  //@*..........*@
0xd0,0x00,0x00,0x30,  //@*..........*@
0xd0,0x00,0x00,0x30,  //@*..........*@
0xd0,0x00,0x00,0x30,  //@*..........*@
0xd0,0x05,0x00,0x30,  //@*....*%....*@
0xd0,0x1f,0x40,0x30,  //@*...*@@%...*@
0xd0,0x75,0xd0,0x30,  //@*..*@%*@%..*@
0xd1,0xd0,0x74,0x30,  //@*.*@%..*@%.*@
0xd7,0x40,0x1d,0x30,  //@**@%....*@%*@
0xed,0x00,0x07,0xb0,  //@#@%......*@#@
0xb4,0x00,0x00,0xa0,  //#@%........*##


/*  */
0x06,0xaa,0xaa,0xa8,0x00,  //.*%%%%%%%%%%%%%*.
0x3f,0xff,0xff,0xff,0x40,  //*@@@@@@@@@@@@@@@*
0xbf,0xff,0xff,0xff,0x80,  //#@@@@@@@@@@@@@@@#
0xfe,0x1f,0xff,0xff,0xc0,  //@@@#**@@@@@@@@@@@
0xfc,0x0b,0xff,0xff,0xc0,  //@@@*..%@@@@@@@@@@
0xf8,0x03,0xff,0xff,0xc0,  //@@#...+@@@@@@@@@@
0xf8,0x07,0xff,0xff,0xc0,  //@@#...*@@@@@@@@@@
0xfc,0x1f,0xff,0xff,0xc0,  //@@@+.*@@@@@@@@@@@
0xfd,0x0b,0xff,0xff,0xc0,  //@@@%..#@@@@@@@@@@
0xff,0x03,0xff,0xff,0xc0,  //@@@@+.*@@@@@@@@@@
0xff,0x81,0xfd,0xbf,0xc0,  //@@@@#..*@@@%#@@@@
0xff,0xe0,0x24,0x1b,0xc0,  //@@@@@%..+%*..*#@@
0xff,0xf8,0x00,0x0b,0xc0,  //@@@@@@#.......%@@
0xff,0xfe,0x40,0x0f,0xc0,  //@@@@@@@#*....+@@@
0xff,0xff,0xe5,0x6f,0xc0,  //@@@@@@@@@#%*%#@@@
0xbf,0xff,0xff,0xff,0x80,  //%@@@@@@@@@@@@@@@#
0x2f,0xff,0xff,0xfe,0x00,  //+#@@@@@@@@@@@@@#+


/*  */
0x00,0x00,0x07,0xf8,0x40,  //.*........%@@@%***
0x28,0x00,0x1f,0xff,0x80,  //.%#......*@@@@@@%*
0x2e,0x00,0x2f,0xff,0x80,  //.%@#*....#@@@@@@#+
0x1f,0xe4,0x3f,0xff,0x00,  //.*@@@%*..@@@@@@@*.
0x0b,0xff,0xef,0xff,0x00,  //.+#@@@@@@#@@@@@@*.
0x2b,0xff,0xff,0xff,0x00,  //.%#@@@@@@@@@@@@@+.
0x1f,0xff,0xff,0xfe,0x00,  //.*@@@@@@@@@@@@@#..
0x07,0xff,0xff,0xfd,0x00,  //..%@@@@@@@@@@@@%..
0x02,0xff,0xff,0xfc,0x00,  //..+%@@@@@@@@@@@+..
0x02,0xff,0xff,0xf4,0x00,  //...#@@@@@@@@@@*...
0x00,0x6f,0xff,0xe0,0x00,  //....%#@@@@@@@%....
0x00,0x2f,0xff,0x80,0x00,  //....*#@@@@@@%.....
0x1a,0xff,0xf9,0x00,0x00,  //+*%#@@@@@@#*......
0x06,0xbe,0x90,0x00,0x00,  //..*%#@@#%*........


/*  */
0x00,0x2f,0xe0,  //....*#@@@%
0x00,0xff,0xe0,  //...*@@@@@%
0x02,0xff,0xe0,  //...#@@@@@%
0x03,0xf8,0x00,  //...@@@%...
0x03,0xf0,0x00,  //...@@@*...
0x03,0xf0,0x00,  //...@@@*...
0x03,0xf4,0x00,  //***@@@***+
0xff,0xff,0xd0,  //@@@@@@@@@*
0xff,0xff,0xc0,  //@@@@@@@@@*
0xff,0xff,0xc0,  //@@@@@@@@@*
0x03,0xf0,0x00,  //...@@@*...
0x03,0xf0,0x00,  //...@@@*...
0x03,0xf0,0x00,  //...@@@*...
0x03,0xf0,0x00,  //...@@@*...
0x03,0xf0,0x00,  //...@@@*...
0x03,0xf0,0x00,  //...@@@*...
0x03,0xf0,0x00,  //...@@@*...
0x03,0xf0,0x00,  //...@@@*...


/*  */
0x00,0x06,0xa4,0x00,0x00,  //.....+*%%%*+.....
0x00,0xbf,0xff,0x80,0x00,  //...+%@@@@@@@%+...
0x02,0xff,0xff,0xf4,0x00,  //..+#@@@@@@@@@@*..
0x0b,0xbf,0xff,0xbc,0x00,  //.+#@#@@@@@@@#@@*.
0x2e,0x05,0x54,0x2e,0x00,  //.#@#.+%***%*.%@#.
0x7e,0x00,0x00,0x2f,0x40,  //*@@#.........%@@*
0xbe,0x00,0x00,0x1f,0x80,  //%@@%.........*@@#
0xbc,0x00,0x00,0x0f,0xc0,  //#@@*..........@@@
0xfc,0x00,0x00,0x0f,0xc0,  //@@@...........@@@
0xfc,0x00,0x00,0x0f,0xc0,  //@@@*..........@@@
0xbd,0x00,0x00,0x1f,0xc0,  //#@@*.........*@@@
0x7e,0x00,0x00,0x2f,0x80,  //%@@#+.......+#@@%
0x36,0xe4,0x05,0xff,0x40,  //+@%%@%*...*%@@@@*
0x1d,0xb4,0x07,0xfe,0x00,  //.%@*%@*...*@@@@%.
0x0a,0x00,0x03,0xf8,0x00,  //..##+++...*@@@#+.
0x02,0xf4,0x03,0xe0,0x00,  //...#@@*...*@@#+..
0x00,0x64,0x02,0x40,0x00,  //....*#*...*#*....


/*  */
0x00,0x00,0x00,0x65,0x00,  //...........*%%%*...
0x00,0x00,0x07,0xff,0x80,  //..........%@@@@@%..
0x00,0x00,0x1f,0x57,0xe0,  //.........%@@%*%@@%.
0x00,0x00,0x3d,0x00,0xf0,  //........+@@*...+@@*
0x00,0x00,0x78,0x00,0xb4,  //........*@#.....%@*
0x00,0x00,0x78,0x00,0x74,  //........*@%.....*@*
0x00,0x00,0x78,0x00,0x74,  //........*@%.....*@*
0x15,0x55,0xb9,0x00,0x74,  //********%@#**...*@*
0xff,0xff,0xff,0x80,0x64,  //@@@@@@@@@@@@%...*%*
0xff,0xff,0xff,0x80,0x00,  //@@@@@@@@@@@@%......
0xff,0xff,0xff,0x80,0x00,  //@@@@@@@@@@@@%......
0xff,0xff,0xff,0x80,0x00,  //@@@@@@@@@@@@%......
0xff,0xff,0xff,0x80,0x00,  //@@@@@@@@@@@@%......
0xff,0xff,0xff,0x80,0x00,  //@@@@@@@@@@@@%......
0xff,0xff,0xff,0x80,0x00,  //@@@@@@@@@@@@%......
0xbf,0xff,0xff,0x40,0x00,  //#@@@@@@@@@@@%......


/*  */
0x2a,0xaa,0xaa,0xaa,0xaa,0x40,  //+%%%%%%%%%%%%%%%%%%%*
0xaa,0xaa,0xaa,0xaa,0xaa,0xc0,  //##%%%%%%%%%%%%%%%%%%@
0xd0,0x00,0x00,0x00,0x00,0xc0,  //@*..................@
0xd0,0x00,0x00,0x00,0x00,0xc0,  //@*..................@
0xe5,0x55,0x55,0x55,0x55,0xc0,  //@%******************@
0xff,0xff,0xff,0xff,0xff,0xc0,  //@@@@@@@@@@@@@@@@@@@@@
0xff,0xff,0xff,0xff,0xff,0xc0,  //@@@@@@@@@@@@@@@@@@@@@
0xff,0xff,0xff,0xff,0xff,0xc0,  //@@@@@@@@@@@@@@@@@@@@@
0xea,0xaa,0xaa,0xaa,0xaa,0xc0,  //@#%%%%%%%%%%%%%%%%%%@
0xd0,0x00,0x00,0x00,0x00,0xc0,  //@*..................@
0xd0,0x00,0x00,0x00,0x00,0xc0,  //@*..................@
0xd0,0x00,0x00,0x00,0x00,0xc0,  //@*..................@
0xd0,0x00,0x00,0x00,0x00,0xc0,  //@*..................@
0xd2,0x91,0xa9,0x00,0x00,0xc0,  //@*+%%%.%%%%*........@
0xd1,0x51,0x54,0x00,0x00,0xc0,  //@*+***.*****........@
0xd0,0x00,0x00,0x00,0x00,0xc0,  //@*..................@
0xbf,0xff,0xff,0xff,0xff,0xc0,  //%@@@@@@@@@@@@@@@@@@@@


/*  */
0xa4,0x00,0x00,0x00,  //%%**............
0xff,0xe0,0x00,0x00,  //@@@@@%*.........
0xff,0xfe,0x00,0x00,  //@@@@@@@%+.......
0x16,0xff,0xd0,0x00,  //+**#@@@@@*......
0x00,0x1f,0xf4,0x00,  //....+%@@@@%.....
0x00,0x02,0xfd,0x00,  //......+%@@@%....
0xa9,0x00,0x7f,0x40,  //##%*....%@@@*...
0xff,0x80,0x1f,0xc0,  //@@@@#*...%@@@+..
0xbf,0xf4,0x0b,0xe0,  //#@@@@@%...%@@%..
0x06,0xfd,0x03,0xf0,  //..*#@@@%..+@@@*.
0x00,0x7f,0x01,0xf8,  //....*@@@*..%@@%.
0x00,0x1f,0x80,0xfc,  //.+*..*@@#..+@@@.
0x7e,0x0b,0xd0,0xbc,  //*@@#..#@@*..#@@*
0xff,0x07,0xe0,0x7d,  //@@@@*.*@@%..*@@*
0xbf,0x03,0xe0,0x7e,  //#@@@+..@@#..*@@%
0x2d,0x02,0xe0,0x3e,  //*#@*...#@#..+@@%


/*  */
0x03,0xff,0xff,0xf4,0x00,  //..*@@@@@@@@@@@*..
0x0a,0x00,0x00,0x28,0x00,  //..#%*********%#..
0x0d,0x00,0x00,0x0c,0x00,  //.+@*.........*@+.
0x1c,0x00,0x00,0x09,0x00,  //.*@...........#%.
0x28,0x00,0x00,0x06,0x00,  //.%%...........%#.
0x34,0x00,0x00,0x03,0x00,  //.@*...........*@+
0x74,0x00,0x00,0x03,0x40,  //*@*************@%
0xbf,0xff,0xff,0xff,0x80,  //%@@@@@@@@@@@@@@@#
0xd0,0x00,0x00,0x01,0xc0,  //@%**************@
0xd0,0x00,0x04,0x10,0xc0,  //@*........*+.*.*@
0xd0,0x00,0x0d,0x34,0xc0,  //@*.......+@**@**@
0xd0,0x00,0x00,0x00,0xc0,  //@*........+..*.*@
0xe5,0x55,0x55,0x55,0xc0,  //@%*************%@
0x7f,0xff,0xff,0xff,0x40,  //*@@@@@@@@@@@@@@@%


/*  */
0x00,0x00,0x00,0x00,0x20,  //................+%..
0x00,0x00,0x00,0x01,0xf4,  //...............*@@*.
0x00,0x00,0x00,0x0b,0x64,  //.............*%@%%*.
0x00,0x00,0x00,0xb8,0x24,  //...........*%@#*.%*.
0x15,0x55,0x6b,0x90,0x24,  //.********%#@#*...%*.
0xbf,0xff,0xe4,0x00,0x24,  //%@@@@@@@@%%*.....%*.
0xff,0xff,0x40,0x00,0x2d,  //@@@@@@@@*........%@%
0xff,0xff,0x40,0x00,0x2f,  //@@@@@@@@*........%@@
0xff,0xff,0x40,0x00,0x29,  //@@@@@@@@*........%#*
0x7f,0xff,0xe9,0x00,0x24,  //%@@@@@@@@#%*.....%*.
0x03,0xfe,0x5b,0x90,0x24,  //.**@@@@%**#@#*...%*.
0x03,0xf8,0x00,0x69,0x24,  //...@@@#....+%##*.%*.
0x03,0xf8,0x00,0x0b,0xa4,  //..+@@@#......+%@%#*.
0x03,0xfc,0x00,0x00,0xb4,  //...@@@@........*#@*.
0x02,0xfc,0x00,0x00,0x10,  //...#@@@.........+*..
0x01,0xfd,0x00,0x00,0x00,  //...*@@@%............
0x00,0xff,0x00,0x00,0x00,  //...+@@@@*...........
0x00,0x14,0x00,0x00,0x00,  //....+**+............


/*  */
0x00,0x00,0xa0,0x00,0x00,  //........##........
0x00,0x01,0xf4,0x00,0x00,  //......+*@@*+......
0x00,0x2e,0xab,0x80,0x00,  //.....%@#%%#@%.....
0x00,0xa4,0x01,0xa0,0x00,  //....%#*....*#%....
0x01,0xc0,0x00,0x34,0x00,  //...*@*......*@*...
0x01,0x80,0x00,0x24,0x00,  //...%#........#%...
0x02,0x80,0x00,0x28,0x00,  //...%%........%%...
0x02,0x80,0x00,0x28,0x00,  //...%%........%%...
0x02,0x40,0x00,0x18,0x00,  //...#%........%#...
0x03,0x40,0x00,0x1c,0x00,  //...@*........*@...
0x03,0x00,0x00,0x0c,0x00,  //..+@*........*@+..
0x07,0x00,0x00,0x0d,0x00,  //..*@..........@*..
0x09,0x00,0x00,0x06,0x00,  //..#%..........%#..
0x1c,0x00,0x00,0x03,0x40,  //.*@+..........+@*.
0x34,0x00,0x00,0x01,0xc0,  //+@%............%@+
0xb5,0x55,0x55,0x55,0xe0,  //#@%************%@#
0xbf,0xfe,0xff,0xff,0xe0,  //#@@@@@@#@@@@@@@@@#
0x00,0x09,0xfe,0x00,0x00,  //......%%@@@%......
0x00,0x06,0x6d,0x00,0x00,  //......*#%#@*......
0x00,0x01,0xa4,0x00,0x00,  //.......*%%*.......


/*  */
0x00,0x08,0x08,0x00,0x00,  //.....+%+..%+.....
0x00,0x1e,0x2d,0x00,0x00,  //.....*@#*#@%.....
0x05,0x2f,0xfe,0x14,0x00,  //..**+%@@@@@#+*%..
0x0b,0xff,0xff,0xfc,0x00,  //..#@@@@@@@@@@@@..
0x07,0xff,0xff,0xf8,0x00,  //..%@@@@@@@@@@@%..
0x0b,0xff,0xff,0xf8,0x00,  //.*%@@@@@@@@@@@%*.
0xbf,0xff,0xff,0xff,0x80,  //#@@@@@@@@@@@@@@@#
0x7f,0xff,0xff,0xff,0x40,  //%@@@@@@@@@@@@@@@%
0x1f,0xff,0xff,0xfe,0x00,  //.%@@@@@@@@@@@@@%.
0x2f,0xff,0xff,0xfe,0x00,  //.#@@@@@@@@@@@@@#+
0xbf,0xff,0xff,0xff,0x80,  //#@@@@@@@@@@@@@@@#
0xaf,0xff,0xff,0xff,0x80,  //%#@@@@@@@@@@@@@@%
0x07,0xff,0xff,0xf4,0x00,  //..*@@@@@@@@@@@%..
0x07,0xff,0xff,0xf8,0x00,  //..%@@@@@@@@@@@#..
0x0b,0xaf,0xff,0xbc,0x00,  //..#@##@@@@@@#@@..
0x00,0x1f,0xbe,0x00,0x00,  //..++.%@@#@@%.++..
0x00,0x1d,0x1d,0x00,0x00,  //.....*@%.%@*.....
0x00,0x04,0x04,0x00,0x00,  //......*...*......


/*  */
0x00,0x00,0x19,0x00,0x00,  //.........%%*........
0x00,0x00,0xab,0x80,0x00,  //........%#%@%.......
0x00,0x00,0xd1,0xc0,0x00,  //.......*@*.*@+......
0x00,0x02,0x80,0xc0,0x00,  //.......##..*@*......
0x00,0x07,0x01,0xd5,0x50,  //......%@*..%@*****+.
0x00,0x1d,0x03,0xff,0xf8,  //.....%@*..+@@@@@@@#+
0x7f,0xf4,0x00,0x00,0x0a,  //%@@@@@*...........##
0xff,0x40,0x00,0x00,0x07,  //@@@@%+............*@
0xff,0x00,0x00,0x00,0x0a,  //@@@@*........+****#%
0xff,0x00,0x00,0x0f,0xf8,  //@@@@*........*@@@@#+
0xff,0x00,0x00,0x0d,0x00,  //@@@@*........*@***..
0xff,0x00,0x00,0x18,0x00,  //@@@@*........%#.....
0xff,0x00,0x00,0x18,0x00,  //@@@@*........%#.....
0xd7,0x00,0x00,0x24,0x00,  //@%*@*.......+#*.....
0xe7,0x40,0x00,0x30,0x00,  //@#%@%*......*@*.....
0x7f,0xfe,0x40,0xa0,0x00,  //%@@@@@@%*+.+%#......
0x00,0x06,0xff,0x80,0x00,  //.....+*#@@@@#*......


/*  */
0x00,0x00,0x64,0x00,0x00,  //........*%%.........
0x00,0x02,0xea,0x00,0x00,  //.......%@%#%........
0x00,0x03,0x47,0x00,0x00,  //......+@*.*@*.......
0x00,0x03,0x02,0x80,0x00,  //......*@*..##.......
0x05,0x57,0x40,0xd0,0x00,  //.+*****@%..*@%......
0x2f,0xff,0xc0,0x74,0x00,  //+#@@@@@@@+..*@%.....
0xa0,0x00,0x00,0x1f,0xfd,  //##...........%@@@@@%
0xd0,0x00,0x00,0x01,0xff,  //@*............+%@@@@
0xa0,0x00,0x00,0x00,0xff,  //%#****+........*@@@@
0x2f,0xf0,0x00,0x00,0xff,  //+#@@@@*........*@@@@
0x00,0x70,0x00,0x00,0xff,  //..***@*........*@@@@
0x00,0x24,0x00,0x00,0xff,  //.....#%........*@@@@
0x00,0x24,0x00,0x00,0xff,  //.....#%........*@@@@
0x00,0x18,0x00,0x00,0xd7,  //.....*#+.......*@*%@
0x00,0x0c,0x00,0x01,0xdb,  //.....*@*......*%@%#@
0x00,0x0a,0x01,0xbf,0xfd,  //......#%+.+*%@@@@@@%
0x00,0x06,0xff,0x90,0x00,  //......*#@@@@#*+.....


/*  */
0x00,0x1f,0x80,0x00,0x00,  //.....%@@%........
0x00,0x74,0xa0,0x00,0x00,  //....*@**#%.......
0x00,0xa0,0x70,0x00,0x00,  //....%%..*@.......
0x00,0xa0,0x70,0x00,0x00,  //....%%..*@.......
0x00,0xa0,0x70,0x00,0x00,  //....%%..*@*......
0x00,0xa0,0x7f,0x90,0x00,  //....%%..*@@@#**..
0x00,0xa0,0x01,0x7e,0x00,  //..**#%..+.**%@@#+
0x2f,0xe0,0x00,0x02,0x80,  //+#@@@%........+##
0xa0,0x60,0x00,0x00,0xc0,  //%#++%%.........*@
0xd0,0x00,0x00,0x00,0xc0,  //@*.............*@
0xa4,0x00,0x00,0x01,0xc0,  //##*............*@
0x2e,0x00,0x00,0x02,0x80,  //+%@#+..........%%
0x02,0x90,0x00,0x03,0x40,  //..*##*.........@*
0x00,0x74,0x00,0x07,0x00,  //....%@*.......*@+
0x00,0x28,0x00,0x0a,0x00,  //.....%#.......%#.
0x00,0x0d,0x55,0x5a,0x00,  //.....*@%******#%.
0x00,0x0f,0xff,0xfe,0x00,  //.....*@@@@@@@@@%.
0x00,0x0f,0xff,0x8a,0x00,  //.....*@@@@@@#.#%.
0x00,0x0f,0xff,0xda,0x00,  //.....*@@@@@@@%#%.
0x00,0x0a,0xaa,0xa8,0x00,  //......%%%%%%%%%+.


/*  */
0x00,0x0b,0xff,0xfd,0x00,  //.....+#@@@@@@@@*.
0x00,0x0f,0xff,0x8a,0x00,  //.....*@@@@@@#*#%.
0x00,0x0f,0xff,0x8a,0x00,  //.....*@@@@@@#*#%.
0x00,0x0f,0xff,0xfe,0x00,  //.....*@@@@@@@@@%.
0x00,0x0d,0x00,0x0a,0x00,  //.....*@*******#%.
0x00,0x28,0x00,0x06,0x00,  //.....##.......%#.
0x00,0xa0,0x00,0x03,0x00,  //...+##+.......*@+
0x07,0x80,0x00,0x02,0x40,  //..*@#+.........#%
0x2d,0x00,0x00,0x01,0x80,  //*#@%...........%#
0xa0,0x00,0x00,0x01,0xc0,  //#%+............*@
0xd0,0x00,0x00,0x00,0xc0,  //@*...*.........*@
0x65,0xa0,0x00,0x01,0xc0,  //%#**#%.........*@
0x2f,0xe0,0x00,0x16,0x40,  //.%@@@%.......**#%
0x00,0xa0,0x06,0xbe,0x00,  //....%%..**%%#@@%.
0x00,0xa0,0x7e,0x80,0x00,  //....%%..*@@%%*...
0x00,0xa0,0x70,0x00,0x00,  //....%%..*@.......
0x00,0xa0,0x70,0x00,0x00,  //....%%..*@.......
0x00,0xa0,0x60,0x00,0x00,  //....%#..%#.......
0x00,0x39,0xd0,0x00,0x00,  //....*@%%@%.......
0x00,0x0a,0x40,0x00,0x00,  //.....*%%*........


/*  */
0x00,0x06,0xa4,0x00,0x00,  //.....+*%%%*+.....
0x00,0xbf,0xff,0x80,0x00,  //...+%@@@@@@@%+...
0x02,0xff,0xff,0xf4,0x00,  //..+#@@@@@@@@@@*..
0x0b,0xfe,0x1f,0xfc,0x00,  //.+#@@@@#+%@@@@@*.
0x2f,0xf8,0x0b,0xfe,0x00,  //.#@@@@#...#@@@@#.
0x7f,0xe0,0x0b,0xff,0x40,  //*@@@@#...+#@@@@@*
0xbf,0x80,0x2f,0xff,0x80,  //%@@@#...+#@@@@@@#
0xbe,0x00,0x55,0x5b,0xc0,  //#@@#....******#@@
0xf8,0x00,0x00,0x0b,0xc0,  //@@#...........%@@
0xf8,0x00,0x00,0x0b,0xc0,  //@@#+..........%@@
0xbe,0x00,0x6a,0xaf,0xc0,  //#@@#+...%%%%%%@@@
0x7f,0x80,0x2f,0xff,0x80,  //%@@@#+...#@@@@@@%
0x3f,0xe0,0x0b,0xff,0x40,  //+@@@@#+...#@@@@@*
0x1f,0xf8,0x0b,0xfe,0x00,  //.%@@@@#+.+#@@@@%.
0x0b,0xfe,0x6f,0xf8,0x00,  //..#@@@@#*#@@@@#+.
0x02,0xff,0xff,0xe0,0x00,  //...%@@@@@@@@@#+..
0x00,0x6f,0xfe,0x40,0x00,  //....*#@@@@@#*....


/*  */
0x00,0x06,0xa4,0x00,0x00,  //.....+*%%%*+.....
0x00,0xbf,0xff,0x80,0x00,  //...+%@@@@@@@%+...
0x02,0xff,0xff,0xf4,0x00,  //..+#@@@@@@@@@@*..
0x0b,0xfe,0x1f,0xfc,0x00,  //.+#@@@@#+%@@@@@*.
0x2f,0xf8,0x07,0xfe,0x00,  //.#@@@@#...%@@@@#.
0x7f,0xfd,0x01,0xff,0x40,  //*@@@@@@*...%@@@@*
0xbf,0xff,0x40,0x7f,0x80,  //%@@@@@@@*...%@@@#
0xbd,0x55,0x40,0x1f,0xc0,  //#@@******....%@@@
0xf8,0x00,0x00,0x0b,0xc0,  //@@%...........#@@
0xf8,0x00,0x00,0x0b,0xc0,  //@@#..........+#@@
0xbe,0xaa,0x40,0x2f,0xc0,  //#@@#%%%%%...+#@@@
0x7f,0xfe,0x00,0xbf,0x80,  //%@@@@@@#...+#@@@%
0x3f,0xf8,0x02,0xff,0x40,  //+@@@@@#...+#@@@@*
0x1f,0xfc,0x0b,0xfe,0x00,  //.%@@@@@+.+#@@@@%.
0x0b,0xfe,0x6f,0xf8,0x00,  //..#@@@@#*#@@@@#+.
0x02,0xff,0xff,0xe0,0x00,  //...%@@@@@@@@@#+..
0x00,0x6f,0xfe,0x40,0x00,  //....*#@@@@@#*....


/*  */
0x00,0x06,0xa4,0x00,0x00,  //.....+*%%%*+.....
0x00,0xbf,0xff,0x80,0x00,  //...+%@@@@@@@%+...
0x02,0xff,0xff,0xf4,0x00,  //..+#@@@@@@@@@@*..
0x0b,0xfe,0x1f,0xfc,0x00,  //.+#@@@@#+%@@@@@*.
0x2f,0xf8,0x07,0xfe,0x00,  //.#@@@@#...%@@@@#.
0x7f,0xe0,0x01,0xff,0x40,  //*@@@@#.....%@@@@*
0xbf,0x80,0x00,0x7f,0x80,  //%@@@#.......%@@@#
0xbe,0x00,0x00,0x1f,0xc0,  //#@@#.........%@@@
0xf8,0x00,0x04,0x0b,0xc0,  //@@#...++..*...#@@
0xf8,0x08,0x0d,0x0b,0xc0,  //@@#+.+#*..@*.+#@@
0xbe,0x6c,0x0f,0x6f,0xc0,  //#@@#*#@*..@@%#@@@
0x7f,0xfc,0x0f,0xff,0x80,  //%@@@@@@*..@@@@@@%
0x3f,0xfc,0x0f,0xff,0x40,  //+@@@@@@*..@@@@@@*
0x1f,0xfc,0x0f,0xfe,0x00,  //.%@@@@@*..@@@@@%.
0x0b,0xfd,0x5f,0xf8,0x00,  //..#@@@@%*%@@@@#+.
0x02,0xff,0xff,0xe0,0x00,  //...%@@@@@@@@@#+..
0x00,0x6f,0xfe,0x40,0x00,  //....*#@@@@@#*....


/*  */
0x00,0x06,0xa4,0x00,0x00,  //.....+*%%%*+.....
0x00,0xbf,0xff,0x80,0x00,  //...+%@@@@@@@%+...
0x02,0xff,0xff,0xf4,0x00,  //..+#@@@@@@@@@@*..
0x0b,0xfd,0x0f,0xfc,0x00,  //.+#@@@@***@@@@@*.
0x2f,0xfc,0x0f,0xfe,0x00,  //.#@@@@@*..@@@@@#.
0x7f,0xfc,0x0f,0xff,0x40,  //*@@@@@@*..@@@@@@*
0xbf,0xfc,0x0f,0xff,0x80,  //%@@@@@@*..@@@@@@#
0xbe,0x2c,0x0e,0x1f,0xc0,  //#@@#*#@*..@#*%@@@
0xf8,0x08,0x08,0x0b,0xc0,  //@@#...#*..#...#@@
0xf8,0x00,0x00,0x0b,0xc0,  //@@#+...+.....+#@@
0xbe,0x00,0x00,0x2f,0xc0,  //#@@#+.......+#@@@
0x7f,0x80,0x00,0xbf,0x80,  //%@@@#+.....+#@@@%
0x3f,0xe0,0x02,0xff,0x40,  //+@@@@#+...+#@@@@*
0x1f,0xf8,0x0b,0xfe,0x00,  //.%@@@@#+.+#@@@@%.
0x0b,0xfe,0x6f,0xf8,0x00,  //..#@@@@#*#@@@@#+.
0x02,0xff,0xff,0xe0,0x00,  //...%@@@@@@@@@#+..
0x00,0x6f,0xfe,0x40,0x00,  //....*#@@@@@#*....


/*  */
0x00,0x06,0xa4,0x00,0x00,  //.....+*%%%*+.....
0x00,0xbf,0xff,0x80,0x00,  //...+%@@@@@@@%+...
0x02,0x95,0x6f,0xf4,0x00,  //..+##%%**%@@@@*..
0x0a,0x00,0xb6,0xfc,0x00,  //.+##....%@%#@@@*.
0x28,0x00,0x60,0x7e,0x00,  //.##.....%#*+*@@#.
0x78,0x00,0x00,0x2f,0x40,  //*@#+.....+..*%@@*
0xbd,0x00,0x00,0xbf,0x80,  //%@@*.......*#@@@#
0xbc,0x00,0x02,0xff,0xc0,  //#@@*......+#@@@@@
0xfe,0x00,0x0b,0xff,0xc0,  //@@@#......%@@@@@@
0xff,0x80,0x5f,0xff,0xc0,  //@@@@%+.*%*@@@@@@@
0xbf,0xe2,0xef,0xff,0xc0,  //#@@@@%.%@#@@@@@@@
0x7f,0xf5,0x3f,0xff,0x80,  //%@@@@@%**@@@@@@@%
0x3f,0xff,0x5a,0xff,0x40,  //+@@@@@@@%%##@@@@*
0x1f,0xff,0xe0,0x2e,0x00,  //.%@@@@@@@#*.+%@%.
0x0b,0xff,0xe0,0x28,0x00,  //..#@@@@@@#+.+##+.
0x02,0xff,0xe1,0xe0,0x00,  //...%@@@@@#*%@#+..
0x00,0x6f,0xfe,0x40,0x00,  //....*#@@@@@#*....


/*  */
0x00,0x00,0x00,0x65,0x00,  //...........*%%%*...
0x00,0x00,0x07,0xfe,0x00,  //..........%@@@@#+..
0x00,0x00,0x1f,0xf4,0x00,  //.........%@@@@*....
0x00,0x00,0x3f,0x80,0x00,  //........+@@@#+.....
0x00,0x00,0x7f,0x80,0x00,  //........*@@@%......
0x00,0x00,0x7f,0x80,0x00,  //........*@@@%....**
0x00,0x00,0x3f,0xd0,0xb4,  //........*@@@@%++%@*
0x00,0x00,0x2f,0xff,0xe0,  //........+#@@@@@@@#.
0x00,0x02,0x8f,0xff,0xd0,  //.......##*@@@@@@@*.
0x00,0x0b,0xd2,0xfe,0x00,  //......#@@%*#@@@#*..
0x00,0x2f,0xf8,0x00,0x00,  //.....#@@@@#++*+....
0x00,0xbf,0xf4,0x00,0x00,  //....#@@@@@%........
0x02,0xff,0xd0,0x00,0x00,  //...#@@@@@%.........
0x0b,0xff,0x40,0x00,0x00,  //..#@@@@@%..........
0x2d,0xbd,0x00,0x00,0x00,  //.#@%#@@%...........
0xb8,0xb4,0x00,0x00,0x00,  //%@#.#@%............
0xbf,0xd0,0x00,0x00,0x00,  //%@@@@%.............
0x2f,0x40,0x00,0x00,0x00,  //.#@@%..............
0x05,0x00,0x00,0x00,0x00,  //..%*...............


/*  */
0xaa,0xaa,0xaa,0xaa,0xaa,  //%%%%%%%%%%%%%%%%%%%%
0xff,0xff,0xff,0xfa,0xab,  //@@@@@@@@@@@@@@#%%%#@
0xff,0xff,0xff,0xf0,0x07,  //@@@@@@@@@@@@@@*...*@
0xff,0xff,0xff,0xfa,0xab,  //@@@@@@@@@@@@@@#%%%#@
0x55,0x55,0x55,0x55,0x55,  //********************
0x00,0x00,0x00,0x00,0x00,  //....................
0xbf,0xff,0xff,0xff,0xfe,  //#@@@@@@@@@@@@@@@@@@#
0xff,0xfd,0x55,0x55,0x5b,  //@@@@@@@%**********%@
0xff,0xfd,0x00,0x00,0x07,  //@@@@@@@***********%@
0xff,0xff,0xff,0xff,0xff,  //@@@@@@@@@@@@@@@@@@@@
0x00,0x00,0x00,0x00,0x00,  //+******************+
0x00,0x00,0x00,0x00,0x00,  //+******************+
0xff,0xff,0xff,0xff,0xff,  //@@@@@@@@@@@@@@@@@@@@
0xff,0xff,0xfd,0x00,0x07,  //@@@@@@@@@@@%******%@
0xff,0xff,0xfe,0x55,0x5b,  //@@@@@@@@@@@%******%@
0xbf,0xff,0xff,0xff,0xfe,  //#@@@@@@@@@@@@@@@@@@#


/*  */
0xbf,0xff,0xff,0xfe,  //#@@@@@@@@@@@@@@%
0x2f,0xff,0xff,0xf8,  //+#@@@@@@@@@@@@#.
0x0b,0xff,0xff,0xe0,  //.+#@@@@@@@@@@#..
0x02,0xff,0xff,0x80,  //..+#@@@@@@@@#...
0x00,0xbf,0xfe,0x00,  //...+#@@@@@@#....
0x00,0x2f,0xf8,0x00,  //....+#@@@@#.....
0x00,0x0f,0xf0,0x00,  //.....*@@@@......
0x00,0x0f,0xf0,0x00,  //.....*@@@@......
0x00,0x0f,0xf0,0x00,  //.....*@@@@......
0x00,0x0f,0xf0,0x00,  //.....*@@@@......
0x00,0x0f,0xf0,0x00,  //.....*@@@@......
0x00,0x0f,0xf0,0x00,  //.....*@@@@......
0x00,0x0b,0xf0,0x00,  //......#@@@......
0x00,0x02,0xf0,0x00,  //.......#@@......
0x00,0x00,0xb0,0x00,  //........#@......


/*  */
0x00,0x0f,0xff,0xf0,0x00,  //.....+@@@@@@@@+.....
0x00,0x0d,0x00,0x70,0x00,  //.....*@******@*.....
0x00,0x1d,0x00,0x74,0x00,  //.*****@******@*****.
0x7f,0xff,0xff,0xff,0xfd,  //%@@@@@@@@@@@@@@@@@@%
0xff,0xff,0xff,0xff,0xff,  //@@@@@@@@@@@@@@@@@@@@
0xff,0xff,0xff,0xff,0xff,  //@@@@@@@@@@@@@@@@@@@@
0xff,0xff,0xff,0xff,0xff,  //@@@@@@@@@@@@@@@@@@@@
0xff,0xff,0xff,0xff,0xff,  //@@@@@@@@@@@@@@@@@@@@
0xaa,0xaa,0xaa,0xaa,0xaa,  //%%%%%%%%%%%%%%%%%%%%
0x00,0x00,0x00,0x00,0x00,  //*******++**++*******
0xff,0xfd,0x7d,0x7f,0xff,  //@@@@@@@**@@**@@@@@@@
0xff,0xfd,0x00,0x7f,0xff,  //@@@@@@@*+**+*@@@@@@@
0xff,0xfe,0xaa,0xbf,0xff,  //@@@@@@@#%%%%#@@@@@@@
0xff,0xff,0xff,0xff,0xff,  //@@@@@@@@@@@@@@@@@@@@
0xff,0xff,0xff,0xff,0xff,  //@@@@@@@@@@@@@@@@@@@@
0xff,0xff,0xff,0xff,0xff,  //@@@@@@@@@@@@@@@@@@@@
0x7f,0xff,0xff,0xff,0xfd,  //*@@@@@@@@@@@@@@@@@@*


/*  */
0xaa,0xa0,0x02,0xaa,0x80,  //%%%%%%+...+%%%%%%
0xff,0xe0,0x02,0xff,0xc0,  //@@@@@#+...+#@@@@@
0xff,0x80,0x00,0xbf,0xc0,  //@@@@#+.....+#@@@@
0xff,0x80,0x00,0xbf,0xc0,  //@@@@#+......#@@@@
0xff,0xe0,0x02,0xff,0xc0,  //@@@@@#+....#@@@@@
0xe1,0xf8,0x0b,0xd2,0xc0,  //@#+%@@#+..#@@%+#@
0x40,0x7e,0x2f,0x40,0x80,  //%+..%@@#*#@@%..+%
0x00,0x1f,0xfd,0x00,0x00,  //.....%@@@@@%.....
0x00,0x07,0xf8,0x00,0x00,  //......%@@@%......
0x00,0x0b,0xf8,0x00,0x00,  //......#@@@#+.....
0x00,0x2f,0xbe,0x00,0x00,  //.....#@@#@@#+....
0x90,0xbd,0x1f,0x81,0x80,  //#%..#@@%.%@@#+.*#
0xf6,0xf4,0x07,0xe7,0xc0,  //@@%#@@%...%@@#*@@
0xff,0xd0,0x01,0xff,0xc0,  //@@@@@%.....%@@@@@
0xff,0x80,0x00,0xbf,0xc0,  //@@@@#.......%@@@@
0xff,0xd0,0x01,0xff,0xc0,  //@@@@@%.....*@@@@@
0xff,0xf4,0x03,0xff,0xc0,  //@@@@@@*...+@@@@@@


/*  */
0x07,0xe0,0x00,0x01,0xf8,0x00,  //..*@@#+........%@@%..
0x0f,0xf8,0x00,0x07,0xfe,0x00,  //.*@@@@#.......*@@@@%.
0x1f,0xfc,0x00,0x0b,0xff,0x00,  //.*@@@@@+.+**..%@@@@@.
0x1f,0xfc,0xbf,0x87,0xfe,0x00,  //.*@@@@@.%@@@#*%@@@@#.
0x0b,0xf6,0xff,0xf2,0xfd,0x00,  //..#@@@*%@@@@@@*#@@@*.
0x11,0x43,0xff,0xf8,0x50,0x00,  //.*.****@@@@@@@%+***+*
0x79,0x57,0xff,0xfc,0x5b,0xc0,  //%@#%***@@@@@@@@+**%@@
0xbf,0xe7,0xff,0xfc,0xff,0xc0,  //#@@@@%*@@@@@@@@*@@@@@
0xff,0xe3,0xff,0xf9,0xff,0xc0,  //@@@@@#*@@@@@@@%%@@@@@
0xff,0xf6,0xff,0xf2,0xff,0xc0,  //@@@@@@*%@@@@@@*#@@@@@
0x7f,0x44,0xbf,0x80,0x2f,0x80,  //%@@@***+%@@@#****#@@#
0x00,0x7e,0x40,0x2f,0x80,0x00,  //.+*+%@@#*+**+%@@#+**.
0x00,0xff,0xff,0xff,0xe0,0x00,  //...*@@@@@@@@@@@@@%...
0x02,0xff,0xff,0xff,0xf0,0x00,  //...%@@@@@@@@@@@@@@+..
0x02,0xff,0xff,0xff,0xf4,0x00,  //...#@@@@@@@@@@@@@@*..
0x03,0xff,0xff,0xff,0xf4,0x00,  //...@@@@@@@@@@@@@@@*..
0x03,0xff,0xff,0xff,0xf4,0x00,  //..+@@@@@@@@@@@@@@@*..
0x03,0xff,0xff,0xff,0xf4,0x00,  //...@@@@@@@@@@@@@@@*..
0x02,0xff,0xff,0xff,0xf0,0x00,  //...%@@@@@@@@@@@@@@*..
0x00,0x6a,0xaa,0xaa,0x80,0x00,  //....%%%%%%%%%%%%%*...


/*  */
0x01,0xa4,0x00,0x00,0x00,  //...%##%...........
0x0b,0xfe,0x00,0x00,0x00,  //..#@@@@#..........
0x2f,0x4b,0x80,0x00,0x00,  //.#@@**#@#.........
0x7d,0x02,0xe0,0x00,0x00,  //*@@*..+#@#........
0xb4,0x00,0xb4,0x00,0x00,  //%@*....+#@*.......
0xb4,0x04,0x74,0x00,0x00,  //%@%...*+%@*.......
0x7d,0x0e,0xb4,0x00,0x00,  //*@@%.*@##@*.......
0x1f,0x4b,0xe0,0x00,0x00,  //.%@@%.#@@#........
0x07,0xeb,0xe6,0xf4,0x00,  //..%@@##@@#*%@@%...
0x01,0xfe,0xbf,0xfe,0x00,  //...%@@@##@@@@@@#..
0x00,0x10,0x3f,0x0b,0x80,  //....+**.*@@@**#@#.
0x00,0x00,0xbf,0x82,0xe0,  //........%@@@%.+#@%
0x00,0x00,0xf2,0x40,0xf0,  //........@@*%*..+@@
0x00,0x00,0xb4,0x00,0xb0,  //........#@*.....%@
0x00,0x00,0x7d,0x01,0xf0,  //........*@@*...*@@
0x00,0x00,0x1f,0x47,0xd0,  //.........%@@*.*@@%
0x00,0x00,0x07,0xff,0x40,  //..........%@@@@@%.
0x00,0x00,0x01,0xfd,0x00,  //...........*@@@%..


/*  */
0x00,0x05,0xa4,0x00,0x00,0x00,  //......*%%%*..........
0x00,0x2f,0xfe,0x00,0x00,0x00,  //....+#@@@@@#+........
0x00,0xbf,0xff,0x80,0x00,0x00,  //....#@@@@@@@#+.......
0x01,0xff,0xff,0xe6,0x80,0x00,  //...%@@@@@@@@@%%%%*...
0x02,0xff,0xff,0xff,0xf0,0x00,  //...#@@@@@@@@@@@@@@+..
0x03,0xff,0xff,0xff,0xf4,0x00,  //..+@@@@@@@@@@@@@@@*..
0x07,0xff,0xff,0xff,0xf4,0x00,  //..*@@@@@@@@@@@@@@@*..
0x1f,0xff,0xff,0xff,0xf4,0x00,  //.%@@@@@@@@@@@@@@@@*..
0x3f,0xff,0xff,0xff,0xfe,0x00,  //*@@@@@@@@@@@@@@@@@@#.
0xbf,0xff,0xff,0xff,0xff,0x80,  //#@@@@@@@@@@@@@@@@@@@#
0xff,0xff,0xff,0xff,0xff,0xc0,  //@@@@@@@@@@@@@@@@@@@@@
0xff,0xff,0xff,0xff,0xff,0xc0,  //@@@@@@@@@@@@@@@@@@@@@
0xbf,0xff,0xff,0xff,0xff,0xc0,  //#@@@@@@@@@@@@@@@@@@@@
0x3f,0xff,0xff,0xff,0xff,0x80,  //*@@@@@@@@@@@@@@@@@@@#
0x1f,0xff,0xff,0xff,0xff,0x40,  //.%@@@@@@@@@@@@@@@@@@*
0x02,0xff,0xff,0xff,0xf8,0x00,  //..*#@@@@@@@@@@@@@@#*.


/*  */
0x00,0x2a,0xa9,0x00,0x00,  //....+%%%%%%*.....
0x00,0x2a,0xb9,0x00,0x00,  //....+%##%@#*.....
0x00,0x09,0x34,0x00,0x00,  //......%*.@*......
0x00,0x09,0x34,0x00,0x00,  //......%*.@*......
0x00,0x09,0x34,0x00,0x00,  //......%*.@*......
0x00,0x09,0x34,0x00,0x00,  //......%*.@*......
0x00,0x09,0x24,0x00,0x00,  //.....+#*.#%......
0x00,0x28,0x1c,0x00,0x00,  //.....%#..*@*.....
0x00,0x30,0x0a,0x00,0x00,  //....*@*...%#.....
0x00,0xa0,0x03,0x40,0x00,  //....#%....+@*....
0x01,0x80,0x01,0xc0,0x00,  //...%#+.....*@+...
0x03,0x40,0x00,0xa0,0x00,  //..*@%*******##...
0x0b,0xff,0xff,0xf4,0x00,  //..#@@@@@@@@@@@*..
0x1f,0xff,0xff,0xf8,0x00,  //.*@@@@@@@@@@@@#+.
0x3f,0xff,0xff,0xfe,0x00,  //+@@@@@@@@@@@@@@%.
0xbf,0xff,0xff,0xff,0x00,  //%@@@@@@@@@@@@@@@*
0xbf,0xff,0xff,0xff,0x40,  //%@@@@@@@@@@@@@@@*


/*  */
0x2f,0xe0,0x00,0x00,0x00,  //+#@@@#*.............
0xb9,0xbd,0x00,0x00,0x14,  //%@%*%@@*........*%%+
0xe0,0x0b,0x00,0x01,0x42,  //@#...+#@*.....+%%++#
0xb0,0x03,0x40,0x18,0x08,  //#@+...*@*....*%+.+%*
0x39,0x07,0x41,0x80,0x20,  //*@#*..*@%..*#*..*%+.
0x1f,0xfe,0x59,0x01,0x40,  //.*@@@@@#%%#*...*%...
0x01,0xa6,0x50,0x09,0x00,  //..+%%%%#%%+...%*....
0x00,0x00,0x89,0x24,0x00,  //........#*#*+#*.....
0x01,0xa6,0x45,0x88,0x00,  //...*%%*%*+**%+%*....
0x1b,0xfe,0x6a,0x01,0x40,  //.*#@@@@#%%#%...%*...
0x39,0x07,0x41,0x80,0x60,  //*@#*+.%@%..*%+..*%..
0xb0,0x03,0x40,0x14,0x08,  //#@+...*@*...+%%..+%+
0xe0,0x0b,0x00,0x02,0x42,  //@%....#@*.....*%*.+#
0xb4,0x6d,0x00,0x00,0x68,  //#@%*%#@%........*%%*
0x2f,0xe4,0x00,0x00,0x00,  //+#@@@#*.............


/*  */
0x00,0x1f,0xff,0x80,0x00,  //.....%@@@@@@%.......
0x00,0x7d,0x01,0x80,0x00,  //....%@@****%%.......
0x01,0xdc,0x01,0x80,0x00,  //...%@%@*...*%.......
0x07,0x4c,0x01,0x80,0x00,  //..%@**@*...*%.......
0x1d,0x0c,0x01,0xaa,0xa9,  //.%@*.*@*...*#%%%%%%%
0x79,0x5c,0x01,0xf5,0x5b,  //*@#**%@*...*@@%***%@
0xbf,0xf8,0x02,0xb0,0x07,  //#@@@@@#...+##@*...*@
0xd0,0x00,0x0a,0x30,0x07,  //@*.......+##*@*...*@
0xd0,0x00,0x28,0x30,0x07,  //@*......+##.*@*...*@
0xd0,0x00,0xa0,0x70,0x07,  //@*.....+##***@*...*@
0xd0,0x02,0xff,0xf0,0x07,  //@*.....%@@@@@@+...*@
0xd0,0x02,0x40,0x00,0x07,  //@*.....%%****+....*@
0xd0,0x02,0x40,0x00,0x07,  //@*.....%*.........*@
0xd0,0x02,0x40,0x00,0x07,  //@*.....%*.........*@
0xea,0xaa,0x40,0x00,0x07,  //@#%%%%%#*.........*@
0x15,0x56,0x40,0x00,0x07,  //*******#*.........*@
0x00,0x02,0x40,0x00,0x07,  //.......%*.........*@
0x00,0x02,0x40,0x00,0x07,  //.......%*.........*@
0x00,0x02,0x95,0x55,0x5b,  //.......%%*********%@
0x00,0x01,0xaa,0xaa,0xa9,  //.......*%%%%%%%%%%%%


/*  */
0x01,0x90,0x00,0x00,  //..*%%*+.........
0x1e,0xa8,0x00,0x00,  //.%@#%##+........
0x74,0x0a,0x00,0x00,  //*@*...##+.......
0x90,0x02,0x80,0x00,  //#%.....##+......
0xd0,0x04,0xa0,0x00,  //@*...***##+.....
0x90,0x7f,0x68,0x00,  //#%..*@@@*##+....
0x70,0xa1,0xda,0x00,  //*@+.%#.%@*##+...
0x28,0x60,0x76,0x80,  //.##+%#+.%@*##+..
0x0a,0x28,0x1d,0xa0,  //..##*##+.%@*##..
0x02,0x8a,0x07,0x40,  //...##*##+.%@**..
0x00,0xa2,0x81,0xd0,  //....##*##+.%@*..
0x00,0x28,0xa0,0x74,  //.....##*##+.%@*.
0x00,0x0a,0x20,0x1c,  //......##*#*..%@+
0x00,0x02,0x80,0x09,  //.......##+....#%
0x00,0x00,0xa0,0x0a,  //........##+...%%
0x00,0x00,0x29,0x0d,  //.........##*.*@*
0x00,0x00,0x0b,0xf8,  //..........%@@@%.


/*  */
0x6a,0xaa,0xaa,0x40,0x00,  //%%%%%%%%%%%%*....
0xeb,0xfe,0xae,0xd0,0x00,  //@##@@@@#%%@#@%...
0xd3,0xfc,0x0d,0x74,0x00,  //@**@@@@*..@**@%..
0xd3,0xfc,0x0d,0x1d,0x00,  //@**@@@@*..@*.*@%.
0xd3,0xfc,0x0d,0x07,0x40,  //@**@@@@*..@*..*@%
0xd3,0xfc,0x0d,0x01,0xc0,  //@**@@@@*..@*...*@
0xd3,0xff,0xfd,0x00,0xc0,  //@*+@@@@@@@@*...*@
0xd0,0x55,0x54,0x00,0xc0,  //@*.********....*@
0xd0,0x00,0x00,0x00,0xc0,  //@*.............*@
0xd0,0x00,0x00,0x00,0xc0,  //@*.............*@
0xd1,0xaa,0xaa,0xa0,0xc0,  //@*.%%%%%%%%%%%.*@
0xd3,0xaa,0xaa,0xb0,0xc0,  //@*+@#%%%%%%%#@**@
0xd3,0x00,0x00,0x30,0xc0,  //@**@*.......*@**@
0xd3,0x00,0x00,0x30,0xc0,  //@**@*.......*@**@
0xd3,0x00,0x00,0x30,0xc0,  //@**@*.......*@**@
0xd3,0x00,0x00,0x30,0xc0,  //@**@*.......*@**@
0xbf,0xff,0xff,0xff,0xc0,  //#@@@@@@@@@@@@@@@@


/*  */
0x06,0xaa,0xaa,0xa8,0x00,  //.*%%%%%%%%%%%%%*.
0x3f,0xff,0xff,0xff,0x40,  //*@@@@@@@@@@@@@@@*
0xbf,0xff,0xff,0xff,0x80,  //#@@@@@@@@@@@@@@@#
0xff,0xff,0xff,0xff,0xc0,  //@@@@@@@@@@@@@@@@@
0xff,0xff,0xff,0xff,0xc0,  //@@@@@@@@@@@@@@@@@
0xff,0xff,0xff,0xff,0xc0,  //@@@@@@@@@@@@@@@@@
0xff,0xff,0xff,0xff,0xc0,  //@@@@@@@@@@@@@@@@@
0xff,0xff,0xff,0xff,0xc0,  //@@@@@@@@@@@@@@@@@
0xff,0xff,0xff,0xff,0xc0,  //@@@@@@@@@@@@@@@@@
0xff,0xff,0xff,0xff,0xc0,  //@@@@@@@@@@@@@@@@@
0xff,0xff,0xff,0xff,0xc0,  //@@@@@@@@@@@@@@@@@
0xff,0xff,0xff,0xff,0xc0,  //@@@@@@@@@@@@@@@@@
0xff,0xff,0xff,0xff,0xc0,  //@@@@@@@@@@@@@@@@@
0xff,0xff,0xff,0xff,0xc0,  //@@@@@@@@@@@@@@@@@
0xff,0xff,0xff,0xff,0xc0,  //@@@@@@@@@@@@@@@@@
0xbf,0xff,0xff,0xff,0x80,  //%@@@@@@@@@@@@@@@#
0x2f,0xff,0xff,0xfe,0x00,  //+#@@@@@@@@@@@@@#+


/*  */
0xff,0xff,0xff,0xff,0xc0,  //@@@@@@@@@@@@@@@@@
0xff,0xff,0xff,0xff,0xc0,  //@@@@@@@@@@@@@@@@@
0x55,0x55,0x55,0x55,0x40,  //*****************
0x00,0x00,0x00,0x00,0x00,  //.................
0x00,0x00,0x00,0x00,0x00,  //.................
0x55,0x55,0x55,0x55,0x40,  //*****************
0xff,0xff,0xff,0xff,0xc0,  //@@@@@@@@@@@@@@@@@
0xff,0xff,0xff,0xff,0xc0,  //@@@@@@@@@@@@@@@@@
0x00,0x00,0x00,0x00,0x00,  //+***************+
0x00,0x00,0x00,0x00,0x00,  //.................
0x00,0x00,0x00,0x00,0x00,  //.................
0xaa,0xaa,0xaa,0xaa,0x80,  //%%%%%%%%%%%%%%%%%
0xff,0xff,0xff,0xff,0xc0,  //@@@@@@@@@@@@@@@@@
0xbf,0xff,0xff,0xff,0x80,  //#@@@@@@@@@@@@@@@#


/*  */
0x2d,0x00,0x00,0x00,0x00,  //*#@*..**************
0xbf,0x0f,0xff,0xff,0xff,  //#@@@+*@@@@@@@@@@@@@@
0xff,0x0f,0xff,0xff,0xff,  //@@@@**@@@@@@@@@@@@@@
0x7e,0x05,0x55,0x55,0x55,  //*@@#.+**************
0x00,0x00,0x00,0x00,0x00,  //.+*.................
0x00,0x00,0x00,0x00,0x00,  //.+*.................
0x7e,0x05,0x55,0x55,0x55,  //*@@#.+**************
0xff,0x0f,0xff,0xff,0xff,  //@@@@**@@@@@@@@@@@@@@
0xbf,0x0f,0xff,0xff,0xff,  //#@@@+*@@@@@@@@@@@@@@
0x2d,0x00,0x00,0x00,0x00,  //*#@*..**************
0x00,0x00,0x00,0x00,0x00,  //....................
0x14,0x00,0x00,0x00,0x00,  //.**+................
0xbe,0x0a,0xaa,0xaa,0xaa,  //%@@#.+%%%%%%%%%%%%%%
0xff,0x0f,0xff,0xff,0xff,  //@@@@**@@@@@@@@@@@@@@
0xbe,0x0f,0xff,0xff,0xff,  //%@@#+*@@@@@@@@@@@@@@
0x18,0x00,0x00,0x00,0x00,  //.%%+................


/*  */
0x1c,0x00,0x00,0x00,0x00,  //.%@.................
0x6c,0x00,0x00,0x00,0x00,  //*#@.................
0x0c,0x00,0x00,0x00,0x00,  //.*@...**************
0x0c,0x0f,0xff,0xff,0xff,  //.*@..*@@@@@@@@@@@@@@
0x1d,0x0f,0xff,0xff,0xff,  //*%@*+*@@@@@@@@@@@@@@
0x15,0x05,0x55,0x55,0x55,  //****++**************
0x00,0x00,0x00,0x00,0x00,  //....................
0x2d,0x00,0x00,0x00,0x00,  //+#@%................
0x57,0x05,0x55,0x55,0x55,  //***@++**************
0x0a,0x0f,0xff,0xff,0xff,  //..##.*@@@@@@@@@@@@@@
0x28,0x0f,0xff,0xff,0xff,  //+#%+.*@@@@@@@@@@@@@@
0xa7,0x00,0x00,0x00,0x00,  //%#*@*.**************
0x6a,0x00,0x00,0x00,0x00,  //%%%%+...............
0x00,0x00,0x00,0x00,0x00,  //....................
0x6a,0x0a,0xaa,0xaa,0xaa,  //%%%%.+%%%%%%%%%%%%%%
0x5a,0x0f,0xff,0xff,0xff,  //%*#%.*@@@@@@@@@@@@@@
0x1d,0x0f,0xff,0xff,0xff,  //.*@*.*@@@@@@@@@@@@@@
0x07,0x00,0x00,0x00,0x00,  //.+%@+...............
0x17,0x00,0x00,0x00,0x00,  //**%@+...............
0x29,0x00,0x00,0x00,0x00,  //*%%*................


/*  */
0x00,0x00,0x69,0x40,0x00,  //.......*%%%%*+......
0x00,0x0b,0x97,0xf0,0x00,  //.....+#@%*%@@@+.....
0x00,0x2d,0x00,0xb0,0x00,  //.....#@*...+#@*.....
0x00,0x78,0x00,0x70,0x00,  //....*@#.....*@*.....
0x00,0xb8,0x00,0x24,0x00,  //....%@#......#*.....
0x00,0xbd,0x00,0x00,0x00,  //....%@@%............
0x00,0x7f,0x90,0x00,0x00,  //....*@@@#%+.........
0x00,0x2f,0xfe,0x40,0x00,  //.....#@@@@@#*.......
0x00,0x15,0x55,0x50,0x00,  //+******************+
0xff,0xff,0xff,0xff,0xff,  //@@@@@@@@@@@@@@@@@@@@
0x00,0x00,0x00,0x00,0x00,  //********************
0x00,0x00,0x00,0xbe,0x00,  //...........*%@@%....
0x00,0x10,0x00,0x2e,0x00,  //....+*.......#@%....
0x00,0x70,0x00,0x1d,0x00,  //....*@+......*@*....
0x00,0x38,0x00,0x2c,0x00,  //....*@%......%@+....
0x00,0x3d,0x00,0x74,0x00,  //....*@@%....%@*.....
0x00,0x2f,0xeb,0x80,0x00,  //....+%@@@%%@#*......


/*  */
0xa5,0x5a,0x01,0xa5,0x80,  //%%****%%...*%%%%%
0x1b,0xe4,0x00,0x1d,0x00,  //**#@@#**...+*%@%*
0x0b,0xd0,0x00,0x0c,0x00,  //..%@@%.......*@+.
0x0b,0xd0,0x00,0x0c,0x00,  //..%@@%........@*.
0x0b,0xe0,0x00,0x0c,0x00,  //..%@@%........@*.
0x0b,0xe0,0x00,0x0c,0x00,  //..%@@%........@*.
0x0b,0xe0,0x00,0x08,0x00,  //..%@@%........%*.
0x0b,0xe0,0x00,0x09,0x00,  //..%@@%........%*.
0x0b,0xe0,0x00,0x09,0x00,  //..%@@%........%*.
0x07,0xe0,0x00,0x08,0x00,  //..*@@%........#*.
0x07,0xe0,0x00,0x0c,0x00,  //..*@@#........@*.
0x03,0xf0,0x00,0x18,0x00,  //..+@@@*......*#..
0x02,0xf8,0x00,0x70,0x00,  //...%@@#*....*@*..
0x00,0x7f,0xab,0x80,0x00,  //....%@@@#%%@%+...
0x00,0x05,0x54,0x00,0x00,  //......*****+.....
0x00,0x00,0x00,0x00,0x00,  //.................
0xff,0xff,0xff,0xff,0xc0,  //@@@@@@@@@@@@@@@@@


/*  */
0x2a,0xaa,0xaa,0xaa,0x90,  //+%%%%%%%%%%%%%%%%*.
0xbf,0xff,0xff,0xff,0xf4,  //#@@@@@@@@@@@@@@@@@*
0xff,0xff,0xff,0xff,0xf4,  //@@@@@@@@@@@@@@@@@@*
0xd0,0x1d,0x01,0x80,0x24,  //@%****@****%#****#*
0xd0,0x0c,0x01,0x80,0x24,  //@*...*@*...*%....%*
0xd0,0x0c,0x01,0x80,0x24,  //@*...*@*...%#....#*
0xff,0xff,0xff,0xff,0xf4,  //@@@@@@@@@@@@@@@@@@*
0xe5,0x5d,0x56,0x95,0x64,  //@%***%@%***%#****#*
0xd0,0x0c,0x01,0x80,0x24,  //@*...*@*...*%....%*
0xd0,0x0c,0x01,0x80,0x24,  //@*...*@*...*%....%*
0xea,0xae,0xaa,0xea,0xb4,  //@#%%%#@#%%%#@%%%%@*
0xea,0xae,0xaa,0xea,0xb4,  //@#%%%#@#%%%#@%%%%@*
0xd0,0x0c,0x01,0x80,0x24,  //@*...*@*...*%....%*
0xd0,0x0c,0x01,0x80,0x24,  //@*...*@*...*%....%*
0xe5,0x5d,0x56,0x95,0x64,  //@%***%@%***%#****#*
0x7f,0xff,0xff,0xff,0xe0,  //*@@@@@@@@@@@@@@@@#+


/*  */
0x04,0x00,0x00,0x06,0x00,  //..*...+..*+...*%+..
0x09,0x04,0x14,0x1f,0x80,  //.+%*..%.+%%+.*@@#+.
0x00,0x0c,0x00,0x74,0xa0,  //..+..+@+.+..*@%+##.
0x00,0x7e,0x41,0xd0,0xa0,  //...+%@@#*..*@%..##+
0x00,0x08,0x07,0x42,0x80,  //.....+#...*@%..##+.
0x00,0x04,0x1f,0x4a,0x00,  //......*..*@@*.##+..
0x00,0x00,0x7f,0xe8,0x00,  //........*@@@@##+...
0x00,0x01,0xff,0xe0,0x00,  //.......*@@@@@#+..*.
0x00,0x07,0xff,0x80,0x60,  //......*@@@@@#+..%%+
0x00,0x1f,0xfe,0x00,0x00,  //.....*@@@@@#+....+.
0x00,0x7f,0xf8,0x00,0x00,  //....*@@@@@#+.......
0x01,0xff,0xe0,0x00,0x00,  //...*@@@@@#+........
0x07,0xff,0x80,0x00,0x00,  //..*@@@@@#+.........
0x1f,0xfe,0x00,0x00,0x00,  //.*@@@@@#+..........
0x3f,0xf8,0x00,0x00,0x00,  //*@@@@@#+...........
0x7f,0xe0,0x00,0x00,0x00,  //%@@@@#+............
0x1f,0x80,0x00,0x00,0x00,  //.%@@#+.............
0x06,0x00,0x00,0x00,0x00,  //..%#+..............


/*  */
0x00,0x0b,0xff,0xff,0xfc,  //......%@@@@@@@@@@@@
0x00,0x0b,0xff,0xff,0xfc,  //......%@@@@@@@@@@@@
0x00,0x5b,0xff,0xff,0xfc,  //...+**#@@@@@@@@@@@@
0x07,0xff,0xff,0xff,0xfc,  //..*@@@@@@@@@@@@@@@@
0x1d,0x0b,0xff,0xff,0xfc,  //.*@%..%@@@@@@@@@@@@
0x34,0x0b,0xff,0xff,0xfc,  //*@%...%@@@@@@@@@@@@
0x60,0x0b,0xff,0xff,0xfc,  //*#****#@@@@@@@@@@@@
0x7f,0xff,0xff,0xff,0xfc,  //*@@@@@@@@@@@@@@@@@@
0x7f,0xff,0xff,0xff,0xfc,  //*@@@@@@@@@@@@@@@@@@
0x7f,0xff,0xff,0xff,0xfc,  //*@@@@@@@@@@@@@@@@@@
0x7f,0xff,0xff,0xff,0xfc,  //*@@@@@@@@@@@@@@@@@@
0xbe,0x1f,0xff,0xe1,0xfc,  //#@@#**@@@@@@@#**@@@
0x5c,0x0a,0x55,0xc0,0xa4,  //*%@*..#%***%@*..#%*
0x0a,0x0d,0x00,0xa0,0xd0,  //..#%.*@*....#%.*@*.
0x07,0xf8,0x00,0x7f,0x80,  //..*@@@#.....*@@@#..


/*  */
0x00,0x06,0xa4,0x00,0x00,  //.....+*%%%*+.....
0x00,0xbf,0xff,0x80,0x00,  //...+%@@@@@@@%+...
0x02,0xff,0xff,0xf4,0x00,  //..+#@@@@@@@@@@*..
0x0b,0xe4,0x06,0xfc,0x00,  //.+#@@#%****%@@@*.
0x2f,0x80,0x00,0x7e,0x00,  //.#@@#..***..*@@#.
0x7e,0x0b,0xf8,0x1f,0x40,  //*@@#.+#@@@#+.*@@*
0xbc,0x29,0xbe,0x0b,0x80,  //%@@*.##%%@@#..#@#
0xb8,0x74,0x3f,0x0b,0xc0,  //#@#.*@*.+@@@*.%@@
0xf8,0x70,0x3f,0x0b,0xc0,  //@@%.*@+.+@@@*.%@@
0xf8,0x70,0x7f,0x0b,0xc0,  //@@#.*@*.*@@@..%@@
0xbc,0x20,0xbe,0x0f,0xc0,  //#@@*.#*.%@@%..@@@
0x7e,0x30,0xbc,0x1f,0x80,  //%@@#*@..#@@*.*@@%
0x3f,0xe0,0x10,0x2f,0x40,  //+@@@@#..+*+.+#@@*
0x1f,0xd1,0x41,0xbe,0x00,  //.%@@@%.**.+*#@@%.
0x0b,0xc2,0xff,0xf8,0x00,  //..#@@*.#@@@@@@#+.
0x02,0xc3,0xff,0xe0,0x00,  //...%@*.@@@@@@#+..
0x00,0x47,0xfe,0x40,0x00,  //....*+*@@@@#*....


/*  */
0x06,0xaa,0xaa,0xa8,0x00,  //.*%%%%%%%%%%%%%*.
0x3f,0xff,0xff,0xff,0x40,  //*@@@@@@@@@@@@@@@*
0xbf,0xff,0xff,0xff,0x80,  //#@@@@@@@@@@@@@@@#
0xff,0xe4,0x06,0xff,0xc0,  //@@@@@#%****%@@@@@
0xff,0x80,0x40,0x7f,0xc0,  //@@@@#..***..*@@@@
0xfe,0x0b,0xf8,0x1f,0xc0,  //@@@#.+#@@@#*.*@@@
0xfc,0x29,0xbe,0x0b,0xc0,  //@@@*.##*%@@#..#@@
0xfc,0x34,0x3f,0x0b,0xc0,  //@@@.*@*..@@@*.%@@
0xf8,0x70,0x3f,0x0b,0xc0,  //@@#.*@*.+@@@*.%@@
0xfc,0x70,0x7f,0x0b,0xc0,  //@@@.*@*.*@@@..#@@
0xfd,0x20,0xbe,0x0f,0xc0,  //@@@*.#*.%@@%.+@@@
0xfe,0x70,0xb8,0x1f,0xc0,  //@@@#*@..%@#+.*@@@
0xff,0xe0,0x00,0x7f,0xc0,  //@@@@@#...*+.*@@@@
0xff,0xd1,0x41,0xff,0xc0,  //@@@@@%.%***%@@@@@
0xff,0xd2,0xff,0xff,0xc0,  //@@@@@*.#@@@@@@@@@
0xbf,0xc3,0xff,0xff,0x80,  //%@@@@*+@@@@@@@@@#
0x2f,0xc7,0xff,0xfe,0x00,  //+#@@@*%@@@@@@@@#+


/*  */
0x06,0xaa,0xaa,0xa8,0x00,  //.*%%%%%%%%%%%%%*.
0x3f,0xff,0xff,0xff,0x40,  //*@@@@@@@@@@@@@@@*
0xbf,0xff,0xff,0xff,0x80,  //#@@@@@@@@@@@@@@@#
0xff,0xff,0xff,0xff,0xc0,  //@@@@@@@@@@@@@@@@@
0xff,0x96,0xff,0xff,0xc0,  //@@@@#%%#@@@@@@@@@
0xfd,0x00,0x7f,0xff,0xc0,  //@@@*....*@@@@@@@@
0xf4,0x29,0xbf,0xff,0xc0,  //@@*.*%%*#@@@@@@@@
0xf0,0xff,0xff,0x8f,0xc0,  //@@.+@@@@@@@@%.@@@
0xe1,0xf4,0x0a,0x02,0xc0,  //@#.*@@****##+.*#@
0xe1,0xf4,0x0a,0x46,0xc0,  //@#.*@@**+.%#*.*#@
0xf0,0xbf,0x0f,0x8f,0xc0,  //@@+.#@@@*.@@#*@@@
0xf8,0x14,0x1f,0xff,0xc0,  //@@%..***.*@@@@@@@
0xfe,0x00,0x7f,0xff,0xc0,  //@@@%+...*@@@@@@@@
0xff,0xeb,0xff,0xff,0xc0,  //@@@@@##@@@@@@@@@@
0xff,0xff,0xff,0xff,0xc0,  //@@@@@@@@@@@@@@@@@
0xbf,0xff,0xff,0xff,0x80,  //%@@@@@@@@@@@@@@@#
0x2f,0xff,0xff,0xfe,0x00,  //+#@@@@@@@@@@@@@#+


/*  */
0x00,0x6f,0xfd,0x00,0x00,0x00,0x00,  //....*#@@@@@%+.............
0x02,0xff,0xff,0x90,0x00,0x00,0x00,  //..+#@@@@@@@@#*............
0x0b,0xfa,0xaf,0x80,0x00,0x00,0x00,  //..#@@@#%%#@@#.............
0x2f,0xd0,0x02,0x00,0x00,0x00,0x00,  //.%@@@*....*%..............
0x3f,0x40,0x00,0x00,0x00,0x29,0x00,  //*@@@*................%%*..
0x7d,0x00,0x00,0x00,0x00,0x3d,0x00,  //%@@%.................@@*..
0xbc,0x00,0x00,0x00,0x00,0x3d,0x00,  //#@@*....+*******...**@@%*+
0xfc,0x00,0xbf,0xff,0x03,0xff,0xe0,  //@@@+....%@@@@@@@..*@@@@@@%
0xfc,0x00,0xbf,0xff,0x03,0xff,0xe0,  //@@@+....%@@@@@@@..*@@@@@@%
0xbd,0x00,0x55,0x7e,0x00,0x3d,0x00,  //#@@*....****%@@#.....@@*..
0x7e,0x00,0x00,0x7e,0x00,0x3d,0x00,  //%@@#........*@@%.....@@*..
0x3f,0x40,0x00,0xbd,0x00,0x00,0x00,  //+@@@%......+#@@*.....**+..
0x1f,0xe0,0x06,0xf8,0x00,0x00,0x00,  //.%@@@%*..+*#@@#...........
0x0b,0xff,0xff,0xe0,0x00,0x00,0x00,  //..#@@@@@@@@@@#+...........
0x01,0xff,0xff,0x80,0x00,0x00,0x00,  //...%@@@@@@@@#+............
0x00,0x1b,0xf9,0x00,0x00,0x00,0x00,  //....+%#@@@%*..............


/*  */
0xff,0xff,0xff,0xff,0xff,0xc0,  //@@@@@@@@@@@@@@@@@@@@@
0xff,0x40,0x00,0x00,0x2f,0xc0,  //@@@@*************#@@@
0xfe,0x00,0x1a,0x00,0x1f,0xc0,  //@@@#.....*%%+....*@@@
0xf8,0x00,0xba,0x80,0x06,0xc0,  //@@%+....%@%##+....%#@
0xd0,0x01,0x81,0xe0,0x00,0xc0,  //@*.....*#*.*@%......@
0xd0,0x02,0x81,0xf0,0x00,0xc0,  //@*.....%#*.*@@+.....@
0xd0,0x02,0xf1,0xf0,0x00,0xc0,  //@*.....%@@.*@@*.....@
0xd0,0x02,0xf1,0xf0,0x00,0xc0,  //@*.....%@@.*@@*.....@
0xd0,0x01,0xa1,0xb0,0x00,0xc0,  //@*.....%#%.*#@......@
0xd0,0x00,0x40,0x50,0x00,0xc0,  //@%+....*%****%.....*@
0xfd,0x00,0x7f,0x80,0x0b,0xc0,  //@@@*....*@@@#.....#@@
0xff,0x00,0x05,0x00,0x1f,0xc0,  //@@@@+....***.....%@@@
0xff,0x55,0x55,0x55,0x6f,0xc0,  //@@@@%************#@@@
0xbf,0xff,0xff,0xff,0xff,0xc0,  //#@@@@@@@@@@@@@@@@@@@@


/*  */
0xbf,0xff,0xfc,  //#@@@@@@@@@@
0x7f,0xff,0xf8,  //%@@@@@@@@@#
0x1f,0xff,0xe0,  //.%@@@@@@@#.
0x07,0xff,0x80,  //..%@@@@@#..
0x01,0xfe,0x00,  //...%@@@#...
0x00,0x78,0x00,  //....%@#....


/*  */
0x00,0x78,0x00,  //....*@#....
0x01,0xfe,0x00,  //...*@@@#...
0x07,0xff,0x80,  //..*@@@@@#..
0x1f,0xff,0xe0,  //.*@@@@@@@#.
0x7f,0xff,0xf8,  //*@@@@@@@@@#
0xbf,0xff,0xfc,  //#@@@@@@@@@@


/*  */
0x00,0x20,  //....+%
0x00,0xb0,  //...+#@
0x02,0xf0,  //..+#@@
0x0b,0xf0,  //.+#@@@
0x2f,0xf0,  //+#@@@@
0xbf,0xf0,  //#@@@@@
0xbf,0xf0,  //#@@@@@
0x2f,0xf0,  //.#@@@@
0x0b,0xf0,  //..#@@@
0x02,0xf0,  //...#@@
0x00,0xb0,  //....#@
0x00,0x10,  //.....*


/*  */
0x90,0x00,  //%*....
0xf4,0x00,  //@@*...
0xfd,0x00,  //@@@*..
0xff,0x40,  //@@@@*.
0xff,0xd0,  //@@@@@*
0xff,0xf0,  //@@@@@@
0xff,0xe0,  //@@@@@#
0xff,0x80,  //@@@@#+
0xfe,0x00,  //@@@#+.
0xf8,0x00,  //@@#+..
0xe0,0x00,  //@#+...
0x40,0x00,  //*+....


/*  */
0x2a,0xaa,0xaa,0xaa,0x90,  //+%%%%%%%%%%%%%%%%*.
0xbf,0xff,0xff,0xff,0xf4,  //#@@@@@@@@@@@@@@@@@*
0xff,0xff,0xff,0xff,0xf4,  //@@@@@@@@@@@@@@@@@@*
0xd0,0x00,0x70,0x00,0x24,  //@%******%@*******#*
0xd0,0x00,0x70,0x00,0x24,  //@*......*@.......%*
0xd0,0x00,0x70,0x00,0x24,  //@*......*@.......%*
0xd0,0x00,0x70,0x00,0x24,  //@*......*@.......%*
0xd0,0x00,0x70,0x00,0x24,  //@*......*@.......%*
0xd0,0x00,0x70,0x00,0x24,  //@*......*@.......%*
0xd0,0x00,0x70,0x00,0x24,  //@*......*@.......%*
0xd0,0x00,0x70,0x00,0x24,  //@*......*@.......%*
0xd0,0x00,0x70,0x00,0x24,  //@*......*@.......%*
0xd0,0x00,0x70,0x00,0x24,  //@*......*@.......%*
0xd0,0x00,0x70,0x00,0x24,  //@*......*@.......%*
0xd0,0x00,0x70,0x00,0x24,  //@*......*@.......%*
0xd0,0x00,0x70,0x00,0x24,  //@*......*@.......#*
0xbf,0xff,0xff,0xff,0xf0,  //%@@@@@@@@@@@@@@@@@*


/*  */
0x00,0x24,0x00,  //....+#%....
0x00,0xbd,0x00,  //...+#@@%...
0x02,0xff,0x40,  //..+#@@@@%..
0x0b,0xff,0xd0,  //.+#@@@@@@%.
0x2f,0xff,0xf4,  //+#@@@@@@@@%
0xbf,0xff,0xfc,  //#@@@@@@@@@@
0x15,0x55,0x54,  //***********
0x00,0x00,0x00,  //...........
0x00,0x00,0x00,  //...........
0xaa,0xaa,0xa8,  //%%%%%%%%%%%
0xbf,0xff,0xf8,  //#@@@@@@@@@#
0x2f,0xff,0xe0,  //.#@@@@@@@#+
0x0b,0xff,0x80,  //..#@@@@@#+.
0x02,0xfe,0x00,  //...#@@@#+..
0x00,0xb8,0x00,  //....#@#+...
0x00,0x20,0x00,  //.....%+....


/*  */
0xaa,0xaa,0xa8,  //%%%%%%%%%%%
0xbf,0xff,0xf8,  //#@@@@@@@@@#
0x2f,0xff,0xe0,  //.#@@@@@@@#+
0x0b,0xff,0x80,  //..#@@@@@#+.
0x02,0xfe,0x00,  //...#@@@#+..
0x00,0xb8,0x00,  //....#@#+...
0x00,0x20,0x00,  //.....%+....


/*  */
0x00,0x24,0x00,  //....+#%....
0x00,0xbd,0x00,  //...+#@@%...
0x02,0xff,0x40,  //..+#@@@@%..
0x0b,0xff,0xd0,  //.+#@@@@@@%.
0x2f,0xff,0xf4,  //+#@@@@@@@@%
0xbf,0xff,0xfc,  //#@@@@@@@@@@


/*  */
0x7f,0xff,0xff,0xff,0xfd,  //%@@@@@@@@@@@@@@@@@@%
0xff,0xff,0xff,0xff,0xff,  //@@@@@@@@@@@@@@@@@@@@
0xbf,0xff,0xff,0xff,0xfe,  //#@@@@@@@@@@@@@@@@@@#
0x3f,0xff,0xff,0xff,0xfc,  //+@@@@@@@@@@@@@@@@@@+
0x0b,0xff,0xff,0xff,0xe0,  //.+#@@@@@@@@@@@@@@#*.
0x82,0xff,0xff,0xff,0x82,  //%..%@@@@@@@@@@@@%..%
0xe0,0x2f,0xff,0xf8,0x0b,  //@#*.*#@@@@@@@@#*.*#@
0xfd,0x0b,0xff,0xe0,0x7f,  //@@@%.+%@@@@@@%+.%@@@
0xff,0x81,0xff,0x42,0xff,  //@@@@#*.*@@@@*.*#@@@@
0xff,0xf4,0x14,0x1f,0xff,  //@@@@@@*.+%%+.*@@@@@@
0xff,0xfe,0x00,0xbf,0xff,  //@@@@@@@#*..*#@@@@@@@
0xff,0xff,0xeb,0xff,0xff,  //@@@@@@@@@##@@@@@@@@@
0xff,0xff,0xff,0xff,0xff,  //@@@@@@@@@@@@@@@@@@@@
0xff,0xff,0xff,0xff,0xff,  //@@@@@@@@@@@@@@@@@@@@
0xbf,0xff,0xff,0xff,0xfe,  //%@@@@@@@@@@@@@@@@@@%


/*  */
0xbe,0x00,0x00,0x00,0x00,  //%@@#.............
0xff,0x00,0x00,0x00,0x00,  //@@@@.............
0x7e,0x00,0x00,0x00,0x00,  //%@@#.............
0x00,0x00,0x00,0x00,0x00,  //.**..............
0x00,0x00,0x00,0x50,0x00,  //+***..***+.+**+..
0xbf,0x0f,0xd7,0xfd,0x00,  //%@@@..@@@*%@@@@%.
0xbf,0x0f,0xef,0xff,0x40,  //%@@@..@@@#@@@@@@*
0xbf,0x0f,0xf9,0xbf,0x80,  //%@@@..@@@@#*%@@@#
0xbf,0x0f,0xe0,0x2f,0xc0,  //%@@@..@@@#...#@@@
0xbf,0x0f,0xd0,0x1f,0xc0,  //%@@@..@@@%...*@@@
0xbf,0x0f,0xd0,0x1f,0xc0,  //%@@@..@@@*...*@@@
0xbf,0x0f,0xd0,0x1f,0xc0,  //%@@@..@@@*...*@@@
0xbf,0x0f,0xd0,0x1f,0xc0,  //%@@@..@@@*...*@@@
0xbf,0x0f,0xd0,0x1f,0xc0,  //%@@@..@@@*...*@@@
0xbf,0x0f,0xd0,0x1f,0xc0,  //%@@@..@@@*...*@@@
0xbf,0x0f,0xd0,0x1f,0xc0,  //%@@@..@@@*...*@@@


/*  */
0x00,0x06,0xa4,0x00,0x00,  //.....+*%%%*+.....
0x90,0x7f,0xff,0x80,0x00,  //#%.+%@@@@@@@%+...
0xfa,0xff,0xff,0xf4,0x00,  //@@%#@@@@@@@@@@*..
0xff,0xe4,0x06,0xfc,0x00,  //@@@@@#%****#@@@*.
0xff,0x80,0x00,0xbe,0x00,  //@@@@#.......%@@#.
0xff,0xd0,0x00,0x2f,0x40,  //@@@@@%.......#@@*
0xff,0xf4,0x00,0x0f,0x80,  //@@@@@@*......*@@#
0x15,0x50,0x00,0x0b,0xc0,  //******........#@@
0x00,0x00,0x00,0x0b,0xc0,  //..............%@@
0x00,0x00,0x00,0x0b,0xc0,  //..............%@@
0x00,0x00,0x00,0x0b,0xc0,  //..............#@@
0x00,0x00,0x00,0x1f,0x80,  //.............*@@%
0x01,0x00,0x00,0x2f,0x00,  //...%+.......+#@@*
0x07,0x80,0x00,0xbe,0x00,  //..%@#*.....*#@@%.
0x0b,0xf9,0x5b,0xf8,0x00,  //..#@@@#***#@@@#+.
0x02,0xff,0xff,0xe0,0x00,  //...%@@@@@@@@@#+..
0x00,0x6f,0xfe,0x40,0x00,  //....*#@@@@@#*....


/*  */
0x00,0x00,0x50,0x00,0x00,  //........%*..........
0x00,0x01,0xf4,0x00,0x00,  //.......%@@%.........
0x00,0x01,0xfd,0x00,0x00,  //.......%@@@%........
0x00,0x07,0xff,0x40,0x00,  //......*@@@@@%.......
0x00,0x1f,0xff,0xd0,0x00,  //.....*@@@@@@@%......
0x00,0x7f,0xff,0xf4,0x00,  //....*@@@@@@@@@*.....
0x01,0xff,0xff,0xf0,0x00,  //...*@@@@@@@@@@*.....
0x1a,0xff,0xfe,0x40,0x00,  //.%##@@@@@@@#**......
0x7f,0xff,0xf8,0x00,0x00,  //*@@@@@@@@@#+........
0x3f,0xff,0xf8,0x00,0x00,  //*@@@@@@@@@%.........
0x1f,0xff,0x9d,0x00,0x00,  //.*@@@@@@#*@%........
0x07,0xfe,0x07,0x44,0x00,  //..*@@@@#+.*@%**.....
0x01,0xfe,0x01,0xfe,0x00,  //...*@@@%...*@@@#....
0x00,0x7d,0x00,0xff,0x80,  //....*@@*...+@@@@#...
0x00,0x00,0x00,0xff,0xe0,  //.....**....*@@@@@#..
0x00,0x00,0x00,0x7f,0xf8,  //............%@@@@@#.
0x00,0x00,0x00,0x1f,0xfe,  //.............%@@@@@%
0x00,0x00,0x00,0x07,0xfe,  //..............%@@@@%
0x00,0x00,0x00,0x01,0xf8,  //...............%@@#.
0x00,0x00,0x00,0x00,0x50,  //................*%..


/*  */
0x00,0x06,0xff,0x90,0x00,  //.....*%#@@@@#%*.....
0x00,0x7f,0x82,0xfd,0x00,  //....%@@@#**#@@@%....
0x02,0xff,0x41,0xff,0x80,  //...#@@@@%..%@@@@#...
0x0a,0x5b,0x82,0xe5,0xa0,  //..##**#@#++#@#**##..
0x1d,0x07,0xff,0xd0,0x74,  //.*@%..%@@@@@@%..%@*.
0x3e,0x0b,0xf8,0xa0,0xbc,  //.@@#..#@@@#.##..#@@.
0x7f,0xaf,0xf8,0xba,0xfd,  //*@@@##@@@@%.#@##@@@*
0xbf,0xff,0xf4,0xff,0xfe,  //%@@@@@@@@@*+@@@@@@@%
0xa1,0xff,0xf1,0xff,0x4a,  //##**@@@@@@+*@@@@**##
0xd0,0xbf,0xe1,0xfe,0x07,  //@*..%@@@@%.%@@@%..*@
0xe0,0xbf,0x41,0xfe,0x0b,  //@%..#@@@*..*@@@#..%@
0xbb,0xfe,0x00,0xbf,0xee,  //#@#@@@@#....#@@@@#@#
0x7f,0xfe,0x00,0xbf,0xfd,  //%@@@@@@#....#@@@@@@%
0x3f,0xff,0x41,0xff,0xfc,  //*@@@@@@@%..%@@@@@@@*
0x2f,0xff,0xff,0xff,0xf8,  //.%@@@@@@@@@@@@@@@@%.


/*  */
0x00,0x1b,0xff,0xe4,0x00,  //....+%#@@@@@@#%+....
0x01,0xe5,0x00,0x5b,0x40,  //...%@#%******%#@%...
0x0b,0x40,0x00,0x01,0xe0,  //..#@*..........*@#..
0x28,0x00,0x00,0x00,0x28,  //.##+............+##.
0x70,0x00,0x00,0x00,0x0d,  //*@+..............+@*
0x90,0x00,0x00,0x00,0x06,  //#%................%#
0xd0,0x00,0x00,0x00,0x07,  //@*................*@
0xd0,0x00,0x00,0x00,0x07,  //@*................*@
0xa0,0x00,0x00,0x00,0x0a,  //%#................#%
0x34,0x00,0x00,0x00,0x1c,  //*@*..............*@*
0x1d,0x00,0x00,0x00,0x74,  //.%@*............*@%.
0x07,0x80,0x00,0x02,0xd0,  //..%@%+........*%@%..
0x01,0xc0,0x55,0xae,0x00,  //...*@*.+****%#@#*...
0x01,0x87,0xff,0x90,0x00,  //...%#.*@@@@@%%*.....
0x03,0xad,0x00,0x00,0x00,  //..+@%%@%............
0x0b,0xe0,0x00,0x00,0x00,  //.+#@@%*.............
0x19,0x00,0x00,0x00,0x00,  //.*%%+...............


/*  */
0x01,0xbf,0xf9,0x00,0x00,  //...*%@@@@@#%+.......
0x0b,0x90,0x06,0xd0,0x00,  //..%@#*****%#@%......
0x28,0x00,0x00,0x74,0x00,  //.##*........*@%.....
0x60,0x00,0x00,0x1c,0x00,  //*#+..........*@*....
0x90,0x00,0x00,0x09,0x20,  //#%............#%.#+.
0xd0,0x00,0x00,0x0a,0x28,  //@*............%%.##.
0x90,0x00,0x00,0x09,0x3d,  //#%............#%.@@%
0x70,0x00,0x00,0x1c,0x3e,  //*@*..........%@**@@#
0x2d,0x00,0x00,0xb4,0xbf,  //.%@*........%@*.%@@@
0x07,0x54,0x1b,0x91,0xfe,  //..%@%*****%@#*.*@@@#
0x07,0xff,0xf9,0x07,0xfd,  //..*@@@@@@@#*..%@@@@*
0x0b,0x80,0x00,0x6f,0xf4,  //.+#@%*.++...*#@@@@%.
0x04,0x01,0x5b,0xff,0xd0,  //.**+...***%@@@@@@*..
0x00,0x00,0x6b,0xeb,0xd0,  //........*%#@@##@@*..
0x00,0x00,0x00,0x01,0xf0,  //..............+%@@+.


/*  */
0x06,0xa8,0x00,  //..*%%%%...
0x0b,0xf4,0x00,  //..#@@@%...
0x0f,0xf0,0x00,  //.+@@@@*...
0x1f,0xe0,0x00,  //.*@@@#....
0x2f,0xd0,0x00,  //.%@@@%....
0x2f,0xc1,0xa0,  //.#@@@+**%#
0x3f,0xff,0xd0,  //+@@@@@@@@%
0x7f,0xff,0xc0,  //*@@@@@@@@+
0xbf,0xff,0x40,  //%@@@@@@@%.
0xba,0x6f,0x00,  //#@#%*#@@+.
0x40,0x3e,0x00,  //*+..+@@%..
0x00,0x7c,0x00,  //....*@@*..
0x00,0x78,0x00,  //....%@%...
0x00,0xb0,0x00,  //....#@*...
0x00,0xe0,0x00,  //...+@#....
0x01,0xd0,0x00,  //...*@*....
0x01,0x80,0x00,  //...%#.....
0x02,0x40,0x00,  //...#*.....
0x02,0x00,0x00,  //...%......


/*  */
0x00,0x01,0xaa,0x40,0x00,  //.......*%%%%*.......
0x00,0x02,0xff,0x80,0x00,  //.......%@@@@%.......
0x00,0x02,0xff,0x80,0x00,  //.......%@@@@%.......
0x00,0x02,0xff,0x80,0x00,  //.......%@@@@%.......
0x00,0x02,0xff,0x80,0x00,  //.......%@@@@%.......
0x00,0x01,0xff,0x40,0x00,  //.......%@@@@%.......
0x00,0x00,0x28,0x00,0x00,  //.........%%.........
0x00,0x00,0x28,0x00,0x00,  //.........%%.........
0x06,0xaa,0xaa,0xaa,0x90,  //..*%%%%%%##%%%%%%*..
0x0a,0x55,0x69,0x55,0xa0,  //..%%*****##*****%%..
0x09,0x00,0x28,0x00,0x60,  //..%*.....%%.....*%..
0x09,0x00,0x28,0x00,0x60,  //+*#%*...*##*...*%#*+
0xbf,0xe2,0xff,0x8b,0xfe,  //#@@@@%.%@@@@%.%@@@@#
0xff,0xe2,0xff,0x8b,0xff,  //@@@@@%.%@@@@%.%@@@@@
0xff,0xe2,0xff,0x8b,0xff,  //@@@@@%.%@@@@%.%@@@@@
0xff,0xe2,0xff,0x8b,0xff,  //@@@@@%.%@@@@%.%@@@@@
0xbf,0xe2,0xff,0x8b,0xfe,  //#@@@@%.%@@@@%.%@@@@#


/*  */
0x00,0x00,0x70,0x00,0x00,  //........*@.........
0x00,0x00,0x50,0x00,0x00,  //.......+*%*........
0x00,0x1b,0xff,0x90,0x00,  //....+%#@@@@@#*.....
0x01,0xff,0xff,0xf8,0x00,  //...%@@@@@@@@@@#*...
0x0b,0xff,0xff,0xff,0x40,  //..#@@@@@@@@@@@@@*..
0x2f,0xff,0xff,0xff,0xc0,  //.%@@@@@@@@@@@@@@@*.
0x3f,0xff,0xff,0xff,0xe0,  //*@@@@@@@@@@@@@@@@#.
0xaa,0xff,0xab,0xfa,0xb0,  //%#%%@@@@#%#@@@#%%@*
0x80,0x2c,0x71,0xe0,0x04,  //%...*#@**@.%@%...**
0x00,0x04,0x70,0x80,0x00,  //.....**.*@..%......
0x00,0x00,0x70,0x00,0x00,  //........*@.........
0x00,0x00,0x70,0x00,0x00,  //........*@.........
0x00,0x00,0x70,0x00,0x00,  //........*@.........
0x00,0x00,0x70,0x00,0x00,  //........*@.........
0x00,0xa0,0x70,0x00,0x00,  //....%%..*@.........
0x00,0x60,0xa0,0x00,0x00,  //....%#+.##.........
0x00,0x2f,0x80,0x00,0x00,  //.....#@@#+.........


/*  */
0xbf,0xff,0xff,0xf0,0x00,  //#@@@@@@@@@@@@@+.....
0xf8,0x00,0x02,0xf0,0x00,  //@@#********%@@*.....
0xf8,0x00,0x02,0xf0,0x00,  //@@#********%@@*.....
0xff,0xff,0xff,0xf0,0x00,  //@@@@@@@@@@@@@@*.....
0xff,0xff,0xff,0xf4,0x00,  //@@@@@@@@@@@@@@*.....
0xff,0xff,0x95,0x7d,0x00,  //@@@@@@@@%***%@@*....
0xff,0xff,0x40,0x3b,0x40,  //@@@@@@@@*...*@#@*...
0xff,0xff,0x40,0x31,0xd0,  //@@@@@@@@*...*@*%@*..
0xff,0xff,0x40,0x30,0x74,  //@@@@@@@@*...*@*.%@*.
0xff,0xff,0x40,0x34,0x2c,  //@@@@@@@@*...*@***#@*
0xff,0xff,0x40,0x3f,0xfe,  //@@@@@@@@*...+@@@@@@#
0xff,0xff,0x40,0x00,0x07,  //@@@@@@@@*....+****%@
0xff,0xff,0x40,0x00,0x07,  //@@@@@@@@*.........*@
0xff,0xff,0x40,0x00,0x07,  //@@@@@@@@*.........*@
0xff,0xff,0x40,0x00,0x07,  //@@@@@@@@*.........*@
0xff,0xff,0x40,0x00,0x07,  //@@@@@@@@*.........*@
0xbf,0xff,0x40,0x00,0x07,  //#@@@@@@@*.........*@
0x00,0x02,0x40,0x00,0x07,  //.......%*.........*@
0x00,0x02,0x95,0x55,0x5b,  //.......%%*********%@
0x00,0x01,0xaa,0xaa,0xa9,  //.......*%%%%%%%%%%%%


/*  */
0x00,0x69,0x00,  //...*%%%*...
0x0b,0xab,0x90,  //.+#@#%%@#*.
0x28,0x00,0x74,  //+##*....%@*
0x60,0x04,0x1c,  //%#...**..%@
0x90,0x06,0x0c,  //#%...+*%.+@
0xd0,0x00,0x0c,  //@*.....*+.@
0xa0,0x00,0x0c,  //#%.......*@
0x74,0x00,0x28,  //*@*......##
0x1c,0x00,0xa0,  //.%@*....##+
0x0a,0x01,0xc0,  //..##...*@*.
0x03,0x02,0x80,  //..*@*..#%..
0x03,0xab,0x40,  //..+@#%%@%..
0x07,0xff,0x80,  //..*@@@@@#..
0x07,0xff,0x80,  //..*@@@@@#..
0x03,0xff,0x80,  //..*@@@@@%..
0x03,0xff,0x40,  //..+@@@@@*..
0x00,0xbd,0x00,  //...+#@@*...


/*  */
0x00,0x00,0x00,0x00,0x40,  //...............+%...
0x00,0x00,0x00,0x00,0xd0,  //...............*@%..
0x55,0x55,0x55,0x55,0xf4,  //***************%@@%.
0xff,0xff,0xff,0xff,0xfd,  //@@@@@@@@@@@@@@@@@@@%
0xff,0xff,0xff,0xff,0xfd,  //@@@@@@@@@@@@@@@@@@@%
0x55,0x55,0x55,0x55,0xf4,  //***************%@@%.
0x00,0x00,0x00,0x00,0xd0,  //...............*@%..
0x01,0x00,0x00,0x00,0x40,  //...%+..........+%...
0x07,0x00,0x00,0x00,0x00,  //..%@*...............
0x1f,0x40,0x00,0x00,0x00,  //.%@@****************
0x7f,0xff,0xff,0xff,0xff,  //%@@@@@@@@@@@@@@@@@@@
0xbf,0xff,0xff,0xff,0xff,  //#@@@@@@@@@@@@@@@@@@@
0x2f,0x55,0x55,0x55,0x55,  //.#@@%***************
0x0b,0x00,0x00,0x00,0x00,  //..#@*...............
0x02,0x00,0x00,0x00,0x00,  //...#*...............


/*  */
0x00,0x05,0xa4,0x00,0x00,0x00,  //......*%%%*..........
0x00,0x2f,0xfe,0x00,0x00,0x00,  //....+#@@@@@#+........
0x00,0xbf,0xff,0x80,0x00,0x00,  //....#@@@@@@@#+.......
0x01,0xff,0xff,0xe6,0x80,0x00,  //...%@@@@@@@@@%%%%*...
0x02,0xff,0x96,0xff,0xf0,0x00,  //...#@@@@#**#@@@@@@+..
0x03,0xff,0x41,0xff,0xf4,0x00,  //..+@@@@@*..*@@@@@@*..
0x07,0xff,0x41,0xff,0xf4,0x00,  //..*@@@@@*..*@@@@@@*..
0x1f,0xff,0x41,0xff,0xf4,0x00,  //.%@@@@@@*..*@@@@@@*..
0x3f,0xfa,0x41,0xaf,0xfe,0x00,  //*@@@@@%%*..*%%@@@@@#.
0xbf,0xe0,0x00,0x0b,0xff,0x80,  //#@@@@#........#@@@@@#
0xff,0xf8,0x00,0x2f,0xff,0xc0,  //@@@@@@#......#@@@@@@@
0xff,0xfe,0x00,0xbf,0xff,0xc0,  //@@@@@@@#....#@@@@@@@@
0xbf,0xff,0x82,0xff,0xff,0xc0,  //#@@@@@@@#..#@@@@@@@@@
0x3f,0xff,0xeb,0xff,0xff,0x80,  //*@@@@@@@@##@@@@@@@@@#
0x1f,0xff,0xff,0xff,0xff,0x40,  //.%@@@@@@@@@@@@@@@@@@*
0x02,0xff,0xff,0xff,0xf8,0x00,  //..*#@@@@@@@@@@@@@@#*.


/*  */
0x00,0x05,0xa4,0x00,0x00,0x00,  //......*%%%*..........
0x00,0x2f,0xfe,0x00,0x00,0x00,  //....+#@@@@@#+........
0x00,0xbf,0xff,0x80,0x00,0x00,  //....#@@@@@@@#+.......
0x01,0xff,0xff,0xe6,0x80,0x00,  //...%@@@@@@@@@%%%%*...
0x02,0xff,0xd7,0xff,0xf0,0x00,  //...#@@@@@%%@@@@@@@+..
0x03,0xff,0x41,0xff,0xf4,0x00,  //..+@@@@@%..%@@@@@@*..
0x07,0xfd,0x00,0x7f,0xf4,0x00,  //..*@@@@%....%@@@@@*..
0x1f,0xf4,0x00,0x1f,0xf4,0x00,  //.%@@@@%......%@@@@*..
0x3f,0xe0,0x00,0x0b,0xfe,0x00,  //*@@@@#**+..+**#@@@@#.
0xbf,0xff,0x41,0xff,0xff,0x80,  //#@@@@@@@*..*@@@@@@@@#
0xff,0xff,0x41,0xff,0xff,0xc0,  //@@@@@@@@*..*@@@@@@@@@
0xff,0xff,0x41,0xff,0xff,0xc0,  //@@@@@@@@*..*@@@@@@@@@
0xbf,0xff,0x41,0xff,0xff,0xc0,  //#@@@@@@@*..*@@@@@@@@@
0x3f,0xff,0xaa,0xff,0xff,0x80,  //*@@@@@@@#%%#@@@@@@@@#
0x1f,0xff,0xff,0xff,0xff,0x40,  //.%@@@@@@@@@@@@@@@@@@*
0x02,0xff,0xff,0xff,0xf8,0x00,  //..*#@@@@@@@@@@@@@@#*.


/*  */
0x00,0x06,0x90,0x00,  //......*%%*......
0x00,0x2f,0xf8,0x00,  //....+#@@@@#.....
0x00,0xbf,0xfd,0x00,  //....#@@@@@@%....
0x00,0xff,0xff,0x00,  //...*@@@@@@@@....
0x01,0xff,0xff,0x00,  //...*@@@@@@@@+...
0x00,0xff,0xff,0x00,  //...*@@@@@@@@....
0x00,0xbf,0xfe,0x00,  //....#@@@@@@%....
0x00,0x3f,0xf8,0x00,  //....*@@@@@#.....
0x04,0x06,0x90,0x10,  //..*.++%%%*++**..
0x28,0xa4,0x19,0x34,  //.##.%#***%#**@*.
0x78,0xbf,0xe4,0x2c,  //*@%.%@@@@#*++#@.
0xb8,0xbf,0x80,0x0d,  //%@%.%@@@#+.*.*@*
0xa0,0x2f,0x4b,0x89,  //##...#@@%.#@%.#%
0xd2,0x0f,0x4f,0x8a,  //@*.%+*@@*.@@%.%%
0xd1,0x1f,0x0b,0x46,  //@%.*.*@@*.#@%.*%
0xa0,0x2f,0x4b,0x85,  //##*.*#@@*.#@%.%%
0x3f,0xff,0xff,0xf8,  //*@@@@@@@@@@@@@#+


/*  */
0x18,0x02,0x40,0x00,  //.*%....%*.......
0xbd,0x07,0xe0,0x00,  //#@@*..*@@#......
0xfc,0x03,0xf0,0x00,  //@@@*..*@@@......
0xd0,0x00,0x70,0x00,  //@*......*@......
0xd0,0x00,0x70,0x10,  //@*......*@..+*+.
0xd0,0x00,0x70,0xbc,  //@*......*@.+#@@*
0xd0,0x00,0x71,0x8a,  //@*......*@.*#.#%
0xd0,0x00,0x71,0xd9,  //@*......*@.*@%#*
0xa0,0x00,0xa0,0x78,  //#%......%#..%@%.
0x34,0x01,0xc0,0x30,  //*@%....%@*..*@*.
0x1e,0xab,0x40,0x30,  //.*@#%%#@*...*@*.
0x01,0xa4,0x00,0x30,  //..+*##*+....*@*.
0x00,0xa0,0x00,0x30,  //....%%......*@*.
0x00,0xa0,0x00,0x30,  //....%%......*@*.
0x00,0x70,0x00,0x60,  //....*@+.....%#..
0x00,0x29,0x02,0xd0,  //.....##*..+%@*..
0x00,0x0b,0xfe,0x40,  //......%@@@@#*...


/*  */
0x00,0x0a,0xaa,0xa0,0x00,  //......%%%%%%%%......
0x00,0x0e,0xaa,0xb0,0x00,  //.....*@#%%%%#@*.....
0x00,0x0c,0x00,0x30,0x00,  //.....*@*....*@*.....
0x18,0x6e,0xaa,0xb9,0x24,  //.%%+%#@#%%%%#@#%+%%.
0xbc,0xbf,0xff,0xfe,0x3e,  //%@@*%@@@@@@@@@@%*@@%
0xfc,0xbf,0xff,0xfe,0x3f,  //@@@*%@@@@@@@@@@%*@@@
0xfc,0xbf,0xff,0xfe,0x3f,  //@@@*%@@@@@@@@@@%*@@@
0xfc,0xbf,0xff,0xfe,0x3f,  //@@@*%@@@@@@@@@@%*@@@
0xfc,0xbf,0xff,0xfe,0x3f,  //@@@*%@@@@@@@@@@%*@@@
0xfc,0xbf,0xff,0xfe,0x3f,  //@@@*%@@@@@@@@@@%*@@@
0xfc,0xbf,0xff,0xfe,0x3f,  //@@@*%@@@@@@@@@@%*@@@
0xfc,0xbf,0xff,0xfe,0x3f,  //@@@*%@@@@@@@@@@%*@@@
0xfc,0xbf,0xff,0xfe,0x3f,  //@@@*%@@@@@@@@@@%*@@@
0xfc,0xbf,0xff,0xfe,0x3f,  //@@@*%@@@@@@@@@@%*@@@
0xfc,0xbf,0xff,0xfe,0x3f,  //@@@*%@@@@@@@@@@%*@@@
0xbc,0xbf,0xff,0xfe,0x3e,  //#@@*%@@@@@@@@@@%*@@#
0x7c,0xbf,0xff,0xfe,0x3d,  //*@@*%@@@@@@@@@@%*@@*


/*  */
0x00,0x00,0xa0,0x00,0x00,  //........##........
0x00,0x01,0xf4,0x00,0x00,  //......+*@@*+......
0x00,0x2f,0xff,0x80,0x00,  //.....%@@@@@@%.....
0x00,0xbf,0xff,0xe0,0x00,  //....%@@@@@@@@%....
0x01,0xff,0xff,0xf4,0x00,  //...*@@@@@@@@@@*...
0x01,0xff,0xff,0xf4,0x00,  //...%@@@@@@@@@@%...
0x02,0xff,0xff,0xf8,0x00,  //...%@@@@@@@@@@%...
0x02,0xff,0xff,0xf8,0x00,  //...%@@@@@@@@@@%...
0x02,0xff,0xff,0xf8,0x00,  //...#@@@@@@@@@@#...
0x03,0xff,0xff,0xfc,0x00,  //...@@@@@@@@@@@@...
0x03,0xff,0xff,0xfc,0x00,  //..+@@@@@@@@@@@@+..
0x07,0xff,0xff,0xfd,0x00,  //..*@@@@@@@@@@@@*..
0x0b,0xff,0xff,0xfe,0x00,  //..#@@@@@@@@@@@@#..
0x1f,0xff,0xff,0xff,0x40,  //.*@@@@@@@@@@@@@@*.
0x3f,0xff,0xff,0xff,0xc0,  //+@@@@@@@@@@@@@@@@+
0xbf,0xff,0xff,0xff,0xe0,  //#@@@@@@@@@@@@@@@@#
0xbf,0xfe,0xff,0xff,0xe0,  //#@@@@@@#@@@@@@@@@#
0x00,0x09,0xfe,0x00,0x00,  //......%%@@@%......
0x00,0x06,0x6d,0x00,0x00,  //......*#%#@*......
0x00,0x01,0xa4,0x00,0x00,  //.......*%%*.......


/*  */
0x03,0xff,0xff,0xff,0xf8,0x00,  //..+@@@@@@@@@@@@@@@%..
0x03,0xff,0xff,0xfe,0xbe,0x00,  //..*@@@@@@@@@@@@##@@#.
0x03,0xff,0xff,0xfe,0x0b,0x40,  //..*@@@@@@@@@@@@%.+#@*
0x03,0xff,0xff,0xfe,0x07,0x80,  //..*@@@@@@@@@@@@%..*@%
0x03,0xff,0xff,0xfe,0x07,0x80,  //..*@@@@@@@@@@@@%..*@%
0x03,0xff,0xff,0xfe,0x0b,0x40,  //..*@@@@@@@@@@@@%.+#@*
0x03,0xff,0xff,0xfe,0xbe,0x00,  //..*@@@@@@@@@@@@##@@#.
0x03,0xff,0xff,0xff,0xf8,0x00,  //..*@@@@@@@@@@@@@@@%..
0x03,0xff,0xff,0xfe,0x00,0x00,  //..*@@@@@@@@@@@@#*+...
0x02,0xff,0xff,0xfd,0x00,0x00,  //...#@@@@@@@@@@@%.....
0x01,0xbf,0xff,0xf8,0x00,0x00,  //...*#@@@@@@@@@%......
0x00,0x00,0x00,0x00,0x00,0x00,  //.....********+.......
0x55,0x55,0x55,0x55,0x55,0x00,  //********************.
0xbf,0xff,0xff,0xff,0xfe,0x00,  //#@@@@@@@@@@@@@@@@@@#.
0x2f,0xff,0xff,0xff,0xf8,0x00,  //+#@@@@@@@@@@@@@@@@#+.


/*  */
0x93,0x0c,0x0b,0xfe,  //#*+@++@+..%@@@@%
0xd3,0x0c,0x2f,0xfe,  //@**@**@*.#@@@@@%
0xd3,0x0c,0x3f,0xfe,  //@**@**@**@@@@@@%
0xd3,0x0c,0x7f,0xfe,  //@**@**@**@@@@@@%
0xd3,0x0c,0x7f,0xfe,  //@**@**@**@@@@@@%
0xd3,0x5c,0x7f,0xfe,  //@%*@**@**@@@@@@%
0xff,0xfc,0x7f,0xfe,  //@@@@@@@**@@@@@@%
0xff,0xfc,0x7f,0xfe,  //@@@@@@@**@@@@@@%
0xbf,0xf8,0x7f,0xfe,  //#@@@@@#.*@@@@@@%
0x2f,0xe0,0x7f,0xfe,  //+#@@@#+.*@@@@@@%
0x1f,0xe0,0x7f,0xfe,  //.*@@@%..*@@@@@@%
0x1f,0xe0,0x7f,0xfe,  //.*@@@%..*@@@@@@%
0x1f,0xe0,0x2a,0xfe,  //.*@@@%..*%%#@@@%
0x1f,0xe0,0x01,0xfe,  //.*@@@%.....*@@@%
0x1f,0xe0,0x01,0xfe,  //.*@@@%.....*@@@%
0x1f,0xe0,0x01,0xfe,  //.*@@@%.....*@@@%
0x1f,0xe0,0x01,0xfe,  //.*@@@%.....*@@@%
0x1f,0xe0,0x01,0xfe,  //.*@@@%.....*@@@%
0x1f,0xe0,0x01,0xfe,  //.*@@@%.....*@@@%
0x0a,0x80,0x00,0xa8,  //.+%%%+.....+%%%+


/*  */
0xbf,0xff,0xff,0x80,0x00,  //#@@@@@@@@@@@%....
0xd0,0x00,0x0e,0xa0,0x00,  //@%********@%##...
0xd0,0x00,0x0d,0x28,0x00,  //@*........@*+##..
0xd0,0x00,0x0d,0x0a,0x00,  //@*........@*.+##.
0xd0,0x00,0x0d,0x02,0x80,  //@*........@*..+#%
0xd0,0x00,0x0e,0x56,0xc0,  //@*........@%***%@
0xd0,0x00,0x0b,0xff,0xc0,  //@*........#@@@@@@
0xd0,0x00,0x00,0x00,0xc0,  //@*.............*@
0xd0,0x55,0x55,0x40,0xc0,  //@*..*********..*@
0xd0,0x6a,0xaa,0x40,0xc0,  //@*..%%%%%%%%%..*@
0xd0,0x00,0x00,0x00,0xc0,  //@*.............*@
0xd0,0x6a,0xaa,0x40,0xc0,  //@*..*%%%%%%%%..*@
0xd0,0x6a,0xaa,0x40,0xc0,  //@*..*%%%%%%%%..*@
0xd0,0x00,0x00,0x00,0xc0,  //@*.............*@
0xd0,0x6a,0xaa,0x40,0xc0,  //@*..%%%%%%%%%..*@
0xd0,0x55,0x55,0x40,0xc0,  //@*..*********..*@
0xd0,0x00,0x00,0x00,0xc0,  //@*.............*@
0xd0,0x00,0x00,0x00,0xc0,  //@*.............*@
0xe5,0x55,0x55,0x55,0xc0,  //@%*************%@
0x6a,0xaa,0xaa,0xaa,0x80,  //%%%%%%%%%%%%%%%%%


/*  */
0xbf,0xff,0xff,0xfe,  //#@@@@@@@@@@@@@@%
0xd0,0x00,0x00,0x0a,  //@%************#%
0xd0,0x00,0x00,0x0a,  //@*.*..*..*.++.%%
0xd3,0x0c,0x71,0x8a,  //@**@**@**@.*%.%%
0xd0,0x00,0x00,0x0a,  //@*.*..*..+..+.%%
0xd1,0x04,0x10,0x4a,  //@*.*..*.+*.**.%%
0xd3,0x0c,0x71,0x8a,  //@*+@**@+*@.*%.%%
0xd0,0x00,0x00,0x0a,  //@*............%%
0xd1,0x04,0x10,0x4a,  //@*.*++*.**.**.%%
0xd2,0x08,0x61,0x4a,  //@*+%++%+*%.*%.%%
0xd0,0x00,0x00,0x0a,  //@*............%%
0xd2,0x08,0x21,0x4a,  //@*+%++%+*%.*%.%%
0xd2,0x08,0x21,0x4a,  //@*+%++%+*%.*%.%%
0xd0,0x00,0x00,0x0a,  //@*............%%
0xd2,0x00,0x01,0x4a,  //@*+%+......*%.%%
0xd1,0x05,0x50,0x4a,  //@*.*+.****.**.%%
0xd0,0x0f,0xf0,0x0a,  //@*...*@@@@....%%
0xd0,0x0f,0xf0,0x0a,  //@*...*@@@@....%%
0xe5,0x5f,0xf5,0x5a,  //@%***%@@@@****#%
0xaa,0xaa,0xaa,0xa9,  //%%%%%%%%%%%%%%%*


/*  */
0x00,0x7f,0xfc,0x00,  //....%@@@@@@*....
0x00,0xa2,0x8d,0x00,  //....%#*#%*@*....
0x00,0xa1,0x4d,0x00,  //....%%.%*.@*....
0x00,0xa0,0x0d,0x00,  //....%%....@*....
0xaa,0xa1,0x4e,0xa9,  //%%%%#%.%*.@#%%%*
0xe5,0xa6,0x9e,0x5a,  //@%**##*#%*@%**#%
0xd0,0x7f,0xf8,0x0a,  //@*..%@@@@@#*..%%
0xd0,0x00,0x00,0x0a,  //@*............%%
0xd1,0x04,0x10,0x4a,  //@*.*++*.**.**.%%
0xd2,0x08,0x61,0x4a,  //@*+%++%+*%.*%.%%
0xd0,0x00,0x00,0x0a,  //@*............%%
0xd2,0x08,0x21,0x4a,  //@*+%++%+*%.*%.%%
0xd2,0x08,0x21,0x4a,  //@*+%++%+*%.*%.%%
0xd0,0x00,0x00,0x0a,  //@*............%%
0xd2,0x00,0x01,0x4a,  //@*+%+......*%.%%
0xd1,0x05,0x50,0x4a,  //@*.*+.****.**.%%
0xd0,0x0f,0xf0,0x0a,  //@*...*@@@@....%%
0xd0,0x0f,0xf0,0x0a,  //@*...*@@@@....%%
0xe5,0x5f,0xf5,0x5a,  //@%***%@@@@****#%
0xaa,0xaa,0xaa,0xa9,  //%%%%%%%%%%%%%%%*


/*  */
0x00,0x06,0xaa,0xaa,0xaa,  //......*%%%%%%%%%%%%%
0x00,0x0b,0xff,0xab,0xff,  //......%@@@@@%%#@@@@@
0x00,0x0b,0xfe,0x03,0xff,  //......%@@@@%..*@@@@@
0x00,0x0b,0xfe,0x03,0xff,  //......%@@@@%..*@@@@@
0x00,0x5b,0xd5,0x01,0x6f,  //...+**#@@%**..+**%@@
0x07,0xff,0xc0,0x00,0x1f,  //..*@@@@@@........*@@
0x1d,0x0b,0xc0,0x00,0x1f,  //.*@%..%@@........*@@
0x34,0x0b,0xd5,0x01,0x6f,  //*@%...%@@%**..+**%@@
0x60,0x0b,0xfe,0x03,0xff,  //*#****#@@@@%..*@@@@@
0x7f,0xff,0xfe,0x03,0xff,  //*@@@@@@@@@@%..*@@@@@
0x7f,0xff,0xff,0xab,0xff,  //*@@@@@@@@@@@%%#@@@@@
0x7f,0xff,0xff,0xff,0xff,  //*@@@@@@@@@@@@@@@@@@@
0x7f,0xff,0xff,0xff,0xff,  //*@@@@@@@@@@@@@@@@@@@
0xbe,0x1f,0xff,0xe1,0xff,  //#@@#**@@@@@@@#**@@@@
0x5c,0x0a,0x55,0xc0,0xa5,  //*%@*..#%***%@*..#%**
0x0a,0x0d,0x00,0xa0,0xd0,  //..#%.*@*....#%.*@*..
0x07,0xf8,0x00,0x7f,0x80,  //..*@@@#.....*@@@#...


/*  */
0x00,0x0a,0xaa,0xa0,0x00,  //......%%%%%%%%......
0x00,0x0e,0xaa,0xb0,0x00,  //.....*@#%%%%#@*.....
0x00,0x0c,0x00,0x30,0x00,  //.....*@*....*@*.....
0x14,0xae,0xaa,0xba,0x14,  //.%%.%#@#%%%%#@#%.%%.
0xb8,0xff,0xff,0xff,0x2e,  //%@%.@@@@@@@@@@@@.%@%
0xf8,0xff,0xff,0xff,0x2f,  //@@%.@@@@@@@@@@@@.%@@
0xf8,0xff,0x41,0xff,0x2f,  //@@%.@@@@%..%@@@@.%@@
0xf8,0xff,0x41,0xff,0x2f,  //@@%.@@@@*..*@@@@.%@@
0xf8,0xfa,0x41,0xaf,0x2f,  //@@%.@@%%*..*%%@@.%@@
0xf8,0xe0,0x00,0x0b,0x2f,  //@@%.@%........%@.%@@
0xf8,0xe0,0x00,0x0b,0x2f,  //@@%.@%........%@.%@@
0xf8,0xe0,0x00,0x0b,0x2f,  //@@%.@#**+..+**#@.%@@
0xf8,0xff,0x41,0xff,0x2f,  //@@%.@@@@*..*@@@@.%@@
0xf8,0xff,0x41,0xff,0x2f,  //@@%.@@@@*..*@@@@.%@@
0xf8,0xff,0x96,0xff,0x2f,  //@@%.@@@@%**%@@@@.%@@
0xb8,0xff,0xff,0xff,0x2e,  //#@%.@@@@@@@@@@@@.%@#
0x78,0xff,0xff,0xff,0x2d,  //*@%.@@@@@@@@@@@@.%@*


/*  */
0x00,0x1a,0x00,0x00,0x00,0x00,  //.....*%%*............
0x00,0x0f,0x40,0x00,0x00,0x00,  //.....*@@%............
0x00,0x0f,0xd0,0x00,0x00,0x00,  //+*...*@@@*...........
0xb4,0x0f,0xf0,0x00,0x00,0x00,  //%@*..*@@@@*..........
0xbd,0x0f,0xf9,0x40,0x00,0x00,  //%@@*.*@@@@#**........
0x6f,0xaf,0xff,0xfa,0x94,0x00,  //*%@@%#@@@@@@@@#%%**+.
0xff,0xff,0xff,0xff,0xff,0x80,  //@@@@@@@@@@@@@@@@@@@@#
0x6b,0xff,0xff,0xfe,0xa4,0x00,  //*%#@@@@@@@@@@@@#%%%*.
0xbd,0x0f,0xfe,0x40,0x00,0x00,  //%@@*.*@@@@@%*+.......
0xb4,0x0f,0xf4,0x00,0x00,0x00,  //%@%..*@@@@*..........
0x10,0x0f,0xd0,0x00,0x00,0x00,  //**...*@@@%...........
0x00,0x0f,0x80,0x00,0x00,0x00,  //.....*@@%............
0x00,0x1e,0x00,0x00,0x00,0x00,  //.....*@#*............


/*  */
0x00,0x0a,0xaa,0xaa,0x40,  //.....+%%%%%%%%%%*.
0x00,0x1f,0xff,0xff,0x80,  //*****%@@@@@@@@@@%.
0xff,0xff,0xff,0xff,0x40,  //@@@@@@@@@@@@@@@@%.
0xbf,0xff,0xff,0xff,0x00,  //#@@@@@@@@@@@@@@@*.
0x7d,0x5b,0xff,0xff,0x00,  //*@@%**#@@@@@@@@@*.
0x7c,0x0b,0xff,0xff,0x00,  //*@@*..%@@@@@@@@@*.
0x7c,0x0b,0xff,0xff,0x00,  //*@@*..%@@@@@@@@@*.
0x7c,0x0b,0xff,0xff,0x00,  //*@@*..%@@@@@@@@@*.
0x7e,0x0b,0xff,0xff,0x00,  //*@@#**#@@@@@@@@@*.
0x2f,0xff,0xff,0xff,0x00,  //.#@@@@@@@@@@@@@@*.
0x1b,0xff,0xff,0xff,0x00,  //.*#@@@@@@@@@@@@@*.
0x01,0xaf,0xff,0xff,0x00,  //..+%%%@@@@@@@@@@*.
0x00,0x1f,0xff,0xff,0x80,  //.....*@@@@@@@@@@%.
0x00,0x2f,0xff,0xff,0xc0,  //....+#@@@@@@@@@@@*
0x00,0x3f,0xff,0xff,0xd0,  //....*@@@@@@@@@@@@*
0x00,0x3f,0xff,0xff,0xd0,  //....*@@@@@@@@@@@@*


/*  */
0x06,0xaa,0xaa,0xa8,0x00,  //.*%%%%%%%%%%%%%*.
0x3f,0xff,0xff,0xff,0x40,  //*@@@@@@@@@@@@@@@*
0xbf,0xff,0xff,0xff,0x80,  //#@@@@@@@@@@@@@@@#
0xf8,0x1f,0xfd,0x0b,0xc0,  //@@#***@@@@@%**#@@
0xf8,0x0f,0xfd,0x0b,0xc0,  //@@%..*@@@@@*..%@@
0xf8,0x0f,0xfd,0x0b,0xc0,  //@@%..*@@@@@*..%@@
0xf8,0x0f,0xfd,0x0b,0xc0,  //@@%..*@@@@@*..%@@
0xf8,0x05,0x54,0x0b,0xc0,  //@@%..+******..%@@
0xf8,0x00,0x00,0x0b,0xc0,  //@@%...........%@@
0xf8,0x00,0x00,0x0b,0xc0,  //@@%...........%@@
0xf8,0x0a,0xa9,0x0b,0xc0,  //@@%..+%%%%%*..%@@
0xf8,0x0f,0xfd,0x0b,0xc0,  //@@%..*@@@@@*..%@@
0xf8,0x0f,0xfd,0x0b,0xc0,  //@@%..*@@@@@*..%@@
0xf8,0x0f,0xfd,0x0b,0xc0,  //@@%..*@@@@@*..%@@
0xfd,0x6f,0xfe,0x5b,0xc0,  //@@@**%@@@@@#**#@@
0xbf,0xff,0xff,0xff,0x80,  //%@@@@@@@@@@@@@@@#
0x2f,0xff,0xff,0xfe,0x00,  //+#@@@@@@@@@@@@@#+


/*  */
0x06,0xaa,0xaa,0xa8,0x00,  //.*%%%%%%%%%%%%%*.
0x3f,0xff,0xff,0xff,0x40,  //*@@@@@@@@@@@@@@@*
0xbf,0xff,0xff,0xff,0x80,  //#@@@@@@@@@@@@@@@#
0xff,0xfd,0x0f,0xff,0xc0,  //@@@@@@@***@@@@@@@
0xff,0xfc,0x0f,0xff,0xc0,  //@@@@@@@*..@@@@@@@
0xff,0xfc,0x0f,0xff,0xc0,  //@@@@@@@*..@@@@@@@
0xff,0xfc,0x0f,0xff,0xc0,  //@@@@@@@*..@@@@@@@
0xfd,0x54,0x05,0x5b,0xc0,  //@@@****+..****#@@
0xf8,0x00,0x00,0x0b,0xc0,  //@@%...........%@@
0xf8,0x00,0x00,0x0b,0xc0,  //@@#...........%@@
0xfe,0xa8,0x0a,0xaf,0xc0,  //@@@#%%%+..%%%%@@@
0xff,0xfc,0x0f,0xff,0xc0,  //@@@@@@@*..@@@@@@@
0xff,0xfc,0x0f,0xff,0xc0,  //@@@@@@@*..@@@@@@@
0xff,0xfc,0x0f,0xff,0xc0,  //@@@@@@@*..@@@@@@@
0xff,0xfd,0x5f,0xff,0xc0,  //@@@@@@@%*%@@@@@@@
0xbf,0xff,0xff,0xff,0x80,  //%@@@@@@@@@@@@@@@#
0x2f,0xff,0xff,0xfe,0x00,  //+#@@@@@@@@@@@@@#+


/*  */
0x00,0x14,0x18,  //.....%%..*#
0x00,0x74,0x78,  //....%@%.*@#
0x01,0xd1,0xe0,  //...%@%.*@#.
0x07,0x47,0x80,  //..%@%.*@#..
0x1d,0x1e,0x00,  //.%@%.*@#...
0x78,0x38,0x00,  //*@%.+@#....
0x1d,0x1d,0x00,  //.%@*.*@%...
0x07,0x47,0x40,  //..%@*.*@%..
0x01,0xd1,0xd0,  //...%@*.*@%.
0x00,0x74,0x74,  //....%@*.*@%
0x00,0x18,0x18,  //.....%#..*#


/*  */
0x50,0x20,0x00,  //%%..*#+....
0x74,0x28,0x00,  //*@%.+##+...
0x1d,0x0a,0x00,  //.*@%.+##+..
0x07,0x42,0x80,  //..*@%.+##+.
0x01,0xd0,0xa0,  //...*@%.+##+
0x00,0x74,0x78,  //....%@*.*@#
0x01,0xe0,0xa0,  //...*@#.+##+
0x07,0x82,0x80,  //..*@#.+##+.
0x1e,0x0a,0x00,  //.*@#.+##+..
0x78,0x28,0x00,  //*@#.+##+...
0x60,0x20,0x00,  //%#..*#+....


/*  */
0x00,0x74,0x00,  //....%@*....
0x01,0xed,0x00,  //...%@#@*...
0x07,0x47,0x40,  //..%@%.%@*..
0x1d,0x01,0xd0,  //.%@%...%@*.
0x74,0x60,0x74,  //%@%.*#+.%@*
0x91,0xf8,0x18,  //#%.*@@#+.%#
0x07,0x8a,0x00,  //..*@#*##+..
0x1e,0x02,0x80,  //.*@#..+##+.
0x78,0x00,0xa0,  //*@#....+##+
0xe0,0x00,0x28,  //@#......+##


/*  */
0x40,0x00,0x14,  //%+.......**
0xa0,0x00,0x78,  //##+.....*@#
0x28,0x01,0xe0,  //+##+...*@#.
0x0a,0x07,0x80,  //.+##+.*@#..
0x02,0x9e,0x00,  //*.+##*@#.++
0xe0,0xb8,0x28,  //@#.+#@#.+##
0x78,0x20,0xa0,  //*@#.+%.+##+
0x1e,0x02,0x80,  //.*@#..+##+.
0x07,0x8a,0x00,  //..*@#*##+..
0x01,0xf8,0x00,  //...*@@#+...
0x00,0x60,0x00,  //....*#+....


/*  */
0x00,0x14,  //.....%%
0x00,0x74,  //....%@%
0x01,0xd0,  //...%@%.
0x07,0x40,  //..%@%..
0x1d,0x00,  //.%@%...
0x78,0x00,  //*@%....
0x1d,0x00,  //.%@*...
0x07,0x40,  //..%@*..
0x01,0xd0,  //...%@*.
0x00,0x74,  //....%@*
0x00,0x18,  //.....%#


/*  */
0x50,0x00,  //%%.....
0x74,0x00,  //*@%....
0x1d,0x00,  //.*@%...
0x07,0x40,  //..*@%..
0x01,0xd0,  //...*@%.
0x00,0x74,  //....%@*
0x01,0xe0,  //...*@#.
0x07,0x80,  //..*@#..
0x1e,0x00,  //.*@#...
0x78,0x00,  //*@#....
0x60,0x00,  //%#.....


/*  */
0x00,0x10,0x00,  //.....*.....
0x00,0x74,0x00,  //....%@%....
0x01,0xed,0x00,  //...%@%@%...
0x07,0x47,0x40,  //..%@*.%@%..
0x1d,0x01,0xd0,  //.%@*...%@%.
0x74,0x00,0x74,  //%@*.....%@%
0x90,0x00,0x14,  //#*.......%%


/*  */
0x50,0x00,0x14,  //%*.......*%
0xb4,0x00,0x74,  //#@*.....*@%
0x2d,0x01,0xd0,  //.#@*...*@%.
0x0b,0x47,0x40,  //..#@*.*@%..
0x02,0xdd,0x00,  //...#@%@%...
0x00,0xb4,0x00,  //....#@%....
0x00,0x10,0x00,  //.....*.....


/*  */
0x7f,0xff,0xff,0xff,0xff,0x80,  //%@@@@@@@@@@@@@@@@@@@#
0xd0,0x00,0x00,0x00,0x00,0xc0,  //@%******************@
0xd0,0x00,0x00,0x00,0x00,0xc0,  //@*..................@
0xd0,0x00,0x00,0x00,0x00,0xc0,  //@*..................@
0xd0,0x00,0x00,0x00,0x00,0xc0,  //@*..................@
0xd0,0x00,0x00,0x00,0x00,0xc0,  //@*..................@
0xd0,0x00,0x00,0x00,0x00,0xc0,  //@*..................@
0xd0,0x00,0x00,0x00,0x00,0xc0,  //@*..................@
0xd0,0x00,0x00,0x00,0x00,0xc0,  //@*..................@
0xd0,0x00,0x00,0x00,0x00,0xc0,  //@*..................@
0xd0,0x00,0x00,0x00,0x00,0xc0,  //@*..................@
0xea,0xaa,0xaa,0xaa,0xaa,0xc0,  //@#%%%%%%%%%%%%%%%%%%@
0xff,0xff,0xff,0xff,0xff,0xc0,  //@@@@@@@@@@@@@@@@@@@@@
0xff,0xff,0xff,0xff,0xff,0xc0,  //@@@@@@@@@@@@@@@@@@@@@
0xbf,0xff,0xff,0xff,0xff,0xc0,  //#@@@@@@@@@@@@@@@@@@@@
0x15,0x55,0xff,0xe5,0x55,0x00,  //+******%@@@@@%*******
0x00,0x01,0xff,0xe0,0x00,0x00,  //.......*@@@@@#.......
0x00,0x02,0xff,0xf0,0x00,0x00,  //.......%@@@@@@+......


/*  */
0x02,0xff,0xff,0xff,0xf0,0x00,  //...#@@@@@@@@@@@@@@*..
0x03,0x40,0x00,0x00,0x24,0x00,  //..+@*************#*..
0x03,0x00,0x00,0x00,0x24,0x00,  //..*@*............%*..
0x03,0x00,0x00,0x00,0x24,0x00,  //..*@*............%*..
0x03,0x00,0x00,0x00,0x24,0x00,  //..*@*............%*..
0x03,0x00,0x00,0x00,0x24,0x00,  //..*@*............%*..
0x03,0x00,0x00,0x00,0x24,0x00,  //..*@*............%*..
0x03,0x00,0x00,0x00,0x24,0x00,  //..*@*............%*..
0x03,0x00,0x00,0x00,0x24,0x00,  //..*@*............%*..
0x03,0x40,0x00,0x00,0x24,0x00,  //..+@*************#*..
0x01,0xff,0xff,0xff,0xe0,0x00,  //...%@@@@@@@@@@@@@#+..
0x00,0x55,0x55,0x55,0x40,0x00,  //*********************
0xff,0xff,0xe5,0xff,0xff,0xc0,  //@@@@@@@@@#*%@@@@@@@@@
0x7f,0xff,0xff,0xff,0xff,0x80,  //%@@@@@@@@@@@@@@@@@@@#


/*  */
0x2a,0xaa,0xaa,0x00,  //+%%%%%%%%%%%+
0xaa,0xaa,0xaa,0x80,  //##%%%%%%%%%#%
0xd0,0x00,0x01,0x80,  //@*.........*%
0xd0,0x00,0x01,0x80,  //@*.........*%
0xd0,0x00,0x01,0x80,  //@*.........*%
0xd0,0x00,0x01,0x80,  //@*.........*%
0xd0,0x00,0x01,0x80,  //@*.........*%
0xd0,0x00,0x01,0x80,  //@*.........*%
0xd0,0x00,0x01,0x80,  //@*.........*%
0xd0,0x00,0x01,0x80,  //@*.........*%
0xd0,0x00,0x01,0x80,  //@*.........*%
0xd0,0x00,0x01,0x80,  //@*.........*%
0xd0,0x00,0x01,0x80,  //@*.........*%
0xea,0xaa,0xaa,0x80,  //@#%%%%%%%%%#%
0xff,0xe2,0xff,0x80,  //@@@@@#.#@@@@%
0x7f,0xfb,0xfe,0x00,  //*@@@@@#@@@@#*


/*  */
0xbf,0xff,0x40,  //#@@@@@@@*
0xfe,0xaf,0x40,  //@@@#%#@@*
0xd5,0x56,0x40,  //@%*****#*
0xc0,0x01,0x40,  //@......**
0xc0,0x01,0x40,  //@......**
0xc0,0x01,0x40,  //@......**
0xc0,0x01,0x40,  //@......**
0xc0,0x01,0x40,  //@......**
0xc0,0x01,0x40,  //@......**
0xc0,0x01,0x40,  //@......**
0xc0,0x01,0x40,  //@......**
0xea,0x6a,0x40,  //@#%%%%%#*
0xfd,0x2f,0x40,  //@@@*.#@@*
0x7e,0x7e,0x00,  //%@@#%@@#+


/*  */
0x00,0x06,0xa4,0x00,0x00,  //.....+*%%%*+.....
0x00,0xbf,0xff,0x80,0x00,  //...+%@@@@@@@%+...
0x02,0xfe,0xaf,0xf4,0x00,  //..+#@@@#%#@@@@*..
0x0b,0xd0,0x01,0xfc,0x00,  //.+#@@%+...+*@@@*.
0x2f,0x40,0x00,0x2e,0x00,  //.#@@*.......+#@#.
0x7d,0x00,0x00,0x1f,0x40,  //*@@*.........*@@*
0xb8,0x00,0x00,0x0b,0x80,  //%@#...........#@#
0xb4,0x00,0x00,0x07,0xc0,  //#@%...........*@@
0xf4,0x00,0x00,0x07,0xc0,  //@@*...........*@@
0xf4,0x00,0x00,0x07,0xc0,  //@@*...........*@@
0xb8,0x00,0x00,0x07,0xc0,  //#@%...........%@@
0x7c,0x00,0x00,0x0b,0x80,  //%@@+..........#@%
0x3e,0x00,0x00,0x1f,0x40,  //+@@%.........%@@*
0x1f,0x40,0x00,0x7e,0x00,  //.%@@%.......*@@%.
0x0b,0xe4,0x06,0xf8,0x00,  //..#@@#*+.+*#@@#+.
0x02,0xff,0xff,0xe0,0x00,  //...%@@@@@@@@@#+..
0x00,0x6f,0xfe,0x40,0x00,  //....*#@@@@@#*....


/*  */
0x00,0x68,0x00,0x06,0x80,  //...*%%%......*%%%..
0x0b,0xfc,0x00,0xbf,0xc0,  //..%@@@@*....%@@@@*.
0x2f,0xfc,0x02,0xff,0xc0,  //.#@@@@@+...#@@@@@+.
0x7e,0x40,0x07,0xe4,0x00,  //*@@#**+...*@@#**+..
0xbc,0x00,0x0b,0xc0,0x00,  //#@@*......#@@*.....
0xf8,0x00,0x0f,0x80,0x00,  //@@#.......@@#......
0xf8,0x00,0x0f,0x80,0x00,  //@@#.......@@#......
0xfe,0x54,0x0f,0xe5,0x40,  //@@@%****..@@@%****.
0xff,0xff,0x0f,0xff,0xf0,  //@@@@@@@@*.@@@@@@@@*
0xff,0xff,0x4f,0xff,0xf4,  //@@@@@@@@*.@@@@@@@@*
0xff,0xff,0x4f,0xff,0xf4,  //@@@@@@@@*.@@@@@@@@*
0xff,0xff,0x4f,0xff,0xf4,  //@@@@@@@@*.@@@@@@@@*
0xff,0xff,0x4f,0xff,0xf4,  //@@@@@@@@*.@@@@@@@@*
0xff,0xff,0x4f,0xff,0xf4,  //@@@@@@@@*.@@@@@@@@*
0xbf,0xff,0x4b,0xff,0xf4,  //#@@@@@@@*.#@@@@@@@*
0x2f,0xfe,0x02,0xff,0xe0,  //*#@@@@@%..*#@@@@@%.


/*  */
0x1a,0xa9,0x01,0xaa,0x90,  //.%%%%%%*...%%%%%%*.
0xbf,0xff,0x4b,0xff,0xf4,  //%@@@@@@@*.%@@@@@@@*
0xff,0xff,0x4f,0xff,0xf4,  //@@@@@@@@*.@@@@@@@@*
0xff,0xff,0x4f,0xff,0xf4,  //@@@@@@@@*.@@@@@@@@*
0xff,0xff,0x4f,0xff,0xf4,  //@@@@@@@@*.@@@@@@@@*
0xff,0xff,0x4f,0xff,0xf4,  //@@@@@@@@*.@@@@@@@@*
0xff,0xff,0x4f,0xff,0xf4,  //@@@@@@@@*.@@@@@@@@*
0xbf,0xff,0x4b,0xff,0xf4,  //#@@@@@@@*.#@@@@@@@*
0x2a,0xbf,0x42,0xab,0xf4,  //+%%%#@@@*.+%%%#@@@*
0x00,0x1f,0x40,0x01,0xf4,  //.....*@@*......*@@*
0x00,0x0f,0x40,0x00,0xf4,  //.....*@@*......*@@*
0x00,0x1f,0x40,0x01,0xf4,  //.....%@@*......%@@*
0x00,0x7f,0x00,0x07,0xf0,  //....*@@@+.....*@@@+
0x1a,0xfd,0x01,0xaf,0xd0,  //.*%#@@@%...*%#@@@%.
0x1f,0xf4,0x01,0xff,0x40,  //.*@@@@%....*@@@@%..
0x1f,0x90,0x01,0xf9,0x00,  //.*@@%*.....*@@%*...


/*  */
0x00,0x01,0xf4,0x00,0x00,  //.......*@@*.......
0x00,0x03,0xfc,0x00,0x00,  //.......@@@@...*...
0x01,0x03,0xfc,0x2e,0x00,  //..**+..@@@@.+#@#*.
0x0f,0x81,0xf4,0xbf,0x80,  //.+@@#..*@@*.#@@@#.
0x0f,0xc0,0x00,0xff,0xc0,  //.*@@@*......@@@@@.
0x0b,0x80,0x00,0x7f,0x80,  //..#@%.......%@@@%.
0x00,0x00,0x00,0x19,0x00,  //.............%%%..
0x00,0x00,0x00,0x00,0x00,  //..................
0x50,0x00,0x00,0x00,0x50,  //**..............**
0xf4,0x00,0x00,0x01,0xf0,  //@@*............*@@
0xb4,0x00,0x00,0x01,0xe0,  //#@*............*@#
0x00,0x00,0x00,0x00,0x00,  //++..............++
0x00,0x00,0x00,0x00,0x00,  //..................
0x00,0x00,0x00,0x00,0x00,  //..................
0x07,0x40,0x00,0x1d,0x00,  //..%@*........*@%..
0x0f,0x80,0x00,0x2f,0x00,  //..@@#........#@@..
0x06,0x40,0x50,0x19,0x00,  //..*%*...%%...*%*..
0x00,0x01,0xf4,0x00,0x00,  //.......*@@*.......
0x00,0x00,0xa0,0x00,0x00,  //.......+##+.......


/*  */
0x00,0x06,0xa4,0x00,0x00,  //.....+*%%%*+.....
0x00,0xbf,0xff,0x80,0x00,  //...+%@@@@@@@%+...
0x02,0xff,0xff,0xf4,0x00,  //..+#@@@@@@@@@@*..
0x0b,0xff,0xff,0xfc,0x00,  //.+#@@@@@@@@@@@@*.
0x2f,0xff,0xff,0xfe,0x00,  //.#@@@@@@@@@@@@@#.
0x7f,0xff,0xff,0xff,0x40,  //*@@@@@@@@@@@@@@@*
0xbf,0xff,0xff,0xff,0x80,  //%@@@@@@@@@@@@@@@#
0xbf,0xff,0xff,0xff,0xc0,  //#@@@@@@@@@@@@@@@@
0xff,0xff,0xff,0xff,0xc0,  //@@@@@@@@@@@@@@@@@
0xff,0xff,0xff,0xff,0xc0,  //@@@@@@@@@@@@@@@@@
0xbf,0xff,0xff,0xff,0xc0,  //#@@@@@@@@@@@@@@@@
0x7f,0xff,0xff,0xff,0x80,  //%@@@@@@@@@@@@@@@%
0x3f,0xff,0xff,0xff,0x40,  //+@@@@@@@@@@@@@@@*
0x1f,0xff,0xff,0xfe,0x00,  //.%@@@@@@@@@@@@@%.
0x0b,0xff,0xff,0xf8,0x00,  //..#@@@@@@@@@@@#+.
0x02,0xff,0xff,0xe0,0x00,  //...%@@@@@@@@@#+..
0x00,0x6f,0xfe,0x40,0x00,  //....*#@@@@@#*....


/*  */
0x00,0x2c,0x00,0x00,0x00,  //.....#@+............
0x00,0xbc,0x00,0x00,0x00,  //....#@@*............
0x02,0xfc,0x00,0x00,0x00,  //...#@@@*............
0x0b,0xfe,0xaa,0x90,0x00,  //..#@@@@#%%%%%**.....
0x2f,0xff,0xff,0xfe,0x40,  //.#@@@@@@@@@@@@@#*...
0xbf,0xff,0xff,0xff,0xe0,  //#@@@@@@@@@@@@@@@@#..
0xbf,0xff,0xff,0xff,0xf8,  //#@@@@@@@@@@@@@@@@@#.
0x2f,0xff,0xff,0xff,0xfd,  //.#@@@@@@@@@@@@@@@@@*
0x0b,0xfe,0xab,0xff,0xfe,  //..#@@@@#%%#@@@@@@@@%
0x02,0xfc,0x00,0x06,0xfe,  //...#@@@*.....+%#@@@#
0x00,0xbc,0x00,0x00,0xbf,  //....#@@*.......+#@@@
0x00,0x2c,0x00,0x00,0x3f,  //.....#@+........+@@@
0x00,0x04,0x00,0x00,0x2e,  //......*..........%@#
0x00,0x00,0x00,0x00,0x1d,  //.................*@%
0x00,0x00,0x00,0x00,0x1d,  //.................*@*
0x00,0x00,0x00,0x00,0x18,  //.................*#.
0x00,0x00,0x00,0x00,0x14,  //.................**.


/*  */
0x1e,0x40,0x00,0x0b,0xc0,  //.%@#*........+%@@+.
0x2f,0xe6,0xaa,0x7f,0xc0,  //.%@@@#%%%%%%%@@@@*.
0x2f,0xff,0xff,0xff,0xc0,  //.%@@@@@@@@@@@@@@@*.
0x1f,0xff,0xff,0xff,0xc0,  //.%@@@@@@@@@@@@@@@+.
0x2f,0xff,0xff,0xff,0xd0,  //.#@@@@@@@@@@@@@@@*.
0x7f,0xff,0xff,0xff,0xe0,  //*@@@@@@@@@@@@@@@@#.
0xbf,0xff,0xff,0xff,0xf0,  //%@@@@@@@@@@@@@@@@@*
0xfe,0x41,0x55,0x07,0xf4,  //@@@#***********@@@*
0xf8,0x24,0x00,0x51,0xf4,  //@@#..%*.....%*.*@@*
0xf4,0x78,0x01,0xf0,0xf4,  //@@%.%@#....*@@+.@@*
0xb4,0xbc,0x01,0xf0,0xf4,  //#@*.%@@+...*@@*.@@*
0x74,0x78,0x01,0xf0,0xf0,  //%@%.*@#....*@@+.@@+
0x28,0x10,0x00,0x41,0xe0,  //+##+.*+.....**.*@%.
0x1a,0x00,0x00,0x07,0x80,  //.*##*.........*@#..
0x01,0xaa,0xaa,0xb9,0x00,  //..+%##%%%%%%#@#*...


/*  */
0x1a,0xa8,0x00,0x00,0x00,  //.*%%%%%*...........
0x7a,0xab,0x00,0x00,0x00,  //%@%%%%#@*..........
0xd0,0x02,0x40,0x00,0x00,  //@%.....#*..........
0xd0,0x02,0xaa,0xaa,0x90,  //@*.....%#%%%%%%%%*.
0xd0,0x00,0x55,0x55,0xb0,  //@*.....*********%@*
0xd0,0x00,0x00,0x00,0x24,  //@*...............#*
0xd0,0x00,0x00,0x00,0x24,  //@*...............%*
0xd0,0x00,0x00,0x00,0x24,  //@*...............%*
0xd0,0x00,0x00,0x00,0x24,  //@*...............%*
0xd0,0x00,0x00,0x00,0x24,  //@*...............%*
0xd0,0x00,0x00,0x00,0x24,  //@*...............%*
0xd0,0x00,0x00,0x00,0x24,  //@*...............%*
0xd0,0x00,0x00,0x00,0x24,  //@*...............%*
0xd0,0x00,0x00,0x00,0x24,  //@*...............#*
0xa5,0x55,0x55,0x55,0x74,  //%#**************%@*
0x2f,0xff,0xff,0xff,0x90,  //+%@@@@@@@@@@@@@@#%.


/*  */
0x1a,0xa8,0x00,0x00,0x00,0x00,  //.*%%%%%*.............
0x7a,0xab,0x00,0x00,0x00,0x00,  //%@%%%%#@*............
0xd0,0x02,0x40,0x00,0x00,0x00,  //@%.....#*............
0xd0,0x02,0xaa,0xaa,0x00,0x00,  //@*.....%#%%%%%%%+....
0xd0,0x00,0x55,0x56,0x80,0x00,  //@*.....********##....
0xd0,0x00,0x00,0x00,0xc0,0x00,  //@*.............*@+...
0xd0,0x00,0x00,0x00,0xc0,0x00,  //@*.............*@*...
0xd0,0x05,0x55,0x55,0xd5,0x00,  //@*...+*********%@%***
0xd0,0x7e,0xaa,0xaa,0xaa,0xc0,  //@*..*@@%%%%%%%%%%%%#@
0xd0,0xd0,0x00,0x00,0x00,0xc0,  //@*.*@%.............*@
0xd2,0x80,0x00,0x00,0x02,0x80,  //@*+#%..............##
0xda,0x00,0x00,0x00,0x0a,0x00,  //@%##..............##+
0xf8,0x00,0x00,0x00,0x1c,0x00,  //@@#+.............%@*.
0xf0,0x00,0x00,0x00,0x74,0x00,  //@@*.............*@*..
0xb5,0x55,0x55,0x55,0xd0,0x00,  //%@*************%@%...
0x2f,0xff,0xff,0xfe,0x40,0x00,  //+%@@@@@@@@@@@@@#*....


/*  */
0x00,0x06,0xa4,0x00,0x00,  //.....+*%%%*+.....
0x00,0xbe,0xaf,0x80,0x00,  //...+%@@%%%@@%+...
0x02,0x90,0x01,0xb4,0x00,  //..+##*.....*#@*..
0x0a,0x00,0x00,0x1c,0x00,  //.+##.........%@*.
0x28,0x10,0x01,0x0a,0x00,  //.##..*+...+*..%#.
0x70,0x78,0x0b,0x83,0x40,  //*@*.%@#...#@%.+@*
0xa0,0x78,0x0b,0x82,0x80,  //%#..%@#...#@%..%#
0x90,0x10,0x01,0x01,0xc0,  //#%...*+...+*...*@
0xd0,0x00,0x00,0x00,0xc0,  //@*.............*@
0xd0,0x00,0x00,0x00,0xc0,  //@*.............*@
0x90,0x60,0x02,0x81,0xc0,  //#%..*#.....%%..*@
0x60,0x34,0x07,0x42,0x80,  //%#..*@*...*@*..#%
0x34,0x1e,0x6d,0x03,0x40,  //+@*..%@#*#@%..*@*
0x18,0x02,0xa4,0x0a,0x00,  //.%#+..*%%%*...#%.
0x0a,0x00,0x00,0x28,0x00,  //..##*.......+##+.
0x02,0xe0,0x01,0xe0,0x00,  //...%@%*...*%@#+..
0x00,0x6f,0xfe,0x40,0x00,  //....*#@@@@@#*....


/*  */
0x00,0x06,0xa4,0x00,0x00,  //.....+*%%%*+.....
0x00,0xbe,0xaf,0x80,0x00,  //...+%@@%%%@@%+...
0x02,0x90,0x01,0xb4,0x00,  //..+##*.....*#@*..
0x0a,0x00,0x00,0x1c,0x00,  //.+##.........%@*.
0x28,0x10,0x01,0x0a,0x00,  //.##..*+...+*..%#.
0x70,0x78,0x0b,0x83,0x40,  //*@*.%@#...#@%.+@*
0xa0,0x78,0x0b,0x82,0x80,  //%#..%@#...#@%..%#
0x90,0x10,0x01,0x01,0xc0,  //#%...*+...+*...*@
0xd0,0x00,0x00,0x00,0xc0,  //@*.............*@
0xd0,0x00,0x40,0x00,0xc0,  //@*.....***.....*@
0x90,0x0b,0xf8,0x01,0xc0,  //#%...+#@@@#*...*@
0x60,0x28,0x0b,0x02,0x80,  //%#...##*.+%@+..#%
0x34,0x70,0x02,0x43,0x40,  //+@*.*@.....#%.*@*
0x18,0x00,0x00,0x0a,0x00,  //.%#++*.....**.#%.
0x0a,0x00,0x00,0x28,0x00,  //..##*.......+##+.
0x02,0xe0,0x01,0xe0,0x00,  //...%@%*...*%@#+..
0x00,0x6f,0xfe,0x40,0x00,  //....*#@@@@@#*....


/*  */
0x00,0x06,0xa4,0x00,0x00,  //.....+*%%%*+.....
0x00,0xbe,0xaf,0x80,0x00,  //...+%@@%%%@@%+...
0x02,0x90,0x01,0xb4,0x00,  //..+##*.....*#@*..
0x0a,0x00,0x00,0x1c,0x00,  //.+##.........%@*.
0x28,0x10,0x01,0x0a,0x00,  //.##..*+...+*..%#.
0x70,0x78,0x0b,0x83,0x40,  //*@*.%@#...#@%.+@*
0xa0,0x78,0x0b,0x82,0x80,  //%#..%@#...#@%..%#
0x90,0x10,0x01,0x01,0xc0,  //#%...*+...+*...*@
0xd0,0x00,0x00,0x00,0xc0,  //@*.............*@
0xd0,0x00,0x00,0x00,0xc0,  //@*.............*@
0x90,0x6a,0xaa,0x41,0xc0,  //#%..*%%%%%%%*..*@
0x60,0x6a,0xaa,0x42,0x80,  //%#..*%%%%%%%*..#%
0x34,0x00,0x00,0x03,0x40,  //+@*...........*@*
0x18,0x00,0x00,0x0a,0x00,  //.%#+..........#%.
0x0a,0x00,0x00,0x28,0x00,  //..##*.......+##+.
0x02,0xe0,0x01,0xe0,0x00,  //...%@%*...*%@#+..
0x00,0x6f,0xfe,0x40,0x00,  //....*#@@@@@#*....


/*  */
0x06,0xff,0xff,0xff,0xf8,0x00,  //..*#@@@@@@@@@@@@@@%..
0x1f,0xab,0xff,0xff,0xfe,0x00,  //.%@@#%#@@@@@@@@@@@@#.
0x3f,0x83,0xff,0xff,0x5b,0x80,  //*@@@%.*@@@@@@@@@%*#@%
0xbf,0x83,0xff,0xfe,0x07,0xc0,  //%@@@%.*@@@@@@@@#..*@@
0xf4,0x00,0x2f,0xfe,0x07,0xc0,  //@@**+..**#@@@@@#..%@@
0xf0,0x00,0x2f,0xd2,0xaf,0xc0,  //@@*......%@@@%*###@@@
0xba,0x42,0xaf,0x80,0xff,0xc0,  //#@#%%.+%%#@@#..*@@@@@
0x7f,0x83,0xff,0xc1,0xff,0x80,  //%@@@%.*@@@@@@+.%@@@@#
0x2f,0x87,0xff,0xfb,0xff,0x40,  //.#@@#**@@@@@@@#@@@@@*
0x0b,0xff,0xd5,0xbf,0xfd,0x00,  //.+#@@@@@@%**#@@@@@@%.
0x01,0xbe,0x00,0x1b,0xe0,0x00,  //...%#@@%*....%#@@%*..


/*  */
0x6a,0xaa,0xaa,0xaa,0xaa,0x80,  //*%%%%%%%%%%%%%%%%%%%%
0xe5,0x55,0x55,0x55,0x55,0xc0,  //@%******************@
0xd0,0x00,0x00,0x00,0x00,0xc0,  //@*..................@
0xd3,0x0c,0x71,0x8a,0x24,0xc0,  //@**@**@**@.*%.%%.%*.@
0xd1,0x04,0x10,0x45,0x24,0xc0,  //@*.*++*.**.**.**.%*.@
0xd0,0x00,0x00,0x00,0x24,0xc0,  //@*.**+.++.*..*..*#*.@
0xd3,0xe2,0x4d,0x30,0xf4,0xc0,  //@**@@%.%*.@**@**@@*.@
0xd0,0x00,0x00,0x00,0x00,0xc0,  //@*.**+.++.*+.*..**+.@
0xd0,0x00,0x00,0x00,0x00,0xc0,  //@*.*..*********+.++.@
0xd3,0x0f,0xff,0xfe,0x24,0xc0,  //@**@**@@@@@@@@@%.%*.@
0xd0,0x00,0x00,0x00,0x00,0xc0,  //@*.*..*********+.++.@
0xe5,0x55,0x55,0x55,0x55,0xc0,  //@%******************@
0x7f,0xff,0xff,0xff,0xff,0x80,  //%@@@@@@@@@@@@@@@@@@@#


/*  */
0x60,0x00,0x00,0x00,0x00,  //%%.................
0xf4,0x00,0x00,0x00,0x00,  //@@*....***........+
0xb0,0x2f,0xfe,0x00,0x6c,  //#@*.*%@@@@@%*...*#@
0x62,0xe4,0x06,0xeb,0xec,  //*%+%@#*****#@#%@@#@
0x67,0x00,0x00,0x19,0x1c,  //*%*@*.......*%%*+*@
0x67,0x00,0x00,0x00,0x1c,  //*%*@.............*@
0x67,0x00,0x00,0x00,0x1c,  //*%*@.............*@
0x67,0x00,0x00,0x00,0x1c,  //*%*@.............*@
0x67,0x00,0x00,0x00,0x1c,  //*%*@.............*@
0x67,0x00,0x00,0x00,0x1c,  //*%*@.............*@
0x67,0x1a,0xf9,0x00,0x2c,  //*%*@.*%#@@#*.....%@
0x67,0xb9,0x5b,0x95,0xb4,  //*%*@#@#%**%@#%*%#@%
0x67,0x40,0x00,0x6e,0x40,  //*%*@%+......*#@#%+.
0x60,0x00,0x00,0x00,0x00,  //*%.................
0x60,0x00,0x00,0x00,0x00,  //*%.................
0x60,0x00,0x00,0x00,0x00,  //*%.................
0x60,0x00,0x00,0x00,0x00,  //*%.................


/*  */
0x60,0x00,0x00,0x00,0x00,  //%%.................
0xf4,0x00,0x00,0x00,0x00,  //@@*....***........+
0xb0,0x2f,0xfe,0x00,0x6c,  //#@*.*%@@@@@%*...*#@
0x62,0xe4,0xbf,0xeb,0xec,  //*%+%@#**#@@@@#%@@#@
0x67,0x00,0xbf,0xe9,0x1c,  //*%*@*...%@@@@%%*+*@
0x67,0x01,0x56,0xc0,0x1c,  //*%*@..****%#@*...%@
0x67,0x6f,0x00,0x51,0xbc,  //*%*@%#@@*...**+*%@@
0x67,0xff,0x40,0x2f,0xfc,  //*%*@@@@@*....%@@@@@
0x67,0x90,0xb9,0x2f,0xac,  //*%*@#%+.%@#*+%@@##@
0x67,0x00,0xbf,0xd4,0x1c,  //*%*@....%@@@@***.*@
0x67,0x1a,0xff,0xc0,0x2c,  //*%*@.*%#@@@@@*...%@
0x67,0xb9,0x5b,0xd5,0xb4,  //*%*@#@#%**%@@%*%#@%
0x67,0x40,0x00,0x6e,0x40,  //*%*@%+......*#@#%+.
0x60,0x00,0x00,0x00,0x00,  //*%.................
0x60,0x00,0x00,0x00,0x00,  //*%.................
0x60,0x00,0x00,0x00,0x00,  //*%.................
0x60,0x00,0x00,0x00,0x00,  //*%.................


/*  */
0x50,0x00,0x00,0x00,0x00,  //%%.................
0x74,0x00,0x00,0x00,0x00,  //*@%................
0x1d,0x00,0x00,0x00,0x00,  //.*@%...............
0x07,0x40,0x00,0x00,0x00,  //..*@%..............
0x01,0xd0,0x00,0x00,0x00,  //...*@%.............
0x00,0x74,0x00,0x00,0x00,  //....%@*............
0x01,0xe0,0x00,0x00,0x00,  //...*@#.............
0x07,0x80,0x00,0x00,0x00,  //..*@#..............
0x1e,0x00,0x00,0x00,0x00,  //.*@#...............
0x78,0x00,0x00,0x00,0x00,  //*@#................
0x60,0x01,0x55,0x55,0x50,  //%#.....************
0x00,0x02,0xff,0xff,0xf4,  //.......%@@@@@@@@@@*


/*  */
0x00,0x00,0x00,0x90,0x00,0x00,  //............#*.......
0x00,0x00,0x00,0xc0,0x00,0x00,  //...........*@+.......
0x00,0x14,0x01,0x82,0x00,0x00,  //.....%%....%#.*#+....
0x00,0x74,0x02,0x42,0x80,0x00,  //....%@%....#%.+##+...
0x01,0xd0,0x03,0x40,0xa0,0x00,  //...%@%....+@*..+##+..
0x07,0x40,0x07,0x00,0x28,0x00,  //..%@%.....*@....+##+.
0x1d,0x00,0x0a,0x00,0x0a,0x00,  //.%@%......%%.....+##+
0x78,0x00,0x0d,0x00,0x07,0x80,  //*@%.......@*......*@#
0x1d,0x00,0x0c,0x00,0x0a,0x00,  //.%@*.....*@+.....+##+
0x07,0x40,0x18,0x00,0x28,0x00,  //..%@*....%#.....+##+.
0x01,0xd0,0x24,0x00,0xa0,0x00,  //...%@*...#%....+##+..
0x00,0x74,0x30,0x02,0x80,0x00,  //....%@*.+@*...+##+...
0x00,0x18,0x70,0x02,0x00,0x00,  //.....%#.*@....*#+....
0x00,0x00,0xa0,0x00,0x00,0x00,  //........%%...........
0x00,0x00,0xd0,0x00,0x00,0x00,  //........@*...........


/*  */
0x00,0x04,0x04,0x00,0x00,  //......*...*.........
0x00,0x2c,0x1d,0x00,0x00,  //.....#@*.%@*........
0x00,0xb4,0x7d,0x00,0x00,  //....#@%.%@@*........
0x02,0xd1,0xfd,0x00,0x00,  //...#@%.%@@@*........
0x0b,0x47,0xfe,0x90,0x00,  //..#@%.%@@@@#%**.....
0x2d,0x1f,0xff,0xfe,0x40,  //.#@%.%@@@@@@@@@#*...
0xb8,0x7f,0xff,0xff,0xe0,  //#@%.*@@@@@@@@@@@@#..
0xb8,0x7f,0xff,0xff,0xf8,  //#@%.*@@@@@@@@@@@@@%.
0x2d,0x1f,0xff,0xff,0xfc,  //.#@%.%@@@@@@@@@@@@@*
0x0b,0x47,0xff,0xff,0xfd,  //..#@%.%@@@@@@@@@@@@%
0x02,0xd1,0xfd,0x06,0xfe,  //...#@%.%@@@*.*%#@@@#
0x00,0xb4,0x7d,0x00,0xbf,  //....#@%.%@@*....#@@@
0x00,0x2c,0x1d,0x00,0x3f,  //.....#@*.%@*....+@@@
0x00,0x04,0x04,0x00,0x2e,  //......*...*......%@#
0x00,0x00,0x00,0x00,0x1d,  //.................*@%
0x00,0x00,0x00,0x00,0x1d,  //.................*@*
0x00,0x00,0x00,0x00,0x18,  //.................*#.
0x00,0x00,0x00,0x00,0x14,  //.................**.


/*  */
0x00,0x00,0x10,0x00,0x00,  //........+%.........
0x00,0x00,0x70,0x00,0x00,  //........%@*........
0x00,0x00,0xf8,0x00,0x00,  //.......+@@%........
0x00,0x01,0xdc,0x00,0x00,  //.......%@%@*.......
0x00,0x03,0xca,0x00,0x00,  //......+@@*#%.......
0x00,0x0b,0xc7,0x40,0x00,  //.....+%@@**@*......
0x5a,0xff,0xc2,0xfe,0x90,  //**%#@@@@@*.#@@@%%*+
0xbf,0xff,0xc0,0x16,0xf0,  //#@@@@@@@@*..***%@@*
0x2f,0xff,0xc0,0x01,0xd0,  //.#@@@@@@@*.....%@*.
0x0b,0xff,0xc0,0x07,0x40,  //..#@@@@@@*....%@*..
0x02,0xff,0xc0,0x1d,0x00,  //...%@@@@@*...%@*...
0x00,0xbf,0xc0,0x34,0x00,  //....#@@@@*..*@*....
0x00,0xbf,0xc0,0x34,0x00,  //....#@@@@*...@*....
0x00,0xff,0xd0,0x24,0x00,  //....@@@@@*...#%....
0x00,0xff,0xf8,0x28,0x00,  //...+@@@@@@#*.%%....
0x00,0xff,0x4b,0xa8,0x00,  //...*@@@@%*%@%%#....
0x01,0xf4,0x01,0xbc,0x00,  //...*@@%+...*#@@....
0x01,0x40,0x00,0x18,0x00,  //...%%+.......*#+...


/*  */
0x00,0x00,0x00,0x1e,  //............+%@%
0x00,0x00,0x01,0xfc,  //..........+%@@@*
0x00,0x00,0x1f,0xf8,  //........+%@@@@%.
0x00,0x01,0xff,0xf0,  //......+%@@@@@@*.
0x00,0x1f,0xff,0xe0,  //....+%@@@@@@@%..
0x01,0xff,0xff,0xc0,  //..+%@@@@@@@@@*..
0x1f,0xff,0xff,0x80,  //+%@@@@@@@@@@%...
0xbf,0xff,0xff,0x00,  //#@@@@@@@@@@@*...
0x00,0x02,0xfe,0x00,  //+******#@@@%....
0x00,0x02,0xfc,0x00,  //.......%@@@*....
0x00,0x02,0xf8,0x00,  //.......%@@%.....
0x00,0x02,0xf0,0x00,  //.......%@@*.....
0x00,0x02,0xe0,0x00,  //.......%@%......
0x00,0x02,0xc0,0x00,  //.......%@*......
0x00,0x02,0x80,0x00,  //.......%%.......


/*  */
0x02,0x90,0x00,0x00,0x04,  //..+%%*...........+*
0x03,0xe0,0x00,0x00,0x20,  //..*@@%..........+%.
0x03,0xe0,0x00,0x00,0x80,  //..*@@%.........+%..
0xab,0xea,0xaa,0xaa,0x00,  //%%#@@#%%%%%%%%%#...
0xff,0xff,0xff,0xfe,0x00,  //@@@@@@@@@@@@@@@%...
0xff,0xff,0xff,0xfe,0x00,  //@@@@@@@@@@@@@@@%...
0x03,0xe0,0x00,0xbe,0x00,  //..*@@%.....+#@@%...
0x03,0xe0,0x02,0x3e,0x00,  //..*@@%....+%*@@%...
0x03,0xe0,0x08,0x3e,0x00,  //..*@@%...+%.*@@%...
0x03,0xe0,0x20,0x3e,0x00,  //..*@@%..+%..*@@%...
0x03,0xe0,0x80,0x3e,0x00,  //..*@@%.+%...*@@%...
0x03,0xe2,0x00,0x3e,0x00,  //..*@@%+%....*@@%...
0x03,0xe8,0x00,0x3e,0x00,  //..*@@#%.....*@@%...
0x03,0xfa,0xaa,0xbe,0xa4,  //..*@@@#%%%%%#@@#%%*
0x03,0xff,0xff,0xff,0xf4,  //..*@@@@@@@@@@@@@@@*
0x03,0xff,0xff,0xff,0xf4,  //..+@@@@@@@@@@@@@@@*
0x00,0x00,0x00,0x3e,0x00,  //............*@@%...
0x00,0x00,0x00,0x3e,0x00,  //............*@@%...
0x00,0x00,0x00,0x29,0x00,  //............+%%%...


/*  */
0x18,0x00,0x00,  //.%%+.......
0xa6,0x00,0x00,  //%%*#+...+*.
0xc2,0x01,0xa8,  //@..%*..*###
0xa6,0x02,0x08,  //%%%#...%*.#
0x3c,0x02,0x48,  //.@@*...%*+#
0x3c,0x00,0xb4,  //.@@*...+#@%
0x3c,0x00,0xb0,  //.@@*....#@*
0x3c,0x00,0xf0,  //.@@*...+@@+
0x3c,0x06,0xe0,  //.@@*..*#@%.
0x3d,0xaf,0x80,  //.@@*%#@@#..
0x3f,0xf9,0x00,  //.@@@@@#*...
0x3f,0x40,0x00,  //.@@@%*.....
0x3d,0x00,0x00,  //.@@*.......
0x3d,0x00,0x00,  //+@@*.......
0x92,0x00,0x00,  //#**#+......
0xc2,0x00,0x00,  //@+.#*......
0x6a,0x00,0x00,  //%###.......


/*  */
0x01,0xa4,0x00,0x40,0x00,  //...%##%....**......
0x0b,0xfe,0x00,0x40,0x40,  //..#@@@@#...**...%..
0x2f,0x4b,0x80,0x41,0x40,  //.#@@**#@#..**..%*..
0x7d,0x02,0xe0,0x45,0x00,  //*@@*..+#@#.**.%*...
0xb4,0x00,0xb8,0x04,0x00,  //%@*....+#@#..**....
0xb4,0x00,0x14,0x00,0x00,  //%@%.....+**+.......
0x3d,0x00,0x00,0x06,0xa0,  //*@@%..........*%%%*
0x1f,0x40,0x00,0x20,0x00,  //.%@@%........%.....
0x07,0xd0,0x00,0x38,0x00,  //..%@@%.......@#....
0x01,0xd0,0x00,0x2e,0x00,  //...%@%.......#@#...
0x00,0x50,0x00,0x0b,0x80,  //....%*.......+#@#..
0x00,0x00,0x00,0x02,0xe0,  //****..........+#@%.
0x00,0x00,0x00,0x00,0xf0,  //****....*+.....+@@+
0x00,0x41,0xf4,0x00,0xb4,  //....*..%@@*.....%@*
0x01,0x44,0x7d,0x01,0xf0,  //...%*.%.%@@*...*@@+
0x05,0x08,0x1f,0x47,0xd0,  //..%*..%..%@@*.*@@%.
0x14,0x08,0x07,0xff,0x40,  //.**...%...%@@@@@%..
0x00,0x08,0x01,0xfd,0x00,  //......%....*@@@%...


/*  */
0x07,0xfe,0x00,  //..%@@@@%+.
0x2f,0xff,0xc0,  //.#@@@@@@@*
0xbf,0xff,0xe0,  //%@@@@@@@@#
0x7d,0x07,0xf0,  //*@@%..%@@@
0x04,0x03,0xf0,  //.*%...*@@@
0x00,0x0b,0xf0,  //.....*#@@@
0x00,0x7f,0xd0,  //....%@@@@%
0x01,0xfe,0x00,  //...*@@@#*.
0x02,0xfc,0x00,  //...%@@@+..
0x01,0xa4,0x00,  //...*%%*...
0x01,0x54,0x00,  //...****...
0x02,0xf8,0x00,  //...%@@%...
0x02,0xf8,0x00,  //...%@@%...
0x02,0xf8,0x00,  //...%@@%...


/*  */
0x0a,0x90,  //.*%%%*.
0x1f,0xe0,  //.*@@@%.
0x1f,0xe0,  //.*@@@%.
0x1a,0x90,  //.*%%%*.
0x00,0x00,  //.......
0x00,0x00,  //.......
0xbf,0xe0,  //#@@@@%.
0xff,0xe0,  //@@@@@%.
0xaf,0xe0,  //%#@@@%.
0x1f,0xe0,  //.*@@@%.
0x1f,0xe0,  //.*@@@%.
0x1f,0xe0,  //.*@@@%.
0x1f,0xe0,  //.*@@@%.
0xaf,0xe8,  //%#@@@#%
0xff,0xfc,  //@@@@@@@
0xbf,0xf8,  //#@@@@@#


/*  */
0x6a,0x80,  //%%%%%
0xbf,0xc0,  //#@@@@
0xbf,0xc0,  //%@@@@
0xbf,0xc0,  //%@@@@
0xbf,0xc0,  //%@@@@
0xbf,0x80,  //%@@@#
0xbf,0x80,  //%@@@%
0xbf,0x80,  //%@@@%
0xbf,0x80,  //%@@@%
0x7f,0x80,  //*@@@%
0x00,0x00,  //.***+
0x00,0x00,  //.....
0x7f,0x40,  //*@@@%
0x7f,0x80,  //*@@@%
0x7f,0x80,  //*@@@%
0x7f,0x80,  //*@@@%


/*  */
0x00,0x00,0x00,0xbf,0x40,  //...........+#@@@*
0x00,0x00,0x00,0x82,0x80,  //...........+%**##
0x00,0x00,0x00,0x02,0x80,  //...............##
0x00,0x00,0x00,0x0b,0x40,  //.............+%@*
0x00,0x00,0x00,0x68,0x00,  //............*##*.
0xfd,0x03,0xf0,0xd0,0x40,  //@@@*..*@@@.*@%.+*
0xae,0x0b,0xa1,0xd5,0xc0,  //%#@#+.#@#%.%@%*%@
0x0b,0x9e,0x01,0xaa,0x80,  //..#@%*@#+..%%%%%%
0x03,0xed,0x00,0x00,0x00,  //..*@@#@*.........
0x01,0xf8,0x00,0x00,0x00,  //...%@@%..........
0x02,0xf8,0x00,0x00,0x00,  //...%@@#..........
0x07,0xae,0x00,0x00,0x00,  //..*@##@%.........
0x0b,0x4f,0x00,0x00,0x00,  //.+#@**@@*........
0xae,0x0b,0xa0,0x00,0x00,  //%#@#..%@#%.......
0xfc,0x02,0xf0,0x00,0x00,  //@@@*..+#@@.......


/*  */
0xfd,0x03,0xf0,0x00,0x00,  //@@@*..*@@@.......
0xae,0x0b,0xa0,0x00,0x00,  //%#@#+.#@#%.......
0x0b,0x9e,0x00,0x00,0x00,  //..#@%*@#+........
0x03,0xed,0x00,0x00,0x00,  //..*@@#@*.........
0x01,0xf8,0x00,0x14,0x00,  //...%@@%......***.
0x02,0xf8,0x00,0xbf,0x40,  //...%@@#....+#@@@%
0x07,0xae,0x00,0x82,0xc0,  //..*@##@%....%**#@
0x0b,0x4f,0x00,0x02,0x80,  //.+#@**@@*......##
0xae,0x0b,0xa0,0x0b,0x40,  //%#@#..%@#%...+%@*
0xfc,0x02,0xf0,0x68,0x00,  //@@@*..+#@@..*##*.
0x00,0x00,0x00,0xe0,0x40,  //...........*@%.+*
0x00,0x00,0x01,0xd5,0xc0,  //...........%@%*%@
0x00,0x00,0x01,0xaa,0x80,  //...........%%%%%%


/*  */
0x00,0x00,0x0b,0xff,0xff,0xc0,  //..........#@@@@@@@@@@
0x00,0x00,0x2f,0xff,0xff,0xc0,  //.........#@@@@@@@@@@@
0x00,0x00,0x7f,0xff,0xff,0x80,  //........%@@@@@@@@@@@%
0x00,0x01,0xff,0xff,0xfe,0x00,  //.......%@@@@@@@@@@@#.
0x00,0x07,0xff,0xff,0xf8,0x00,  //......*@@@@@@@@@@@#..
0x00,0x0f,0xff,0xff,0xe0,0x00,  //.....*@@@@@@@@@@@#+..
0x00,0x2f,0xff,0xff,0xc0,0x00,  //....+#@@@@@@@@@@@+...
0x00,0xbf,0xff,0xff,0x40,0x00,  //...+#@@@@@@@@@@@*....
0x02,0x80,0x00,0x1d,0x00,0x00,  //...##********%@*.....
0x0a,0x00,0x00,0x74,0x00,0x00,  //..##+.......*@%......
0x1c,0x00,0x00,0xa0,0x00,0x00,  //.%@*.......+#%.......
0x74,0x00,0x02,0x80,0x00,0x00,  //%@*.......+##........
0xe5,0x55,0x5a,0x00,0x00,0x00,  //@#********##.........
0x7f,0xff,0xf8,0x00,0x00,0x00,  //%@@@@@@@@@#+.........


/*  */
0x00,0x2e,0x00,0x00,0x00,  //....+#@#+..........
0x00,0xbf,0x80,0x00,0x00,  //....%@@@%..........
0x00,0x7f,0x40,0x00,0x00,  //....%@@@*..........
0x00,0x3e,0x00,0x00,0x00,  //....+@@#...........
0x00,0x2d,0x00,0x00,0x00,  //.....%@*...........
0x00,0x2e,0x00,0x40,0x00,  //**..*#@%+.***......
0xff,0xff,0xff,0x80,0x00,  //@@@@@@@@@@@@%......
0xff,0xff,0xff,0x40,0x00,  //@@@@@@@@@@@@*......
0xff,0xff,0xff,0x40,0x00,  //@@@@@@@@@@@@*......
0xff,0xff,0xff,0x40,0x00,  //@@@@@@@@@@@@*...+..
0xff,0xff,0xff,0x82,0xe0,  //@@@@@@@@@@@@#+*#@#+
0xff,0x91,0xbf,0xff,0xf4,  //@@@@#***#@@@@@@@@@*
0xff,0x40,0x7f,0xff,0xf4,  //@@@@*...*@@@@@@@@@*
0xff,0x00,0x7f,0x82,0xe0,  //@@@@*...*@@@%.+#@#+
0xff,0x40,0xbf,0x40,0x00,  //@@@@%...#@@@*...*..
0xff,0xc1,0xff,0x80,0x00,  //@@@@@+.*@@@@%......
0xff,0xc1,0xff,0x80,0x00,  //@@@@@*.*@@@@%......


/*  */
0x00,0x7e,0x40,0x00,  //....%@@#*....
0x01,0xff,0xd0,0x00,  //...%@@@@@*...
0x03,0xff,0xe0,0x00,  //...@@@@@@#...
0x03,0xff,0xf0,0x00,  //..*@@@@@@@...
0x03,0xff,0xf0,0x00,  //..*@@@@@@@...
0x03,0xff,0xf0,0x00,  //..*@@@@@@@...
0x03,0xff,0xf0,0x00,  //..*@@@@@@@...
0x83,0xff,0xf1,0x80,  //#**@@@@@@@.*%
0xd3,0xff,0xf1,0x80,  //@**@@@@@@@.*%
0xd3,0xff,0xf1,0x80,  //@*+@@@@@@@.%%
0x92,0xff,0xe2,0x80,  //#%.#@@@@@%.%%
0x60,0xbf,0x83,0x40,  //%#.*#@@@#++@*
0x28,0x19,0x0a,0x00,  //+#%.+%%%+.##.
0x0e,0x00,0x28,0x00,  //.*@#*...*##+.
0x02,0xfb,0xe0,0x00,  //..*#@@#@@%+..
0x00,0x1d,0x00,0x00,  //....*%@%+....
0x00,0x0c,0x00,0x00,  //.....*@*.....
0x0b,0xff,0xf8,0x00,  //..%@@@@@@@%..


/*  */
0x00,0x0b,0xe0,0x00,  //.....*#@@%......
0x00,0x2f,0xf8,0x00,  //....+#@@@@#.....
0x00,0x7f,0xf8,0x08,  //....%@@@@@#..+%.
0x00,0xbf,0xe0,0x2d,  //....%@@@@#..+#@*
0x00,0xbf,0x80,0xb4,  //....%@@@#..+#@%.
0x00,0xbe,0x02,0xd0,  //....%@@#..+#@%..
0x00,0xb8,0x0b,0x40,  //....%@#..+#@%...
0x18,0xa0,0x2e,0x20,  //.*%.%#..+#@%+#+.
0x18,0x40,0xbd,0x30,  //.*%.%..+#@@**@*.
0x18,0x02,0xfd,0x30,  //.*#...+#@@@**@*.
0x18,0x0b,0xfc,0x30,  //.*#..+#@@@@+*@+.
0x00,0x2f,0xf4,0xa0,  //.+..+#@@@@%.%#..
0x00,0xba,0x81,0xc0,  //...+#@%%%*.*@*..
0x02,0xe0,0x07,0x40,  //..+#@#...+%@%...
0x0b,0xbe,0xb9,0x00,  //.+#@#@@##@#*....
0x2d,0x06,0x90,0x00,  //+#@%.+*#%*......
0xb4,0x02,0x40,0x00,  //%@%....%*.......
0x10,0xff,0xfe,0x00,  //.*.*@@@@@@@#....


/*  */
0xaa,0xaa,0xaa,0xa0,  //%%%%%%%%%%%%%%
0xff,0xff,0xff,0xf0,  //@@@@@@@@@@@@@@
0xff,0xfd,0x55,0xb0,  //@@@@@@@%****#@
0xff,0xfc,0x00,0xb0,  //@@@@@@@*....%@
0xff,0xfc,0x00,0xb0,  //@@@@@@@*....%@
0xff,0xfc,0x00,0xb0,  //@@@@@@@*....%@
0xff,0xfc,0x00,0xb0,  //@@@@@@@*....%@
0xff,0xfc,0x00,0xb0,  //@@@@@@@*....%@
0xff,0xfc,0x00,0xb0,  //@@@@@@@*....%@
0xff,0xfc,0x00,0xb0,  //@@@@@@@*....%@
0xbf,0xfc,0x00,0xf0,  //#@@@@@@*....@@
0x7f,0xfc,0x01,0xe0,  //%@@@@@@*...*@#
0x3f,0xfc,0x07,0xd0,  //+@@@@@@*..*@@*
0x1f,0xfc,0x1f,0x80,  //.*@@@@@*.*@@%.
0x07,0xfd,0xbe,0x00,  //..*@@@@*%@@%..
0x00,0xbf,0xf4,0x00,  //...*#@@@@@%...
0x00,0x1f,0x80,0x00,  //.....%@@#*....


/*  */
0x01,0xf4,0x00,0xbc,0x00,  //...%@@%....+#@@*...
0x03,0x5c,0x01,0x8a,0x00,  //..+@**@+...*#*#%...
0x07,0x0d,0x01,0x8a,0x00,  //.**@**@****%%.%#*+.
0xbf,0x0f,0xff,0x8b,0xf4,  //#@@@**@@@@@@%.%@@@*
0xff,0x0f,0xff,0x8b,0xf4,  //@@@@**@@@@@@%.%@@@*
0xff,0xaf,0xff,0xeb,0xf4,  //@@@@##@@@@@@@%#@@@*
0xff,0xff,0xff,0xff,0xf4,  //@@@@@@@@@@@@@@@@@@*
0xd0,0x00,0x00,0x00,0x24,  //@*...............%*
0xd0,0x00,0x00,0x00,0x24,  //@*...............%*
0xd0,0x00,0x00,0x00,0x24,  //@*...............%*
0xd0,0x00,0x00,0x00,0x24,  //@*...............%*
0xd0,0x00,0x00,0x00,0x24,  //@*...............%*
0xd0,0x00,0x00,0x00,0x24,  //@*...............%*
0xd0,0x00,0x00,0x00,0x24,  //@*...............%*
0xd0,0x00,0x00,0x00,0x24,  //@*...............%*
0xd0,0x00,0x00,0x00,0x24,  //@*...............%*
0xd0,0x00,0x00,0x00,0x24,  //@*...............%*
0xd0,0x00,0x00,0x00,0x24,  //@*...............%*
0xe5,0x55,0x55,0x55,0x64,  //@%***************#*
0x6a,0xaa,0xaa,0xaa,0xa0,  //*%%%%%%%%%%%%%%%%%+


/*  */
0x00,0xa0,0x00,0x00,  //...+%%+.........
0x02,0x58,0x00,0x05,  //...%%%%.....+***
0x02,0x58,0x0a,0xfe,  //...%%%#***%#@@@%
0x07,0xff,0xff,0xfe,  //..%@@@@@@@@@@@@%
0x29,0x2d,0x06,0xfe,  //.##**#@****%@@@%
0x60,0x2e,0x00,0x05,  //%#+.*#@%+....+**
0x90,0xff,0x80,0x00,  //#*.*@@@@#+......
0x02,0xff,0xe0,0x00,  //...#@@@@@%......
0x03,0xff,0xf0,0x00,  //..+@@@@@@@......
0x03,0xff,0xf0,0x00,  //..*@@@@@@@......
0x03,0xff,0xf0,0x00,  //..*@@@@@@@......
0x03,0xff,0xf0,0x00,  //..*@@@@@@@......
0x03,0xff,0xf0,0x00,  //..*@@@@@@@......
0x03,0xff,0xf0,0x00,  //..*@@@@@@@......
0x03,0xff,0xf0,0x00,  //..*@@@@@@@......
0x03,0xff,0xf0,0x00,  //..*@@@@@@@......
0x03,0xff,0xf0,0x00,  //..*@@@@@@@......
0x03,0xff,0xf0,0x00,  //..+@@@@@@@......


/*  */
0x00,0x00,0x00,0x01,0xa4,  //..............**%%*
0x00,0x00,0x00,0x6f,0xf4,  //............*#@@@@*
0x00,0x00,0x02,0xfa,0xf4,  //..........+#@@##@@*
0x00,0x00,0x0b,0xf0,0xf0,  //.........+#@@@..@@*
0x00,0x00,0x2f,0xf0,0xf0,  //........+#@@@@**@@.
0x00,0x00,0xbf,0xff,0xe0,  //.......+#@@@@@@@@%.
0x02,0xaa,0xff,0xff,0xc0,  //..+%%%%#@@@@@@@@@*.
0x0b,0xff,0xff,0xff,0x40,  //..%@@@@@@@@@@@@@%..
0x0f,0xff,0xff,0xfe,0x00,  //.*@@@@@@@@@@@@@#...
0x2f,0xff,0xff,0xf8,0x00,  //.#@@@@@@@@@@@@#....
0x7f,0xff,0xff,0xe0,0x00,  //*@@@@@@@@@@@@#.....
0x79,0x2f,0xff,0x80,0x00,  //*@#**#@@@@@@#......
0x00,0x0b,0xff,0x80,0x00,  //.....+#@@@@@%......
0x00,0x02,0xff,0x40,0x00,  //......+#@@@@%......
0x00,0x01,0xff,0x40,0x00,  //.......*@@@@*......
0x00,0x01,0xff,0x40,0x00,  //.......%@@@@*......
0x00,0x02,0xf9,0x00,0x00,  //.......#@@#*.......
0x00,0x03,0xd0,0x00,0x00,  //......+@@%.........
0x00,0x00,0x00,0x00,0x00,  //.......*+..........


/*  */
0x3f,0xff,0xff,0xff,0x90,  //+@@@@@@@@@@@@@@@#*..
0x1f,0xff,0xff,0xff,0xf4,  //.%@@@@@@@@@@@@@@@@%.
0x0f,0xff,0xff,0xff,0xfc,  //.+@@@@@@@@@@@@@@@@@+
0x0b,0xf0,0x2f,0x81,0xfd,  //..%@@@***#@@#**%@@@*
0x0f,0xe0,0x3f,0x80,0xfd,  //..@@@%...@@@%...@@@*
0x0f,0xd0,0x3f,0x40,0xfd,  //.+@@@*..*@@@*..*@@@*
0x1f,0xc0,0x7f,0x01,0xfc,  //.*@@@*..*@@@*..*@@@*
0x1f,0xc0,0xbf,0x02,0xfc,  //.%@@@+..%@@@...%@@@.
0x2f,0x80,0xbe,0x02,0xf8,  //.#@@#...#@@#...#@@#.
0x3f,0x80,0xfd,0x03,0xf4,  //.@@@%..+@@@%..+@@@%.
0x3f,0x40,0xfd,0x03,0xf4,  //*@@@*..*@@@*..*@@@*.
0x7f,0x01,0xfc,0x07,0xf0,  //*@@@*..*@@@+..*@@@+.
0xbf,0x02,0xfc,0x0b,0xf0,  //%@@@...%@@@...%@@@..
0xbe,0x03,0xf8,0x0f,0xe0,  //#@@#...@@@%...@@@%..


/*  */
0x00,0x06,0xa4,0x00,0x00,  //.....+*%%%*+.....
0x00,0xbf,0xff,0x80,0x00,  //...+%@@@@@@@%+...
0x02,0xff,0xff,0xf4,0x00,  //..+#@@@@@@@@@@*..
0x0b,0xff,0x87,0xfc,0x00,  //.+#@@@@@#+%@@@@*.
0x2f,0xfe,0x02,0xfe,0x00,  //.#@@@@@#...%@@@#.
0x7f,0xf8,0x02,0xff,0x40,  //*@@@@@#....#@@@@*
0xbf,0xe0,0x0b,0xff,0x80,  //%@@@@#....#@@@@@#
0xbf,0x80,0x2f,0xff,0xc0,  //#@@@#....#@@@@@@@
0xfe,0x00,0xbf,0xff,0xc0,  //@@@#....#@@@@@@@@
0xff,0x00,0x7f,0xff,0xc0,  //@@@@+...%@@@@@@@@
0xbf,0x80,0x1f,0xff,0xc0,  //#@@@#+...%@@@@@@@
0x7f,0xe0,0x07,0xff,0x80,  //%@@@@#+...%@@@@@%
0x3f,0xf8,0x02,0xff,0x40,  //+@@@@@#+...%@@@@*
0x1f,0xfe,0x02,0xfe,0x00,  //.%@@@@@#+..#@@@%.
0x0b,0xff,0x9b,0xf8,0x00,  //..#@@@@@#*#@@@#+.
0x02,0xff,0xff,0xe0,0x00,  //...%@@@@@@@@@#+..
0x00,0x6f,0xfe,0x40,0x00,  //....*#@@@@@#*....


/*  */
0x00,0x06,0xa4,0x00,0x00,  //.....+*%%%*+.....
0x00,0xbf,0xff,0x80,0x00,  //...+%@@@@@@@%+...
0x02,0xff,0xff,0xf4,0x00,  //..+#@@@@@@@@@@*..
0x0b,0xf8,0xbf,0xfc,0x00,  //.+#@@@#+#@@@@@@*.
0x2f,0xe0,0x2f,0xfe,0x00,  //.#@@@#...#@@@@@#.
0x7f,0xe0,0x0b,0xff,0x40,  //*@@@@#....#@@@@@*
0xbf,0xf8,0x02,0xff,0x80,  //%@@@@@#....#@@@@#
0xbf,0xfe,0x00,0xbf,0xc0,  //#@@@@@@#....#@@@@
0xff,0xff,0x80,0x2f,0xc0,  //@@@@@@@@#....#@@@
0xff,0xff,0x40,0x2f,0xc0,  //@@@@@@@@%...+#@@@
0xbf,0xfd,0x00,0xbf,0xc0,  //#@@@@@@%...+#@@@@
0x7f,0xf4,0x02,0xff,0x80,  //%@@@@@%...+#@@@@%
0x3f,0xe0,0x0b,0xff,0x40,  //+@@@@#...+#@@@@@*
0x1f,0xe0,0x2f,0xfe,0x00,  //.%@@@#+.+#@@@@@%.
0x0b,0xf9,0xbf,0xf8,0x00,  //..#@@@#*#@@@@@#+.
0x02,0xff,0xff,0xe0,0x00,  //...%@@@@@@@@@#+..
0x00,0x6f,0xfe,0x40,0x00,  //....*#@@@@@#*....


/*  */
0x00,0x06,0xa4,0x00,0x00,  //.....+*%%%*+.....
0x00,0xbf,0xff,0x80,0x00,  //...+%@@@@@@@%+...
0x02,0xff,0xff,0xf4,0x00,  //..+#@@@@@@@@@@*..
0x0b,0xff,0xff,0xfc,0x00,  //.+#@@@@@@@@@@@@*.
0x2f,0xfe,0x2f,0xfe,0x00,  //.#@@@@@#*#@@@@@#.
0x7f,0xf8,0x0b,0xff,0x40,  //*@@@@@#...#@@@@@*
0xbf,0xe0,0x02,0xff,0x80,  //%@@@@#.....#@@@@#
0xbf,0x80,0x00,0xbf,0xc0,  //#@@@#.......#@@@@
0xfe,0x00,0x40,0x2f,0xc0,  //@@@#....%....#@@@
0xf8,0x02,0xe0,0x0b,0xc0,  //@@#....#@#....#@@
0xb8,0x0b,0xf8,0x0b,0xc0,  //#@#+..#@@@#...#@@
0x7e,0x2f,0xfe,0x2f,0x80,  //%@@#*#@@@@@#*#@@%
0x3f,0xff,0xff,0xff,0x40,  //+@@@@@@@@@@@@@@@*
0x1f,0xff,0xff,0xfe,0x00,  //.%@@@@@@@@@@@@@%.
0x0b,0xff,0xff,0xf8,0x00,  //..#@@@@@@@@@@@#+.
0x02,0xff,0xff,0xe0,0x00,  //...%@@@@@@@@@#+..
0x00,0x6f,0xfe,0x40,0x00,  //....*#@@@@@#*....


/*  */
0x00,0x06,0xa4,0x00,0x00,  //.....+*%%%*+.....
0x00,0xbf,0xff,0x80,0x00,  //...+%@@@@@@@%+...
0x02,0xff,0xff,0xf4,0x00,  //..+#@@@@@@@@@@*..
0x0b,0xff,0xff,0xfc,0x00,  //.+#@@@@@@@@@@@@*.
0x2f,0xff,0xff,0xfe,0x00,  //.#@@@@@@@@@@@@@#.
0x7f,0xff,0xff,0xff,0x40,  //*@@@@@@@@@@@@@@@*
0xbe,0x1f,0xfd,0x1f,0x80,  //%@@#.%@@@@@%.%@@#
0xb8,0x07,0xf4,0x0b,0xc0,  //#@#...%@@@%...#@@
0xfc,0x01,0xd0,0x0b,0xc0,  //@@@+...%@%...+#@@
0xfe,0x00,0x40,0x2f,0xc0,  //@@@#+...*...+#@@@
0xbf,0x80,0x00,0xbf,0xc0,  //#@@@#+.....+#@@@@
0x7f,0xe0,0x02,0xff,0x80,  //%@@@@#+...+#@@@@%
0x3f,0xf8,0x0b,0xff,0x40,  //+@@@@@#+.+#@@@@@*
0x1f,0xfe,0x6f,0xfe,0x00,  //.%@@@@@#*#@@@@@%.
0x0b,0xff,0xff,0xf8,0x00,  //..#@@@@@@@@@@@#+.
0x02,0xff,0xff,0xe0,0x00,  //...%@@@@@@@@@#+..
0x00,0x6f,0xfe,0x40,0x00,  //....*#@@@@@#*....


/*  */
0xaa,0xaa,0xaa,0xa9,  //%%%%%%%%%%%%%%%%
0xbf,0xff,0xff,0xfd,  //#@@@@@@@@@@@@@@%
0xbf,0xff,0xff,0xfd,  //%@@@@@@@@@@@@@@*
0xbd,0x55,0x55,0x7d,  //%@@*********%@@*
0x7c,0x00,0x00,0x3c,  //%@@.........*@@*
0x7c,0x15,0x55,0xbc,  //*@@..*******%@@*
0x7c,0x2f,0xff,0xfc,  //*@@*.%@@@@@@@@@*
0x3c,0x15,0x55,0xbc,  //*@@*.*******%@@.
0x3c,0x00,0x00,0xbc,  //*@@*........%@@.
0x3e,0x55,0x50,0xb8,  //*@@%******+.%@#.
0x3e,0x6f,0xf0,0xb8,  //.@@%*%@@@@*.%@%.
0x3d,0x1f,0xf0,0xf8,  //.@@%.*@@@@..@@%.
0x3e,0x01,0x40,0xf4,  //.@@%..*%*+..@@%.
0x2e,0x00,0x00,0xf4,  //.%@#+......*@@*.
0x2f,0xe5,0x6f,0xf4,  //.%@@@#%**%@@@@*.
0x2f,0xff,0xff,0xf0,  //.%@@@@@@@@@@@@*.
0x06,0xff,0xff,0x90,  //.*%#@@@@@@@@#%..
0x00,0x1b,0xa4,0x00,  //....+*%@#%*+....


/*  */
0x02,0xaa,0xaa,0xaa,0xa9,  //...%%%%%%%%%%%%%%%%%
0x03,0xff,0xff,0xff,0xfd,  //..+@@@@@@@@@@@@@@@@%
0x07,0xff,0xff,0xff,0xfd,  //..*@@@@@@@@@@@@@@@@*
0x01,0x55,0x55,0x55,0xfc,  //..*************%@@@*
0x00,0x00,0x00,0x00,0xfc,  //...............*@@@.
0x00,0x00,0x00,0x01,0xf8,  //..*************%@@#.
0x0f,0xff,0xff,0xff,0xf4,  //.+@@@@@@@@@@@@@@@@%.
0x1f,0xff,0xff,0xff,0xf4,  //.*@@@@@@@@@@@@@@@@*.
0x1f,0xff,0xff,0xff,0xf0,  //.%@@@@@@@@@@@@@@@@*.
0x00,0x00,0x00,0x03,0xf0,  //..............*@@@..
0x00,0x00,0x00,0x07,0xe0,  //..............*@@#..
0x2a,0x00,0x00,0x0b,0xd0,  //+%%%+.........%@@%..
0x3f,0x00,0x00,0x0b,0xd0,  //*@@@..........#@@*..
0x7f,0x90,0x00,0x6f,0xc0,  //*@@@#%+....*%#@@@*..
0xbf,0xfe,0x5b,0xff,0xc0,  //%@@@@@@#*%#@@@@@@...
0x2f,0xff,0xff,0xf9,0x00,  //*%@@@@@@@@@@@@#%*...
0x01,0xbf,0xfe,0x40,0x00,  //...*#@@@@@@#%*......
0x00,0x06,0x90,0x00,0x00,  //.....+%##%*.........


/*  */
0x00,0x00,0xbe,0x00,0x00,  //........%@@%........
0x00,0x01,0xff,0x40,0x00,  //.......%@@@@%.......
0x00,0x02,0xc3,0x80,0x00,  //.......%@**@%.......
0x00,0x02,0xeb,0x80,0x00,  //.......%@##@%.......
0x00,0x00,0xbe,0x00,0x00,  //.......+#@@#+.......
0x00,0x00,0x7d,0x00,0x00,  //........*@@*........
0x00,0x00,0x7d,0x00,0x00,  //........*@@*........
0x00,0x0f,0xff,0xf0,0x00,  //.....+@@@@@@@@+.....
0x00,0x0f,0xff,0xf0,0x00,  //.....*@@@@@@@@*.....
0x00,0x0a,0xbe,0xa0,0x00,  //.....+%%#@@#%%+.....
0x00,0x00,0x7d,0x00,0x00,  //........*@@*........
0x00,0x00,0x7d,0x00,0x00,  //........*@@*........
0x00,0x00,0x7d,0x00,0x00,  //****+...*@@*...+****
0xff,0x40,0x7d,0x01,0xff,  //@@@@*...*@@*...*@@@@
0xfd,0x00,0x7d,0x00,0x7f,  //@@@%....*@@*....%@@@
0xff,0x40,0x7d,0x01,0xff,  //@@@@*...*@@*...*@@@@
0xdb,0xe4,0x7d,0x1b,0xe7,  //@*#@@#*+*@@*+*#@@#*@
0x02,0xff,0xff,0xff,0x80,  //+.+#@@@@@@@@@@@@#+.+
0x00,0x6f,0xff,0xf9,0x00,  //....*#@@@@@@@@#*....
0x00,0x01,0x69,0x40,0x00,  //......+*%%%%*+......


/*  */
0x00,0xbf,0x80,0x00,  //...+%@@@%+...
0x03,0xff,0xe0,0x00,  //..*@@@@@@#+..
0x0b,0x80,0xb8,0x00,  //..#@#+.*#@#..
0x1e,0x00,0x3c,0x00,  //.*@#.....@@*.
0x1d,0x00,0x2d,0x00,  //.*@%.....%@*.
0x1d,0x00,0x04,0x00,  //.*@*.....**+.
0x1d,0x00,0x00,0x00,  //.*@*.........
0x1d,0x00,0x00,0x00,  //.*@*.........
0x2e,0x55,0x55,0x00,  //*%@%*********
0xff,0xff,0xff,0x80,  //@@@@@@@@@@@@%
0xff,0xff,0xff,0x80,  //@@@@@@@@@@@@%
0xff,0xff,0xff,0x80,  //@@@@@@@@@@@@%
0xff,0xff,0xff,0x80,  //@@@@@@@@@@@@%
0xff,0xff,0xff,0x80,  //@@@@@@@@@@@@%
0xff,0xff,0xff,0x80,  //@@@@@@@@@@@@%
0xff,0xff,0xff,0x80,  //@@@@@@@@@@@@%
0xbf,0xff,0xff,0x40,  //#@@@@@@@@@@@%


/*  */
0x00,0x06,0xa4,0x00,0x00,  //.....+*%%%*+.....
0x00,0xbe,0xaf,0x80,0x00,  //...+%@@%%%@@%+...
0x02,0x90,0x01,0xb4,0x00,  //..+##*.....*#@*..
0x0a,0x06,0xa4,0x1c,0x00,  //.+##..*%%%%+.%@*.
0x28,0x2e,0x6a,0x0a,0x00,  //.##.+#@%*%##*.%#.
0x70,0xa0,0x02,0xc3,0x40,  //*@*+##+....%@++@*
0xa1,0x82,0xe0,0xa2,0x80,  //%#.%#.+%@#+.#%.%#
0x93,0x4b,0xf8,0x71,0xc0,  //#%.@%.#@@@#+*@+*@
0xd3,0x0f,0xfd,0x30,0xc0,  //@*+@**@@@@@**@**@
0xd3,0x0f,0xfd,0x30,0xc0,  //@*.@*+@@@@@**@**@
0x92,0x4b,0xf8,0x71,0xc0,  //#%.#%.%@@@#.*@.*@
0x61,0xc1,0x90,0x92,0x80,  //%#.*@+.*%%.+#%.#%
0x34,0xa4,0x02,0x83,0x40,  //+@*.##*...*##.*@*
0x18,0x2f,0xbe,0x0a,0x00,  //.%#+.%@@#@@%..#%.
0x0a,0x01,0x50,0x28,0x00,  //..##*.+****.+##+.
0x02,0xe0,0x01,0xe0,0x00,  //...%@%*...*%@#+..
0x00,0x6f,0xfe,0x40,0x00,  //....*#@@@@@#*....


/*  */
0xbe,0x0b,0xe0,0xfd,  //#@@#++#@@#.*@@@%
0xff,0x0f,0xf1,0xfe,  //@@@@**@@@@.*@@@%
0xff,0x0f,0xf1,0xfe,  //@@@@**@@@@.*@@@%
0xbf,0x0f,0xe1,0xfe,  //#@@@++@@@#.*@@@%


/*  */
0x6a,  //%%%%
0xff,  //@@@@
0xff,  //@@@@
0xff,  //@@@@
0x15,  //****
0x00,  //....
0xbe,  //#@@#
0xff,  //@@@@
0xff,  //@@@@
0xbf,  //#@@@
0x00,  //+**+
0x00,  //+**+
0xbf,  //#@@@
0xff,  //@@@@
0xff,  //@@@@
0xbe,  //#@@#


/*  */
0x06,0xaa,0xaa,0xa8,0x00,  //.*%%%%%%%%%%%%%*.
0x3f,0xff,0xff,0xff,0x40,  //*@@@@@@@@@@@@@@@*
0xbf,0xff,0xff,0xff,0x80,  //#@@@@@@@@@@@@@@@#
0xf9,0x6f,0xff,0xff,0xc0,  //@@#*%#@@@@@@@@@@@
0xf8,0x01,0xbf,0xff,0xc0,  //@@%...+*#@@@@@@@@
0xf8,0x00,0x2f,0xff,0xc0,  //@@#**...+%@@@@@@@
0xff,0xe4,0x07,0xff,0xc0,  //@@@@@#%+..%@@@@@@
0xfe,0xfe,0x41,0xff,0xc0,  //@@@%@@@#*..%@@@@@
0xf8,0x0b,0xd0,0xbf,0xc0,  //@@%..*#@@*..#@@@@
0xf8,0x01,0xf0,0x3f,0xc0,  //@@#....%@@+.*@@@@
0xff,0x80,0xb8,0x2f,0xc0,  //@@@@%*..%@%..#@@@
0xfe,0xb4,0x3c,0x1f,0xc0,  //@@@#%@*.+@@*.%@@@
0xfc,0x18,0x2d,0x0f,0xc0,  //@@@..*#..%@%.*@@@
0xf8,0x0d,0x1e,0x0f,0xc0,  //@@#..*@*.*@%.+@@@
0xfe,0x6e,0x6e,0x5f,0xc0,  //@@@%*#@%*%@#**@@@
0xbf,0xff,0xff,0xff,0x80,  //%@@@@@@@@@@@@@@@#
0x2f,0xff,0xff,0xfe,0x00,  //+#@@@@@@@@@@@@@#+


/*  */
0x00,0x06,0xa4,0x00,0x00,  //.....+*%%%*+.....
0x00,0xbf,0xff,0x80,0x00,  //...+%@@@@@@@%+...
0x02,0xff,0xff,0xf4,0x00,  //..+#@@@@@@@@@@*..
0x0b,0xff,0xff,0xfc,0x00,  //.+#@@@@@@@@@@@@*.
0x2f,0xe6,0xff,0xfe,0x00,  //.#@@@#%#@@@@@@@#.
0x7f,0xe0,0xbf,0xff,0x40,  //*@@@@%.+%@@@@@@@*
0xbf,0xe0,0x0b,0xff,0x80,  //%@@@@%...*#@@@@@#
0xbf,0xe0,0x01,0xbf,0xc0,  //#@@@@%.....*#@@@@
0xff,0xe0,0x00,0x2f,0xc0,  //@@@@@%.......#@@@
0xff,0xe0,0x00,0x2f,0xc0,  //@@@@@%......*#@@@
0xbf,0xe0,0x02,0xff,0xc0,  //#@@@@%....+%@@@@@
0x7f,0xe0,0x1f,0xff,0x80,  //%@@@@%...%@@@@@@%
0x3f,0xe1,0xbf,0xff,0x40,  //+@@@@%.*#@@@@@@@*
0x1f,0xfb,0xff,0xfe,0x00,  //.%@@@@#@@@@@@@@%.
0x0b,0xff,0xff,0xf8,0x00,  //..#@@@@@@@@@@@#+.
0x02,0xff,0xff,0xe0,0x00,  //...%@@@@@@@@@#+..
0x00,0x6f,0xfe,0x40,0x00,  //....*#@@@@@#*....


/*  */
0x00,0x00,0x01,0x00,0x00,  //..........**......
0x00,0x00,0x1f,0x80,0x00,  //.........*@@#.....
0x00,0x00,0x7f,0xc0,0x00,  //........*@@@@*....
0x00,0x01,0xfb,0xc0,0x00,  //.......*@@%@@.....
0x00,0x07,0xd1,0xc0,0x00,  //......*@@*.*@.....
0x00,0x1f,0x48,0x60,0x40,  //.....*@@*+#+*#++*.
0x00,0x7d,0x2e,0x1f,0xe0,  //....*@@*+#@#+*@@@#
0x01,0xf4,0xbf,0x87,0xf0,  //...*@@*+#@@@#+*@@@
0x07,0xd2,0xff,0xe2,0xe0,  //..*@@*+#@@@@@%.#@#
0x1f,0x4b,0xff,0x87,0x80,  //.*@@*+#@@@@@#.%@#+
0x7d,0x2f,0xfe,0x1e,0x00,  //*@@*+#@@@@@#.%@#+.
0xf8,0x7f,0xf8,0x78,0x00,  //@@#.%@@@@@#.%@#+..
0xfd,0x1f,0xe1,0xe0,0x00,  //@@@%.%@@@#.%@#+...
0x7a,0x47,0x87,0x80,0x00,  //*@##%.%@#.%@#+....
0x00,0x51,0x1e,0x00,0x00,  //.+..*%.*.%@#+.....
0x00,0x34,0x78,0x00,0x00,  //.....@%.%@#+......
0x00,0x3f,0xe0,0x00,0x00,  //.....@@@@#+.......
0x00,0x7f,0x80,0x00,0x00,  //....*@@@#+........
0x00,0x1e,0x00,0x00,0x00,  //.....%@#+.........


/*  */
0x06,0xaa,0xaa,0xa8,0x00,  //.*%%%%%%%%%%%%%*.
0x3f,0xff,0xff,0xff,0x40,  //*@@@@@@@@@@@@@@@*
0xbf,0xff,0xff,0xff,0x80,  //#@@@@@@@@@@@@@@@#
0xff,0xff,0xff,0xff,0xc0,  //@@@@@@@@@@@@@@@@@
0xff,0xff,0xff,0xff,0xc0,  //@@@@@@@@@@@@@@@@@
0xff,0xff,0xff,0xff,0xc0,  //@@@@@@@@@@@@@@@@@
0xff,0xff,0xff,0xff,0xc0,  //@@@@@@@@@@@@@@@@@
0xfd,0x55,0x55,0x5b,0xc0,  //@@@***********#@@
0xf8,0x00,0x00,0x0b,0xc0,  //@@%...........%@@
0xf8,0x00,0x00,0x0b,0xc0,  //@@#...........%@@
0xfe,0xaa,0xaa,0xaf,0xc0,  //@@@#%%%%%%%%%%@@@
0xff,0xff,0xff,0xff,0xc0,  //@@@@@@@@@@@@@@@@@
0xff,0xff,0xff,0xff,0xc0,  //@@@@@@@@@@@@@@@@@
0xff,0xff,0xff,0xff,0xc0,  //@@@@@@@@@@@@@@@@@
0xff,0xff,0xff,0xff,0xc0,  //@@@@@@@@@@@@@@@@@
0xbf,0xff,0xff,0xff,0x80,  //%@@@@@@@@@@@@@@@#
0x2f,0xff,0xff,0xfe,0x00,  //+#@@@@@@@@@@@@@#+


/*  */
0x06,0xaa,0xaa,0x90,  //.*%%%%%%%%%%%%..
0x3a,0xaa,0xaa,0xa8,  //*@#%%%%%%%%%%##.
0xa0,0x00,0x00,0x09,  //#%............#%
0xd0,0x00,0x00,0x0a,  //@*............%%
0xd0,0x00,0x00,0x0a,  //@*............%%
0xd0,0x00,0x00,0x0a,  //@*............%%
0xd0,0x00,0x00,0x0a,  //@*............%%
0xd1,0x55,0x55,0x4a,  //@*.**********.%%
0xd2,0xaa,0xaa,0x4a,  //@*+%%%%%%%%%%.%%
0xd0,0x00,0x00,0x0a,  //@*............%%
0xd0,0x00,0x00,0x0a,  //@*............%%
0xd0,0x00,0x00,0x0a,  //@*............%%
0xd0,0x00,0x00,0x0a,  //@*............%%
0x90,0x00,0x00,0x09,  //#%............#%
0x75,0x55,0x55,0x6c,  //*@%**********%@*
0x1b,0xff,0xff,0xe0,  //.*#@@@@@@@@@@#*.


/*  */
0x00,0x05,0x00,  //......*%....
0x00,0x0f,0x40,  //.....+@@*...
0x00,0x2f,0xd0,  //....+#@@@*..
0x00,0xbf,0xe0,  //....#@@@@#+.
0x02,0xff,0xf8,  //...%@@@@@@#.
0x02,0xff,0xfd,  //..+#@@@@@@@*
0x00,0x0f,0x40,  //.....*@@*...
0x00,0x0f,0x40,  //.....*@@*...
0x00,0x0f,0x40,  //.....*@@*...
0x00,0x0f,0x40,  //.....*@@*...
0x00,0x0f,0x40,  //.....*@@*...
0x00,0x0f,0x40,  //.....*@@*...
0x00,0x0f,0x40,  //.....*@@*...
0x1a,0xaf,0x40,  //.*%%%#@@*...
0x2f,0xff,0x40,  //+#@@@@@@*...
0xbf,0xff,0x40,  //#@@@@@@@*...


/*  */
0xbf,0xff,0x40,  //%@@@@@@@*...
0x2f,0xff,0x40,  //.#@@@@@@*...
0x05,0x5f,0x40,  //.+***%@@*...
0x00,0x0f,0x40,  //.....*@@*...
0x00,0x0f,0x40,  //.....*@@*...
0x00,0x0f,0x40,  //.....*@@*...
0x00,0x0f,0x40,  //.....*@@*...
0x00,0x0f,0x40,  //.....*@@*...
0x00,0x0f,0x40,  //.....*@@*...
0x00,0x1f,0x40,  //...***@@%**.
0x03,0xff,0xfd,  //...@@@@@@@@*
0x01,0xff,0xf8,  //...*@@@@@@%.
0x00,0x7f,0xe0,  //....%@@@@#..
0x00,0x2f,0x80,  //.....#@@#+..
0x00,0x0b,0x00,  //......#@*...


/*  */
0x06,0xaa,0xaa,0xa8,0x00,  //.*%%%%%%%%%%%%%*.
0x3f,0xff,0xff,0xff,0x40,  //*@@@@@@@@@@@@@@@*
0xbf,0xff,0xff,0xff,0x80,  //#@@@@@@@@@@@@@@@#
0xff,0xff,0xff,0xff,0xc0,  //@@@@@@@@@@@@@@@@@
0xff,0xff,0xfe,0x1f,0xc0,  //@@@@@@@@@@@#*%@@@
0xff,0xff,0xf8,0x07,0xc0,  //@@@@@@@@@@#+..%@@
0xff,0xff,0xe0,0x07,0xc0,  //@@@@@@@@@#+...%@@
0xfd,0x2f,0x80,0x1f,0xc0,  //@@@%.#@@#+...%@@@
0xf8,0x0a,0x00,0x7f,0xc0,  //@@%...##+...%@@@@
0xf8,0x00,0x01,0xff,0xc0,  //@@#....+...%@@@@@
0xfe,0x00,0x07,0xff,0xc0,  //@@@#......%@@@@@@
0xff,0x80,0x1f,0xff,0xc0,  //@@@@#....%@@@@@@@
0xff,0xe0,0x7f,0xff,0xc0,  //@@@@@#..%@@@@@@@@
0xff,0xfa,0xff,0xff,0xc0,  //@@@@@@#%@@@@@@@@@
0xff,0xff,0xff,0xff,0xc0,  //@@@@@@@@@@@@@@@@@
0xbf,0xff,0xff,0xff,0x80,  //%@@@@@@@@@@@@@@@#
0x2f,0xff,0xff,0xfe,0x00,  //+#@@@@@@@@@@@@@#+


/*  */
0x06,0xaa,0xaa,0xa8,0x00,  //.*%%%%%%%%%%%%%*.
0x3f,0xff,0xff,0xff,0x40,  //*@@@@@@@@@@@@@@@*
0xbf,0xff,0xff,0xff,0x80,  //#@@@@@@@@@@@@@@@#
0xff,0xff,0xf8,0xbf,0xc0,  //@@@@@@@@@@%*#@@@@
0xff,0xff,0xe0,0x2f,0xc0,  //@@@@@@@@@#...#@@@
0xff,0xff,0x64,0x0b,0xc0,  //@@@@@@@@%#%...#@@
0xff,0xfd,0x09,0x0b,0xc0,  //@@@@@@@%.+#%..#@@
0xff,0xf4,0x42,0x6f,0xc0,  //@@@@@@%.%..#%#@@@
0xff,0xd1,0x00,0xff,0xc0,  //@@@@@%.%...+@@@@@
0xff,0x44,0x02,0xff,0xc0,  //@@@@%.%....#@@@@@
0xfd,0x00,0x0b,0xff,0xc0,  //@@@%.*....#@@@@@@
0xf8,0x40,0x2f,0xff,0xc0,  //@@#.%....#@@@@@@@
0xf8,0x60,0xbf,0xff,0xc0,  //@@%.*#..#@@@@@@@@
0xf8,0x12,0xff,0xff,0xc0,  //@@%..*.#@@@@@@@@@
0xf9,0x5b,0xff,0xff,0xc0,  //@@#***#@@@@@@@@@@
0xbf,0xff,0xff,0xff,0x80,  //%@@@@@@@@@@@@@@@#
0x2f,0xff,0xff,0xfe,0x00,  //+#@@@@@@@@@@@@@#+


/*  */
0x06,0xaa,0xaa,0xa8,0x00,  //.*%%%%%%%%%%%%%*.
0x3f,0xff,0xff,0xff,0x40,  //*@@@@@@@@@@@@@@@*
0xbf,0xff,0xff,0xff,0x80,  //#@@@@@@@@@@@@@@@#
0xff,0xfe,0x00,0x0b,0xc0,  //@@@@@@@%******#@@
0xff,0xfe,0x00,0x0b,0xc0,  //@@@@@@@#......%@@
0xff,0xff,0x80,0x0b,0xc0,  //@@@@@@@@#.....%@@
0xff,0xff,0x80,0x0b,0xc0,  //@@@@@@@@#.....%@@
0xff,0xfe,0x00,0x0b,0xc0,  //@@@@@@@#......%@@
0xff,0xf8,0x02,0x0b,0xc0,  //@@@@@@#....%..%@@
0xff,0xe0,0x0b,0x8b,0xc0,  //@@@@@#....#@#+#@@
0xff,0x80,0x2f,0xff,0xc0,  //@@@@#....#@@@@@@@
0xfe,0x00,0xbf,0xff,0xc0,  //@@@#....#@@@@@@@@
0xfc,0x02,0xff,0xff,0xc0,  //@@@*...#@@@@@@@@@
0xfe,0x0b,0xff,0xff,0xc0,  //@@@#..#@@@@@@@@@@
0xff,0xaf,0xff,0xff,0xc0,  //@@@@##@@@@@@@@@@@
0xbf,0xff,0xff,0xff,0x80,  //%@@@@@@@@@@@@@@@#
0x2f,0xff,0xff,0xfe,0x00,  //+#@@@@@@@@@@@@@#+


/*  */
0x06,0xaa,0xaa,0xa8,0x00,  //.*%%%%%%%%%%%%%*.
0x3f,0xff,0xff,0xff,0x40,  //*@@@@@@@@@@@@@@@*
0xbf,0xff,0xf1,0xff,0x80,  //#@@@@@@@@@+%@@@@#
0xff,0xff,0xf0,0x7f,0xc0,  //@@@@@@@@@@..%@@@@
0xff,0xfe,0x90,0x1f,0xc0,  //@@@@@@@#%*...%@@@
0xff,0xd0,0x00,0x07,0xc0,  //@@@@@*........%@@
0xff,0x00,0x00,0x02,0xc0,  //@@@@*..........#@
0xfd,0x00,0x00,0x02,0xc0,  //@@@%..........+#@
0xfc,0x00,0x00,0x0b,0xc0,  //@@@+.....+...+#@@
0xfc,0x06,0xf0,0x2f,0xc0,  //@@@...*#@@..+#@@@
0xf8,0x0f,0xf0,0xbf,0xc0,  //@@#..*@@@@.+#@@@@
0xf8,0x1f,0xfa,0xff,0xc0,  //@@#..%@@@@##@@@@@
0xfc,0x2f,0xff,0xff,0xc0,  //@@@+.%@@@@@@@@@@@
0xfd,0x2f,0xff,0xff,0xc0,  //@@@*.%@@@@@@@@@@@
0xfe,0x2f,0xff,0xff,0xc0,  //@@@#.%@@@@@@@@@@@
0xbf,0xaf,0xff,0xff,0x80,  //%@@@%#@@@@@@@@@@#
0x2f,0xff,0xff,0xfe,0x00,  //+#@@@@@@@@@@@@@#+


/*  */
0x00,0x06,0xa4,0x00,0x00,  //.....+*%%%*+.....
0x00,0xbf,0xff,0x80,0x00,  //...+%@@@@@@@%+...
0x02,0xfe,0xaf,0xf4,0x00,  //..+#@@@#%#@@@@*..
0x0b,0xd0,0x01,0xfc,0x00,  //.+#@@%+...+*@@@*.
0x2f,0x40,0x00,0x2e,0x00,  //.#@@*.....+*+#@#.
0x7d,0x00,0x1d,0x1f,0x40,  //*@@*....+%@*.*@@*
0xb8,0x01,0xfd,0x0b,0x80,  //%@#...+%@@@*..#@#
0xb4,0x0f,0xfd,0x07,0xc0,  //#@%..+@@@@@*..*@@
0xf4,0x0d,0xbd,0x07,0xc0,  //@@*..*@%#@@*..*@@
0xf4,0x0c,0x1d,0x07,0xc0,  //@@*..*@*.*@*..*@@
0xb8,0x0d,0x78,0x07,0xc0,  //#@%..*@*%@#*..%@@
0x7c,0x0f,0x90,0x0b,0x80,  //%@@+.*@@#*....#@%
0x3e,0x09,0x00,0x1f,0x40,  //+@@%.*#*.....%@@*
0x1f,0x40,0x00,0x7e,0x00,  //.%@@%+......*@@%.
0x0b,0xe4,0x06,0xf8,0x00,  //..#@@#*+.+*#@@#+.
0x02,0xff,0xff,0xe0,0x00,  //...%@@@@@@@@@#+..
0x00,0x6f,0xfe,0x40,0x00,  //....*#@@@@@#*....


/*  */
0x06,0xaa,0xaa,0xa8,0x00,  //.*%%%%%%%%%%%%%*.
0x3f,0xff,0xff,0xff,0x40,  //*@@@@@@@@@@@@@@@*
0xbf,0xff,0xff,0xff,0x80,  //#@@@@@@@@@@@@@@@#
0xf8,0x00,0x00,0x0b,0xc0,  //@@#***********#@@
0xf8,0x00,0x00,0x0b,0xc0,  //@@%...........%@@
0xf8,0x00,0x00,0x0b,0xc0,  //@@%...........%@@
0xf8,0xbf,0xff,0x8b,0xc0,  //@@%.%@@@@@@@%.%@@
0xf8,0x3f,0xff,0x4b,0xc0,  //@@%.*@@@@@@@*.%@@
0xf8,0x1f,0xfe,0x0b,0xc0,  //@@%..%@@@@@%..%@@
0xf8,0x0b,0xf8,0x0b,0xc0,  //@@%...#@@@#...%@@
0xf8,0x03,0xf0,0x0b,0xc0,  //@@%...+@@@*...%@@
0xf8,0x01,0xd0,0x0b,0xc0,  //@@%....*@%....%@@
0xf8,0x00,0x40,0x0b,0xc0,  //@@%.....*.....%@@
0xf8,0x00,0x00,0x0b,0xc0,  //@@%...........%@@
0xf9,0x55,0x55,0x5b,0xc0,  //@@#***********#@@
0xbf,0xff,0xff,0xff,0x80,  //%@@@@@@@@@@@@@@@#
0x2f,0xff,0xff,0xfe,0x00,  //+#@@@@@@@@@@@@@#+


/*  */
0x06,0xaa,0xaa,0xa8,0x00,  //.*%%%%%%%%%%%%%*.
0x3f,0xff,0xff,0xff,0x40,  //*@@@@@@@@@@@@@@@*
0xbf,0xff,0xff,0xff,0x80,  //#@@@@@@@@@@@@@@@#
0xf8,0x00,0x00,0x0b,0xc0,  //@@#***********#@@
0xf8,0x00,0x00,0x0b,0xc0,  //@@%...........%@@
0xf8,0x00,0x80,0x0b,0xc0,  //@@%.....%+....%@@
0xf8,0x02,0xe0,0x0b,0xc0,  //@@%....%@#....%@@
0xf8,0x07,0xf4,0x0b,0xc0,  //@@%...*@@@*...%@@
0xf8,0x0b,0xfc,0x0b,0xc0,  //@@%..+#@@@@*..%@@
0xf8,0x2f,0xfe,0x0b,0xc0,  //@@%..#@@@@@#..%@@
0xf8,0x7f,0xff,0x4b,0xc0,  //@@%.*@@@@@@@%.%@@
0xf8,0x6a,0xaa,0x4b,0xc0,  //@@%.*%%%%%%%*.%@@
0xf8,0x00,0x00,0x0b,0xc0,  //@@%...........%@@
0xf8,0x00,0x00,0x0b,0xc0,  //@@%...........%@@
0xf9,0x55,0x55,0x5b,0xc0,  //@@#***********#@@
0xbf,0xff,0xff,0xff,0x80,  //%@@@@@@@@@@@@@@@#
0x2f,0xff,0xff,0xfe,0x00,  //+#@@@@@@@@@@@@@#+


/*  */
0x06,0xaa,0xaa,0xa8,0x00,  //.*%%%%%%%%%%%%%*.
0x3f,0xff,0xff,0xff,0x40,  //*@@@@@@@@@@@@@@@*
0xbf,0xff,0xff,0xff,0x80,  //#@@@@@@@@@@@@@@@#
0xf8,0x00,0x00,0x0b,0xc0,  //@@#***********#@@
0xf8,0x04,0x00,0x0b,0xc0,  //@@%...*.......%@@
0xf8,0x0e,0x00,0x0b,0xc0,  //@@%..*@#+.....%@@
0xf8,0x0f,0x90,0x0b,0xc0,  //@@%..*@@#*....%@@
0xf8,0x0f,0xf8,0x0b,0xc0,  //@@%..*@@@@%...%@@
0xf8,0x0f,0xfe,0x0b,0xc0,  //@@%..*@@@@@#..%@@
0xf8,0x0f,0xfe,0x0b,0xc0,  //@@%..*@@@@@%..%@@
0xf8,0x0f,0xe4,0x0b,0xc0,  //@@%..*@@@#*...%@@
0xf8,0x0f,0x80,0x0b,0xc0,  //@@%..*@@#+....%@@
0xf8,0x0d,0x00,0x0b,0xc0,  //@@%..*@%......%@@
0xf8,0x00,0x00,0x0b,0xc0,  //@@%...+.......%@@
0xf9,0x55,0x55,0x5b,0xc0,  //@@#***********#@@
0xbf,0xff,0xff,0xff,0x80,  //%@@@@@@@@@@@@@@@#
0x2f,0xff,0xff,0xfe,0x00,  //+#@@@@@@@@@@@@@#+


/*  */
0x00,0x05,0xa4,  //......*%%%*
0x00,0x7f,0xf8,  //....*@@@@@#
0x02,0xfe,0xa4,  //...%@@@#%#%
0x07,0xe0,0x00,  //..%@@#*....
0x0f,0x80,0x00,  //.+@@#......
0x6f,0x95,0x50,  //*%@@%*****.
0xff,0xff,0xe0,  //@@@@@@@@@#.
0x7f,0x55,0x40,  //*@@@******.
0x3f,0x00,0x00,  //*@@@*****..
0xff,0xff,0xc0,  //@@@@@@@@@*.
0xaf,0xaa,0x80,  //%#@@#%%%%..
0x0f,0x80,0x00,  //.*@@#......
0x0b,0xe0,0x00,  //..%@@#+....
0x02,0xfe,0x58,  //..+#@@@%*%%
0x00,0xbf,0xfc,  //...+#@@@@@@
0x00,0x1a,0xf8,  //.....*%#@@%


/*  */
0x00,0x69,0x00,  //....*%%%*..
0x02,0xff,0xe0,  //..+#@@@@@%.
0x0b,0xfb,0xe0,  //..#@@@#@@#.
0x1f,0x80,0x40,  //.*@@%..+%..
0x1f,0x00,0x00,  //.*@@*......
0x1f,0x00,0x00,  //.*@@*......
0x1f,0x00,0x00,  //.*@@*......
0xaf,0xaa,0x00,  //%#@@#%%%...
0xff,0xff,0x00,  //@@@@@@@@...
0x1f,0x40,0x00,  //*%@@****...
0x1f,0x00,0x00,  //.*@@*......
0x1f,0x00,0x28,  //.*@@*...+%%
0x1f,0x00,0x3c,  //.*@@*...*@@
0x6f,0x55,0x7c,  //*%@@%***%@@
0xff,0xff,0xfc,  //@@@@@@@@@@@
0xff,0xff,0xfc,  //@@@@@@@@@@@


/*  */
0x00,0x3c,0x00,  //....*@@....
0x00,0x3c,0x00,  //....*@@....
0x01,0xbe,0x40,  //...*#@@%*..
0x0b,0xff,0xe0,  //..#@@@@@@#+
0x2f,0xaa,0xf0,  //.%@@#%%#@@*
0x3e,0x00,0x60,  //+@@#....*%.
0x3d,0x00,0x00,  //*@@%.......
0x3e,0x00,0x00,  //.@@#*......
0x1f,0xe0,0x00,  //.%@@@%*....
0x07,0xfe,0x40,  //..%@@@@#*..
0x00,0xbf,0xe0,  //...*%@@@@#.
0x00,0x06,0xf4,  //.....+*#@@%
0x00,0x00,0xf8,  //.......+@@#
0x00,0x00,0xf8,  //.+*.....@@#
0x2d,0x01,0xf8,  //.#@%+..%@@%
0x3f,0xff,0xf0,  //*@@@@@@@@@*
0x0b,0xff,0x90,  //.*#@@@@@#*.
0x00,0x7d,0x00,  //...*%@@*...
0x00,0x3c,0x00,  //....*@@....
0x00,0x28,0x00,  //....+%%....


/*  */
0xaa,0xaa,0xa0,  //%%%%%%%%%%
0xff,0xff,0xf0,  //@@@@@@@@@@
0x56,0xfd,0x00,  //***%@@@**+
0x00,0x7e,0x00,  //*****@@%**
0xff,0xff,0xf0,  //@@@@@@@@@@
0x55,0x7e,0x50,  //*****@@#**
0x00,0x7d,0x00,  //....*@@%..
0x56,0xf8,0x00,  //**%#@@#...
0xff,0xe0,0x00,  //@@@@@%+...
0xbe,0x00,0x00,  //#@@%+.....
0x2f,0x00,0x00,  //.#@@*.....
0x0b,0x80,0x00,  //.+#@#+....
0x02,0xe0,0x00,  //..+#@#....
0x01,0xf8,0x00,  //...*@@#...
0x00,0x7d,0x00,  //....*@@%..
0x00,0x1f,0x40,  //.....%@@*.


/*  */
0xa8,0x00,0x28,  //%%%.....*%%*
0x7d,0x00,0xb8,  //%@@*....#@#.
0x2e,0x00,0xf4,  //.#@#...*@@*.
0x1f,0x42,0xe0,  //.*@@*..%@#..
0x0b,0x83,0xd0,  //..#@#.+@@*..
0x07,0xd7,0x80,  //..*@@*%@#...
0x02,0xef,0x40,  //...%@#@@*...
0x2a,0xff,0xa4,  //+%%#@@@@%%*.
0x3f,0xff,0xf8,  //+@@@@@@@@@%.
0x00,0x7c,0x00,  //.***%@@***+.
0x3f,0xff,0xf8,  //+@@@@@@@@@%.
0x3f,0xff,0xf8,  //+@@@@@@@@@%.
0x00,0x7c,0x00,  //....*@@.....
0x00,0x7c,0x00,  //....*@@.....
0x00,0x7c,0x00,  //....*@@.....
0x00,0x7c,0x00,  //....*@@.....


/*  */
0x02,0xaa,0xa4,0x00,  //..+%%%%%%%%*..
0x03,0xff,0xff,0x40,  //..*@@@@@@@@@%.
0x03,0xea,0xab,0xd0,  //..*@@#%%%%#@@%
0x03,0xd0,0x02,0xf0,  //..*@@*.....#@@
0x03,0xd0,0x01,0xf0,  //..*@@*.....*@@
0x03,0xd0,0x01,0xf0,  //..*@@*.....*@@
0x03,0xd0,0x02,0xf0,  //..*@@*.....%@@
0x07,0xd0,0x1b,0xe0,  //***@@%****%@@%
0xff,0xff,0xff,0x80,  //@@@@@@@@@@@@#+
0xff,0xff,0xf9,0x00,  //@@@@@@@@@@#%..
0x03,0xd0,0x00,0x00,  //..*@@*........
0xab,0xea,0xa8,0x00,  //%%#@@#%%%%%*..
0xff,0xff,0xfd,0x00,  //@@@@@@@@@@@*..
0x57,0xe5,0x54,0x00,  //**%@@%*****+..
0x03,0xd0,0x00,0x00,  //..*@@*........
0x03,0xd0,0x00,0x00,  //..+@@*........


/*  */
0x24,0x00,0x28,0x00,0x18,  //*%%.....+%%......%%*
0x3c,0x00,0x7c,0x00,0x3c,  //*@@.....*@@*.....@@+
0x2c,0x00,0x7d,0x00,0x38,  //.#@*....%@@%....*@#.
0x2d,0x00,0xbe,0x00,0x78,  //.%@%....#@@#....%@%.
0x6e,0x55,0xff,0x55,0xb9,  //*%@#***%@@@@****#@%*
0xff,0xff,0xff,0xff,0xff,  //@@@@@@@@@@@@@@@@@@@@
0x0b,0x02,0xd7,0x40,0xe0,  //..#@*..%@*%@%..*@#..
0x5b,0x97,0xd7,0x96,0xe5,  //**#@%**@@%%@#**%@#**
0xab,0xab,0xab,0xeb,0xea,  //%%#@#%#@#%%@@#%@@#%%
0x03,0xc7,0x42,0xd3,0xc0,  //..+@@.%@%..%@*+@@+..
0x02,0xcb,0x01,0xe7,0x80,  //...#@*#@*..*@%*@#...
0x01,0xdf,0x00,0xe7,0x40,  //...%@%@@...+@#%@%...
0x01,0xfe,0x00,0xbf,0x00,  //...*@@@#....#@@@*...
0x00,0xfd,0x00,0x7f,0x00,  //...+@@@%....%@@@....
0x00,0xbc,0x00,0x7e,0x00,  //....#@@*....*@@%....
0x00,0x78,0x00,0x3d,0x00,  //....%@#.....+@@*....


/*  */
0x02,0x46,0x00,0x00,  //...%%.%%.....
0x03,0x8b,0x00,0x00,  //...@%.%@.....
0x03,0x8b,0x00,0x00,  //...@%.%@.....
0xff,0xff,0x90,0x00,  //@@@@@@@@#%*..
0xff,0xff,0xfd,0x00,  //@@@@@@@@@@@*.
0x0f,0x80,0xbe,0x00,  //.*@@%..*#@@#.
0x0f,0x80,0x3f,0x00,  //.*@@%...*@@@.
0x0f,0x80,0x7e,0x00,  //.*@@%...*@@#.
0x0f,0x96,0xf8,0x00,  //.*@@#**%@@#+.
0x0f,0xff,0xfe,0x00,  //.*@@@@@@@@@%+
0x0f,0x80,0x7f,0x80,  //.*@@#***%@@@%
0x0f,0x80,0x1f,0xc0,  //.*@@%....%@@@
0x0f,0x80,0x1f,0xc0,  //.*@@%....*@@@
0x0f,0x80,0x6f,0x80,  //.*@@%..+*#@@#
0xff,0xff,0xfe,0x00,  //@@@@@@@@@@@#*
0xff,0xff,0xe4,0x00,  //@@@@@@@@@#%+.
0x03,0x8b,0x00,0x00,  //...@%.%@.....
0x03,0x8b,0x00,0x00,  //...@%.%@.....
0x02,0x46,0x00,0x00,  //...%%.%%.....


/*  */
0xbf,0xff,0xf0,0x00,0x00,  //#@@@@@@@@@.*.....
0xff,0xff,0xf1,0x40,0x00,  //@@@@@@@@@@.*%....
0xff,0xff,0xf1,0xd0,0x00,  //@@@@@@@@@@.*@%...
0xff,0xff,0xf1,0xf4,0x00,  //@@@@@@@@@@.*@@%..
0xff,0xff,0xf1,0xfd,0x00,  //@@@@@@@@@@.*@@@%.
0xff,0xff,0xf0,0x55,0x00,  //@@@@@@@@@@.******
0xff,0xff,0xf0,0x00,0x00,  //@@@@@@@@@@+......
0xff,0xff,0xff,0xff,0xc0,  //@@@@@@@@@@@@@@@@@
0xff,0xff,0xff,0xff,0xc0,  //@@@@@@@@@@@@@@@@@
0xff,0xff,0xff,0xff,0xc0,  //@@@@@@@@@@@@@@@@@
0xff,0xff,0xff,0xff,0xc0,  //@@@@@@@@@@@@@@@@@
0xff,0xff,0xff,0xff,0xc0,  //@@@@@@@@@@@@@@@@@
0xff,0xff,0xff,0xff,0xc0,  //@@@@@@@@@@@@@@@@@
0xff,0xff,0xff,0xff,0xc0,  //@@@@@@@@@@@@@@@@@
0xff,0xff,0xff,0xff,0xc0,  //@@@@@@@@@@@@@@@@@
0xff,0xff,0xff,0xff,0xc0,  //@@@@@@@@@@@@@@@@@
0xff,0xff,0xff,0xff,0xc0,  //@@@@@@@@@@@@@@@@@
0xff,0xff,0xff,0xff,0xc0,  //@@@@@@@@@@@@@@@@@
0xff,0xff,0xff,0xff,0xc0,  //@@@@@@@@@@@@@@@@@
0x6a,0xaa,0xaa,0xaa,0x80,  //%%%%%%%%%%%%%%%%%


/*  */
0xbf,0xff,0xf0,0x00,0x00,  //#@@@@@@@@@.*.....
0xff,0xff,0xf1,0x40,0x00,  //@@@@@@@@@@.*%....
0xff,0xff,0xf1,0xd0,0x00,  //@@@@@@@@@@.*@%...
0xff,0xff,0xf1,0xf4,0x00,  //@@@@@@@@@@.*@@%..
0xff,0xff,0xf1,0xfd,0x00,  //@@@@@@@@@@.*@@@%.
0xff,0xff,0xf0,0x55,0x00,  //@@@@@@@@@@.******
0xff,0xff,0xf0,0x00,0x00,  //@@@@@@@@@@+......
0xff,0xff,0xff,0xff,0xc0,  //@@@@@@@@@@@@@@@@@
0xff,0x55,0x55,0x7f,0xc0,  //@@@@%*******%@@@@
0xff,0x40,0x00,0x7f,0xc0,  //@@@@*********@@@@
0xff,0xff,0xff,0xff,0xc0,  //@@@@@@@@@@@@@@@@@
0xff,0x40,0x00,0x7f,0xc0,  //@@@@*********@@@@
0xff,0x40,0x00,0x7f,0xc0,  //@@@@*********@@@@
0xff,0xff,0xff,0xff,0xc0,  //@@@@@@@@@@@@@@@@@
0xff,0x40,0x00,0x7f,0xc0,  //@@@@*********@@@@
0xff,0x55,0x55,0x7f,0xc0,  //@@@@%*******%@@@@
0xff,0xff,0xff,0xff,0xc0,  //@@@@@@@@@@@@@@@@@
0xff,0xff,0xff,0xff,0xc0,  //@@@@@@@@@@@@@@@@@
0xff,0xff,0xff,0xff,0xc0,  //@@@@@@@@@@@@@@@@@
0x6a,0xaa,0xaa,0xaa,0x80,  //%%%%%%%%%%%%%%%%%


/*  */
0x03,0xe0,0x00,0x2d,0x00,  //..*@@%.......#@*...
0x03,0xe0,0x00,0x3a,0x00,  //..*@@%......+@##...
0x03,0xe0,0x00,0x67,0x00,  //..*@@%......%#*@+..
0x03,0xe0,0x00,0x93,0x40,  //..*@@%......#%.@*..
0x03,0xe0,0x00,0xe6,0x80,  //..*@@%.....+@%*##..
0x03,0xe0,0x01,0xaa,0xc0,  //..*@@%.....%#%%#@+.
0x03,0xe0,0x02,0x40,0xd0,  //..*@@%.....#%...@*.
0x03,0xe0,0x0b,0x81,0xe4,  //..*@@%....#@#+.%@#*
0x03,0xe0,0x05,0x41,0x50,  //..*@@%....***+.****
0x03,0xe0,0x00,0x00,0x00,  //..*@@%.............
0x03,0xe0,0x00,0x00,0x00,  //..*@@%.............
0x03,0xe0,0x02,0xaa,0x90,  //..*@@%.....%%%%%%*.
0x03,0xe0,0x03,0x96,0xc0,  //..*@@%.....@%**#@*.
0x03,0xe0,0x02,0x43,0x40,  //..*@@%.....%*.*@%..
0x03,0xe0,0x00,0x0a,0x00,  //..*@@%........##...
0x17,0xe5,0x00,0x1c,0x00,  //**%@@#**.....%@+...
0x2f,0xfe,0x00,0x34,0x00,  //+#@@@@@#....*@*....
0x0b,0xf8,0x00,0xa0,0x50,  //.+#@@@#.....#%..%*.
0x02,0xe0,0x02,0xd5,0x90,  //..+#@#.....%@%**#*.
0x00,0x80,0x02,0xaa,0x90,  //...+%......%%%%%%*.


/*  */
0x03,0xe0,0x03,0xff,0xd0,  //..*@@%.....@@@@@@*.
0x03,0xe0,0x03,0x42,0x80,  //..*@@%.....@%**##..
0x03,0xe0,0x01,0x07,0x00,  //..*@@%.....**.%@*..
0x03,0xe0,0x00,0x0d,0x00,  //..*@@%.......*@%...
0x03,0xe0,0x00,0x28,0x00,  //..*@@%.......##....
0x03,0xe0,0x00,0x70,0x00,  //..*@@%......%@+.++.
0x03,0xe0,0x00,0xd0,0x90,  //..*@@%.....*@*..%*.
0x03,0xe0,0x02,0xea,0x90,  //..*@@%.....#@%%%#*.
0x03,0xe0,0x01,0x55,0x40,  //..*@@%.....*******.
0x03,0xe0,0x00,0x00,0x00,  //..*@@%.............
0x03,0xe0,0x00,0x00,0x00,  //..*@@%.............
0x03,0xe0,0x00,0x18,0x00,  //..*@@%.......%%*...
0x03,0xe0,0x00,0x3d,0x00,  //..*@@%.......@@%...
0x03,0xe0,0x00,0x76,0x00,  //..*@@%......*@%#...
0x03,0xe0,0x00,0xa3,0x00,  //..*@@%......%%+@*..
0x17,0xe5,0x00,0xd2,0x40,  //**%@@#**...+@%*#%..
0x2f,0xfe,0x01,0xff,0x80,  //+#@@@@@#...*@@@@#..
0x0b,0xf8,0x02,0x80,0xd0,  //.+#@@@#....##..+@*.
0x02,0xe0,0x03,0x40,0xa0,  //..+#@#....*@%..+#%+
0x00,0x80,0x0a,0x81,0xa4,  //...+%.....%%%+.%%%*


/*  */
0x03,0xe0,0x0f,0xd0,0x00,  //..*@@%....@@@*......
0x03,0xe0,0x0f,0xd0,0x00,  //..*@@%....@@@*......
0x03,0xe0,0x0a,0x90,0x00,  //..*@@%....%%%*......
0x03,0xe0,0x00,0x00,0x00,  //..*@@%..............
0x03,0xe0,0x00,0x00,0x00,  //..*@@%..............
0x03,0xe0,0x05,0x54,0x00,  //..*@@%....******....
0x03,0xe0,0x0f,0xfe,0x00,  //..*@@%....@@@@@%....
0x03,0xe0,0x0f,0xfe,0x00,  //..*@@%....@@@@@%....
0x03,0xe0,0x05,0x54,0x00,  //..*@@%....******....
0x03,0xe0,0x00,0x00,0x00,  //..*@@%..............
0x03,0xe0,0x00,0x00,0x00,  //..*@@%..............
0x03,0xe0,0x0a,0xaa,0x90,  //..*@@%....%%%%%%%%..
0x03,0xe0,0x0f,0xff,0xe0,  //..*@@%....@@@@@@@%..
0x03,0xe0,0x0f,0xff,0xe0,  //..*@@%....@@@@@@@%..
0x03,0xe0,0x00,0x00,0x00,  //..*@@%....+******+..
0x17,0xe5,0x00,0x00,0x00,  //**%@@#**............
0x2f,0xfe,0x00,0x00,0x00,  //+#@@@@@#............
0x0b,0xf8,0x0f,0xff,0xff,  //.+#@@@#...@@@@@@@@@@
0x02,0xe0,0x0f,0xff,0xff,  //..+#@#....@@@@@@@@@@
0x00,0x80,0x0a,0xaa,0xaa,  //...+%.....%%%%%%%%%%


/*  */
0x03,0xe0,0x0f,0xff,0xff,  //..*@@%....@@@@@@@@@@
0x03,0xe0,0x0f,0xff,0xff,  //..*@@%....@@@@@@@@@@
0x03,0xe0,0x0a,0xaa,0xaa,  //..*@@%....%%%%%%%%%%
0x03,0xe0,0x00,0x00,0x00,  //..*@@%..............
0x03,0xe0,0x00,0x00,0x00,  //..*@@%..............
0x03,0xe0,0x05,0x55,0x50,  //..*@@%....********..
0x03,0xe0,0x0f,0xff,0xe0,  //..*@@%....@@@@@@@%..
0x03,0xe0,0x0f,0xff,0xe0,  //..*@@%....@@@@@@@%..
0x03,0xe0,0x05,0x55,0x50,  //..*@@%....********..
0x03,0xe0,0x00,0x00,0x00,  //..*@@%..............
0x03,0xe0,0x00,0x00,0x00,  //..*@@%..............
0x03,0xe0,0x0a,0xa9,0x00,  //..*@@%....%%%%%*....
0x03,0xe0,0x0f,0xfe,0x00,  //..*@@%....@@@@@%....
0x03,0xe0,0x0f,0xfe,0x00,  //..*@@%....@@@@@%....
0x03,0xe0,0x00,0x00,0x00,  //..*@@%....+****+....
0x17,0xe5,0x00,0x00,0x00,  //**%@@#**............
0x2f,0xfe,0x00,0x00,0x00,  //+#@@@@@#............
0x0b,0xf8,0x0f,0xd0,0x00,  //.+#@@@#...@@@*......
0x02,0xe0,0x0f,0xd0,0x00,  //..+#@#....@@@*......
0x00,0x80,0x0a,0x90,0x00,  //...+%.....%%%*......


/*  */
0x03,0xe0,0x00,0x74,0x00,  //..*@@%......%@*..
0x03,0xe0,0x01,0xb4,0x00,  //..*@@%.....%#@*..
0x03,0xe0,0x01,0x74,0x00,  //..*@@%.....%*@*..
0x03,0xe0,0x00,0x34,0x00,  //..*@@%......*@*..
0x03,0xe0,0x00,0x34,0x00,  //..*@@%......*@*..
0x03,0xe0,0x00,0x34,0x00,  //..*@@%......*@*..
0x03,0xe0,0x00,0x34,0x00,  //..*@@%......*@*..
0x03,0xe0,0x02,0xba,0x00,  //..*@@%.....%#@#%+
0x03,0xe0,0x01,0x55,0x00,  //..*@@%.....*****+
0x03,0xe0,0x00,0x00,0x00,  //..*@@%...........
0x03,0xe0,0x00,0x00,0x00,  //..*@@%...........
0x03,0xe0,0x00,0x64,0x00,  //..*@@%.....+%%*..
0x03,0xe0,0x02,0xaa,0x00,  //..*@@%.....##%##.
0x03,0xe0,0x07,0x03,0x00,  //..*@@%....*@*.*@*
0x03,0xe0,0x07,0x03,0x40,  //..*@@%....*@+..@*
0x17,0xe5,0x02,0x9b,0x40,  //**%@@#**..+##*%@*
0x2f,0xfe,0x00,0xab,0x40,  //+#@@@@@#...+%%%@*
0x0b,0xf8,0x00,0x07,0x00,  //.+#@@@#.......%@+
0x02,0xe0,0x01,0x6d,0x00,  //..+#@#.....**%@*.
0x00,0x80,0x01,0xa4,0x00,  //...+%......%%%*..


/*  */
0x03,0xe0,0x01,0xb8,0x00,  //..*@@%.....*#@#*.
0x03,0xe0,0x03,0x4a,0x00,  //..*@@%....+@%*%#+
0x03,0xe0,0x07,0x03,0x40,  //..*@@%....*@+..@*
0x03,0xe0,0x03,0x43,0x40,  //..*@@%....*@*.+@*
0x03,0xe0,0x02,0xeb,0x40,  //..*@@%.....%@##@*
0x03,0xe0,0x00,0x07,0x00,  //..*@@%......***@*
0x03,0xe0,0x00,0x0a,0x00,  //..*@@%.......+##.
0x03,0xe0,0x02,0xf8,0x00,  //..*@@%.....#@@#+.
0x03,0xe0,0x00,0x40,0x00,  //..*@@%.....+**...
0x03,0xe0,0x00,0x00,0x00,  //..*@@%...........
0x03,0xe0,0x00,0x00,0x00,  //..*@@%...........
0x03,0xe0,0x00,0x24,0x00,  //..*@@%......+%*..
0x03,0xe0,0x00,0xb4,0x00,  //..*@@%.....+#@*..
0x03,0xe0,0x02,0xb4,0x00,  //..*@@%.....#%@*..
0x03,0xe0,0x00,0x34,0x00,  //..*@@%......*@*..
0x17,0xe5,0x00,0x34,0x00,  //**%@@#**....*@*..
0x2f,0xfe,0x00,0x34,0x00,  //+#@@@@@#....*@*..
0x0b,0xf8,0x00,0x34,0x00,  //.+#@@@#.....*@*..
0x02,0xe0,0x01,0x79,0x00,  //..+#@#.....*%@%*+
0x00,0x80,0x02,0xaa,0x00,  //...+%......%%%%%+


/*  */
0x00,0x00,0x06,0x40,0x00,  //..........*%*.....
0x00,0x00,0x0b,0xc0,0x00,  //..........#@@*....
0x00,0x00,0x0f,0xd0,0x00,  //.........*@@@*....
0x00,0x00,0x1f,0xd0,0x00,  //.........*@@@*....
0x00,0x00,0x3f,0xc0,0x00,  //........*@@@@*....
0x00,0x00,0xbf,0x80,0x00,  //.......+#@@@#.....
0x00,0x02,0xff,0xff,0x80,  //.......#@@@@@@@@#+
0x55,0x0b,0xff,0xff,0xe0,  //******#@@@@@@@@@@%
0xff,0xaf,0xff,0xff,0xe0,  //@@@@%%@@@@@@@@@@@%
0xff,0xaf,0xff,0xff,0xd0,  //@@@@%%@@@@@@@@@@@*
0xff,0xaf,0xff,0xff,0xd0,  //@@@@%%@@@@@@@@@@@*
0xff,0xaf,0xff,0xff,0xc0,  //@@@@%%@@@@@@@@@@@*
0xff,0xaf,0xff,0xff,0xc0,  //@@@@%%@@@@@@@@@@@.
0xd7,0xaf,0xff,0xff,0x80,  //@%*@%%@@@@@@@@@@#.
0xe7,0xaf,0xff,0xff,0x40,  //@#%@%%@@@@@@@@@@*.
0xbf,0x5f,0xff,0xff,0x00,  //#@@@%%@@@@@@@@@@*.
0x00,0x01,0xbf,0xfe,0x00,  //.......*%@@@@@@#..


/*  */
0x00,0x00,0x6f,0xfd,0x00,  //.......+%#@@@@@%..
0xaa,0x5b,0xff,0xff,0x00,  //%%%%**#@@@@@@@@@+.
0xeb,0xaf,0xff,0xff,0x00,  //@#%@%%@@@@@@@@@@*.
0xd3,0xaf,0xff,0xff,0x80,  //@%*@%%@@@@@@@@@@#.
0xff,0xaf,0xff,0xff,0xc0,  //@@@@%%@@@@@@@@@@@.
0xff,0xaf,0xff,0xff,0xc0,  //@@@@%%@@@@@@@@@@@+
0xff,0xaf,0xff,0xff,0xd0,  //@@@@%%@@@@@@@@@@@*
0xff,0xaf,0xff,0xff,0xd0,  //@@@@%%@@@@@@@@@@@*
0xff,0xaf,0xff,0xff,0xe0,  //@@@@%%@@@@@@@@@@@%
0xaa,0x5b,0xff,0xff,0xe0,  //%%%%**#@@@@@@@@@@%
0x00,0x02,0xff,0xff,0x80,  //.......#@@@@@@@@#+
0x00,0x00,0xff,0x80,0x00,  //.......+@@@@#***..
0x00,0x00,0x7f,0xc0,0x00,  //........*@@@@*....
0x00,0x00,0x1f,0xd0,0x00,  //.........%@@@*....
0x00,0x00,0x0f,0xd0,0x00,  //.........*@@@*....
0x00,0x00,0x0f,0xd0,0x00,  //..........@@@*....
0x00,0x00,0x06,0x40,0x00,  //..........*%*.....


/*  */
0x06,0xaa,0xaa,0xa8,0x00,  //.*%%%%%%%%%%%%%*.
0x3f,0x66,0xff,0xff,0x40,  //*@@@%%%#@@@@@@@@*
0xbf,0x92,0xba,0xbf,0x80,  //#@@@#*+#%@###@@@#
0xff,0xc5,0x55,0xbf,0xc0,  //@@@@@****%**%@@@@
0xff,0xd8,0x95,0xbf,0xc0,  //@@@@@*%*%***%@@@@
0xff,0xd8,0x95,0xbf,0xc0,  //@@@@@*%*%***%@@@@
0xff,0xd9,0x20,0xbf,0xc0,  //@@@@@*%%+%**%@@@@
0xfe,0xaa,0xaa,0xaf,0xc0,  //@@@#%%%%%%%%%#@@@
0xf8,0x00,0x00,0x0b,0xc0,  //@@#...........%@@
0xf5,0xa0,0x10,0x07,0xc0,  //@@%%#%..**....*@@
0xf4,0x84,0x64,0x43,0xc0,  //@@*.%.***%*.*+*@@
0xf4,0x89,0x59,0x63,0xc0,  //@@*.%.%**%#**%*@@
0xf4,0x89,0x59,0x93,0xc0,  //@@*.%.%***%*#%*@@
0xf4,0x89,0x59,0x13,0xc0,  //@@*.%.%%*%%**%*@@
0xf4,0x45,0x14,0x47,0xc0,  //@@%.*.*****.%**@@
0xb8,0x00,0x00,0x0b,0x80,  //%@#+..........#@#
0x2f,0xea,0xaa,0xfe,0x00,  //+#@@@#%%%%%#@@@#+


/*  */
0x02,0x14,0x00,0x00,0x00,  //...#**%..........
0x01,0x64,0x00,0x00,0x00,  //...*%%*+*..+++...
0x00,0xb2,0x92,0x50,0x00,  //...+#@.#%%*%**...
0x00,0xa2,0x22,0x50,0x00,  //....#%+%*%*%**...
0x00,0x92,0x22,0x50,0x00,  //....%**%*%*%**...
0x00,0x92,0x22,0x50,0x00,  //....%**%*%*%**...
0x00,0x92,0x62,0x90,0x00,  //....%*.#%%*##*...
0x00,0x00,0x41,0x00,0x00,  //....++.+*..*++...
0x05,0x5a,0xa9,0x54,0x00,  //.+***%%%%%%%***+.
0x2f,0xff,0xff,0xff,0x00,  //+#@@@@@@@@@@@@@@*
0x50,0x3f,0xcf,0xff,0x40,  //*%***@@@@*@@@@@@%
0x64,0xbf,0xcf,0xff,0x80,  //%#%+%@@@@.@@@@@@%
0xb8,0xd8,0xc1,0x82,0x80,  //%@%*@*#*@.**#*+#%
0xb8,0xc8,0xc8,0x55,0x80,  //%@%*@*%.@.%*%***%
0xb8,0xc8,0xc8,0x41,0x80,  //%@%*@*%.@.%**++*%
0xb8,0xc8,0xc8,0x5a,0x80,  //%@%*@*%.@.%***##%
0x78,0xc4,0xc4,0x85,0x80,  //%@%*@**.@.%*%***%
0x79,0xd4,0xc5,0xd2,0x40,  //*@#*@*%*@***@**#%
0x3f,0xff,0xff,0xff,0x00,  //*@@@@@@@@@@@@@@@*
0x0a,0xaa,0xaa,0xa9,0x00,  //.*%%%%%%%%%%%%%*.


/*  */
0x00,0x00,0x00,0xbd,  //...........+#@@%
0x00,0x00,0x02,0xfc,  //...........%@@@+
0x00,0x00,0x03,0xf4,  //..........*@@@*.
0x15,0x00,0x0b,0xe0,  //.****.....%@@#..
0x2f,0x80,0x1f,0xd0,  //.%@@#....*@@@*..
0x0f,0xd0,0x2f,0x80,  //.+@@@%...#@@#...
0x07,0xf0,0x7f,0x00,  //..%@@@*.*@@@*...
0x03,0xf4,0xbe,0x00,  //..*@@@*.#@@%....
0x0b,0xe1,0xfc,0x00,  //..%@@#.%@@@+....
0x1f,0xd3,0xf4,0x00,  //.*@@@*+@@@%.....
0x2f,0x8b,0xe0,0x00,  //.#@@#.%@@#......
0x7f,0x0b,0xe0,0x00,  //*@@@*.%@@#......
0xbe,0x03,0xf4,0x00,  //#@@%..+@@@%.....
0x00,0x01,0xfc,0x00,  //.......%@@@+....
0x00,0x00,0xfe,0x00,  //.......+@@@%....
0x00,0x00,0x7f,0x00,  //........*@@@*...
0x00,0x00,0x2f,0x80,  //.........#@@%...
0x00,0x00,0x1f,0xc0,  //.........*@@@*..


/*  */
0x06,0xaa,0xaa,0xa8,0x00,  //.*%%%%%%%%%%%%%*.
0x3f,0xff,0xff,0xab,0x40,  //*@@@@@@@@@@@%%#@*
0xbf,0xff,0xfd,0x07,0x80,  //#@@@@@@@@@@*..%@#
0xff,0xff,0xf8,0x0f,0xc0,  //@@@@@@@@@@#..+@@@
0xfd,0x5b,0xf4,0x2f,0xc0,  //@@@%**#@@@*..%@@@
0xfd,0x07,0xe0,0x3f,0xc0,  //@@@%..*@@%..*@@@@
0xff,0x02,0xc0,0xbf,0xc0,  //@@@@*..#@*..#@@@@
0xff,0x41,0x81,0xff,0xc0,  //@@@@%..*%..*@@@@@
0xff,0x02,0x02,0xff,0xc0,  //@@@@+..#+..#@@@@@
0xfd,0x05,0x07,0xff,0xc0,  //@@@*..**..*@@@@@@
0xf8,0x0c,0x0b,0xff,0xc0,  //@@#..+@*..#@@@@@@
0xf4,0x2e,0x03,0xff,0xc0,  //@@%**%@%..*@@@@@@
0xff,0xff,0x42,0xff,0xc0,  //@@@@@@@@*..%@@@@@
0xff,0xff,0x80,0xff,0xc0,  //@@@@@@@@#..+@@@@@
0xff,0xff,0xd0,0x7f,0xc0,  //@@@@@@@@@*..%@@@@
0xbf,0xff,0xe0,0x3f,0x80,  //%@@@@@@@@#..+@@@#
0x2f,0xff,0xff,0xfe,0x00,  //+#@@@@@@@@@@@@@#+


/*  */
0x1b,0xff,0xff,0xff,0xe4,  //.*#@@@@@@@@@@@@@@#*.
0x7f,0xff,0xff,0xff,0xfd,  //*@@@@@@@@@@@@@@@@@@*
0xbf,0xff,0xff,0xff,0xfe,  //%@@@@@@@@@@@@@@@@@@%
0xbf,0xff,0xff,0xff,0xfe,  //#@@@@@@@@@@@@@@@@@@#
0xff,0xff,0x1f,0xff,0xff,  //@@@@@@@@+%@@@@@@@@@@
0xff,0xff,0x02,0xff,0xff,  //@@@@@@@@..+%@@@@@@@@
0xff,0xff,0x00,0x2f,0xff,  //@@@@@@@@....*#@@@@@@
0xff,0xff,0x01,0xbf,0xff,  //@@@@@@@@...*#@@@@@@@
0xff,0xff,0x1b,0xff,0xff,  //@@@@@@@@.*#@@@@@@@@@
0xff,0xff,0xbf,0xff,0xff,  //@@@@@@@@#@@@@@@@@@@@
0xbf,0xff,0xff,0xff,0xfe,  //#@@@@@@@@@@@@@@@@@@#
0xbf,0xff,0xff,0xff,0xfe,  //%@@@@@@@@@@@@@@@@@@%
0x3f,0xff,0xff,0xff,0xfc,  //*@@@@@@@@@@@@@@@@@@*
0x06,0xaa,0xbf,0xaa,0x90,  //.*%%%%%%%@@@#%%%%%*.


/*  */
0x00,0x50,0x00,0x50,0x00,  //....*%......%*....
0x02,0xf8,0x02,0xf8,0x00,  //..+%@@%....%@@%+..
0x1b,0xfe,0x0b,0xfe,0x40,  //.*#@@@@#++#@@@@#*.
0xbf,0xff,0x5f,0xff,0xe0,  //%@@@@@@@%%@@@@@@@%
0x6f,0xf8,0x02,0xff,0x90,  //*#@@@@#*..*#@@@@#*
0x0b,0xd0,0x00,0x7e,0x00,  //.+#@@*......*@@#+.
0x02,0x00,0x00,0x08,0x00,  //...%+........+%...
0x07,0x40,0x00,0x1d,0x00,  //..*@%........%@*..
0x1f,0xe4,0x01,0xbf,0x40,  //.%@@@#*....*#@@@%.
0xbf,0xfe,0x0b,0xff,0xe0,  //#@@@@@@%++%@@@@@@#
0x2f,0xff,0x9f,0xff,0x80,  //*#@@@@@@%%@@@@@@#*
0x07,0xfd,0xa7,0xfd,0x00,  //..%@@@@*%%*@@@@%..
0x00,0xa6,0xf9,0xa0,0x00,  //...*##*#@@#*##*...
0x01,0x5b,0xfe,0x54,0x00,  //...***#@@@@#***...
0x00,0xbf,0xff,0xe0,0x00,  //...+%@@@@@@@@%+...
0x00,0x0b,0xfe,0x00,0x00,  //.....*#@@@@#*.....
0x00,0x01,0xf4,0x00,0x00,  //.......*@@*.......


/*  */
0x00,0x00,0x02,0x00,0x00,  //..........*#+....
0x00,0x00,0x03,0x80,0x00,  //..........*@#....
0x00,0x00,0x01,0xe0,0x00,  //...........%@%...
0x00,0x00,0xd0,0xb4,0x00,  //.......*@*..#@*..
0x00,0x00,0xb4,0x28,0x00,  //.......*#@%.+##+.
0x00,0x00,0x2e,0x0e,0x00,  //........+#@%.*@#.
0x00,0x00,0x0b,0x87,0x40,  //.....+*...#@#+%@%
0x00,0x2e,0x01,0xe2,0x40,  //.....%@%*..%@#+%*
0x00,0x0b,0xe4,0x7c,0x00,  //.....*%@@#*.*@@..
0x00,0x00,0x7e,0x54,0x00,  //.......*%@@#***..
0x00,0x40,0x07,0xe0,0x00,  //....**...+%@@%...
0x00,0xfe,0x50,0x40,0x00,  //....@@@#%**+**...
0x00,0x5b,0xff,0x80,0x00,  //+*..*%%@@@@@%.+*.
0xb0,0x00,0x16,0x87,0x00,  //%@......+*%#%.*@*
0xb0,0x55,0x55,0x07,0x00,  //%@.+*********.*@*
0xb0,0xff,0xff,0x47,0x00,  //%@.*@@@@@@@@*.*@*
0xb0,0x00,0x00,0x07,0x00,  //%@..********+.*@*
0xb0,0x00,0x00,0x07,0x00,  //%@............*@*
0xbf,0xff,0xff,0xff,0x00,  //%@@@@@@@@@@@@@@@*
0x6a,0xaa,0xaa,0xaa,0x00,  //%%%%%%%%%%%%%%%%+


/*  */
0x01,0x6a,0xaa,0x50,0x00,  //...*%%%%%%%%%*+..
0x1b,0xea,0xaa,0xfd,0x00,  //.*#@@%%%%%%%@@@*.
0x38,0x00,0x00,0x0b,0x00,  //+@#+.........+%@*
0x60,0x00,0x00,0x62,0x80,  //%#..........*%.##
0xa0,0x01,0x50,0xb1,0xc0,  //#%.....***+.#@+%@
0xd0,0x1b,0xfd,0x01,0xc0,  //@*...*#@@@@*++.*@
0xd0,0x38,0x0b,0x01,0xc0,  //@*..+@#*.+#@*..*@
0xd0,0x70,0x02,0x81,0xc0,  //@*..%@.....#%..*@
0xd0,0xa0,0x01,0xc1,0xc0,  //@*..%%.....%@..*@
0xd0,0xa0,0x01,0x81,0xc0,  //@*..%#.....%#..*@
0xd0,0x70,0x02,0x41,0xc0,  //@*..*@*...+#%..*@
0xd0,0x29,0x1a,0x01,0xc0,  //@*...##***##+..*@
0xd0,0x0b,0xf8,0x01,0xc0,  //@%...+%@@@#+...*@
0xa0,0x00,0x00,0x01,0x80,  //%#.....+*+.....%#
0x70,0x00,0x00,0x02,0x40,  //*@+...........+#%
0x29,0x00,0x00,0x1a,0x00,  //.##**+.....+**##+
0x0b,0xff,0xff,0xf8,0x00,  //.+%@@@@@@@@@@@#+.


/*  */
0x06,0xaa,0xaa,0xa8,0x00,  //.*%%%%%%%%%%%%%*.
0x3f,0xff,0xff,0xff,0x40,  //*@@@@@@@@@@@@@@@*
0xbf,0xff,0xff,0xff,0x80,  //#@@@@@@@@@@@@@@@#
0xff,0xff,0xff,0xff,0xc0,  //@@@@@@@@@@@@@@@@@
0xff,0xff,0xff,0xff,0xc0,  //@@@@@@@@@@@@@@@@@
0xff,0xff,0xff,0xff,0xc0,  //@@@@@@@@@@@@@@@@@
0xff,0x5b,0xf9,0x7f,0xc0,  //@@@@%*%@@@#*%@@@@
0xfd,0x02,0xe0,0x1f,0xc0,  //@@@*...%@%...*@@@
0xfc,0x00,0xd0,0x0f,0xc0,  //@@@....*@*....@@@
0xfc,0x00,0xd0,0x0f,0xc0,  //@@@+...*@*....@@@
0xfe,0x02,0xe0,0x1f,0xc0,  //@@@%...#@#+..%@@@
0xff,0xaf,0xfe,0xbf,0xc0,  //@@@@#%@@@@@%#@@@@
0xff,0xff,0xff,0xff,0xc0,  //@@@@@@@@@@@@@@@@@
0xff,0xff,0xff,0xff,0xc0,  //@@@@@@@@@@@@@@@@@
0xff,0xff,0xff,0xff,0xc0,  //@@@@@@@@@@@@@@@@@
0xbf,0xff,0xff,0xff,0x80,  //%@@@@@@@@@@@@@@@#
0x2f,0xff,0xff,0xfe,0x00,  //+#@@@@@@@@@@@@@#+


/*  */
0x00,0x06,0xa4,0x00,0x00,  //.....+*%%%*+.....
0x00,0xbf,0xff,0x80,0x00,  //...+%@@@@@@@%+...
0x02,0xff,0xff,0xf4,0x00,  //..+#@@@@@@@@@@*..
0x0b,0xff,0xff,0xfc,0x00,  //.+#@@@@@@@@@@@@*.
0x2f,0xff,0x6f,0xfe,0x00,  //.#@@@@@@*#@@@@@#.
0x7f,0xfd,0x1f,0xff,0x40,  //*@@@@@@%.*@@@@@@*
0xbf,0xf8,0x8b,0xff,0x80,  //%@@@@@#+#.%@@@@@#
0xbf,0xf1,0xe2,0xff,0xc0,  //#@@@@@**@%+#@@@@@
0xff,0xd3,0xf1,0xff,0xc0,  //@@@@@%+@@@**@@@@@
0xff,0x80,0x00,0xbf,0xc0,  //@@@@#.+***+.%@@@@
0xbf,0x2f,0xfe,0x2f,0xc0,  //#@@@*%@@@@@#+#@@@
0x7e,0x7f,0xff,0x5f,0x80,  //%@@%*@@@@@@@%%@@%
0x3f,0xff,0xff,0xff,0x40,  //+@@@@@@@@@@@@@@@*
0x1f,0xff,0xff,0xfe,0x00,  //.%@@@@@@@@@@@@@%.
0x0b,0xff,0xff,0xf8,0x00,  //..#@@@@@@@@@@@#+.
0x02,0xff,0xff,0xe0,0x00,  //...%@@@@@@@@@#+..
0x00,0x6f,0xfe,0x40,0x00,  //....*#@@@@@#*....


/*  */
0x00,0x00,0x00,0x00,  //......****......
0x06,0xff,0xfe,0x90,  //.+%%@@@@@@@#%*..
0x7d,0x00,0x01,0xb8,  //*@@%*+....**%@#+
0xf9,0x00,0x00,0x7e,  //@@#*.......+*@@%
0xbf,0xfa,0xaf,0xfd,  //#@@@@@%%%#@@@@@%
0xbf,0xff,0xff,0xfd,  //%@@@@@@@@@@@@@@*
0x7f,0xff,0xff,0xfc,  //*@@@@@@@@@@@@@@*
0x7f,0xf4,0x2f,0xfc,  //*@@@@@*.+%@@@@@.
0x3f,0xd1,0x4b,0xf8,  //*@@@@%.%*.#@@@#.
0x3f,0xd7,0xcb,0xf8,  //.@@@@**@@.%@@@%.
0x2f,0xd2,0x4b,0xf4,  //.#@@@%.%%.#@@@%.
0x1f,0xf4,0x1f,0xf4,  //.%@@@@*..%@@@@*.
0x07,0xff,0xff,0x90,  //..%@@@@@@@@@#*..
0x00,0x5a,0xa4,0x00,  //..*.*%%%%%%*.*..
0x0e,0x40,0x01,0xa0,  //..@%*.....+*#%..
0x0b,0xfa,0xbf,0xd0,  //..%@@@#%%@@@@*..
0x07,0xff,0xff,0xc0,  //..%@@@@@@@@@@*..
0x02,0xff,0xff,0x80,  //..+#@@@@@@@@#...
0x00,0x6b,0xe4,0x00,  //....*%#@@#%*....


/*  */
0x06,0xaa,0xaa,0xa8,0x00,  //.*%%%%%%%%%%%%%*.
0x3f,0xff,0xff,0xff,0x40,  //*@@@@@@@@@@@@@@@*
0xbf,0x94,0x05,0xbf,0x80,  //#@@@#%*****%#@@@#
0xfd,0x16,0xa5,0x0b,0xc0,  //@@@*.*%%%%%*.*#@@
0xfc,0x16,0xa9,0x0b,0xc0,  //@@@..*%%%%%*..%@@
0xfc,0x00,0x00,0x0f,0xc0,  //@@@...........@@@
0xfc,0x00,0x00,0x0f,0xc0,  //@@@*....*.....@@@
0xfd,0x02,0xa0,0x0f,0xc0,  //@@@*...#%#...*@@@
0xfd,0x02,0x10,0x1f,0xc0,  //@@@%..*%.%*..*@@@
0xfe,0x02,0x60,0x1f,0xc0,  //@@@%...#*#+..%@@@
0xff,0x00,0x40,0x2f,0xc0,  //@@@@*..+*+..+#@@@
0xff,0xa5,0x06,0xbf,0xc0,  //@@@@%#*****%%@@@@
0xff,0x45,0xa4,0x3f,0xc0,  //@@@@*+*%%%*+*@@@@
0xff,0x40,0x00,0x7f,0xc0,  //@@@@%.......*@@@@
0xff,0x80,0x00,0xbf,0xc0,  //@@@@#*.....+#@@@@
0xbf,0xfa,0x5b,0xff,0x80,  //%@@@@@#%*%#@@@@@#
0x2f,0xff,0xff,0xfe,0x00,  //+#@@@@@@@@@@@@@#+


/*  */
0x02,0xf0,0x00,  //...%@@*...
0x02,0xf0,0x00,  //...#@@*...
0x07,0xf0,0x00,  //..*@@@*...
0x0b,0xf0,0x00,  //.+#@@@*...
0x6f,0xf5,0x50,  //*#@@@@%***
0xff,0xff,0xf0,  //@@@@@@@@@@
0xff,0xff,0xf0,  //@@@@@@@@@@
0x5f,0xf5,0x50,  //*%@@@@%***
0x0f,0xf0,0x00,  //.*@@@@*...
0x0f,0xf0,0x00,  //.*@@@@*...
0x0f,0xf0,0x00,  //.*@@@@*...
0x0f,0xf0,0x00,  //.*@@@@*...
0x0f,0xf0,0x00,  //.*@@@@*...
0x0f,0xf0,0x00,  //.*@@@@*...
0x0f,0xf8,0x00,  //.*@@@@%..+
0x0b,0xff,0xe0,  //..#@@@@@@#
0x03,0xff,0xf0,  //..*@@@@@@@
0x00,0xbf,0xe0,  //...*#@@@@#


/*  */
0x06,0xaa,0xaa,0xa8,0x00,  //.*%%%%%%%%%%%%%*.
0x3f,0xfe,0xaf,0xff,0x40,  //*@@@@@@#%#@@@@@@*
0xbf,0xfc,0x1f,0xff,0x80,  //#@@@@@@+.*@@@@@@#
0xff,0xf8,0x1f,0xff,0xc0,  //@@@@@@#..*@@@@@@@
0xff,0xe0,0x1f,0xff,0xc0,  //@@@@@#+..*@@@@@@@
0xff,0x80,0x00,0xbf,0xc0,  //@@@@%+...+**#@@@@
0xff,0x40,0x00,0xbf,0xc0,  //@@@@*.......%@@@@
0xff,0x90,0x05,0xbf,0xc0,  //@@@@%*...***#@@@@
0xff,0xf0,0x1f,0xff,0xc0,  //@@@@@@...*@@@@@@@
0xff,0xf0,0x1f,0xff,0xc0,  //@@@@@@...*@@@@@@@
0xff,0xf0,0x1f,0xff,0xc0,  //@@@@@@...*@@@@@@@
0xff,0xf0,0x1f,0xff,0xc0,  //@@@@@@...*@@@@@@@
0xff,0xf0,0x1f,0xff,0xc0,  //@@@@@@...*@@@@@@@
0xff,0xf0,0x00,0xbf,0xc0,  //@@@@@@+...**#@@@@
0xff,0xf8,0x00,0x7f,0xc0,  //@@@@@@%.....%@@@@
0xbf,0xfe,0x00,0xbf,0x80,  //%@@@@@@%*..+%@@@#
0x2f,0xff,0xff,0xfe,0x00,  //+#@@@@@@@@@@@@@#+


/*  */
0x03,0xe0,0x00,  //..*@@%...
0x03,0xe0,0x00,  //..*@@%...
0x03,0xe0,0x00,  //..*@@%...
0x03,0xe0,0x00,  //..*@@%...
0x03,0xe0,0x00,  //..*@@%...
0x03,0xe0,0x00,  //..*@@%...
0x03,0xe0,0x00,  //..*@@%...
0x03,0xe0,0x00,  //..*@@%...
0x03,0xe0,0x00,  //..*@@%...
0x03,0xe0,0x00,  //..*@@%...
0x03,0xe0,0x00,  //..*@@%...
0x03,0xe0,0x00,  //..*@@%...
0x03,0xe0,0x00,  //..*@@%...
0x03,0xe0,0x00,  //..*@@%...
0xab,0xea,0x00,  //%%#@@#%%*
0x2f,0xfe,0x00,  //+#@@@@@#.
0x1f,0xf8,0x00,  //.*@@@@#..
0x07,0xe0,0x00,  //..*@@#...
0x01,0x80,0x00,  //...*#+...


/*  */
0x02,0xc0,0x00,  //...%@*...
0x07,0xe0,0x00,  //..%@@#+..
0x1f,0xf8,0x00,  //.%@@@@#+.
0x7f,0xfe,0x00,  //*@@@@@@#+
0x57,0xe5,0x00,  //**%@@#***
0x03,0xe0,0x00,  //..*@@%...
0x03,0xe0,0x00,  //..*@@%...
0x03,0xe0,0x00,  //..*@@%...
0x03,0xe0,0x00,  //..*@@%...
0x03,0xe0,0x00,  //..*@@%...
0x03,0xe0,0x00,  //..*@@%...
0x03,0xe0,0x00,  //..*@@%...
0x03,0xe0,0x00,  //..*@@%...
0x03,0xe0,0x00,  //..*@@%...
0x03,0xe0,0x00,  //..*@@%...
0x03,0xe0,0x00,  //..*@@%...
0x03,0xe0,0x00,  //..*@@%...
0x03,0xe0,0x00,  //..*@@%...
0x02,0x90,0x00,  //..+%%%...


/*  */
0x02,0x80,0x00,0x00,0x00,  //...#%..............
0x0b,0x80,0x00,0x00,0x00,  //..#@%..............
0x2f,0x95,0x55,0x55,0x54,  //.#@@#**************
0xbf,0xff,0xff,0xff,0xfc,  //#@@@@@@@@@@@@@@@@@@
0xbf,0xff,0xff,0xff,0xfc,  //%@@@@@@@@@@@@@@@@@@
0x1f,0x80,0x00,0x00,0x00,  //.%@@#**************
0x07,0x80,0x00,0x00,0x00,  //..%@%..............
0x01,0x80,0x00,0x00,0x00,  //...*%..............


/*  */
0x00,0x00,0x00,0x0a,0x00,  //..............%#...
0x00,0x00,0x00,0x0b,0x80,  //..............%@#..
0x55,0x55,0x55,0x5b,0xe0,  //**************#@@#+
0xff,0xff,0xff,0xff,0xf8,  //@@@@@@@@@@@@@@@@@@#
0xff,0xff,0xff,0xff,0xf4,  //@@@@@@@@@@@@@@@@@@%
0x00,0x00,0x00,0x0b,0xd0,  //**************#@@%.
0x00,0x00,0x00,0x0b,0x40,  //..............%@%..
0x00,0x00,0x00,0x09,0x00,  //..............%*...


/*  */
0x00,0x00,0x18,0x00,  //.........*#*....
0x00,0x00,0x7c,0x00,  //........*@@+....
0x00,0x00,0xb8,0x00,  //........#@%.....
0x00,0x00,0xe0,0x00,  //.......*@#......
0x02,0xa5,0x5b,0x90,  //..*%%%***%#@#*..
0x1f,0xff,0xff,0xf4,  //.%@@@@@@@@@@@@%.
0x3f,0xff,0xff,0xf4,  //*@@@@@@@@@@@@@*.
0x7f,0xff,0xff,0xd0,  //%@@@@@@@@@@@@%..
0xbf,0xff,0xff,0xc0,  //#@@@@@@@@@@@@+..
0xff,0xff,0xff,0xc0,  //@@@@@@@@@@@@@...
0xff,0xff,0xff,0xc0,  //@@@@@@@@@@@@@+..
0xbf,0xff,0xff,0xd0,  //#@@@@@@@@@@@@*..
0x7f,0xff,0xff,0xe0,  //%@@@@@@@@@@@@#+.
0x3f,0xff,0xff,0xfd,  //*@@@@@@@@@@@@@@*
0x2f,0xff,0xff,0xfc,  //.#@@@@@@@@@@@@@+
0x1f,0xff,0xff,0xf4,  //.*@@@@@@@@@@@@%.
0x0b,0xff,0xff,0xe0,  //..%@@@@@@@@@@#..
0x02,0xfe,0xaf,0x80,  //...#@@@%%#@@#+..


/*  */
0x00,0x00,0x00,0x00,0x54,  //..............+****
0x00,0x00,0x16,0xbf,0xf4,  //.......++*%%#@@@@@*
0x15,0xad,0x7f,0xff,0xf4,  //***%%#@**@@@@@@@@@*
0xff,0xfd,0x7f,0xff,0xf4,  //@@@@@@@**@@@@@@@@@*
0xff,0xfd,0x7f,0xff,0xf4,  //@@@@@@@**@@@@@@@@@*
0xff,0xfd,0x7f,0xff,0xf4,  //@@@@@@@**@@@@@@@@@*
0xff,0xfd,0x7f,0xff,0xf4,  //@@@@@@@**@@@@@@@@@*
0xff,0xfd,0x7f,0xff,0xf4,  //@@@@@@@**@@@@@@@@@*
0xff,0xfd,0x7f,0xff,0xf4,  //@@@@@@@**@@@@@@@@@*
0x00,0x00,0x00,0x00,0x00,  //*******++*********+
0xff,0xfd,0x7f,0xff,0xf4,  //@@@@@@@**@@@@@@@@@*
0xff,0xfd,0x7f,0xff,0xf4,  //@@@@@@@**@@@@@@@@@*
0xff,0xfd,0x7f,0xff,0xf4,  //@@@@@@@**@@@@@@@@@*
0xff,0xfd,0x7f,0xff,0xf4,  //@@@@@@@**@@@@@@@@@*
0xff,0xfd,0x7f,0xff,0xf4,  //@@@@@@@**@@@@@@@@@*
0xff,0xfd,0x7f,0xff,0xf4,  //@@@@@@@**@@@@@@@@@*
0x56,0xbd,0x7f,0xff,0xf4,  //**%%#@@**@@@@@@@@@*
0x00,0x00,0x1a,0xff,0xf4,  //......*+*%%#@@@@@@*
0x00,0x00,0x00,0x01,0x64,  //.............+**%%*


/*  */
0x00,0x00,0x00,0x00,  //....*.....++....
0x00,0x15,0x54,0x00,  //.....**%***.....
0x00,0x7f,0xf8,0x00,  //....*@@@@@#+....
0x01,0xdf,0xea,0x00,  //...*@*@@@#%#+...
0x02,0xef,0xfb,0x80,  //...#@#@@@@#@%...
0x03,0xff,0xff,0xc0,  //..*@@@@@@@@@@...
0x51,0x55,0x55,0x48,  //*%+**********+%*
0xf7,0xff,0xff,0xde,  //@@*@@@@@@@@@@*@%
0xf7,0xff,0xff,0xde,  //@@*@@@@@@@@@@*@%
0xf7,0xff,0xff,0xde,  //@@*@@@@@@@@@@*@%
0xf7,0xff,0xff,0xde,  //@@*@@@@@@@@@@*@%
0xf7,0xff,0xff,0xde,  //@@*@@@@@@@@@@*@%
0xb7,0xff,0xff,0xde,  //#@*@@@@@@@@@@*@%
0x03,0xff,0xff,0xc4,  //+**@@@@@@@@@@.*.
0x02,0xff,0xff,0x80,  //..+#@@@@@@@@#...
0x00,0x7c,0x7c,0x00,  //...+*@@*%@@*....
0x00,0x3c,0x7c,0x00,  //....*@@.*@@.....
0x00,0x3c,0x7c,0x00,  //....*@@.*@@.....
0x00,0x28,0x24,0x00,  //.....%%.+%*.....


/*  */
0x00,0x07,0xe4,0x00,0x00,  //......%@@#*......
0x00,0x0f,0xe8,0x00,0x00,  //.....+@@@%#*.....
0x00,0x1b,0xad,0x00,0x00,  //.....*#@##@%.....
0x00,0x16,0x5a,0x00,0x00,  //.....**%**#%.....
0x00,0x04,0x2a,0x00,0x00,  //.....*%**%#%.....
0x00,0x00,0x0b,0x00,0x00,  //.....**..*%@.....
0x00,0x08,0x4a,0x00,0x00,  //.....*#***#%*....
0x00,0x21,0x03,0x80,0x00,  //.....%+%+.*@#....
0x00,0x50,0x02,0xa0,0x00,  //....%*.....##%...
0x00,0x90,0x01,0xb4,0x00,  //...*#*.....*#@*..
0x01,0x80,0x00,0xe8,0x00,  //...%#.......@##..
0x02,0x40,0x00,0xac,0x00,  //...#*.......#%@+.
0x06,0x40,0x00,0xac,0x00,  //..*#*.......%%@*.
0x06,0x00,0x00,0x6c,0x00,  //..*%+.......%#@*.
0x00,0x40,0x00,0x74,0x00,  //..*.%+.....*%@%+.
0x00,0x20,0x00,0x01,0x00,  //**..+#+....*.+.*.
0x00,0x14,0x01,0x00,0x40,  //*....**...**....*
0x40,0x05,0x19,0x00,0x00,  //*.....****#*...+*
0x40,0x0a,0xa9,0x04,0x00,  //***...%#%%%%..*+.
0x00,0x50,0x01,0x50,0x00,  //...***+....***...


/*  */
0x00,0x06,0xa4,0x00,0x00,  //.....+*%%%*+.....
0x00,0xbd,0x5b,0x80,0x00,  //...+%@@%*%#@%+...
0x02,0x9d,0x00,0xb4,0x00,  //..+#%*@*...+%@*..
0x09,0x0a,0x00,0x2c,0x00,  //.+#%..%#+....%@*.
0x28,0x02,0x80,0x66,0x00,  //.#%....#%...%#%#.
0x70,0x01,0xc6,0x82,0x40,  //*@+....*@**##..#*
0x90,0x01,0xb9,0x01,0x80,  //%%....+*#@#*...*#
0xaa,0xbe,0xb4,0x00,0xc0,  //##%%#@@#%@*....*@
0xd5,0x40,0x29,0x54,0xc0,  //@%****+..##*****@
0xc0,0x01,0xbe,0x5a,0xc0,  //@*.....*#@@%*%%#@
0x90,0x0b,0x49,0x00,0xc0,  //#*...+%@%+#%...*@
0x60,0x28,0x06,0x01,0x80,  //%%..+##+..%#...%%
0x30,0x90,0x03,0x02,0x40,  //+@*+#%....*@+.+#*
0x1a,0x80,0x03,0x4a,0x00,  //.%#%%......@*.%%.
0x0b,0x00,0x02,0x68,0x00,  //..#@*......#%%#+.
0x02,0x90,0x02,0xe0,0x00,  //...%#*+....%@#+..
0x00,0x6e,0xae,0x40,0x00,  //....*#@#%#@#*....


/*  */
0x06,0x90,0x00,0x00,0x00,  //..*%%%+..........
0x1f,0xfa,0xf9,0x00,0x00,  //.%@@@@##@@%*.....
0x7f,0xff,0xff,0x80,0x00,  //*@@@@@@@@@@@#*...
0xbf,0xf9,0x6b,0xf4,0x00,  //#@@@@@#%*%#@@@*..
0xff,0x80,0x00,0xb8,0x00,  //@@@@#*.....*#@#+.
0xbf,0x40,0x00,0x7d,0x00,  //#@@@*..+*+..*@@%.
0x7f,0x03,0xf4,0xbf,0x00,  //*@@@*..@@@%+%@@@.
0x3f,0x00,0x6b,0xff,0x00,  //*@@@*..+*%#@@@@@*
0x3f,0x80,0x01,0xbf,0x40,  //*@@@#......*#@@@*
0x3f,0xe4,0x00,0x3f,0x40,  //*@@@@#%*....*@@@*
0x3f,0x9b,0xe0,0x3f,0x00,  //+@@@%*#@@%+..@@@*
0x2f,0x02,0xe0,0x3f,0x80,  //.#@@*.+#@#+..@@@#
0x1f,0x40,0x00,0x7f,0xc0,  //.*@@%.......*@@@@
0x0b,0xe0,0x01,0xff,0xc0,  //..%@@%*...+%@@@@@
0x02,0xff,0xff,0xff,0x80,  //...#@@@@@@@@@@@@#
0x00,0x7f,0xff,0xff,0x40,  //....%@@@@@@@@@@@*
0x00,0x06,0xab,0xfd,0x00,  //.....+*%%%%@@@@*.


/*  */
0x2f,0xff,0xff,0xd0,  //+#@@@@@@@@@@@%
0x7f,0xff,0xff,0xe0,  //*@@@@@@@@@@@@%
0x74,0x00,0x01,0xd0,  //*@%........*@%
0x74,0x00,0x01,0xd0,  //*@*........%@*
0x74,0x00,0x02,0xc0,  //*@*........#@*
0x74,0x0a,0xab,0xc0,  //*@*...%%%%#@@.
0x74,0x0f,0xff,0x80,  //*@*...@@@@@@#.
0x74,0x00,0x07,0x40,  //*@*...+***%@%.
0x74,0x00,0x07,0x40,  //*@*.......%@*.
0x74,0x00,0x0b,0x00,  //*@*.......#@*.
0x74,0x05,0x5f,0x00,  //*@*...***%@@..
0x74,0x1f,0xfe,0x00,  //*@*..%@@@@@%..
0x74,0x79,0x54,0x00,  //*@*.*@#****+..
0x75,0xf0,0x00,0x00,  //*@**@@*.......
0x7a,0xd0,0x00,0x00,  //*@%#@*........
0x7f,0x40,0x00,0x00,  //*@@@%.........
0x7d,0x00,0x00,0x00,  //*@@%..........
0x78,0x00,0x00,0x00,  //*@#...........


/*  */
0xaa,0xaa,0xaa,0xaa,0x80,  //%%%%%%%%%%%%%%%%%
0xff,0xff,0xff,0xff,0xc0,  //@@@@@@@@@@@@@@@@@
0xe0,0x00,0xc0,0x02,0xc0,  //@#.....*@*.....%@
0xe0,0x00,0xc0,0x02,0xc0,  //@%.....*@*.....%@
0xe0,0x00,0xc0,0x02,0xc0,  //@%.....*@*.....%@
0xe0,0x00,0xc0,0x02,0xc0,  //@%.....*@*.....%@
0xe0,0x00,0xc0,0x02,0xc0,  //@%.....*@*.....%@
0xe0,0x00,0xc0,0x02,0xc0,  //@%.....*@*.....%@
0xe0,0x00,0xc0,0x02,0xc0,  //@%.....*@*.....%@
0xe0,0x00,0xc0,0x02,0xc0,  //@%.....*@*.....%@
0xe0,0x00,0xff,0xff,0xc0,  //@%.....*@@@@@@@@@
0xe0,0x00,0xff,0xff,0xc0,  //@%.....*@@@@@@@@@
0xe0,0x00,0xff,0xff,0xc0,  //@%.....*@@@@@@@@@
0xe0,0x00,0xff,0xff,0xc0,  //@%.....*@@@@@@@@@
0xfa,0xaa,0xff,0xff,0xc0,  //@@%%%%%#@@@@@@@@@
0xff,0xff,0xff,0xff,0xc0,  //@@@@@@@@@@@@@@@@@
0xff,0xff,0xff,0xff,0xc0,  //@@@@@@@@@@@@@@@@@


/*  */
0x00,0x0a,0x00,0x00,  //.....+%%*.....
0x00,0x2f,0xc0,0x00,  //.....#@@@*....
0x00,0x3f,0xd0,0x00,  //....*@@@@%....
0x00,0x3f,0xd0,0x00,  //....+@@@@*....
0x00,0x1f,0x80,0x00,  //.....%@@#.....
0x00,0x56,0x50,0x00,  //....**%%**....
0x02,0xff,0xf8,0x00,  //...%@@@@@@#+..
0x07,0xff,0xfe,0x00,  //..*@@@@@@@@%..
0x0f,0x7f,0xdf,0x40,  //.+@@%@@@@%@@*.
0x2e,0x3f,0xc7,0x80,  //.#@%.@@@@**@#+
0x78,0x7f,0xd2,0xe0,  //*@#+*@@@@%.#@%
0xb4,0xbf,0xf0,0xf0,  //#@*.#@@@@@*+@@
0x51,0xff,0xf8,0x60,  //%%.%@@@@@@#.*%
0x03,0xff,0xfd,0x00,  //..+@@@@@@@@*..
0x0b,0xff,0xfe,0x00,  //..%@@@@@@@@#..
0x05,0x7f,0xd5,0x00,  //..***@@@@%**..
0x00,0x3f,0xc0,0x00,  //.....@@@@*....
0x00,0x3f,0xc0,0x00,  //.....@@@@*....
0x00,0x3f,0xc0,0x00,  //.....@@@@*....
0x00,0x1a,0x80,0x00,  //.....%%%%.....


/*  */
0x00,0x64,0x00,  //....*%%+...
0x01,0xfe,0x00,  //...*@@@#...
0x02,0xff,0x00,  //...%@@@@*..
0x01,0xff,0x00,  //...%@@@@+..
0x00,0xbd,0x00,  //...+#@@*...
0x05,0x65,0x50,  //.****%%***+
0x7f,0xff,0xf8,  //%@@@@@@@@@#
0xff,0xff,0xfc,  //@@@@@@@@@@@
0xfb,0xff,0xac,  //@@%@@@@@%#@
0xf7,0xff,0x6c,  //@@*@@@@@*%@
0xf7,0xff,0x6c,  //@@*@@@@@*%@
0xf7,0xff,0x6c,  //@@*@@@@@*%@
0xb7,0xff,0x6c,  //#@*@@@@@*%@
0x03,0xdf,0x44,  //***@@%@@*+*
0x03,0xcf,0x40,  //..*@@*@@*..
0x03,0xcf,0x40,  //..*@@*@@*..
0x03,0xcf,0x40,  //..*@@*@@*..
0x03,0xcf,0x40,  //..*@@*@@*..
0x03,0xcf,0x40,  //..+@@*@@*..
0x01,0x86,0x00,  //...%%.*%+..


/*  */
0x00,0x06,0xa4,0x00,0x00,  //.....+*%%%*+.....
0x00,0xbf,0xff,0x80,0x00,  //...+%@@@@@@@%+...
0x02,0xff,0xff,0xf4,0x00,  //..+#@@@@@@@@@@*..
0x0b,0xff,0xff,0xfc,0x00,  //.+#@@@@@@@@@@@@*.
0x2f,0xff,0xff,0xfe,0x00,  //.#@@@@@@@@@@@@@#.
0x7f,0xd6,0xe5,0xbf,0x40,  //*@@@@**#@#**#@@@*
0xbf,0x40,0x40,0x3f,0x80,  //%@@@%...*+..*@@@#
0xbf,0x40,0x00,0x3f,0xc0,  //#@@@*.......*@@@@
0xff,0x80,0x00,0xbf,0xc0,  //@@@@#.......%@@@@
0xff,0xe0,0x01,0xff,0xc0,  //@@@@@%.....*@@@@@
0xbf,0xf4,0x03,0xff,0xc0,  //#@@@@@*...*@@@@@@
0x7f,0xfc,0x0b,0xff,0x80,  //%@@@@@@*..#@@@@@%
0x3f,0xfe,0x2f,0xff,0x40,  //+@@@@@@#.%@@@@@@*
0x1f,0xff,0xbf,0xfe,0x00,  //.%@@@@@@#@@@@@@%.
0x0b,0xff,0xff,0xf8,0x00,  //..#@@@@@@@@@@@#+.
0x02,0xff,0xff,0xe0,0x00,  //...%@@@@@@@@@#+..
0x00,0x6f,0xfe,0x40,0x00,  //....*#@@@@@#*....


/*  */
0x00,0x00,0x28,0x00,0x00,  //.........%%.........
0x00,0x00,0x7d,0x00,0x00,  //....*...*@@*...*....
0x00,0xe5,0xbe,0x5b,0x00,  //....@#%*#@@#*%#@....
0x00,0xfe,0x55,0xbf,0x00,  //....@@@#%**%#@@@....
0x00,0xf4,0x00,0x1f,0x00,  //....@@*......*@@....
0x01,0xd0,0x00,0x07,0x40,  //...*@*........*@*...
0x2f,0x40,0x00,0x01,0xf8,  //*%@@*..........*@@%*
0x3f,0x00,0x00,0x00,0xfc,  //+@@@............@@@+
0x1e,0x00,0x00,0x00,0xb4,  //.*@%............%@*.
0x09,0x00,0x00,0x00,0x60,  //..%*............*%..
0x09,0x00,0x00,0x00,0x60,  //..#%............%#..
0x2e,0x00,0x00,0x00,0xb8,  //.%@#............#@%.
0x3f,0x00,0x00,0x00,0xfc,  //*@@@+..........+@@@*
0x1b,0x80,0x00,0x02,0xe4,  //+*#@%..........%@#*+
0x00,0xd0,0x00,0x07,0x00,  //...+@%........%@+...
0x00,0xf8,0x00,0x2f,0x00,  //....@@%*....*%@@....
0x00,0xff,0xaa,0xff,0x00,  //....@@@@#%%#@@@@....
0x00,0x90,0xbe,0x06,0x00,  //....#%*+#@@#+*%#....
0x00,0x00,0x3c,0x00,0x00,  //........+@@+........
0x00,0x00,0x14,0x00,0x00,  //.........**.........


/*  */
0x00,0x06,0x40,0x00,  //.....+*%%.......
0x00,0x7f,0x80,0x00,  //...+%@@@#.......
0x02,0x9a,0x00,0x00,  //..+##*##........
0x0a,0x0d,0x00,0x00,  //.+##.+@*........
0x28,0x1c,0x00,0x00,  //.##..*@.........
0x30,0x18,0x00,0x00,  //*@*..%%.........
0xa0,0x18,0x00,0x00,  //%#...%%.........
0x90,0x1c,0x00,0x00,  //#*...*@.........
0xd0,0x0c,0x00,0x00,  //@*...+@*........
0xd0,0x0a,0x00,0x00,  //@*....%#........
0x90,0x02,0x80,0x00,  //#%....+##.......
0x60,0x00,0xa4,0x01,  //%#.....*##*...+*
0x34,0x00,0x2f,0xff,  //+@*.....+%@@@@@@
0x18,0x00,0x01,0x5e,  //.%#+......+**%@%
0x0a,0x00,0x00,0x28,  //..##*.......+##+
0x02,0xe0,0x01,0xe0,  //...%@%*...*%@#+.
0x00,0x6f,0xfe,0x40,  //....*#@@@@@#*...


/*  */
0xaa,0xaa,0xaa,0xaa,0xa0,  //%%%%%%%%%%%%%%%%%%
0xff,0xff,0xff,0xff,0xf0,  //@@@@@@@@@@@@@@@@@@
0xff,0xff,0xff,0xff,0xf0,  //@@@@@@@@@@@@@@@@@@
0xff,0xff,0xff,0xff,0xf0,  //@@@@@@@@@@@@@@@@@@
0x55,0x55,0x55,0x55,0x50,  //******************
0x2a,0xaa,0xaa,0xaa,0x80,  //*%%%%%%%%%%%%%%%%*
0x7f,0xff,0xff,0xff,0xd0,  //*@@@@@@@@@@@@@@@@*
0x7f,0xfd,0x57,0xff,0xd0,  //*@@@@@@****@@@@@@*
0x7f,0xf8,0x02,0xff,0xd0,  //*@@@@@#****#@@@@@*
0x7f,0xff,0xff,0xff,0xd0,  //*@@@@@@@@@@@@@@@@*
0x7f,0xff,0xff,0xff,0xd0,  //*@@@@@@@@@@@@@@@@*
0x7f,0xff,0xff,0xff,0xd0,  //*@@@@@@@@@@@@@@@@*
0x7f,0xff,0xff,0xff,0xd0,  //*@@@@@@@@@@@@@@@@*
0x7f,0xff,0xff,0xff,0xd0,  //*@@@@@@@@@@@@@@@@*
0x7f,0xff,0xff,0xff,0xd0,  //*@@@@@@@@@@@@@@@@*
0x7f,0xff,0xff,0xff,0xd0,  //*@@@@@@@@@@@@@@@@*
0x7f,0xff,0xff,0xff,0xd0,  //*@@@@@@@@@@@@@@@@*


/*  */
0x00,0x02,0xfd,0x00,0x00,  //......+#@@@%......
0x00,0x0b,0xff,0x40,0x00,  //......#@@@@@*.....
0x04,0x0f,0xff,0x80,0x40,  //.+*..*@@@@@@%...*.
0x1d,0x00,0x00,0x02,0x80,  //.*@%..******+..##.
0x07,0x95,0x55,0x5a,0x00,  //..%@%*********##+.
0x02,0xff,0xff,0xfc,0x00,  //...%@@@@@@@@@@@+..
0x01,0xff,0x4f,0xfc,0x00,  //...*@@@@*.@@@@@...
0x01,0xff,0x4f,0xfc,0x00,  //...*@@@@*.@@@@@...
0x01,0xff,0x4f,0xfc,0x00,  //.**%@@@@*.@@@@@**+
0x7f,0xff,0x4f,0xff,0xf0,  //%@@@@@@@*.@@@@@@@@
0x01,0xff,0x4f,0xfc,0x00,  //.**%@@@@*.@@@@@***
0x00,0xff,0x4f,0xf8,0x00,  //...*@@@@*.@@@@#...
0x00,0xff,0x4f,0xf8,0x00,  //...+@@@@*.@@@@%...
0x00,0xbf,0x4f,0xf4,0x00,  //....#@@@*.@@@@*...
0x02,0xaf,0x4f,0xe8,0x00,  //...###@@*.@@@##+..
0x07,0x06,0x4e,0x0a,0x00,  //..%@+.*#*.@%*.##+.
0x0d,0x00,0x00,0x02,0x80,  //.+@*...........#%.


/*  */
0x6a,0x01,0xff,0x40,0x6a,0x80,  //%%%%*..%@@@@*...*%%%%+
0xbf,0x80,0xbf,0x40,0xbf,0xc0,  //%@@@%...#@@@*...#@@@@*
0x3f,0xc0,0x7f,0x41,0xff,0x80,  //*@@@@*..*@@@*..*@@@@%.
0x2f,0xe0,0x7f,0x42,0xfe,0x00,  //.#@@@%..*@@@*..#@@@#+.
0x0f,0xf0,0x7f,0x47,0xfc,0x00,  //.*@@@@*.%@@@*.%@@@@*..
0x0b,0xf8,0xbf,0x9f,0xf4,0x00,  //..%@@@#*#@@@%*@@@@*...
0x02,0xff,0xff,0xff,0xf0,0x00,  //..+#@@@@@@@@@@@@@@....
0x01,0xff,0xff,0xff,0xf4,0x00,  //...*@@@@@@@@@@@@@@*...
0x00,0xbf,0xff,0xff,0xfd,0x00,  //....%@@@@@@@@@@@@@@*..
0x00,0x2f,0xff,0x8b,0xff,0x40,  //.....#@@@@@@#*#@@@@@*.
0x00,0x07,0xff,0x42,0xff,0xc0,  //......%@@@@@*..#@@@@@+
0x00,0x00,0x6f,0x40,0xbf,0xc0,  //.......*%#@@*...%@@@@*


/*  */
0x00,0x00,0x00,0x2f,0x90,  //.............#@@#*..
0x00,0x00,0x00,0x01,0xb4,  //.............***%@%.
0x00,0x06,0xd0,0x05,0x1d,  //......*#@*....**.%@*
0x00,0x2f,0xf0,0x0a,0x8a,  //....*#@@@@...+%#%.#%
0x01,0xff,0xe1,0x50,0xc7,  //...*@@@@@#.*%*++@+%@
0x07,0xff,0xff,0xf8,0xc7,  //..*@@@@@@@@@@@#.@**@
0x0f,0xfe,0xaf,0xf8,0x0a,  //.*@@@@@#%#@@@@#.*.%#
0x2f,0x90,0x01,0xb8,0x00,  //.#@@#*.....*#@#*....
0x7d,0x01,0x40,0x2f,0x40,  //*@@*..***+...#@@%...
0xb4,0x1f,0xe0,0x0f,0xc0,  //#@*..%@@@#*..+@@@*..
0xf0,0x7a,0x78,0x0f,0xd0,  //@@..*@##%@%...@@@*..
0xb0,0x50,0xf8,0x0f,0xc0,  //#@..*%.*@@%..+@@@+..
0x74,0x62,0xf0,0x2f,0x40,  //*@*.*#*%@@*..%@@%...
0x18,0x1b,0x80,0xbd,0x00,  //.%#*.*#@#*.+#@@%....
0x06,0x90,0x1b,0xe0,0x00,  //..*#%*****%@@#*.....
0x00,0x5b,0xe9,0x00,0x00,  //....*%%@@#%%*.......


/*  */
0x00,0x04,0x04,0x00,0x00,  //.....+*+..*+.....
0x00,0x7c,0x0f,0x80,0x00,  //....%@@*..@@%+...
0x02,0xfc,0x0f,0xe4,0x00,  //..+#@@@*..@@@#*..
0x0b,0xfc,0x0f,0xfc,0x00,  //.+#@@@@*..@@@@@*.
0x2f,0xfc,0x0f,0xfe,0x00,  //.#@@@@@*..@@@@@#.
0x3f,0xfc,0x0f,0xff,0x40,  //*@@@@@@+..@@@@@@*
0xbf,0xfc,0x0f,0xff,0x80,  //%@@@@@@...@@@@@@#
0xbf,0xfc,0x0b,0xff,0xc0,  //#@@@@@@...#@@@@@@
0xff,0xf8,0x07,0xff,0xc0,  //@@@@@@#...%@@@@@@
0xff,0xf4,0x03,0xff,0xc0,  //@@@@@@*...*@@@@@@
0xbf,0xe0,0x02,0xff,0xc0,  //#@@@@#.....#@@@@@
0x7f,0xc0,0x40,0xff,0x80,  //%@@@@*..*..*@@@@%
0x3f,0x40,0x80,0x7f,0x40,  //*@@@%...#...*@@@*
0x2d,0x01,0xe0,0x1a,0x00,  //.%@*...%@%...*##.
0x00,0x07,0xf4,0x00,0x00,  //.++...*@@@*...++.
0x00,0x1f,0xfd,0x00,0x00,  //.....*@@@@@*.....
0x00,0x2f,0xfe,0x00,0x00,  //....+#@@@@@#*....


/*  */
0x00,0x02,0x40,0x00,  //......*#*.......
0x00,0x07,0xd0,0x00,  //......%@@%......
0x00,0x0b,0xf0,0x00,  //......%@@@+.....
0x00,0x07,0xf0,0x00,  //......%@@@*.....
0x00,0x03,0xf0,0x00,  //......+@@@*.....
0x02,0xa1,0xf0,0x68,  //..*%%%**@@.+%%%+
0x07,0xfd,0x66,0xfc,  //..*@@@@**%*#@@@+
0x03,0xfe,0x2b,0xf8,  //..+@@@@#*##@@@#.
0x01,0xbf,0xbf,0xe0,  //...*#@@@#@@@@#+.
0x00,0x1a,0xae,0x40,  //.....*%%##@#%+..
0x16,0x40,0x80,0x00,  //.**%*+..%*......
0x7f,0xf4,0x86,0xe4,  //*@@@@@*.#+*%@#*.
0x2f,0xfd,0xaf,0xfd,  //.#@@@@@%#%@@@@@*
0x0b,0xff,0xff,0xf8,  //.+#@@@@@@@@@@@#.
0x01,0xaa,0x7f,0xe0,  //..+%%%%#%@@@@#+.
0x00,0x09,0x00,0x00,  //......#*..***...
0x00,0x18,0x00,0x00,  //.....%%.........
0x00,0x60,0x00,0x00,  //....%#..........
0x06,0x40,0x00,0x00,  //+**#%...........
0xa4,0x00,0x00,0x00,  //%%%+............


/*  */
0x2f,0xff,0xff,0xd0,  //+#@@@@@@@@@@@*
0xbf,0xff,0xff,0xf0,  //%@@@@@@@@@@@@@
0x6a,0xaa,0xaa,0xa0,  //%%%%%%%%%%%%%%
0x55,0x55,0x55,0x50,  //**************
0xbf,0xff,0xff,0xf0,  //%@@@@@@@@@@@@@
0xbf,0xff,0xff,0xf0,  //%@@@@@@@@@@@@@
0x55,0x55,0x55,0x50,  //**************
0x6a,0xaa,0xaa,0xa0,  //%%%%%%%%%%%%%%
0xbf,0xff,0xff,0xf0,  //%@@@@@@@@@@@@@
0xbf,0xff,0xff,0xf0,  //%@@@@@@@@@@@@@
0x00,0x00,0x00,0x00,  //+*************
0xbf,0xff,0xff,0xf0,  //%@@@@@@@@@@@@@
0x7f,0xff,0xff,0xe0,  //%@@@@@@@@@@@@#
0x1a,0xaa,0xbe,0x80,  //.%%%%%%%#@@#%+
0x00,0x00,0xb4,0x00,  //........%@%...
0x00,0x00,0x90,0x00,  //........%%....
0x00,0x00,0x40,0x00,  //........*.....


/*  */
0x00,0x06,0xa4,0x00,0x00,  //.....+*%%%*+.....
0x00,0xbf,0xff,0x80,0x00,  //...+%@@@@@@@%+...
0x02,0xfe,0xaf,0xf4,0x00,  //..+#@@@#%#@@@@*..
0x0b,0xd0,0x01,0xfc,0x00,  //.+#@@%+...+*@@@*.
0x2f,0x40,0x00,0x2e,0x00,  //.#@@*.......+#@#.
0x7d,0x00,0x50,0x1f,0x40,  //*@@*....*%...*@@*
0xb8,0x00,0x74,0x0b,0x80,  //%@#.....*@%...#@#
0xb4,0x55,0xbd,0x07,0xc0,  //#@%.****%@@%..*@@
0xf4,0xbf,0xff,0x47,0xc0,  //@@*.%@@@@@@@%.*@@
0xf4,0xbf,0xff,0x47,0xc0,  //@@*.%@@@@@@@*.*@@
0xb8,0x00,0x7d,0x07,0xc0,  //#@%.+***%@@*..%@@
0x7c,0x00,0x74,0x0b,0x80,  //%@@+....*@*...#@%
0x3e,0x00,0x10,0x1f,0x40,  //+@@%....**...%@@*
0x1f,0x40,0x00,0x7e,0x00,  //.%@@%.......*@@%.
0x0b,0xe4,0x06,0xf8,0x00,  //..#@@#*+.+*#@@#+.
0x02,0xff,0xff,0xe0,0x00,  //...%@@@@@@@@@#+..
0x00,0x6f,0xfe,0x40,0x00,  //....*#@@@@@#*....


/*  */
0x00,0x06,0xa4,0x00,0x00,  //.....+*%%%*+.....
0x00,0xbf,0xff,0x80,0x00,  //...+%@@@@@@@%+...
0x02,0xfe,0xaf,0xf4,0x00,  //..+#@@@#%#@@@@*..
0x0b,0xd0,0x01,0xfc,0x00,  //.+#@@%+...+*@@@*.
0x2f,0x40,0x00,0x2e,0x00,  //.#@@*.......+#@#.
0x7d,0x01,0x40,0x1f,0x40,  //*@@*...%*....*@@*
0xb8,0x07,0x40,0x0b,0x80,  //%@#...%@*.....#@#
0xb4,0x1f,0x95,0x47,0xc0,  //#@%..%@@%****.*@@
0xf4,0x7f,0xff,0x87,0xc0,  //@@*.%@@@@@@@%.*@@
0xf4,0x2f,0xff,0x87,0xc0,  //@@*.+#@@@@@@%.*@@
0xb8,0x0b,0x40,0x07,0xc0,  //#@%..+#@%***+.%@@
0x7c,0x02,0x40,0x0b,0x80,  //%@@+..+#*.....#@%
0x3e,0x00,0x40,0x1f,0x40,  //+@@%...+*....%@@*
0x1f,0x40,0x00,0x7e,0x00,  //.%@@%.......*@@%.
0x0b,0xe4,0x06,0xf8,0x00,  //..#@@#*+.+*#@@#+.
0x02,0xff,0xff,0xe0,0x00,  //...%@@@@@@@@@#+..
0x00,0x6f,0xfe,0x40,0x00,  //....*#@@@@@#*....


/*  */
0x06,0xaa,0xaa,0xa8,0x00,  //.*%%%%%%%%%%%%%*.
0x3f,0xff,0xff,0xff,0x40,  //*@@@@@@@@@@@@@@@*
0xbf,0xff,0xff,0xff,0x80,  //#@@@@@@@@@@@@@@@#
0xf8,0x00,0x00,0x0b,0xc0,  //@@#***********#@@
0xf8,0x00,0x04,0x0b,0xc0,  //@@%.......*...%@@
0xf8,0x00,0x2d,0x0b,0xc0,  //@@%......%@*..%@@
0xf8,0x00,0xbd,0x0b,0xc0,  //@@%....*#@@*..%@@
0xf8,0x07,0xfd,0x0b,0xc0,  //@@%...%@@@@*..%@@
0xf8,0x2f,0xfd,0x0b,0xc0,  //@@%..#@@@@@*..%@@
0xf8,0x1f,0xfd,0x0b,0xc0,  //@@%..%@@@@@*..%@@
0xf8,0x02,0xfd,0x0b,0xc0,  //@@%...*#@@@*..%@@
0xf8,0x00,0xbd,0x0b,0xc0,  //@@%.....%@@*..%@@
0xf8,0x00,0x1d,0x0b,0xc0,  //@@%......*@*..%@@
0xf8,0x00,0x00,0x0b,0xc0,  //@@%...........%@@
0xf9,0x55,0x55,0x5b,0xc0,  //@@#***********#@@
0xbf,0xff,0xff,0xff,0x80,  //%@@@@@@@@@@@@@@@#
0x2f,0xff,0xff,0xfe,0x00,  //+#@@@@@@@@@@@@@#+


/*  */
0x00,0x06,0xa4,0x00,0x00,  //.....+*%%%*+.....
0x00,0xbf,0xff,0x80,0x00,  //...+%@@@@@@@%+...
0x02,0xfe,0xaf,0xf4,0x00,  //..+#@@@#%#@@@@*..
0x0b,0xd0,0x01,0xfc,0x00,  //.+#@@%+...+*@@@*.
0x2f,0x40,0x00,0x2e,0x00,  //.#@@*.......+#@#.
0x7d,0x00,0x00,0x1f,0x40,  //*@@*.........*@@*
0xb8,0x02,0xe0,0x0b,0x80,  //%@#...+%@#+...#@#
0xb4,0x0b,0xf8,0x07,0xc0,  //#@%...#@@@#+..*@@
0xf4,0x0f,0xfd,0x07,0xc0,  //@@*..*@@@@@*..*@@
0xf4,0x0f,0xfd,0x07,0xc0,  //@@*..+@@@@@*..*@@
0xb8,0x0b,0xf8,0x07,0xc0,  //#@%...%@@@#...%@@
0x7c,0x01,0x90,0x0b,0x80,  //%@@+...*%%....#@%
0x3e,0x00,0x00,0x1f,0x40,  //+@@%.........%@@*
0x1f,0x40,0x00,0x7e,0x00,  //.%@@%.......*@@%.
0x0b,0xe4,0x06,0xf8,0x00,  //..#@@#*+.+*#@@#+.
0x02,0xff,0xff,0xe0,0x00,  //...%@@@@@@@@@#+..
0x00,0x6f,0xfe,0x40,0x00,  //....*#@@@@@#*....


/*  */
0x00,0x19,0x00,0x00,0x00,  //.....*%*..........
0x00,0x3f,0x00,0x00,0x00,  //....*@@@+.........
0x00,0x3f,0x00,0x00,0x00,  //....*@@@+.........
0x00,0x39,0x00,0x00,0x00,  //....+@#*..........
0x00,0x34,0x00,0x00,0x00,  //.....@*...........
0x00,0x24,0x00,0x00,0x00,  //.....#*...........
0x00,0x24,0x00,0x00,0x00,  //.....%%...........
0x00,0x2f,0xfd,0x00,0x00,  //...*+%@@@@@*......
0x07,0x5d,0x54,0x00,0x00,  //..%@**@*****......
0x1d,0x1c,0x00,0x00,0x00,  //.%@*.*@*****......
0x34,0x0f,0xff,0x80,0x00,  //*@*..*@@@@@@#.....
0xa0,0x00,0x01,0xd0,0x00,  //%#....******@*....
0x90,0x00,0x00,0xa0,0x00,  //#*..........%#....
0xd0,0x00,0x00,0x34,0x00,  //@*.........**@*...
0x90,0x00,0x02,0x28,0x10,  //#*.........%+%#.**
0x60,0x00,0x02,0x4e,0xe0,  //%#.........#**@#@#
0x34,0x00,0x06,0x0a,0x40,  //*@*.......%#+.%#*.
0x1d,0x00,0x1d,0x00,0x00,  //.%@*.....%@*......
0x07,0xa6,0xa4,0x00,0x00,  //..*@#%*%##*.......
0x00,0x6a,0x40,0x00,0x00,  //...+%%%%%+........


/*  */
0x06,0xaa,0xaa,0xa8,0x00,  //.*%%%%%%%%%%%%%*.
0x3f,0xff,0xff,0xff,0x40,  //*@@@@@@@@@@@@@@@*
0xbf,0xff,0xff,0xff,0x80,  //#@@@@@@@@@@@@@@@#
0xff,0xeb,0xfd,0x6f,0xc0,  //@@@@@%#@@@@%*%@@@
0xfe,0x02,0xe0,0x0b,0xc0,  //@@@#*..#@#+...#@@
0xf8,0x01,0xd0,0x07,0xc0,  //@@#+...%@*....*@@
0xf0,0x01,0xe4,0x07,0xc0,  //@@**...*@#%...%@@
0xff,0x40,0xf8,0x0b,0xc0,  //@@@@*..*@@#...#@@
0xff,0x80,0xf4,0x1f,0xc0,  //@@@@%...@@*..*@@@
0xff,0xc0,0xa0,0x2f,0xc0,  //@@@@@...%#..+#@@@
0xff,0xc0,0x00,0xbf,0xc0,  //@@@@@*..+...%@@@@
0xff,0xd0,0x01,0xff,0xc0,  //@@@@@%.....%@@@@@
0xff,0xe0,0x07,0xff,0xc0,  //@@@@@#....*@@@@@@
0xff,0xf4,0x1f,0xff,0xc0,  //@@@@@@*..%@@@@@@@
0xff,0xfe,0xbf,0xff,0xc0,  //@@@@@@@##@@@@@@@@
0xbf,0xff,0xff,0xff,0x80,  //%@@@@@@@@@@@@@@@#
0x2f,0xff,0xff,0xfe,0x00,  //+#@@@@@@@@@@@@@#+


/*  */
0x02,0x80,0x00,0x00,  //..+%%+.......
0x03,0xc0,0x10,0x00,  //..*@@*..*%...
0x03,0xdb,0xf0,0x00,  //..*@@%%@@@...
0x07,0xff,0x90,0x00,  //.+%@@@@@#%...
0xbf,0xe4,0x00,0x00,  //#@@@@#*++*...
0xfb,0xd6,0xf0,0x00,  //@@#@@**#@@...
0x07,0xff,0xe0,0x00,  //*.*@@@@@@#...
0x6f,0xf9,0x00,0x00,  //%#@@@@%*..+*+
0xff,0xc0,0x0b,0x80,  //@@@@@*....%@%
0x43,0xc0,0x0b,0x80,  //***@@*....#@%
0x03,0xc0,0x0f,0x40,  //..*@@*...+@@*
0x03,0xc0,0x2f,0x00,  //..*@@*...#@@+
0x03,0xc0,0xbd,0x00,  //..*@@*.+#@@%.
0x03,0xdb,0xf8,0x00,  //..*@@%%@@@%..
0x03,0xff,0xd0,0x00,  //..*@@@@@@%...
0x03,0xf9,0x00,0x00,  //..+@@@#%+....


/*  */
0x06,0xaa,0xaa,0x90,  //.*%%%%%%%%%%%%..
0x3a,0xaa,0xaa,0xa8,  //*@#%%%%%%%%%%##.
0xa0,0x00,0x00,0x09,  //#%............#%
0xd0,0x01,0x40,0x0a,  //@*.....%*.....%%
0xd0,0x02,0x40,0x0a,  //@*.....%*.....%%
0xd0,0x02,0x40,0x0a,  //@*.....%*.....%%
0xd0,0x02,0x40,0x0a,  //@*.....%*.....%%
0xd1,0x56,0x95,0x4a,  //@*.****#%****.%%
0xd2,0xaa,0xaa,0x4a,  //@*+%%%%##%%%%.%%
0xd0,0x02,0x40,0x0a,  //@*.....%*.....%%
0xd0,0x02,0x40,0x0a,  //@*.....%*.....%%
0xd0,0x02,0x40,0x0a,  //@*.....%*.....%%
0xd0,0x02,0x40,0x0a,  //@*.....%*.....%%
0x90,0x00,0x00,0x09,  //#%.....+......#%
0x75,0x55,0x55,0x6c,  //*@%**********%@*
0x1b,0xff,0xff,0xe0,  //.*#@@@@@@@@@@#*.


/*  */
0x00,0x7d,0x00,0x00,0x00,0x00,  //....*@@%................
0x00,0xbf,0x40,0x00,0x00,0x00,  //....%@@@%...............
0x00,0xbf,0xd0,0x00,0x00,0x00,  //....#@@@@%..............
0x00,0xff,0xf4,0x00,0x00,0x00,  //...+@@@@@@%.............
0x00,0xff,0xfe,0x40,0x00,0x00,  //...*@@@@@@@%**..........
0x07,0xaa,0xaa,0xa9,0x50,0x00,  //..%@##%%%%%%%%%%****....
0x1f,0xff,0xff,0xff,0xfe,0x64,  //.*@@@@@@@@@@@@@@@@@%*#%*
0x6f,0xff,0xff,0xff,0xff,0x3f,  //*#@@@@@@@@@@@@@@@@@@.@@@
0x1f,0xff,0xff,0xff,0xfe,0x39,  //.*@@@@@@@@@@@@@@@@@%*@%*
0x07,0xea,0xaa,0xaa,0x50,0x00,  //.+%@@##%%%%%%%%%%***+...
0x00,0xaf,0xfe,0x50,0x00,0x00,  //...*%#@@@@@#%**.........
0x00,0xff,0xf4,0x00,0x00,0x00,  //...+@@@@@@%.............
0x00,0xbf,0xd0,0x00,0x00,0x00,  //....#@@@@%..............
0x00,0xbf,0x40,0x00,0x00,0x00,  //....%@@@%...............
0x00,0x7d,0x00,0x00,0x00,0x00,  //....*@@%................


/*  */
0x00,0x00,0x2d,0x00,0x00,  //.........#@%.......
0x00,0x00,0x3f,0x00,0x00,  //........*@@@.......
0x02,0x80,0x3f,0x5a,0x00,  //..*#%....@@@%%#%...
0x0b,0xd0,0x2f,0xff,0x00,  //..%@@*...#@@@@@@*..
0x07,0xe1,0xbf,0xfe,0x00,  //..%@@#+%#@@@@@@#+..
0x03,0xff,0xff,0xe4,0x00,  //..*@@@@@@@@@@#*....
0x1b,0xff,0xfb,0xe0,0x00,  //+%#@@@@@@@#@@%.....
0xbf,0xfe,0x47,0xf0,0x00,  //#@@@@@@%*.*@@@.....
0xbf,0xfc,0x03,0xf4,0x50,  //#@@@@@@+...@@@*.**.
0x24,0xbd,0x02,0xfb,0xf4,  //*%*+#@@*...%@@#@@@*
0x00,0x7e,0x06,0xff,0xf4,  //....%@@#..*#@@@@@@*
0x00,0x3f,0xbf,0xff,0x90,  //....*@@@%@@@@@@@#%.
0x00,0x7f,0xff,0xfe,0x00,  //....*@@@@@@@@@@#...
0x06,0xff,0xf9,0x7f,0x00,  //..*#@@@@@@#%%@@@...
0x0b,0xff,0xd0,0x3f,0x00,  //..%@@@@@@*...@@@*..
0x07,0xeb,0xd0,0x1e,0x00,  //..%@@%#@@*...%@#...
0x00,0x07,0xe0,0x00,0x00,  //...+..%@@%....+....
0x00,0x03,0xd0,0x00,0x00,  //......*@@%.........


/*  */
0x06,0xaa,0xaa,0xa8,0x00,  //.*%%%%%%%%%%%%%*.
0x3f,0xff,0xff,0xff,0x40,  //*@@@@@@@@@@@@@@@*
0xbf,0xff,0xff,0xff,0x80,  //#@@@@@@@@@@@@@@@#
0xff,0xff,0xff,0xff,0xc0,  //@@@@@@@@@@@@@@@@@
0xfe,0x55,0x55,0x5f,0xc0,  //@@@%*********%@@@
0xf8,0x00,0x00,0x0b,0xc0,  //@@#...........%@@
0xfc,0x00,0x00,0x0b,0xc0,  //@@@+.........+#@@
0xfa,0x40,0x00,0x2b,0xc0,  //@@#%*.......*%#@@
0xf8,0x60,0x02,0x4b,0xc0,  //@@%.*%+...+%*.%@@
0xf8,0x09,0x18,0x0b,0xc0,  //@@%..+%*.*%+..%@@
0xf8,0x01,0x50,0x0b,0xc0,  //@@%....*%*....%@@
0xf8,0x00,0x00,0x0b,0xc0,  //@@%...........%@@
0xf8,0x00,0x00,0x0b,0xc0,  //@@#...........#@@
0xfe,0xaa,0xaa,0xaf,0xc0,  //@@@#%%%%%%%%%#@@@
0xff,0xff,0xff,0xff,0xc0,  //@@@@@@@@@@@@@@@@@
0xbf,0xff,0xff,0xff,0x80,  //%@@@@@@@@@@@@@@@#
0x2f,0xff,0xff,0xfe,0x00,  //+#@@@@@@@@@@@@@#+


/*  */
0x00,0x05,0x41,0x50,0x00,  //.....+********+.....
0x00,0x51,0x69,0x45,0x00,  //....**+*%%%%*+**....
0x01,0x1b,0xff,0xe4,0x40,  //...%+*#@@@@@@#*+%...
0x04,0xbf,0xff,0xf8,0x10,  //..*+%@@@@@@@@@#*.*..
0x12,0xff,0xff,0xf4,0x04,  //.*+%@@@@@@@@@@*..+*.
0x10,0x0d,0x00,0xb0,0x04,  //.*.*.*@*+*++%@*...*.
0x40,0x3f,0x41,0xf8,0x11,  //*.+..@@@%..%@@%..*.*
0x44,0x2f,0xc0,0xfd,0x11,  //**%..%@@@..*@@@*.***
0x58,0x1f,0xd0,0xbe,0x25,  //**#..*@@@*..#@@%.%**
0x5c,0x0f,0xe0,0x7e,0x25,  //**@*..@@@%..%@@%.#**
0x5e,0x0b,0xd0,0x3d,0x75,  //**@%..%@@*+.*@@%*@**
0x5f,0x07,0xc4,0x2d,0xb5,  //**@@..*@@**..#@*%@**
0x4f,0x43,0x98,0x1c,0xf1,  //*+@@*..@#%#..%@+@@+*
0x0b,0x82,0x6c,0x09,0xe0,  //*+%@#..%*#@+.+%*@%+*
0x13,0xc1,0x3d,0x06,0xc4,  //.%*@@+.**@@%..*%@*%.
0x01,0xd0,0x7e,0x03,0x40,  //.***@*..%@@#...@***.
0x04,0x60,0xbf,0x05,0x10,  //..*+*#..#@@@*.**+*..
0x01,0x40,0xff,0x81,0x40,  //...**+.+@@@@%..**...
0x00,0x10,0x14,0x04,0x00,  //....+**+****.**+....
0x00,0x01,0x41,0x40,0x00,  //......+******+......


/*  */
0x00,0x00,0x06,0x00,0x00,  //..........*#*.......
0x00,0x00,0x2f,0x00,0x00,  //.........#@@*.......
0x00,0x00,0x3f,0x00,0x00,  //.........@@@*.......
0x00,0x00,0x3f,0x00,0x00,  //.........@@@*.......
0x00,0x00,0x3f,0x00,0x00,  //.........@@@*.......
0x00,0x01,0x3f,0x50,0x00,  //......+**@@@**+.....
0x00,0x6f,0x7f,0x7e,0x41,  //....*#@@*@@@*@@#%+.*
0x02,0xf9,0x3f,0x5b,0xea,  //..*#@@#%*@@@*%#@@##%
0x1f,0x90,0x3f,0x02,0xfe,  //.*@@#*...@@@*..%@@@%
0x3e,0x00,0x3f,0x02,0xbe,  //*@@#+....@@@*.*%#@@#
0xbd,0x00,0x3f,0x00,0x05,  //%@@*.....@@@*....+*%
0xfc,0x00,0x3f,0x00,0x00,  //@@@......@@@*.......
0xfc,0x00,0x3f,0x00,0x00,  //@@@......@@@*.......
0xbd,0x00,0x3f,0x00,0x00,  //%@@*.....@@@*.......
0x3f,0x40,0x3f,0x00,0x00,  //+@@@*....@@@*.......
0x1f,0xd0,0x3f,0x00,0x00,  //.*@@@%+..@@@*.......
0x02,0xfe,0x7f,0x00,0x00,  //..+#@@@#%@@@*.......
0x00,0x2f,0xf8,0x00,0x00,  //....*%@@@@%*........


/*  */
0x00,0x00,0x1e,0x40,0x00,0x00,  //........*%@#*........
0x00,0x06,0xff,0xf4,0x00,0x00,  //......*#@@@@@@%*.....
0x00,0x7f,0xff,0xff,0x90,0x00,  //...*%@@@@@@@@@@@#*...
0x1b,0xff,0xff,0xff,0xfd,0x00,  //.*#@@@@@@@@@@@@@@@@%*
0xff,0xff,0xff,0xff,0xff,0xc0,  //@@@@@@@@@@@@@@@@@@@@@
0x6f,0xff,0xff,0xff,0xff,0x40,  //*%@@@@@@@@@@@@@@@@@@*
0x00,0x00,0x00,0x00,0x00,0x00,  //..*****************+.
0x03,0xe2,0xf1,0xf0,0xf4,0x00,  //..*@@%.%@@.*@@**@@*..
0x03,0xe2,0xf1,0xf0,0xf4,0x00,  //..*@@%.%@@.*@@**@@*..
0x03,0xe2,0xf1,0xf0,0xf4,0x00,  //..*@@%.%@@.*@@**@@*..
0x03,0xe2,0xf1,0xf0,0xf4,0x00,  //..*@@%.%@@.*@@**@@*..
0x03,0xe2,0xf1,0xf0,0xf4,0x00,  //..*@@%.%@@.*@@**@@*..
0x03,0xe2,0xf1,0xf0,0xf4,0x00,  //..*@@%.%@@.*@@**@@*..
0x03,0xe2,0xf1,0xf0,0xf4,0x00,  //..*@@%.%@@.*@@**@@*..
0x03,0xe2,0xf1,0xf0,0xf4,0x00,  //..*@@%.%@@.*@@**@@*..
0x07,0xe6,0xf6,0xf5,0xf8,0x00,  //.+%@@#*#@@*%@@%%@@%*.
0x1f,0xff,0xff,0xff,0xff,0x00,  //.*@@@@@@@@@@@@@@@@@@.
0x00,0x00,0x00,0x00,0x00,0x00,  //+********************
0xff,0xff,0xff,0xff,0xff,0xc0,  //@@@@@@@@@@@@@@@@@@@@@
0xaa,0xaa,0xaa,0xaa,0xaa,0x80,  //%%%%%%%%%%%%%%%%%%%%%


/*  */
0x00,0x00,0x00,0x50,0x00,0x00,0x00,  //...........*%%+...........
0x00,0x00,0x6f,0xfe,0x40,0x00,0x00,  //........*%@@@@@#%*........
0x00,0x1b,0xff,0xff,0xf9,0x40,0x00,  //....+*%@@@@@@@@@@@#%*.....
0x06,0xff,0xff,0xff,0xff,0xf9,0x00,  //.+*#@@@@@@@@@@@@@@@@@@%*..
0xbf,0xff,0xff,0xff,0xff,0xff,0xd0,  //#@@@@@@@@@@@@@@@@@@@@@@@@%
0x06,0xff,0xff,0xff,0xff,0xf9,0x00,  //.*%#@@@@@@@@@@@@@@@@@@#%+.
0x00,0xeb,0xff,0xff,0xfe,0x40,0x00,  //...*@%#@@@@@@@@@@@@#*+....
0x02,0x80,0x6f,0xff,0x90,0x00,0x00,  //...%#..+*#@@@@@@%*+.......
0x03,0x44,0x01,0xa4,0x05,0x00,0x00,  //...@*.%*..+*%%*..+**......
0x03,0x0f,0xe4,0x01,0xbe,0x00,0x00,  //...@**@@@%*...+*#@@#......
0x0b,0x8f,0xff,0xaf,0xff,0x00,0x00,  //..%@#*@@@@@@%#@@@@@@......
0x0b,0x8f,0xff,0xff,0xff,0x00,0x00,  //..%@#*@@@@@@@@@@@@@@......
0x03,0x4b,0xff,0xff,0xfe,0x00,0x00,  //..*@*+#@@@@@@@@@@@@%......
0x07,0x41,0xbf,0xff,0xe4,0x00,0x00,  //..*@*.+%#@@@@@@@@#*.......
0x07,0x80,0x05,0x55,0x00,0x00,0x00,  //..*@%....*******+.........
0x0b,0x80,0x00,0x00,0x00,0x00,0x00,  //..%@%.....................
0x0b,0xc0,0x00,0x00,0x00,0x00,0x00,  //..%@@.....................


/*  */
0x78,0x00,0x00,0xb4,  //*@#.........#@*
0x2d,0x00,0x01,0xe0,  //.%@%.......*@#.
0x0f,0x00,0x02,0xc0,  //.+@@*......#@*.
0x07,0x80,0x07,0x80,  //..*@#.....%@%..
0x02,0xd0,0x0e,0x00,  //...#@*...*@#+..
0x01,0xe0,0x2d,0x00,  //...*@#...#@*...
0x00,0xb4,0x78,0x00,  //....%@%.*@#....
0x00,0x3d,0xf0,0x00,  //....*@@*@@*....
0x00,0x1f,0xe0,0x00,  //.....%@@@%.....
0x00,0x0b,0xc0,0x00,  //.....+#@@+.....
0x00,0x07,0x40,0x00,  //......%@%......
0x00,0x07,0x40,0x00,  //......*@*......
0x00,0x07,0x80,0x00,  //......*@%......
0x00,0x07,0x80,0x00,  //......*@%......
0x00,0x07,0x80,0x00,  //......*@%......
0x00,0x07,0x80,0x00,  //......*@%......
0x00,0x07,0x80,0x00,  //......*@%......
0x00,0x07,0x80,0x00,  //......*@%......


/*  */
0x00,0x06,0xa4,0x00,0x00,  //.....+*%%%*+.....
0x00,0xbf,0xff,0x80,0x00,  //...+%@@@@@@@%+...
0x02,0xff,0xff,0xe0,0x00,  //..+#@@@@@@@@@#+..
0x0b,0xf9,0x5b,0xd0,0x00,  //.+#@@@#%**#@@*...
0x2f,0xd0,0x01,0x40,0x00,  //.#@@@*.....**....
0x3f,0x40,0x00,0x00,0x00,  //*@@@*............
0xbe,0x00,0x00,0x00,0x00,  //%@@#.............
0xbd,0x00,0x15,0x55,0x40,  //#@@*....*********
0xfc,0x00,0x7f,0xff,0x80,  //@@@*....*@@@@@@@%
0xfc,0x00,0x7f,0xff,0x80,  //@@@*....*@@@@@@@%
0xbd,0x00,0x15,0x6f,0x80,  //#@@%....*****%@@%
0x7e,0x00,0x00,0x2f,0x40,  //%@@#.........#@@*
0x3f,0x40,0x00,0x7f,0x00,  //+@@@%.......*@@@+
0x1f,0xe0,0x01,0xfe,0x00,  //.%@@@%+....*@@@%.
0x0b,0xfe,0xaf,0xf8,0x00,  //..#@@@@#%%@@@@#+.
0x02,0xff,0xff,0xe0,0x00,  //...%@@@@@@@@@#+..
0x00,0x6f,0xfe,0x40,0x00,  //....*#@@@@@#*....


/*  */
0x00,0x06,0xff,0x90,0x00,  //.....+*#@@@@#*+.....
0x00,0x6f,0xff,0xf9,0x00,  //....*#@@@@@@@@#*....
0x02,0xff,0xff,0xff,0x80,  //...%@@@@@@@@@@@@%...
0x0b,0xff,0xff,0xfb,0xe0,  //..%@@@@@@@@@@@#@@%..
0x1f,0xff,0xf5,0x42,0xf4,  //.*@@@@@@@@%***.#@@*.
0x2f,0xff,0xf7,0xd2,0xf8,  //.#@@@@@@@@*@@**#@@#.
0x7f,0xff,0xf7,0xff,0xfd,  //*@@@@@@@@@*@@@@@@@@*
0xbf,0xfe,0x96,0xbf,0xfe,  //%@@@@@@#%**%#@@@@@@%
0xbf,0x44,0x00,0x11,0xfe,  //#@@@%**......**%@@@#
0xff,0x00,0x00,0x00,0xff,  //@@@@...+....+...@@@@
0xff,0x43,0x82,0xc1,0xff,  //@@@@*.+@%..%@+.*@@@@
0xbf,0x82,0x41,0x82,0xfe,  //#@@@%..%*..*%..%@@@#
0x7f,0x80,0x00,0x02,0xfd,  //%@@@#..........#@@@%
0x3f,0xd0,0x55,0x07,0xfc,  //*@@@@%..%**%..%@@@@*
0x2f,0xf8,0x00,0x2f,0xf8,  //.#@@@@%*....*%@@@@#.
0x0f,0xff,0xeb,0xff,0xf0,  //.*@@@@@@@%%@@@@@@@*.
0x07,0xff,0xff,0xff,0xd0,  //..*@@@@@@@@@@@@@@*..
0x01,0xff,0xff,0xff,0x40,  //...*@@@@@@@@@@@@*...
0x00,0x2f,0xff,0xf8,0x00,  //....+%@@@@@@@@%+....
0x00,0x01,0xaa,0x40,0x00,  //......+%%%%%%+......


/*  */
0x06,0xaa,0xaa,0xa8,0x00,  //.*%%%%%%%%%%%%%*.
0x3f,0xff,0xff,0xff,0x40,  //*@@@@@@@@@@@@@@@*
0xbf,0xff,0xff,0xff,0x80,  //#@@@@@@@@@@@@@@@#
0xff,0xff,0xee,0xbf,0xc0,  //@@@@@@@@@%@##@@@@
0xff,0xff,0x94,0x3f,0xc0,  //@@@@@@@@#%%*.@@@@
0xff,0xff,0xae,0xbf,0xc0,  //@@@@@@@@%#@#%@@@@
0xff,0xff,0x7f,0xff,0xc0,  //@@@@@@@@*@@@@@@@@
0xfe,0x50,0x01,0x6f,0xc0,  //@@@#*%+...+%*#@@@
0xfd,0x00,0x00,0x0f,0xc0,  //@@@*......+..*@@@
0xfe,0x0d,0x1c,0x2f,0xc0,  //@@@#.+@*.*@+.%@@@
0xff,0x04,0x04,0x2f,0xc0,  //@@@@..*+..*..#@@@
0xff,0x40,0x00,0x3f,0xc0,  //@@@@*.+*.++.*@@@@
0xff,0xd0,0x00,0xbf,0xc0,  //@@@@@*.+**.*#@@@@
0xff,0xfa,0x5b,0xff,0xc0,  //@@@@@@#%*%#@@@@@@
0xff,0xff,0xff,0xff,0xc0,  //@@@@@@@@@@@@@@@@@
0xbf,0xff,0xff,0xff,0x80,  //%@@@@@@@@@@@@@@@#
0x2f,0xff,0xff,0xfe,0x00,  //+#@@@@@@@@@@@@@#+


/*  */
0x00,0x06,0xa4,0x00,0x00,  //.....+*%%%*+.....
0x00,0xbf,0xff,0x80,0x00,  //...+%@@@@@@@%+...
0x02,0xff,0xff,0xf4,0x00,  //..+#@@@@@@@@@@*..
0x0b,0xff,0xff,0xfc,0x00,  //.+#@@@@@@@@@@@@*.
0x2f,0xff,0xff,0xfe,0x00,  //.#@@@@@@@@@@@@@#.
0x7f,0xf9,0x1b,0xff,0x40,  //*@@@@@#*.*#@@@@@*
0xbf,0xf4,0x07,0xff,0x80,  //%@@@@@*.+.*@@@@@#
0xbf,0xf0,0xc3,0xff,0xc0,  //#@@@@@*.@.*@@@@@@
0xff,0xf0,0xef,0xff,0xc0,  //@@@@@@*.@#@@@@@@@
0xfd,0x20,0xc6,0x2f,0xc0,  //@@@*.%*.@+*%.%@@@
0xbd,0x20,0xc2,0x2f,0xc0,  //#@@%.%+.@.+%.%@@@
0x7e,0x01,0xc0,0x2f,0x80,  //%@@#...*@*...#@@%
0x3f,0x97,0xe5,0xbf,0x40,  //+@@@#*%@@#%*#@@@*
0x1f,0xff,0xff,0xfe,0x00,  //.%@@@@@@@@@@@@@%.
0x0b,0xff,0xff,0xf8,0x00,  //..#@@@@@@@@@@@#+.
0x02,0xff,0xff,0xe0,0x00,  //...%@@@@@@@@@#+..
0x00,0x6f,0xfe,0x40,0x00,  //....*#@@@@@#*....


/*  */
0x00,0x00,0xbf,0x90,0x00,0x00,  //.......+%@@@#*.......
0x00,0x02,0xff,0xf4,0x00,0x00,  //......+#@@@@@@*......
0x00,0x0b,0xff,0xfc,0x00,0x00,  //......%@@@@@@@@+.....
0x00,0x0f,0xe6,0xfd,0x00,0x00,  //......@@@#*%@@@*.....
0x00,0x0f,0xd0,0xfd,0x00,0x00,  //......@@@%.*@@@*.....
0x00,0x0f,0xd0,0xfd,0x00,0x00,  //......@@@*.+@@@*.....
0x00,0x0f,0xd0,0x10,0x00,0x00,  //......@@@*..+*+......
0x00,0x0f,0xd0,0x00,0x00,0x00,  //......@@@*...........
0xa9,0x0f,0xd0,0x44,0x0a,0x80,  //%%%%..@@@*.+*.**.+%%%
0xfe,0x0f,0xd0,0xfd,0x0f,0xc0,  //@@@%..@@@*.*@@@*.*@@@
0xfe,0x0f,0xd0,0xfd,0x0f,0xc0,  //@@@%..@@@*.*@@@*.*@@@
0xfe,0x0f,0xd0,0xfd,0x0f,0xc0,  //@@@%.+@@@*.+@@@*.*@@@
0xbf,0xaf,0xd0,0xfe,0x6f,0xc0,  //#@@@%#@@@*..@@@#%#@@@
0x7f,0xff,0x80,0x7f,0xff,0x80,  //*@@@@@@@#...%@@@@@@@#
0x1f,0xff,0x40,0x2f,0xfe,0x00,  //.%@@@@@@*....#@@@@@#+
0x06,0xf8,0x00,0x06,0xf4,0x00,  //..*#@@%+......*#@@%+.


/*  */
0x06,0xaa,0xaa,0xa8,0x00,  //.*%%%%%%%%%%%%%*.
0x20,0x00,0x7f,0xff,0x40,  //*%+.....*@@@@@@@*
0x80,0x00,0x7f,0xff,0x80,  //%.......*@@@@@@@#
0x80,0x00,0x7f,0xff,0xc0,  //%.......*@@@@@@@@
0x80,0x00,0x7f,0xff,0xc0,  //%.......*@@@@@@@@
0x80,0x00,0x7f,0xff,0xc0,  //%.......*@@@@@@@@
0x80,0x00,0x7f,0xff,0xc0,  //%.......*@@@@@@@@
0x80,0x00,0x7f,0xff,0xc0,  //%.......*@@@@@@@@
0x80,0x00,0x6a,0xaa,0x80,  //#********%%%%%%%#
0xff,0xff,0x40,0x00,0x40,  //@@@@@@@@*.......*
0xff,0xff,0x40,0x00,0x40,  //@@@@@@@@*.......*
0xff,0xff,0x40,0x00,0x40,  //@@@@@@@@*.......*
0xff,0xff,0x40,0x00,0x40,  //@@@@@@@@*.......*
0xff,0xff,0x40,0x00,0x40,  //@@@@@@@@*.......*
0xff,0xff,0x40,0x00,0x40,  //@@@@@@@@*.......%
0xbf,0xff,0x40,0x00,0x80,  //%@@@@@@@*.......%
0x2f,0xff,0x40,0x02,0x00,  //+#@@@@@@%******%+


/*  */
0x00,0xf3,0xc0,0x00,0x00,0x00,  //...*@@*@@*.............
0x00,0xf3,0xc0,0x00,0x00,0x00,  //...*@@*@@*.............
0x00,0xf0,0x00,0x00,0x00,0x00,  //...*@@.**..............
0xaa,0xf2,0x8a,0xaa,0x2a,0xa4,  //%%%#@@+%%+%%%%%%.%%%%%%
0xff,0xf3,0xcf,0xff,0x3f,0xf8,  //@@@@@@*@@*@@@@@@.@@@@@%
0xf0,0xf3,0xcf,0x0f,0x3c,0x78,  //@@**@@*@@*@@**@@.@@**@%
0xf0,0xf3,0xcf,0x0f,0x3c,0x78,  //@@**@@*@@*@@**@@.@@**@%
0xf0,0xf3,0xcf,0x0f,0x3c,0x78,  //@@**@@*@@*@@**@@.@@**@%
0xf0,0xf3,0xcf,0x0f,0x3c,0x78,  //@@**@@*@@*@@**@@.@@**@%
0xfa,0xf3,0xcf,0xaf,0x3e,0xb8,  //@@##@@*@@*@@##@@.@@##@%
0xff,0xf3,0xcf,0xff,0x3f,0xf8,  //@@@@@@*@@*@@@@@@.@@@@@%
0x00,0x00,0x00,0x0f,0x00,0x78,  //.............*@@....*@%
0x00,0x00,0x0f,0xff,0x3f,0xf8,  //..........@@@@@@.@@@@@%
0x00,0x00,0x0a,0xaa,0x2a,0xa4,  //..........%%%%%%.%%%%%%


/*  */
0x06,0xaa,0xaa,0xa8,0x00,  //.*%%%%%%%%%%%%%*.
0x3f,0xff,0xff,0xff,0x40,  //*@@@@@@@@@@@@@@@*
0xbd,0x00,0x2f,0xff,0x80,  //#@@**+..*#@@@@@@#
0xfc,0x00,0x0f,0xff,0xc0,  //@@@*..*..*@@@@@@@
0xfc,0x1d,0x0b,0xff,0xc0,  //@@@*.*@%..#@@@@@@
0xfc,0x1e,0x0b,0xff,0xc0,  //@@@*.*@%..%@@@@@@
0xfc,0x1d,0x06,0xff,0xc0,  //@@@*.*@%..%%@@@@@
0xfc,0x00,0x00,0x2f,0xc0,  //@@@*..+..+..+#@@@
0xfc,0x00,0x14,0x0f,0xc0,  //@@@*....+**..*@@@
0xfc,0x1c,0x1d,0x0f,0xc0,  //@@@*.*@*.*@*..@@@
0xfc,0x1c,0x1e,0x0f,0xc0,  //@@@*.*@..*@%..@@@
0xfd,0x6c,0x18,0x0f,0xc0,  //@@@%%#@..*#+..@@@
0xff,0xfc,0x00,0x1f,0xc0,  //@@@@@@@......%@@@
0xff,0xfc,0x00,0xbf,0xc0,  //@@@@@@@..++*%@@@@
0xff,0xfc,0x1f,0xff,0xc0,  //@@@@@@@..*@@@@@@@
0xbf,0xfc,0x1f,0xff,0x80,  //%@@@@@@..*@@@@@@#
0x2f,0xfd,0xbf,0xfe,0x00,  //+#@@@@@%#@@@@@@#+


/*  */
0x00,0x00,0x00,0x00,0x00,0x00,  //.....................*
0x00,0x00,0x00,0x00,0x00,0x00,  //....................+*
0x00,0x00,0x00,0x00,0x00,0x40,  //....................*.
0x00,0x00,0x00,0x00,0x01,0x00,  //..................+%..
0x00,0x00,0x00,0x00,0x18,0x00,  //............*+...*%...
0x00,0x00,0x00,0xa1,0x50,0x00,  //...........*##.*%*....
0x00,0x00,0x06,0xa4,0x00,0x00,  //..........*%%#*.......
0x00,0x00,0x0b,0xe0,0x00,0x00,  //..........%@@#*.......
0x00,0x00,0x0b,0xf0,0x00,0x00,  //..........#@@@*.......
0x00,0x01,0x5b,0xe4,0x00,0x00,  //......***%%@@#%.......
0x00,0x1b,0xa0,0xa5,0x00,0x00,  //...+*%#@%#.*##%*......
0x2a,0x52,0x10,0xb5,0x80,0x00,  //*%##%**#+**.#@%*#+....
0x00,0x00,0x8a,0xec,0xa0,0x00,  //+*.....+#*%%@#@+##....
0x00,0x00,0x6b,0x7c,0x78,0x00,  //........*##@%@@*%@%...
0x00,0x00,0x18,0xbc,0x7c,0x00,  //.........%%*#@@**@@*..
0x00,0x00,0x00,0xfc,0x3e,0x00,  //...........*@@@.*@@#..
0x00,0x00,0x00,0x60,0x3f,0x80,  //...........+%%*..@@@#.
0x00,0x00,0x00,0x68,0x2f,0xe0,  //...........+%%#*.#@@@#
0x00,0x00,0x00,0xfe,0x1f,0x80,  //............@@@#.*@@%*
0x00,0x00,0x00,0xa9,0x04,0x00,  //............%%%*..%+..


/*  */
0x00,0x00,0x00,0x00,0x00,  //.......**........
0x00,0x01,0x80,0x00,0x00,  //.......*#+.......
0x00,0x07,0xe4,0x00,0x00,  //......*@@#*......
0x00,0x2f,0xfe,0x40,0x00,  //....*#@@@@@#*....
0x01,0xff,0xff,0xe0,0x00,  //...%@@@@@@@@@#+..
0x0b,0xff,0xff,0xf8,0x00,  //..#@@@@@@@@@@@#..
0x1f,0xff,0xff,0xfe,0x00,  //.%@@@@@@@@@@@@@%.
0x3f,0xff,0xff,0xff,0x00,  //+@@@@@@@@@@@@@@@*
0x7f,0xff,0xff,0xff,0x80,  //%@@@@@@@@@@@@@@@%
0xbf,0xff,0xff,0xff,0x80,  //#@@@@@@@@@@@@@@@#
0xff,0xff,0xff,0xff,0xc0,  //@@@@@@@@@@@@@@@@@
0xff,0xd0,0x7f,0xf9,0xc0,  //@@@@@%**%@@@@@#%@
0xbf,0x40,0x0b,0xd0,0x40,  //#@@@*....*#@@*..%
0xbe,0x00,0x01,0x00,0x40,  //%@@#.......*+...*
0x3e,0x00,0x06,0x40,0x00,  //*@@%......*#*...*
0x2e,0x00,0x25,0x90,0x00,  //.#@#+...*#%*#%.++
0x0b,0xa6,0xeb,0xb8,0x00,  //.+#@#%%#@%#@%@#*.
0x02,0xfe,0xbf,0x74,0x00,  //..+#@@@#%@@@%@*..
0x00,0x7e,0x41,0x40,0x00,  //....%@@#%***%*...
0x00,0x05,0x94,0x00,0x00,  //......**%%*+.....


/*  */
0x18,0x00,0x00,0x09,0x00,  //.%%*.........*%%.
0xbf,0x00,0x00,0x3f,0x80,  //%@@@*.......+@@@#
0xff,0xa8,0x0a,0xbf,0xc0,  //@@@@##%*.*%##@@@@
0xbf,0xfe,0x7f,0xff,0x80,  //%@@@@@@#*@@@@@@@#
0x2f,0x99,0xf9,0xbe,0x00,  //+%@@#*#%@@#*#@@#+
0x0f,0x07,0xe0,0x3c,0x00,  //.*@@+.*@@#*.+@@*.
0x0f,0x1f,0xad,0x3c,0x00,  //.*@@+*@@#%@**@@*.
0x0b,0xae,0x2f,0x68,0x00,  //..#@##@#+#@@%##..
0x07,0xe8,0x0b,0xd0,0x00,  //..*@@#%...#@@%*..
0x06,0xf8,0x06,0xf4,0x00,  //..*%@@#+.+%#@@*..
0x0f,0xbe,0x2e,0xb8,0x00,  //..@@%@@#*#@%#@#..
0x0f,0x1d,0xbd,0x3c,0x00,  //.*@@+*@%#@@**@@*.
0x0f,0x06,0xf4,0x3c,0x00,  //.*@@+.*#@@*.*@@*.
0x6f,0xab,0xea,0xbf,0x40,  //*#@@#%#@@%#%#@@@*
0xbf,0xff,0x7f,0xff,0xc0,  //#@@@@@@@*@@@@@@@@
0xff,0xa4,0x06,0xbf,0xc0,  //@@@@#%%+.*%%#@@@@
0x7e,0x00,0x00,0x2f,0x40,  //%@@#+........#@@%


/*  */
0x09,0x00,0x00,0x15,0x00,  //..%*........+***.
0x0f,0xd0,0x05,0x01,0x00,  //..@@@%*..+***..*.
0x0f,0xfe,0x90,0x01,0x00,  //..@@@@@#%*.....*.
0x0f,0x90,0xb9,0x01,0x00,  //..@@#%*.%@#%+..*.
0x14,0x00,0xbf,0xe5,0x00,  //+*%*....%@@@@#%%.
0x40,0x00,0xbf,0xff,0x80,  //%.......%@@@@@@@#
0x41,0x80,0xbf,0x1f,0xc0,  //*..*%...%@@@+%@@@
0x40,0x10,0xbd,0x0f,0xc0,  //*..+**+.%@@%.*@@@
0x45,0x60,0xbc,0x4f,0xc0,  //*.***%..%@@**.@@@
0x40,0x00,0xb8,0x8b,0xc0,  //*.+.**..%@#.#*%@@
0x40,0x40,0xb4,0x07,0xc0,  //*...%*..%@*.++*@@
0x41,0x04,0xb1,0x43,0xc0,  //*..*..%+%@.%%*+@@
0x40,0x00,0xbb,0xf2,0xc0,  //*.++....%@#@@@.#@
0x40,0x00,0xbf,0xfa,0xc0,  //*.*.....%@@@@@%#@
0x40,0x01,0x6f,0xff,0xc0,  //*.....+*%#@@@@@@@
0x40,0x50,0x01,0xbf,0xc0,  //*..+***...+%#@@@@
0x54,0x00,0x00,0x06,0xc0,  //%***.........+*#@
0x00,0x00,0x00,0x50,0x00,  //*...........**..+
0x00,0x40,0x00,0x50,0x00,  //...**......*%%...
0x00,0x14,0x14,0x00,0x00,  //.....******+.....


/*  */
0x00,0x0f,0xff,0xfe,0x00,  //.....+@@@@@@@@@%+...
0x00,0x0d,0x00,0x0b,0x80,  //.....*@*******#@#+..
0x00,0x0c,0x00,0x0b,0xe0,  //.....*@*......%@@#..
0x00,0x0c,0x00,0x07,0xf4,  //.....*@*......%@@@*.
0x2a,0x0c,0x00,0x00,0x24,  //*%%%**@*.......+*#*.
0xbf,0x8c,0x00,0x00,0x24,  //#@@@#*@*.........%*.
0xff,0xcc,0x00,0x00,0x28,  //@@@@@*@*.........%#+
0xff,0xcf,0xff,0xff,0xfe,  //@@@@@*@@@@@@@@@@@@@#
0xff,0xcf,0xff,0xff,0xff,  //@@@@@*@@@@@@@@@@@@@@
0xff,0xcf,0x59,0x65,0xff,  //@@@@@*@@%*#%*#**@@@@
0xff,0xcf,0x08,0x20,0xff,  //@@@@@*@@*.%..%..@@@@
0xff,0xcf,0x48,0x20,0xff,  //@@@@@*@@**#**#**@@@@
0xff,0xcf,0x48,0x20,0xff,  //@@@@@*@@**#**#**@@@@
0xff,0xcf,0x08,0x20,0xff,  //@@@@@*@@*.%..%..@@@@
0xff,0xcf,0x59,0x65,0xff,  //@@@@@*@@%*#%*#**@@@@
0xff,0xcf,0x48,0x20,0xff,  //@@@@@*@@**#**#**@@@@
0xff,0xcf,0x08,0x20,0xff,  //@@@@@*@@*.%..%..@@@@
0xff,0xcf,0xaa,0xaa,0xfe,  //@@@@@*@@#%#%%#%%@@@#
0xbf,0x8f,0xff,0xff,0xfd,  //#@@@#+@@@@@@@@@@@@@%
0x2a,0x06,0xaa,0xaa,0xa4,  //*%%%*.%%%%%%%%%%%%*.


/*  */
0xbf,0xff,0xff,0xfe,  //#@@@@@@@@@@@@@@%
0xff,0xff,0xff,0xfe,  //@@@@@@@@@@@@@@@%
0xfe,0xab,0xae,0xbe,  //@@@%##%@#%@##@@%
0xf8,0xa2,0x4d,0x3e,  //@@%.%%.%*.@**@@%
0xfe,0xfb,0xae,0xbe,  //@@@%@@%@##@##@@%
0xf9,0xa6,0x9e,0x7e,  //@@#*##*##%@%%@@%
0xf8,0xa2,0x4d,0x3e,  //@@#.%%.#%.@**@@%
0xff,0xff,0xff,0xfe,  //@@@@@@@@@@@@@@@%
0xf9,0xa6,0x9e,0x7e,  //@@#*##*#%*@%%@@%
0xf8,0xa2,0x4d,0x7e,  //@@#*##*#%*@%*@@%
0xff,0xff,0xff,0xfe,  //@@@@@@@@@@@@@@@%
0xf8,0xa2,0x8d,0x7e,  //@@#*##*#%*@%*@@%
0xf8,0xa2,0x8d,0x7e,  //@@#*##*#%*@%*@@%
0xff,0xff,0xff,0xfe,  //@@@@@@@@@@@@@@@%
0xf8,0xbf,0xfd,0x7e,  //@@#*#@@@@@@%*@@%
0xf9,0xa5,0x5e,0x7e,  //@@#*##***%@%%@@%
0xff,0xe0,0x0f,0xfe,  //@@@@@%....@@@@@%
0xff,0xe0,0x0f,0xfe,  //@@@@@%....@@@@@%
0xff,0xe5,0x5f,0xfe,  //@@@@@#***%@@@@@%
0xaa,0xaa,0xaa,0xa9,  //%%%%%%%%%%%%%%%*


/*  */
0x00,0xbe,0x00,0x00,  //....%@@#+....
0x00,0xff,0x40,0x00,  //...*@@@@%....
0x90,0xff,0x46,0x00,  //%%.*@@@@%.*%*
0xf4,0xbf,0x1f,0x40,  //@@%.#@@@**@@*
0x7d,0x14,0x7d,0x00,  //*@@%+%%**@@%.
0x1f,0xff,0xf4,0x00,  //.*@@@@@@@@%..
0x07,0xff,0xd0,0x00,  //..*@@@@@@%...
0x02,0xff,0xc0,0x00,  //...%@@@@@....
0x02,0xff,0xc0,0x00,  //...%@@@@@....
0x02,0xff,0xc0,0x00,  //...%@@@@@....
0x02,0xff,0xc0,0x00,  //...%@@@@@....
0x02,0xff,0xc0,0x00,  //...%@@@@@....
0x02,0xe7,0xc0,0x00,  //...%@#%@@....
0x02,0xe7,0xc0,0x00,  //...%@%*@@....
0x02,0xe7,0xc0,0x00,  //...%@%*@@....
0x02,0xe7,0xc0,0x00,  //...%@%*@@....
0x02,0xe7,0xc0,0x00,  //...%@%*@@....
0x00,0x81,0x00,0x00,  //...+%+.%*....


/*  */
0x00,0x24,0x00,0x90,0x00,  //....+%%....*%*.....
0x00,0xbe,0x03,0xf4,0x00,  //....#@@#..*@@@*....
0x00,0xff,0x4b,0xf8,0x00,  //...*@@@@*.#@@@%....
0x00,0xff,0x8f,0xf8,0x00,  //...*@@@@%.@@@@%....
0x00,0xbf,0x8f,0xf4,0x00,  //....#@@@%+@@@@%....
0x00,0x7f,0x4b,0xe0,0x00,  //.*+.*@@@*.#@@#+.*+.
0x7d,0x19,0x02,0x82,0xf0,  //%@@%.*%%..+%%++#@@+
0xff,0x00,0x00,0x0b,0xf4,  //@@@@*.........%@@@*
0xbf,0x80,0x00,0x0f,0xf4,  //#@@@%........+@@@@*
0x7f,0x80,0xa4,0x0f,0xf0,  //%@@@#..*%%%+.*@@@@*
0x2f,0x8b,0xfe,0x4f,0xd0,  //+#@@%.%@@@@#*+@@@%.
0x06,0x2f,0xff,0xd2,0x40,  //.+%%*#@@@@@@@%*%*..
0x00,0xbf,0xff,0xf4,0x00,  //....#@@@@@@@@@*....
0x01,0xff,0xff,0xf8,0x00,  //...*@@@@@@@@@@#....
0x02,0xff,0xff,0xfd,0x00,  //...#@@@@@@@@@@@*...
0x03,0xff,0xff,0xfe,0x00,  //..+@@@@@@@@@@@@%...
0x02,0xfe,0x56,0xfd,0x00,  //...#@@@#**%#@@@%...


/*  */
0x0b,0x80,  //.*#@%..
0x2f,0xe0,  //+#@@@%.
0x7f,0xf0,  //%@@@@@+
0xbf,0xf4,  //#@@@@@%
0xff,0xf8,  //@@@@@@%
0xff,0xf8,  //@@@@@@%
0xff,0xf8,  //@@@@@@%
0xff,0xf4,  //@@@@@@%
0x7f,0xf0,  //%@@@@@+
0x2f,0x90,  //.%@@#*.
0x0f,0x40,  //..@@*..
0x0f,0x40,  //..@@%..
0x0f,0x80,  //..@@%..
0x0f,0x80,  //.+@@%..
0x0f,0x80,  //.*@@%..
0x0f,0x80,  //.*@@%..
0x0f,0x80,  //.*@@#..
0x0f,0xc0,  //.*@@@..
0x1f,0xc0,  //.*@@@..
0x0a,0x80,  //.*%%%..


/*  */
0x00,0x00,0x64,0x00,0x00,  //.......+%%*........
0x00,0x1b,0xae,0x40,0x00,  //.....*#@##@#%*.....
0x06,0xf9,0x01,0xb9,0x00,  //..*%@@%*..+%#@#%+..
0x6e,0x40,0x00,0x06,0xe0,  //*#@#*+.......*%#@#+
0xe0,0x00,0x00,0x00,0x74,  //@#*.............%@*
0xfe,0x40,0x00,0x06,0xf4,  //@@@%*........+%#@@*
0xff,0xe4,0x01,0xb9,0x24,  //@@@@@#%*...*#@#%*%*
0xff,0xff,0xaf,0x90,0x24,  //@@@@@@@@#%@@%*...%*
0xff,0xff,0xf4,0x00,0x24,  //@@@@@@@@@@*+.....%*
0xff,0xff,0xf0,0x00,0x24,  //@@@@@@@@@@.......%*
0xff,0xff,0xf0,0x00,0x24,  //@@@@@@@@@@.......%*
0xff,0xff,0xf0,0x00,0x24,  //@@@@@@@@@@.......%*
0xff,0xff,0xf0,0x00,0x24,  //@@@@@@@@@@.......%*
0xbf,0xff,0xf0,0x00,0x64,  //#@@@@@@@@@......*#*
0x2f,0xff,0xf0,0x06,0xd0,  //+%@@@@@@@@....*#@%.
0x06,0xff,0xf0,0x6d,0x00,  //..*#@@@@@@..*#@%+..
0x00,0x6f,0xf2,0xe0,0x00,  //....*#@@@@*%@%*....
0x00,0x06,0xfe,0x00,0x00,  //......*#@@@#*......
0x00,0x00,0x64,0x00,0x00,  //.......+%%*........


/*  */
0x00,0x00,0x06,0xe0,0x00,0x00,  //.........+%#@%*.........
0x00,0x00,0xb9,0x6e,0x40,0x00,  //.......*%@#%*#@#*.......
0x00,0x0b,0x90,0x02,0xe0,0x00,  //......#@#*....*%@#+.....
0x00,0x0e,0x00,0x00,0x74,0x00,  //.....*@%........*@*.....
0x00,0x0f,0xd0,0x06,0xf4,0x00,  //.....*@@@%+..+*#@@*.....
0x00,0x0f,0xfe,0x7d,0x24,0x00,  //.....*@@@@@%%@@%+%*.....
0x00,0x0f,0xff,0x90,0x24,0x00,  //.....*@@@@@@#*...%*.....
0x00,0x0f,0xff,0x80,0x24,0x00,  //.....*@@@@@@%....%*.....
0x00,0x6f,0xff,0x81,0xbe,0x00,  //...+%#@@@@@@%..*#@@%*...
0x0b,0x91,0xbf,0x9b,0x86,0xe4,  //.*%@#%*%#@@@#%#@%**#@#*.
0xb9,0x00,0x1b,0xe4,0x00,0x2e,  //%@#*.....*#@@#%+....*%@#
0xf4,0x00,0x0b,0xe4,0x00,0x1b,  //@@%*.....*%@@#*.....+%#@
0xff,0x91,0xba,0xfe,0x42,0xeb,  //@@@@#*+*#@#%@@@#%+*%@#%@
0xff,0xff,0x41,0xff,0xfe,0x43,  //@@@@@@@@%*.*@@@@@@@#*.*@
0xff,0xfc,0x01,0xff,0xf4,0x03,  //@@@@@@@*...*@@@@@@%...*@
0xff,0xfc,0x01,0xff,0xf4,0x03,  //@@@@@@@*...*@@@@@@*...*@
0xbf,0xfc,0x07,0xff,0xf4,0x1b,  //#@@@@@@*.+%@@@@@@@*..*#@
0x1b,0xfd,0x79,0x6f,0xf5,0xb8,  //.*#@@@@*%@#**#@@@@**#@%*
0x01,0xbf,0x90,0x06,0xff,0x80,  //...*#@@@#*....*#@@@@%*..
0x00,0x19,0x00,0x00,0x68,0x00,  //.....*%*........*%%*....


/*  */
0xff,0xff,0xe0,0x00,0x00,0x00,  //@@@@@@@@@%+....*****+..
0xff,0xff,0xf8,0x03,0xff,0x40,  //@@@@@@@@@@%....@@@@@*..
0xfc,0x01,0xfc,0x00,0x00,0x00,  //@@@...+*@@@............
0xfc,0x00,0xfc,0x00,0x69,0x00,  //@@@.....@@@....+%%%*...
0xfc,0x00,0xf8,0x07,0xff,0x80,  //@@@.....@@#...*@@@@@#+.
0xfe,0xaa,0xe0,0x1f,0x96,0xe0,  //@@@%%%%#@#+..*@@%**#@#.
0xff,0xff,0xe0,0x2e,0x00,0xf4,  //@@@@@@@@@#*..#@%...*@@*
0xfd,0x55,0xfc,0x3e,0x55,0xf8,  //@@@****%@@@+*@@%****@@%
0xfc,0x00,0x7d,0x3f,0xff,0xf8,  //@@@.....%@@%*@@@@@@@@@%
0xfc,0x00,0x3e,0x3d,0x00,0x00,  //@@@.....*@@%*@@%******+
0xfc,0x00,0x7e,0x3e,0x00,0x50,  //@@@.....%@@%.@@%....***
0xfe,0xaa,0xfd,0x1f,0x41,0xf0,  //@@@%%%%#@@@*.%@@*++*@@*
0xff,0xff,0xf4,0x0b,0xff,0xd0,  //@@@@@@@@@@%...#@@@@@@%.
0xaa,0xaa,0x40,0x01,0xbe,0x40,  //%%%%%%%%%*.....*#@@#*..


/*  */
0x06,0xaa,0xaa,0xa8,0x00,  //.*%%%%%%%%%%%%%*.
0x3f,0xff,0xff,0xff,0x40,  //*@@@@@@@@@@@@@@@*
0xbf,0xff,0xff,0xff,0x80,  //#@@@@@@@@@@@@@@@#
0xff,0xff,0xff,0xff,0xc0,  //@@@@@@@@@@@@@@@@@
0xe5,0x56,0xff,0xff,0xc0,  //@%*****%@@@@@@@@@
0xd0,0x00,0xbf,0xff,0xc0,  //@*.+*...#@@@@@@@@
0xd2,0xf4,0xbe,0xaf,0xc0,  //@*.%@@*.%@@#%%@@@
0xd2,0xe0,0xb4,0x03,0xc0,  //@*.%@#*.#@*...*@@
0xd0,0x01,0xd1,0xe1,0xc0,  //@*.....*@%.%@%.%@
0xd1,0xa4,0x50,0x00,0xc0,  //@*.%%%*.**.***.*@
0xd2,0xf8,0x11,0x55,0xc0,  //@*.%@@%.**.****%@
0xd1,0xa0,0x51,0xe2,0xc0,  //@*.%%%*.*%.*@#*%@
0xd0,0x00,0xb4,0x02,0xc0,  //@*.....*#@*...+#@
0xea,0xab,0xfe,0xaf,0xc0,  //@#%%%%#@@@@#%%@@@
0xff,0xff,0xff,0xff,0xc0,  //@@@@@@@@@@@@@@@@@
0xbf,0xff,0xff,0xff,0x80,  //%@@@@@@@@@@@@@@@#
0x2f,0xff,0xff,0xfe,0x00,  //+#@@@@@@@@@@@@@#+


/*  */
0x00,0x00,0x00,0x1a,0x40,  //............+*%%*...
0x00,0x00,0x01,0xff,0xe0,  //...........*@@@@@#+.
0x00,0x00,0x03,0x80,0x68,  //..........*@#****##+
0x00,0x00,0x0a,0x2f,0x8d,  //..........##*#@@#*@%
0x00,0x00,0x0d,0x7f,0xda,  //..........@%%@@@@*##
0x00,0x00,0x1d,0xbf,0xeb,  //.........*@*%@@@@%%@
0x00,0x00,0x2e,0x7f,0xda,  //.........#@%*@@@@*##
0x00,0x00,0xbf,0x1f,0x5d,  //........%@@@*%@@%*@*
0x00,0x01,0xff,0xd0,0x78,  //+......*@@@@@%**%@#.
0xe4,0x02,0xff,0xff,0xe0,  //@%*...*#@@@@@@@@@%..
0xfe,0xab,0xff,0xf9,0x00,  //@@@####@@@@@@@%*+...
0xff,0xf8,0xbf,0xd0,0x00,  //@@@@@@%*#@@@@*......
0xff,0xfe,0x3e,0x00,0x00,  //@@@@@@@#+@@#+.......
0x6f,0xff,0x38,0x00,0x00,  //%#@@@@@@*@%.........
0x07,0xfe,0x20,0x00,0x00,  //..%@@@@#.#..........
0x02,0x54,0x50,0x00,0x00,  //...#*%%+%%..........
0x00,0xa6,0x80,0x00,0x00,  //...+#%%#%...........


/*  */
0x06,0xaa,0xaa,0xa8,0x00,  //.*%%%%%%%%%%%%%*.
0x3f,0xff,0xff,0xff,0x40,  //*@@@@@@@@@@@@@@@*
0xbf,0xff,0xe0,0x1f,0x80,  //#@@@@@@@@%*.+*@@#
0xff,0xff,0x41,0x43,0xc0,  //@@@@@@@@%.***.+@@
0xff,0xfe,0x10,0x11,0xc0,  //@@@@@@@#.**..%.%@
0xff,0xfe,0x10,0x00,0xc0,  //@@@@@@@%.%...***@
0xff,0xfd,0x10,0x04,0xc0,  //@@@@@@@*.%...***@
0xff,0xf8,0x10,0x11,0xc0,  //@@@@@@%..*+..%.%@
0xbf,0xe0,0x05,0x42,0xc0,  //#@@@@#....**%++#@
0x0a,0x80,0x00,0x0b,0xc0,  //.*%#%*.......*#@@
0x00,0x10,0x02,0xff,0xc0,  //....+*.....%@@@@@
0x00,0x04,0x0b,0xff,0xc0,  //......%..*#@@@@@@
0x00,0x04,0x7f,0xff,0xc0,  //*.....%.%@@@@@@@@
0xe0,0x08,0xff,0xff,0xc0,  //@#.+..%*@@@@@@@@@
0xf4,0x52,0xff,0xff,0xc0,  //@@***%*#@@@@@@@@@
0xbe,0x5b,0xff,0xff,0x80,  //%@@%**#@@@@@@@@@#
0x2f,0xff,0xff,0xfe,0x00,  //+#@@@@@@@@@@@@@#+


/*  */
0x00,0x0b,0x9f,0xf0,0x00,  //.....+#@%%@@@@*.....
0x00,0x2f,0xeb,0xf8,0x00,  //.....#@@@%#@@@#.....
0x00,0x7f,0xd3,0xfe,0x40,  //....*@@@@**@@@@%%...
0x00,0xff,0x82,0xff,0x00,  //...+@@@@#..%@@@@*...
0x01,0xff,0x00,0xfe,0x00,  //...*@@@@*..*@@@%....
0x00,0x2e,0x02,0xbc,0x10,  //....+%@%..*%%@@+**..
0x2a,0x84,0x00,0x01,0xe0,  //+%%%%+*+.......%@#..
0x1f,0xd0,0x00,0x0b,0xf4,  //.*@@@%.......*#@@@%.
0x3f,0xe0,0x00,0x0b,0xfc,  //+@@@@#........#@@@@*
0x7f,0xe4,0x00,0x03,0xfe,  //%@@@@%*.......+@@@@%
0x7f,0x40,0x00,0x01,0xfe,  //*@@@%.+........%@@@%
0x2e,0x00,0x00,0x40,0xb8,  //.#@#........*...#@%+
0x1d,0x00,0x00,0x80,0x54,  //.*@%****+...#****%*.
0x0a,0xff,0xc1,0xff,0xe0,  //..#%@@@@@*.%@@@@@#..
0x02,0xff,0xc3,0xff,0xd0,  //..+#@@@@@*+@@@@@@*..
0x02,0xff,0xc2,0xff,0x80,  //...#@@@@@*.#@@@@#...
0x01,0xbf,0xc0,0xfe,0x40,  //...*#@@@@*.*@@@#*...
0x00,0x00,0x00,0x80,0x00,  //.......+*...%+......
0x00,0x00,0x00,0x00,0x00,  //.............*......


/*  */
0x00,0x0a,0xaa,0xaa,0x40,0x00,  //.....*%%%%%%%%%%%+.....
0x00,0x7f,0xff,0xff,0xe0,0x00,  //....*@@@@@@@@@@@@#*....
0x00,0xbf,0xff,0xff,0xf8,0x00,  //....#@@@@@@@@@@@@@#....
0x00,0xf8,0x00,0x00,0xbc,0x00,  //...+@@#*********#@@....
0x01,0xf4,0x00,0x00,0x7c,0x00,  //...*@@*.........%@@*...
0x02,0xf0,0x00,0x00,0x7d,0x00,  //...%@@*.........*@@%...
0x02,0xf0,0x00,0x00,0x3e,0x00,  //...#@@..........+@@#...
0x17,0xe5,0x55,0x55,0x7f,0x40,  //.*%@@#***********@@@**.
0x7f,0xff,0xff,0xff,0xff,0xf4,  //%@@@@@@@@@@@@@@@@@@@@@*
0xf4,0x7f,0xff,0xff,0xf4,0xb8,  //@@%**@@@@@@@@@@@@@**%@%
0xe0,0x2f,0xff,0xff,0xd0,0x38,  //@#...%@@@@@@@@@@@%...@%
0xe0,0x2f,0xff,0xff,0xd0,0x38,  //@#...%@@@@@@@@@@@%...@%
0xf4,0x7f,0xff,0xff,0xf4,0xb8,  //@@%**@@@@@@@@@@@@@**%@%
0xff,0xff,0xff,0xff,0xff,0xf8,  //@@@@@@@@@@@@@@@@@@@@@@%
0x6f,0xe5,0x55,0x55,0x6f,0xe4,  //*%@@@#***********#@@@%*
0x1f,0xe0,0x00,0x00,0x2f,0xd0,  //.*@@@%...........%@@@*.
0x1f,0xe0,0x00,0x00,0x2f,0xd0,  //.*@@@%...........%@@@*.
0x0b,0x80,0x00,0x00,0x0b,0x80,  //..#@#+...........+#@%..


/*  */
0x00,0x00,0x7f,0xf0,0x00,0x00,  //........*@@@@@*........
0x00,0x00,0x7f,0xf0,0x00,0x00,  //........*@@@@@*........
0x00,0x00,0x7f,0xf4,0x00,0x00,  //......+*%@@@@@**+......
0x00,0x2f,0xff,0xff,0xe0,0x00,  //.....#@@@@@@@@@@@%.....
0x00,0xbf,0xff,0xff,0xf4,0x00,  //....%@@@@@@@@@@@@@%....
0x00,0xf9,0x55,0x55,0xf8,0x00,  //...+@@#********%@@#....
0x01,0xf4,0x00,0x00,0xbc,0x00,  //...*@@%.........%@@+...
0x01,0xf4,0x00,0x00,0x7d,0x00,  //...%@@*.........*@@*...
0x02,0xf0,0x00,0x00,0x3e,0x00,  //...#@@+.........*@@%...
0x03,0xe0,0x00,0x00,0x3e,0x00,  //..*@@#***********@@#+..
0x2f,0xff,0xff,0xff,0xff,0xe0,  //+#@@@@@@@@@@@@@@@@@@@#+
0xba,0xbf,0xff,0xff,0xfa,0xb8,  //#@#%#@@@@@@@@@@@@@#%#@%
0xe0,0x2f,0xff,0xff,0xe0,0x38,  //@#...#@@@@@@@@@@@%..+@%
0xe0,0x2f,0xff,0xff,0xd0,0x38,  //@%...%@@@@@@@@@@@*...@%
0xf0,0x2f,0xff,0xff,0xe0,0x78,  //@@+..#@@@@@@@@@@@#..*@%
0xfe,0xbf,0xff,0xff,0xfa,0xf8,  //@@@%#@@@@@@@@@@@@@##@@%
0xff,0xff,0xff,0xff,0xff,0xf8,  //@@@@@@@@@@@@@@@@@@@@@@%
0x1f,0xe0,0x00,0x00,0x2f,0xd0,  //.*@@@%...........%@@@*.
0x1f,0xd0,0x00,0x00,0x2f,0xc0,  //.*@@@%...........%@@@*.
0x06,0x40,0x00,0x00,0x0a,0x40,  //..%%%.............%%*..


/*  */
0x00,0x01,0xd0,0x00,0x00,  //.......*@%.......
0x00,0x07,0xf4,0x00,0x00,  //......*@@@%......
0x00,0x1f,0xfd,0x00,0x00,  //.....*@@@@@%.....
0x00,0x7f,0xff,0x40,0x00,  //....*@@@@@@@%....
0x00,0xff,0xff,0xd0,0x00,  //...*@@@@@@@@@*...
0x00,0x5b,0xf9,0x40,0x00,  //...+**#@@@#**+...
0x00,0x1f,0xfd,0x00,0x00,  //.....*@@@@@%.....
0x00,0x7f,0xff,0x40,0x00,  //....*@@@@@@@%....
0x01,0xff,0xff,0xd0,0x00,  //...*@@@@@@@@@%...
0x07,0xff,0xff,0xf4,0x00,  //..*@@@@@@@@@@@%..
0x0f,0xff,0xff,0xfc,0x00,  //.+@@@@@@@@@@@@@*.
0x00,0x7f,0xff,0x40,0x00,  //..***@@@@@@@%**..
0x00,0xbf,0xff,0xd0,0x00,  //...+#@@@@@@@@*...
0x02,0xff,0xff,0xf4,0x00,  //..+#@@@@@@@@@@*..
0x0b,0xff,0xff,0xfd,0x00,  //.+#@@@@@@@@@@@@*.
0x2f,0xff,0xff,0xff,0x40,  //+#@@@@@@@@@@@@@@*
0x7f,0xff,0xff,0xff,0x80,  //*@@@@@@@@@@@@@@@%
0x00,0x0b,0xfc,0x00,0x00,  //......%@@@@......
0x00,0x0b,0xfc,0x00,0x00,  //......#@@@@......
0x00,0x06,0xa8,0x00,0x00,  //......%%%%%......


/*  */
0x00,0x06,0xa4,0x00,0x00,  //.....+*%%%*+.....
0x00,0xbf,0xff,0x80,0x00,  //...+%@@@@@@@%+...
0x02,0xff,0xff,0xf4,0x00,  //..+#@@@@@@@@@@*..
0x0b,0xff,0xff,0xfc,0x00,  //.+#@@@@@@@@@@@@*.
0x2f,0xea,0xaf,0xfe,0x00,  //.#@@@#%%%#@@@@@#.
0x78,0x00,0x00,0x6f,0x40,  //*@#+.......*%#@@*
0xb8,0x15,0x50,0x07,0x80,  //%@#+*******...%@#
0xbf,0xea,0xaf,0x43,0xc0,  //#@@@@%%%%#@@%**@@
0xfd,0x00,0x01,0xbf,0xc0,  //@@@*......+*#@@@@
0xfe,0x6a,0xa4,0x1f,0xc0,  //@@@%%%##%%*..%@@@
0xbf,0x95,0x6f,0x6f,0xc0,  //#@@@%%**%%@@%%@@@
0x7d,0x00,0x01,0xbf,0x80,  //%@@%.****+.*#@@@%
0x3f,0xff,0xf9,0x7f,0x40,  //+@@@@@@@@@#*%@@@*
0x1f,0xff,0xff,0xfe,0x00,  //.%@@@@@@@@@@@@@%.
0x0b,0xff,0xff,0xf8,0x00,  //..#@@@@@@@@@@@#+.
0x02,0xff,0xff,0xe0,0x00,  //...%@@@@@@@@@#+..
0x00,0x6f,0xfe,0x40,0x00,  //....*#@@@@@#*....


/*  */
0x00,0x01,0xfc,  //.......*@@@
0x00,0x02,0xfc,  //.......#@@@
0x00,0x07,0xfc,  //......*@@@@
0x55,0x5b,0xfc,  //******#@@@@
0xff,0xff,0xf8,  //@@@@@@@@@@%
0xff,0xff,0xf0,  //@@@@@@@@@@*
0xff,0xff,0xe0,  //@@@@@@@@@%.
0xff,0xff,0xc0,  //@@@@@@@@@*.
0x02,0xff,0x80,  //***#@@@@%..
0x03,0xff,0x00,  //..+@@@@@+..
0x07,0xff,0xfc,  //..%@@@@@@@@
0x0f,0xff,0xfc,  //.+@@@@@@@@@
0x1f,0xff,0xfc,  //.%@@@@@@@@@
0x3f,0xff,0xfc,  //*@@@@@@@@@@
0xbf,0xea,0xa8,  //%@@@@#%%%%%
0xff,0x80,0x00,  //@@@@#......
0xff,0x40,0x00,  //@@@@*......
0xfe,0x00,0x00,  //@@@#.......


/*  */
0x00,0x00,0x00,0x06,0x90,0x00,0x00,  //.............+%%%*........
0x00,0x00,0x00,0x6f,0xf8,0x00,0x00,  //...........+*%@@@@#*......
0x00,0x00,0x01,0x6f,0xff,0x00,0x00,  //.......+**+%*%@@@@@@*.....
0x00,0x01,0x5a,0x6f,0xff,0x80,0x00,  //......****%%*%@@@@@@#.....
0x00,0x15,0x6a,0x6f,0xff,0xc0,0x00,  //.....*%**%%%*%@@@@@@@+....
0x00,0x1a,0x6a,0xaf,0xff,0xea,0x00,  //..+++*%%*%%%%%@@@@@@@##%+.
0x15,0x6a,0xaa,0xef,0xff,0xff,0x80,  //.****%%%%%%%@%@@@@@@@@@@#+
0x55,0x6a,0xea,0xef,0xff,0xff,0xd0,  //***%%%%%@%%%@%@@@@@@@@@@@%
0x56,0xaa,0xea,0xef,0xff,0xff,0xe0,  //%%%%%%%#@#%%@%@@@@@@@@@@@%
0x55,0x6a,0xaa,0xaf,0xff,0xff,0xd0,  //****%%%%%%%%%%@@@@@@@@@@@*
0x05,0x55,0x5a,0x6f,0xff,0xff,0x80,  //.****%%%*%%%*%@@@@@@@@@@%.


/*  */
0x01,0xbf,0xff,0x94,0x00,  //..*%%@@@@@@@#%*..
0x2f,0xff,0xff,0xfe,0x40,  //*#@@@@@@@@@@@@@#*
0xbf,0xff,0xff,0xff,0xc0,  //#@@@@@@@@@@@@@@@@
0xff,0xff,0xff,0xff,0xc0,  //@@@@@@@@@@@@@@@@@
0xbf,0xff,0xff,0xff,0x80,  //#@@@@@@@@@@@@@@@#
0x2f,0xff,0xff,0xfe,0x00,  //+%@@@@@@@@@@@@@#+
0x01,0xaf,0xfe,0x90,0x00,  //+.+*%%@@@@@%%*+.+
0xe0,0x00,0x00,0x01,0xc0,  //@%*...........*%@
0xff,0xa9,0x5a,0xbf,0xc0,  //@@@@#%%***%%#@@@@
0x6f,0xff,0xff,0xff,0x40,  //*#@@@@@@@@@@@@@@*
0x06,0xbf,0xff,0xe4,0x00,  //..*%#@@@@@@@@%*+.
0x90,0x00,0x00,0x01,0x80,  //#*....*****+...*%
0xfe,0x50,0x01,0x6f,0xc0,  //@@@#%*******%%@@@
0x7f,0xff,0xff,0xff,0x80,  //%@@@@@@@@@@@@@@@#
0x1b,0xff,0xff,0xf9,0x00,  //.*%@@@@@@@@@@@#*.
0x40,0x15,0x55,0x00,0x40,  //%+..*********...*
0xf9,0x00,0x00,0x1b,0xc0,  //@@%***.....+**%@@
0xbf,0xff,0xff,0xff,0x80,  //#@@@@@@@@@@@@@@@#
0x1f,0xff,0xff,0xfd,0x00,  //.%@@@@@@@@@@@@@%+
0x00,0x6a,0xaa,0x40,0x00,  //...**%%%%%%%**...


/*  */
0xbf,0xff,0xff,0x80,0x00,  //#@@@@@@@@@@@%....
0xd0,0x00,0x0e,0xa0,0x00,  //@%********@%##...
0xd0,0x00,0x0d,0x28,0x00,  //@*........@*+##..
0xd0,0x00,0x0d,0x0a,0x00,  //@*........@*.+##.
0xd0,0x00,0x0d,0x02,0x80,  //@*........@*..+#%
0xd0,0x00,0x0e,0x56,0xc0,  //@*.....*+.@%***%@
0xd0,0x02,0x4b,0xff,0xc0,  //@*.....%*.#@@@@@@
0xd0,0x02,0x40,0x00,0xc0,  //@*.....%*......*@
0xd0,0x01,0x40,0x00,0xc0,  //@*.....%*......*@
0xd0,0x01,0x40,0x00,0xc0,  //@*.....**......*@
0xd0,0x02,0x80,0x00,0xc0,  //@*.....#%......*@
0xd0,0x01,0x10,0x00,0xc0,  //@*....*%*%.....*@
0xd0,0x08,0x19,0x90,0xc0,  //@*....%++%#%%*.*@
0xd0,0x09,0x41,0xa0,0xc0,  //@*...*#****%%#+*@
0xd0,0x60,0x00,0x00,0xc0,  //@*..*#.........*@
0xd1,0x90,0x00,0x00,0xc0,  //@*.%%*.........*@
0xd2,0x40,0x00,0x00,0xc0,  //@*.#%..........*@
0xd0,0x00,0x00,0x00,0xc0,  //@*.............*@
0xe5,0x55,0x55,0x55,0xc0,  //@%*************%@
0x6a,0xaa,0xaa,0xaa,0x80,  //%%%%%%%%%%%%%%%%%


/*  */
0xbf,0xff,0xff,0x80,0x00,  //#@@@@@@@@@@@%....
0xd0,0x00,0x0e,0xa0,0x00,  //@%********@%##...
0xd0,0x00,0x0d,0x28,0x00,  //@*........@*+##..
0xd0,0x00,0x0d,0x0a,0x00,  //@*........@*.+##.
0xd0,0x00,0x0d,0x02,0x80,  //@*........@*..+#%
0xd0,0x00,0x0e,0x56,0xc0,  //@*........@%***%@
0xd0,0x00,0x0b,0xff,0xc0,  //@*........#@@@@@@
0xd0,0x00,0x00,0x00,0xc0,  //@*.............*@
0xd1,0x50,0x41,0x50,0xc0,  //@*****..*+.*****@
0xd2,0xd1,0xd1,0xa0,0xc0,  //@**%@*.*@*.*##**@
0xd1,0xc1,0xe0,0xd0,0xc0,  //@*.*@+.%@%..@%.*@
0xd0,0xd2,0xb0,0xc0,0xc0,  //@*.+@*.#%@.*@*.*@
0xd0,0x93,0x31,0xc0,0xc0,  //@*..#%+@*@**@..*@
0xd0,0x66,0x26,0x80,0xc0,  //@*..%#*#.%%%#..*@
0xd0,0x79,0x1a,0x40,0xc0,  //@*..*@%%.*##%..*@
0xd0,0x3d,0x0f,0x00,0xc0,  //@*..+@@*.*@@*..*@
0xd0,0x2c,0x0f,0x00,0xc0,  //@*...#@+..@@...*@
0xd0,0x00,0x00,0x00,0xc0,  //@*.............*@
0xe5,0x55,0x55,0x55,0xc0,  //@%*************%@
0x6a,0xaa,0xaa,0xaa,0x80,  //%%%%%%%%%%%%%%%%%


/*  */
0xbf,0xff,0xff,0x80,0x00,  //#@@@@@@@@@@@%....
0xd0,0x00,0x0e,0xa0,0x00,  //@%********@%##...
0xd0,0x00,0x0d,0x28,0x00,  //@*........@*+##..
0xd0,0x00,0x0d,0x0a,0x00,  //@*........@*.+##.
0xd0,0x00,0x0d,0x02,0x80,  //@*........@*..+#%
0xd0,0x00,0x0e,0x56,0xc0,  //@*........@%***%@
0xd0,0x00,0x0b,0xff,0xc0,  //@*........#@@@@@@
0xd0,0x00,0x00,0x00,0xc0,  //@*.............*@
0xd0,0x15,0x15,0x00,0xc0,  //@*..+***.***+..*@
0xd0,0x2e,0x1e,0x00,0xc0,  //@*..+%@%.*@%+..*@
0xd0,0x0a,0x18,0x00,0xc0,  //@*....%#.*#....*@
0xd0,0x02,0x70,0x00,0xc0,  //@*....+#%@*....*@
0xd0,0x01,0xe0,0x00,0xc0,  //@*.....*@%.....*@
0xd0,0x02,0xa0,0x00,0xc0,  //@*.....###.....*@
0xd0,0x06,0x28,0x00,0xc0,  //@*....%#+#%....*@
0xd0,0x1d,0x1d,0x00,0xc0,  //@*...*@*.*@*...*@
0xd0,0x3f,0x3f,0x00,0xc0,  //@*..*@@@.@@@*..*@
0xd0,0x00,0x00,0x00,0xc0,  //@*.............*@
0xe5,0x55,0x55,0x55,0xc0,  //@%*************%@
0x6a,0xaa,0xaa,0xaa,0x80,  //%%%%%%%%%%%%%%%%%


/*  */
0xbf,0xff,0xff,0x80,0x00,  //#@@@@@@@@@@@%....
0xd0,0x00,0x0e,0xa0,0x00,  //@%********@%##...
0xd0,0x00,0x0d,0x28,0x00,  //@*........@*+##..
0xd0,0x00,0x0d,0x0a,0x00,  //@*........@*.+##.
0xd0,0x00,0x0d,0x02,0x80,  //@*........@*..+#%
0xd0,0x00,0x0e,0x56,0xc0,  //@*........@%***%@
0xd0,0x00,0x0b,0xff,0xc0,  //@*........#@@@@@@
0xd0,0x00,0x00,0x00,0xc0,  //@*.............*@
0xd0,0x15,0x50,0x00,0xc0,  //@*..+******....*@
0xd0,0x1e,0xac,0x00,0xc0,  //@*..+%@#%#@*...*@
0xd0,0x0c,0x0e,0x00,0xc0,  //@*...*@*..@%...*@
0xd0,0x0c,0x0a,0x00,0xc0,  //@*...*@*..#%...*@
0xd0,0x0d,0x1d,0x00,0xc0,  //@*...*@***@*...*@
0xd0,0x0f,0xe4,0x00,0xc0,  //@*...*@@@#%....*@
0xd0,0x0c,0x00,0x00,0xc0,  //@*...*@*.......*@
0xd0,0x1d,0x00,0x00,0xc0,  //@*...*@*.......*@
0xd0,0x3f,0x00,0x00,0xc0,  //@*..*@@@*......*@
0xd0,0x00,0x00,0x00,0xc0,  //@*.............*@
0xe5,0x55,0x55,0x55,0xc0,  //@%*************%@
0x6a,0xaa,0xaa,0xaa,0x80,  //%%%%%%%%%%%%%%%%%


/*  */
0xbf,0xff,0xff,0x80,0x00,  //#@@@@@@@@@@@%....
0xd0,0x00,0x0e,0xa0,0x00,  //@%********@%##...
0xd0,0x00,0x0d,0x28,0x00,  //@*........@*+##..
0xd0,0x00,0x0d,0x0a,0x00,  //@*........@*.+##.
0xd0,0x00,0x0d,0x02,0x80,  //@*........@*..+#%
0xd0,0x00,0x0e,0x56,0xc0,  //@*........@%***%@
0xd0,0x00,0x0b,0xff,0xc0,  //@*........#@@@@@@
0xd1,0xa4,0x00,0x00,0xc0,  //@*.*##*........*@
0xd3,0xfc,0x00,0x00,0xc0,  //@*.@@@@........*@
0xd3,0xfc,0x00,0x00,0xc0,  //@*+@@@@+.......*@
0xd1,0xf4,0x09,0x00,0xc0,  //@*.%@@%...#*...*@
0xd0,0x00,0x2f,0x40,0xc0,  //@*..++...#@@*..*@
0xd0,0x00,0xbf,0xd0,0xc0,  //@*......#@@@@*.*@
0xd0,0xa2,0xff,0xf0,0xc0,  //@*..##+#@@@@@@+*@
0xd2,0xff,0xff,0xf0,0xc0,  //@*.#@@@@@@@@@@**@
0xd3,0xff,0xff,0xf0,0xc0,  //@**@@@@@@@@@@@**@
0xd3,0xff,0xff,0xf0,0xc0,  //@**@@@@@@@@@@@**@
0xd0,0x00,0x00,0x00,0xc0,  //@*.............*@
0xe5,0x55,0x55,0x55,0xc0,  //@%*************%@
0x6a,0xaa,0xaa,0xaa,0x80,  //%%%%%%%%%%%%%%%%%


/*  */
0xbf,0xff,0xff,0x80,0x00,  //#@@@@@@@@@@@%....
0xd0,0x02,0x4e,0xa0,0x00,  //@%*****#%*@%##...
0xd0,0x01,0x4d,0x28,0x00,  //@*....*%*.@*+##..
0xd0,0x0c,0x0d,0x0a,0x00,  //@*...*@*..@*.+##.
0xd0,0x01,0x4d,0x02,0x80,  //@*....*%*.@*..+#%
0xd0,0x05,0x0e,0x56,0xc0,  //@*...+***.@%***%@
0xd0,0x0c,0x0b,0xff,0xc0,  //@*...*@*..#@@@@@@
0xd0,0x02,0x40,0x00,0xc0,  //@*.....%*......*@
0xd0,0x05,0x00,0x00,0xc0,  //@*...+***......*@
0xd0,0x0d,0x00,0x00,0xc0,  //@*...*@*.......*@
0xd0,0x1f,0x80,0x00,0xc0,  //@*...*@@%......*@
0xd0,0x2f,0xc0,0x00,0xc0,  //@*...#@@@......*@
0xd0,0x3f,0xd0,0x00,0xc0,  //@*...@@@@*.....*@
0xd0,0x7f,0xe0,0x00,0xc0,  //@*..*@@@@%.....*@
0xd0,0xa0,0xa0,0x00,0xc0,  //@*..%#**%#.....*@
0xd0,0x65,0xa0,0x00,0xc0,  //@*..%#%*##.....*@
0xd0,0x1f,0x80,0x00,0xc0,  //@*...%@@%+.....*@
0xd0,0x00,0x00,0x00,0xc0,  //@*.............*@
0xe5,0x55,0x55,0x55,0xc0,  //@%*************%@
0x6a,0xaa,0xaa,0xaa,0x80,  //%%%%%%%%%%%%%%%%%


/*  */
0xbf,0xff,0xff,0x80,0x00,  //#@@@@@@@@@@@%....
0xd0,0x00,0x0e,0xa0,0x00,  //@%********@%##...
0xd0,0x00,0x0d,0x28,0x00,  //@*........@*+##..
0xd0,0x00,0x0d,0x0a,0x00,  //@*........@*.+##.
0xd0,0x00,0x0d,0x02,0x80,  //@*........@*..+#%
0xd0,0x00,0x0e,0x56,0xc0,  //@*........@%***%@
0xd0,0x00,0x0b,0xff,0xc0,  //@*........#@@@@@@
0xd0,0x00,0x00,0x00,0xc0,  //@*.............*@
0xd0,0x00,0x01,0x00,0xc0,  //@*.........*...*@
0xd0,0x04,0x02,0x80,0xc0,  //@*....%+...#%..*@
0xd0,0x1c,0x61,0xc0,0xc0,  //@*...%@**#.*@+.*@
0xd2,0xbc,0x34,0xd0,0xc0,  //@*+%#@@*+@*.@*.*@
0xd3,0xfc,0x28,0x90,0xc0,  //@**@@@@*.%%.#*.*@
0xd3,0xfc,0x24,0x90,0xc0,  //@**@@@@*.#%.#*.*@
0xd0,0x2c,0x70,0xc0,0xc0,  //@*.**#@**@*+@*.*@
0xd0,0x08,0x02,0x80,0xc0,  //@*....#+.*.%#..*@
0xd0,0x00,0x02,0x00,0xc0,  //@*.........#*..*@
0xd0,0x00,0x00,0x00,0xc0,  //@*.............*@
0xe5,0x55,0x55,0x55,0xc0,  //@%*************%@
0x6a,0xaa,0xaa,0xaa,0x80,  //%%%%%%%%%%%%%%%%%


/*  */
0xbf,0xff,0xff,0x80,0x00,  //#@@@@@@@@@@@%....
0xd0,0x00,0x0e,0xa0,0x00,  //@%********@%##...
0xd0,0x00,0x0d,0x28,0x00,  //@*........@*+##..
0xd0,0x00,0x0d,0x0a,0x00,  //@*........@*.+##.
0xd0,0x00,0x0d,0x02,0x80,  //@*........@*..+#%
0xd0,0x00,0x0e,0x56,0xc0,  //@*........@%***%@
0xd0,0x00,0x0b,0xff,0xc0,  //@*........#@@@@@@
0xd0,0x00,0x00,0x00,0xc0,  //@*.............*@
0xd0,0x55,0x40,0x00,0xc0,  //@*.******+...*+*@
0xd3,0xff,0xe0,0x70,0xc0,  //@*.@@@@@@#..*@**@
0xd3,0xff,0xf1,0xf0,0xc0,  //@**@@@@@@@.*@@**@
0xd3,0xff,0xf3,0xf0,0xc0,  //@**@@@@@@@+@@@**@
0xd3,0xff,0xf3,0xf0,0xc0,  //@**@@@@@@@+@@@**@
0xd3,0xff,0xf1,0xf0,0xc0,  //@**@@@@@@@.*@@**@
0xd3,0xff,0xe0,0x70,0xc0,  //@*.@@@@@@#..*@**@
0xd0,0x55,0x40,0x00,0xc0,  //@*.******+...*+*@
0xd0,0x00,0x00,0x00,0xc0,  //@*.............*@
0xd0,0x00,0x00,0x00,0xc0,  //@*.............*@
0xe5,0x55,0x55,0x55,0xc0,  //@%*************%@
0x6a,0xaa,0xaa,0xaa,0x80,  //%%%%%%%%%%%%%%%%%


/*  */
0xbf,0xff,0xff,0x80,0x00,  //#@@@@@@@@@@@%....
0xd0,0x00,0x0e,0xa0,0x00,  //@%********@%##...
0xd0,0x00,0x0d,0x28,0x00,  //@*........@*+##..
0xd0,0x00,0x0d,0x0a,0x00,  //@*........@*.+##.
0xd0,0x00,0x0d,0x02,0x80,  //@*........@*..+#%
0xd0,0x00,0x0e,0x56,0xc0,  //@*........@%***%@
0xd0,0x00,0x0b,0xff,0xc0,  //@*........#@@@@@@
0xd0,0x00,0x70,0x00,0xc0,  //@*......*@.....*@
0xd0,0x10,0x61,0x00,0xc0,  //@*...%+.%#.%...*@
0xd0,0x70,0xa3,0x40,0xc0,  //@*..*@*.%%+@%..*@
0xd0,0xd0,0x91,0xd0,0xc0,  //@*.+@%..#*.*@*.*@
0xd2,0x80,0xd0,0xa0,0xc0,  //@*.##...@*..%#+*@
0xd2,0x80,0xc0,0xa0,0xc0,  //@*.##..*@*..%#+*@
0xd0,0xd1,0xc1,0xd0,0xc0,  //@*.+@%.*@..*@*.*@
0xd0,0x71,0x83,0x40,0xc0,  //@*..*@*%#.+@%..*@
0xd0,0x12,0x81,0x00,0xc0,  //@*...%+%%..%...*@
0xd0,0x02,0x40,0x00,0xc0,  //@*.....#*......*@
0xd0,0x00,0x00,0x00,0xc0,  //@*.............*@
0xe5,0x55,0x55,0x55,0xc0,  //@%*************%@
0x6a,0xaa,0xaa,0xaa,0x80,  //%%%%%%%%%%%%%%%%%


/*  */
0x00,0x00,0x07,0xf8,0x00,  //..........%@@@%+.
0x00,0x00,0x2f,0xfe,0x00,  //.........%@@@@@#.
0x00,0x00,0x7e,0xaf,0x40,  //+**+....*@@#%#@@*
0x7e,0x00,0x7d,0x1f,0x80,  //*@@%....%@@*.*@@%
0x3e,0x00,0xbc,0x0f,0x80,  //*@@#....%@@*.*@@%
0x3f,0x00,0xbc,0x0f,0x40,  //+@@@....%@@*.*@@%
0x2f,0x00,0x7d,0x1f,0x40,  //.#@@*...*@@*.%@@*
0x2f,0x40,0x3e,0x05,0x00,  //.%@@*...*@@#..**+
0x1f,0x80,0x2f,0x80,0x00,  //.*@@%....%@@#+...
0x0f,0xc0,0x0b,0xfa,0x40,  //.+@@@+...+#@@@#%%
0x0b,0xd0,0x02,0xff,0x80,  //..%@@*....+#@@@@%
0x07,0xe0,0x01,0xf9,0x00,  //..*@@#.....%@@%**
0x02,0xf4,0x03,0xe0,0x00,  //...#@@*...*@@#...
0x01,0xf8,0x0b,0xd0,0x00,  //...*@@#+..#@@*...
0x00,0xbe,0x2f,0x80,0x00,  //....#@@%.%@@%....
0x00,0x3f,0xbe,0x00,0x00,  //....*@@@#@@#.....
0x00,0x1f,0xf8,0x00,0x00,  //.....*@@@@#+.....
0x00,0x07,0xe0,0x00,0x00,  //......*@@#+......
0x00,0x00,0x40,0x00,0x00,  //.......+*........


/*  */
0x00,0x00,0x28,0x00,0x00,  //........*##*........
0x00,0x02,0xff,0x80,0x00,  //.......%@@@@%.......
0x00,0x0b,0xaa,0xe0,0x00,  //.....*#@%##%@#*.....
0x00,0xb9,0x28,0x6e,0x00,  //....%@#*.%%.*#@%....
0x02,0xe0,0x28,0x0b,0x80,  //..*#@%+..%%..+%@#*..
0x2e,0x40,0x28,0x01,0xb8,  //.%@#*....%%....*#@%.
0xb8,0x00,0x28,0x00,0x2e,  //#@#+....*##*....+#@#
0xfd,0x01,0xff,0x40,0x7f,  //@@@*...%@@@@%...*@@@
0xeb,0x9b,0x82,0xe6,0xeb,  //@##@#*#@#++#@#*#@##@
0xe1,0xfd,0x00,0x7f,0x4b,  //@%.%@@@*....*@@@%.%@
0xe2,0xfe,0x00,0xbf,0x8b,  //@%*#@@@%+..+%@@@#*%@
0xef,0x47,0x96,0xd1,0xfb,  //@#@@*.%@#**#@%.*@@#@
0xf8,0x00,0xbe,0x00,0x2f,  //@@#+...*#@@#*...+#@@
0xb8,0x00,0x28,0x00,0x2e,  //%@#*.....##.....*#@%
0x1b,0x80,0x28,0x02,0xe4,  //.*#@%....%%....%@#*.
0x02,0xe0,0x28,0x0b,0x80,  //..+%@#*..%%..*#@%+..
0x00,0x6e,0x28,0xb9,0x00,  //....*#@%.%%.%@#*....
0x00,0x0b,0xaa,0xe0,0x00,  //.....+%@####@%+.....
0x00,0x01,0xbe,0x40,0x00,  //.......*#@@#*.......
0x00,0x00,0x28,0x00,0x00,  //........+%%+........


/*  */
0x00,0x00,0x01,0x54,0x00,0x00,  //...........**%**.......
0x00,0x00,0x1b,0xff,0x80,0x00,  //.........*#@@@@@#+.....
0x00,0x00,0x7f,0xff,0xf0,0x00,  //........%@@@@@@@@@*....
0x00,0x51,0xff,0xff,0xf8,0x00,  //....**+*@@@@@@@@@@#+...
0x02,0xfe,0xff,0xff,0xfd,0x00,  //...#@@@#@@@@@@@@@@@%...
0x07,0xff,0xff,0xff,0xfe,0x00,  //..%@@@@@@@@@@@@@@@@#...
0x0b,0xff,0xff,0xff,0xff,0x00,  //..#@@@@@@@@@@@@@@@@@...
0x0b,0xfe,0x6f,0xe5,0xbf,0x00,  //..#@@@@%*%@@@#%%#@@@*..
0x2f,0xe0,0x02,0x40,0x1f,0xd0,  //.#@@@#+...+#%....*@@@%.
0x7f,0xd1,0x90,0x9a,0x0b,0xf0,  //*@@@@*.*#%..#*#%+.#@@@*
0xbf,0xc3,0xf8,0x2f,0x4b,0xf8,  //#@@@@*.@@@%.+#@@*.%@@@%
0xff,0xd1,0x95,0x0a,0x0b,0xf8,  //@@@@@*.*%%*%.+%%..#@@@%
0xbf,0xe0,0x03,0x40,0x1f,0xf8,  //#@@@@#+...+@%....%@@@@%
0x7f,0xfe,0x6f,0xe5,0xbf,0xf4,  //*@@@@@@%%%@@@#%%#@@@@@*
0x2f,0xff,0xff,0xff,0xff,0xd0,  //.%@@@@@@@@@@@@@@@@@@@%.
0x06,0xff,0xff,0xff,0xfe,0x40,  //..*#@@@@@@@@@@@@@@@#*..


/*  */
0x00,0x06,0xff,0x90,0x00,  //.....+*#@@@@#*+.....
0x00,0x6d,0x41,0x79,0x00,  //....*#@%****%@#*....
0x02,0xf0,0x00,0x0f,0x80,  //...%@@*......*@@%...
0x0b,0xf8,0x00,0x2f,0xe0,  //..%@@@#+....+#@@@%..
0x1f,0xfe,0x69,0xbf,0xf4,  //.*@@@@@#%%%%#@@@@@*.
0x2f,0xff,0x96,0xff,0xf8,  //.#@@@@@@#%%#@@@@@@#.
0x72,0xfd,0x00,0x7f,0x8d,  //*@+#@@@*....*@@@#+@*
0xa0,0xb4,0x00,0x1e,0x0a,  //%%..#@*......*@#..%%
0x90,0x60,0x00,0x09,0x06,  //#*..%#........#%..*#
0xd0,0xa0,0x00,0x0a,0x07,  //@*..%%........%%..*@
0xd0,0xa0,0x00,0x0a,0x07,  //@*..%%........%%..*@
0x90,0x70,0x00,0x0d,0x06,  //#%..*@........@*..%#
0x60,0xb4,0x00,0x1e,0x09,  //%#.+#@%......%@#+.#%
0x36,0xfe,0x00,0xbf,0x9c,  //*@*#@@@%+..+%@@@#*@*
0x2f,0xff,0xeb,0xff,0xf8,  //.#@@@@@@@##@@@@@@@#.
0x0f,0xfe,0x55,0xbf,0xf0,  //.*@@@@@#****#@@@@@*.
0x07,0xf8,0x00,0x2f,0xd0,  //..*@@@#......#@@@*..
0x01,0xf4,0x00,0x1f,0x40,  //...*@@*......*@@*...
0x00,0x2e,0x96,0xb8,0x00,  //....+%@#%**%#@%+....
0x00,0x01,0xaa,0x40,0x00,  //......+%%%%%%+......


/*  */
0x00,0x01,0x00,0x40,0x00,  //......+**..**+......
0x00,0x2f,0x41,0xf8,0x00,  //....+%@@*..*@@%+....
0x00,0xbf,0x41,0xfe,0x00,  //...*#@@@*..*@@@#*...
0x03,0xf4,0x00,0x1f,0xc0,  //..*@@@%+....+%@@@*..
0x0b,0xd0,0x00,0x07,0xe0,  //..#@@*........*@@#..
0x1f,0x40,0x00,0x01,0xf4,  //.%@@*..........*@@%.
0x3e,0x00,0x00,0x00,0xbc,  //.@@%............%@@.
0x7c,0x00,0x00,0x00,0x3d,  //*@@*............*@@*
0x7c,0x00,0x00,0x00,0x3d,  //*@@..............@@*
0xb8,0x00,0x00,0x00,0x2e,  //%@#..............#@%
0x78,0x00,0x00,0x00,0x2d,  //%@#..............#@%
0x7c,0x00,0x00,0x00,0x3d,  //*@@..............@@*
0x3d,0x00,0x00,0x00,0x7c,  //*@@*............*@@*
0x2e,0x00,0x00,0x00,0xb8,  //.#@#............#@#.
0x1f,0x40,0x00,0x01,0xf4,  //.*@@%..........%@@*.
0x0b,0xd0,0x00,0x07,0xe0,  //..#@@%........%@@#..
0x02,0xf9,0x00,0x6f,0x80,  //...#@@#*+..+*#@@#...
0x00,0xbf,0xff,0xfe,0x00,  //....%@@@@@@@@@@%....
0x00,0x1b,0xff,0xe4,0x00,  //.....*#@@@@@@#*.....
0x00,0x00,0x55,0x00,0x00,  //.......+****+.......


/*  */
0x00,0x00,0x14,0x00,0x00,  //.........%%.........
0x00,0x00,0x7d,0x00,0x00,  //....+...*@@*...+....
0x01,0x00,0x7d,0x00,0x40,  //...**...*@@*...**...
0x05,0x06,0x7d,0xc0,0x90,  //..*%..*#*@@*@*..%*..
0x08,0x02,0xff,0x80,0x30,  //.+#+..*#@@@@#*..*@*.
0x28,0x00,0xfe,0x00,0x28,  //.%#....+@@@#+....##.
0x38,0x00,0xbd,0x00,0x2c,  //+@%.....%@@%.....%@*
0x78,0x00,0x7c,0x00,0x2d,  //*@%.....*@@*.....%@*
0xb8,0x00,0x3c,0x00,0x3e,  //%@#.....*@@*.....@@%
0xbd,0x00,0x7d,0x00,0x7e,  //%@@*....*@@*....*@@%
0xbe,0x00,0xbe,0x01,0xfe,  //%@@#+...%@@%...*@@@%
0xbf,0xd6,0xff,0x97,0xfe,  //%@@@@%*%@@@@%*%@@@@%
0x7f,0xff,0xff,0xff,0xfd,  //*@@@@@@@@@@@@@@@@@@*
0x3f,0xff,0xff,0xff,0xfc,  //+@@@@@@@@@@@@@@@@@@+
0x2f,0xff,0xff,0xff,0xf8,  //.%@@@@@@@@@@@@@@@@#.
0x0b,0xff,0xff,0xff,0xf0,  //.+#@@@@@@@@@@@@@@@*.
0x07,0xff,0xff,0xff,0xd0,  //..*@@@@@@@@@@@@@@%..
0x01,0xff,0xff,0xff,0x40,  //...*@@@@@@@@@@@@%...
0x00,0x2f,0xff,0xf8,0x00,  //....+%@@@@@@@@#*....
0x00,0x01,0xaa,0x40,0x00,  //......+*%%%%%*......


/*  */
0x00,0x05,0x55,0x50,0x00,  //.....+********+.....
0x00,0x56,0x96,0x95,0x00,  //....***##**##***....
0x01,0x6e,0x41,0xb9,0x40,  //...%*#@#*..*#@#*%...
0x05,0xe4,0x00,0x1b,0x50,  //..**@#*......*#@**..
0x16,0x80,0x28,0x02,0x94,  //.**%#+...%%...+#%**.
0x14,0x00,0x28,0x00,0x14,  //.**......##......**.
0x54,0x10,0x28,0x04,0x15,  //***..%+..%%..+%..***
0x68,0x39,0x7d,0x6c,0x29,  //*%%.+@#*%@@%*#@+.%%*
0x68,0x06,0xff,0x90,0x29,  //*#%..*%#@@@@#%*..%#*
0x78,0x02,0xff,0x80,0x2d,  //*@%....#@@@@#....%@*
0x78,0x02,0xff,0x80,0x2d,  //*@%....#@@@@#....%@*
0x68,0x1a,0xff,0xa4,0x29,  //*##.+%##@@@@##%+.##*
0x54,0x28,0x28,0x28,0x15,  //*%*..##+*##*+##..*%*
0x14,0x00,0x28,0x00,0x14,  //**%..*...%%...*..%**
0x24,0x00,0x28,0x00,0x14,  //.%*++....##....++*%.
0x06,0xd0,0x14,0x07,0x90,  //.**#@*...**...*@#**.
0x05,0xb8,0x00,0x2e,0x50,  //..**#@%*....*%@#**..
0x01,0x6f,0x41,0xf9,0x40,  //...**%@@*..*@@%**...
0x00,0x15,0x96,0x54,0x00,  //....+**%%%%%%**+....
0x00,0x01,0x55,0x40,0x00,  //......+%****%+......


/*  */
0x06,0xaa,0xaa,0xa8,0x00,  //.*%%%%%%%%%%%%%*.
0x3f,0xff,0xff,0xff,0x40,  //*@@@@@@@@@@@@@@@*
0xbf,0xff,0xff,0xff,0x80,  //#@@@@@@@@@@@@@@@#
0xff,0xff,0x8b,0xff,0xc0,  //@@@@@@@@%.#@@@@@@
0xff,0xff,0x4b,0xff,0xc0,  //@@@@@@@@%.#@@@@@@
0xff,0xff,0xfd,0x3f,0xc0,  //@@@@@@@@@@@*.@@@@
0xfe,0x00,0x88,0x0f,0xc0,  //@@@#+.*+%.%...@@@
0xfc,0x20,0x89,0x1f,0xc0,  //@@@.*%.*%.#*.%@@@
0xfc,0x71,0x8d,0x3f,0xc0,  //@@@.*@.*%.@*.@@@@
0xfd,0x02,0x8d,0x3f,0xc0,  //@@@*.+.#%.@*.@@@@
0xfe,0x1b,0x8d,0x2b,0xc0,  //@@@#.*#@%.@*.%#@@
0xfe,0x1b,0x8e,0x0b,0xc0,  //@@@#.*#@%.@%..%@@
0xfd,0x01,0xff,0xaf,0xc0,  //@@@*+*.*@@@@##@@@
0xf8,0xb4,0xff,0xff,0xc0,  //@@#.%@*+@@@@@@@@@
0xfc,0x01,0xff,0xff,0xc0,  //@@@+.*.*@@@@@@@@@
0xbf,0x9b,0xff,0xff,0x80,  //%@@@%%#@@@@@@@@@#
0x2f,0xff,0xff,0xfe,0x00,  //+#@@@@@@@@@@@@@#+


/*  */
0x00,0x00,0x2d,0x00,0x00,  //.........#@*......
0x00,0x00,0x3e,0x00,0x00,  //........*@@%......
0x00,0x00,0x2d,0x00,0x00,  //.........#@*......
0x00,0x00,0x00,0x0f,0x00,  //.............*@@..
0x00,0x00,0x00,0x1f,0x00,  //..+*+..+.**++*@@**
0x2f,0xeb,0x3d,0x7f,0xf0,  //.%@@@##@.@@**@@@@@
0x7e,0xbf,0x3d,0x7f,0xf0,  //%@@%#@@@.@@**@@@@@
0xf4,0x3c,0x3d,0x1f,0x00,  //@@*.+@@*.@@*.*@@..
0xf0,0x3c,0x3d,0x1f,0x00,  //@@*..@@*.@@*.*@@..
0xb8,0x7c,0x3d,0x1f,0x00,  //#@%**@@..@@*.*@@..
0x3f,0xf4,0x3d,0x1f,0x00,  //*@@@@@*..@@*.*@@..
0x1f,0x90,0x3d,0x0f,0x00,  //.%@@%*...@@*.*@@..
0x2d,0x00,0x3d,0x0f,0x90,  //.#@*.....@@*.*@@%%
0x2e,0x00,0x3d,0x0b,0xf0,  //.#@#*....@@*..#@@@
0x1f,0xe4,0x14,0x01,0x90,  //.%@@@#%..***..+%%*
0xba,0xbe,0x00,0x00,0x00,  //#@#%%@@%..........
0xf0,0x1e,0x00,0x00,0x00,  //@@...*@#..........
0xf4,0x2e,0x00,0x00,0x00,  //@@*.+%@%..........
0xbf,0xfc,0x00,0x00,0x00,  //%@@@@@@*..........
0x1a,0xa0,0x00,0x00,0x00,  //.*%%%%*...........


/*  */
0x06,0xaa,0xaa,0xa8,0x00,  //.*%%%%%%%%%%%%%*.
0x3f,0xff,0xff,0xff,0x40,  //*@@@@@@@@@@@@@@@*
0xbf,0xff,0xff,0xff,0x80,  //#@@@@@@@@@@@@@@@#
0xff,0xff,0xff,0xff,0xc0,  //@@@@@@@@@@@@@@@@@
0xff,0xdb,0xf9,0xff,0xc0,  //@@@@@%#@@@#%@@@@@
0xff,0xd3,0xf1,0xff,0xc0,  //@@@@@**@@@**@@@@@
0xff,0xe2,0xe2,0xff,0xc0,  //@@@@@#.%@%+#@@@@@
0xff,0xf4,0xc7,0xff,0xc0,  //@@@@@@%*@*%@@@@@@
0xff,0xfc,0x4f,0xff,0xc0,  //@@@@@@@+%+@@@@@@@
0xff,0xfd,0x1f,0xff,0xc0,  //@@@@@@@%.%@@@@@@@
0xff,0xff,0x3f,0xff,0xc0,  //@@@@@@@@.@@@@@@@@
0xff,0xff,0x3f,0xff,0xc0,  //@@@@@@@@.@@@@@@@@
0xff,0xff,0x3f,0xff,0xc0,  //@@@@@@@@.@@@@@@@@
0xff,0xff,0x7f,0xff,0xc0,  //@@@@@@@@*@@@@@@@@
0xff,0xff,0xff,0xff,0xc0,  //@@@@@@@@@@@@@@@@@
0xbf,0xff,0xff,0xff,0x80,  //%@@@@@@@@@@@@@@@#
0x2f,0xff,0xff,0xfe,0x00,  //+#@@@@@@@@@@@@@#+


/*  */
0x01,0xbf,0x80,0x00,  //...%#@@@%*...
0x0a,0x00,0x74,0x00,  //.+#%*..+%@*..
0x24,0x00,0x09,0x00,  //+#*......+#*.
0xa0,0x00,0x06,0x00,  //%%........*#.
0xc0,0x29,0x02,0x40,  //@+..+%#*...#*
0x80,0xbf,0x01,0x40,  //#...%@@@+..%%
0x80,0xbf,0x41,0x80,  //%...#@@@*..*%
0x80,0xbe,0x01,0x40,  //#..+#@@#...%*
0x82,0x44,0x02,0x00,  //#*.#%+*....#*
0x46,0x00,0x06,0x00,  //*+%#......*#.
0x0c,0x00,0x18,0x00,  //.+@+.....*#+.
0x14,0x01,0xa0,0x00,  //.%%.****##+..
0x20,0x6a,0x40,0x00,  //.#*.*%%%*....
0x20,0x00,0x00,0x00,  //*#...........
0x60,0x00,0x00,0x00,  //*%...........
0x50,0x00,0x00,0x00,  //%*...........
0x90,0x00,0x00,0x00,  //%*...........
0x90,0x00,0x00,0x00,  //%*...........
0x90,0x00,0x00,0x00,  //%*...........
0x40,0x00,0x00,0x00,  //**...........


/*  */
0x00,0x01,0xbf,0x90,0x00,  //......+%#@@@#%+.....
0x00,0x0b,0xff,0xf9,0x00,  //.....+#@@@@@@@#*....
0x00,0x2f,0xff,0xff,0x00,  //.....#@@@@@@@@@@+...
0x00,0x7f,0xff,0xff,0x80,  //....%@@@@@@@@@@@%...
0x00,0xff,0xff,0xff,0xc0,  //....@@@@@@@@@@@@@...
0x00,0xff,0xff,0xff,0xc0,  //...*@@@@@@@@@@@@@*..
0x01,0xff,0xff,0xff,0xd0,  //...*@@@@@@@@@@@@@%..
0x02,0xff,0xff,0xff,0xf0,  //...#@@@@@@@@@@@@@@..
0x03,0xff,0xff,0xff,0xf0,  //...@@@@@@@@@@@@@@@..
0x0b,0xff,0xff,0xff,0xf0,  //..%@@@@@@@@@@@@@@@*.
0x1f,0xff,0xff,0xff,0xf8,  //.%@@@@@@@@@@@@@@@@#.
0x3f,0xff,0xff,0xff,0xfd,  //*@@@@@@@@@@@@@@@@@@*
0x7f,0xff,0xff,0xff,0xfe,  //%@@@@@@@@@@@@@@@@@@%
0xbf,0xff,0xff,0xff,0xfe,  //%@@@@@@@@@@@@@@@@@@%
0xa7,0xff,0xff,0xff,0xda,  //%%*@@@@@@@@@@@@@@%#%
0x02,0xff,0xff,0xff,0xc0,  //+..#@@@@@@@@@@@@@+++
0x00,0xff,0xff,0xff,0x40,  //...+@@@@@@@@@@@@%...
0x02,0xff,0xff,0xff,0xe0,  //..+#@@@@@@@@@@@@@%..
0x07,0xff,0xff,0xff,0xe0,  //..*@@@@@@@@@@@@@@#+.
0x01,0xaa,0x40,0x5a,0x40,  //...*%%%%%*.+*%%%*+..


/*  */
0x00,0xbf,0xfe,0x40,0x00,0x00,  //...*%@@@@@@#*..........
0x07,0xff,0xff,0xe0,0x00,0x00,  //..%@@@@@@@@@@%.........
0x1f,0xff,0xff,0xf8,0x00,0x00,  //.%@@@@@@@@@@@@#........
0x3f,0x4b,0xf0,0xfd,0x00,0x00,  //*@@@*.%@@@+.@@@%.......
0xbf,0x4b,0xf0,0xff,0x00,0x00,  //%@@@*.%@@@+.@@@@.......
0xbf,0xff,0xff,0x95,0x00,0x00,  //#@@@@@@@@@@@#**%**.....
0xff,0xff,0xf9,0x6f,0xf9,0x00,  //@@@@@@@@@@#*%#@@@@#*...
0xbf,0xff,0xe6,0xff,0xff,0x80,  //#@@@@@@@@#*#@@@@@@@@#..
0x7f,0xff,0xdb,0xef,0xfb,0xe0,  //%@@@@@@@@*#@@#@@@@#@@#.
0x2f,0xff,0x9f,0xc3,0xd2,0xf4,  //+#@@@@@@#*@@@.*@@%.#@@*
0x1f,0xff,0xaf,0xdb,0xe7,0xf8,  //.*@@@@@@%%@@@%#@@#%@@@%
0x06,0xff,0x7f,0xff,0xff,0xf8,  //..*#@@@@*@@@@@@@@@@@@@%
0x02,0xff,0xaf,0xff,0xff,0xf8,  //...#@@@@%%@@@@@@@@@@@@%
0x02,0x00,0x1f,0xff,0xff,0xf4,  //..*%*.+*+*@@@@@@@@@@@@*
0x00,0x00,0x0b,0xff,0xff,0xe0,  //..........#@@@@@@@@@@%.
0x00,0x00,0x02,0xff,0xff,0x80,  //..........+#@@@@@@@@%..
0x00,0x00,0x00,0x6f,0xff,0x00,  //............%#@@@@@@+..
0x00,0x00,0x00,0x00,0x01,0x40,  //..............***+.**..


/*  */
0x00,0x00,0x00,0x00,0x0a,  //.................*##
0x00,0x00,0x00,0x00,0x7e,  //...............+%@@#
0x00,0x00,0x00,0x06,0xfe,  //..............*#@@@%
0x00,0x00,0x00,0x2f,0xbd,  //............*#@@#@@*
0x00,0x00,0x02,0xfe,0xbc,  //..........+%@@@%#@@*
0x00,0x00,0x1f,0xf6,0xfc,  //.........%@@@@*#@@@+
0x00,0x01,0xbf,0x8b,0xfc,  //.......*#@@@#*%@@@@.
0x00,0x0b,0xfe,0x1f,0xf8,  //.....*#@@@@#+%@@@@#.
0x00,0xbf,0xf8,0x7f,0xf8,  //...+%@@@@@#.*@@@@@%.
0x07,0xff,0xe0,0xbf,0xf4,  //..%@@@@@@%.+#@@@@@*.
0x6f,0xff,0x42,0xff,0xf0,  //*#@@@@@@%..#@@@@@@*.
0xbf,0xfd,0x0b,0xff,0xf0,  //#@@@@@@*..#@@@@@@@+.
0x1b,0xe4,0x1f,0xff,0xf0,  //.*#@@#*..%@@@@@@@@..
0x00,0x40,0x7f,0xff,0xe0,  //...+%+..*@@@@@@@@#..
0x00,0x00,0xff,0xff,0xe0,  //.......*@@@@@@@@@%..
0x00,0x02,0xff,0xff,0xd0,  //.......%@@@@@@@@@*..
0x00,0x02,0xf9,0xbf,0xc0,  //.......%@@#*#@@@@*..
0x00,0x02,0xe0,0x0b,0xc0,  //.......%@#+..*%@@+..
0x00,0x02,0xc0,0x00,0x40,  //.......%@*.....+*...
0x00,0x01,0x40,0x00,0x00,  //.......%*...........


/*  */
0x00,0x00,0x00,0x00,0x0a,  //.................*##
0x00,0x00,0x00,0x00,0x7e,  //...............+%@@#
0x00,0x00,0x00,0x06,0x9a,  //..............*##*%%
0x00,0x00,0x00,0x2d,0x09,  //............*#@%..#*
0x00,0x00,0x02,0xe0,0x0c,  //..........+%@%+...@*
0x00,0x00,0x1e,0x00,0x0c,  //.........%@#*..+.*@+
0x00,0x01,0xa4,0x04,0x1c,  //.......*##*...*+.*@.
0x00,0x0b,0x40,0x24,0x18,  //.....*#@%...+%%..%#.
0x00,0xb8,0x00,0xa0,0x28,  //...+%@%+...*##...%%.
0x07,0x90,0x07,0xd0,0x24,  //..%@#*....%@@*...#*.
0x69,0x00,0x2f,0x80,0x30,  //*##*....+#@@%....@*.
0xb9,0x00,0xbf,0x00,0x30,  //#@#*...*#@@@+...*@+.
0x1b,0x97,0xfd,0x00,0x70,  //.*%@#%%@@@@%....*@..
0x00,0x6f,0xf8,0x00,0x60,  //...+%#@@@@#.....%#..
0x00,0x0f,0xf8,0x00,0xa0,  //.....*@@@@%+....%%..
0x00,0x0f,0xff,0x40,0x90,  //.....*@@@@@@%*..#*..
0x00,0x0f,0xe1,0xb9,0xc0,  //.....*@@@#+*#@#*@*..
0x00,0x0f,0x80,0x0b,0xc0,  //.....*@@#....*%@@+..
0x00,0x0e,0x00,0x00,0x40,  //.....*@#.......+*...
0x00,0x08,0x00,0x00,0x00,  //.....+%+............


/*  */
0x00,0x06,0xa4,0x00,0x00,  //.....+*%%%*+.....
0x90,0x7f,0xff,0x80,0x00,  //#%.+%@@@@@@@%+...
0xfa,0xff,0xff,0xf4,0x00,  //@@%#@@@@@@@@@@*..
0xff,0xe4,0x06,0xfc,0x00,  //@@@@@#%****#@@@*.
0xff,0x80,0x00,0xbe,0x00,  //@@@@#.......%@@#.
0xff,0xd0,0x20,0x2f,0x40,  //@@@@@%..*%...#@@*
0xff,0xf4,0x70,0x0f,0x80,  //@@@@@@*.*@...*@@#
0x15,0x50,0x70,0x0b,0xc0,  //******..*@....#@@
0x00,0x00,0x70,0x0b,0xc0,  //........*@....%@@
0x00,0x05,0xb0,0x0b,0xc0,  //......**%@....%@@
0x00,0x0f,0xf0,0x0b,0xc0,  //.....*@@@@....#@@
0x00,0x00,0x00,0x1f,0x80,  //.............*@@%
0x01,0x00,0x00,0x2f,0x00,  //...%+.......+#@@*
0x07,0x80,0x00,0xbe,0x00,  //..%@#*.....*#@@%.
0x0b,0xf9,0x5b,0xf8,0x00,  //..#@@@#***#@@@#+.
0x02,0xff,0xff,0xe0,0x00,  //...%@@@@@@@@@#+..
0x00,0x6f,0xfe,0x40,0x00,  //....*#@@@@@#*....


/*  */
0x00,0x06,0xa4,0x00,0x00,  //.....+*%%%*+.....
0x00,0xbe,0xaf,0x80,0x00,  //...+%@@%%%@@%+...
0x02,0x90,0x01,0xb4,0x00,  //..+##*.....*#@*..
0x0a,0x00,0x00,0x1c,0x00,  //.+##.........%@*.
0x28,0x00,0x00,0x0a,0x00,  //.##...........%#.
0x70,0x00,0x00,0x03,0x40,  //*@*...........+@*
0xa0,0x00,0x00,0x02,0x80,  //%#.............%#
0x90,0x00,0x00,0x01,0xc0,  //#%.............*@
0xd0,0x00,0x00,0x00,0xc0,  //@*.............*@
0xd0,0x00,0x00,0x00,0xc0,  //@*.............*@
0x90,0x00,0x00,0x01,0xc0,  //#%.............*@
0x60,0x00,0x00,0x02,0x80,  //%#.............#%
0x34,0x00,0x00,0x03,0x40,  //+@*...........*@*
0x18,0x00,0x00,0x0a,0x00,  //.%#+..........#%.
0x0a,0x00,0x00,0x28,0x00,  //..##*.......+##+.
0x02,0xe0,0x01,0xe0,0x00,  //...%@%*...*%@#+..
0x00,0x6f,0xfe,0x40,0x00,  //....*#@@@@@#*....


/*  */
0xaa,0xa4,0x01,0xaa,0xa0,  //%%%%%%*....*%%%%%%
0xaf,0xe4,0x01,0xbf,0xa0,  //%#@@@%*....*%@@@#%
0x0f,0x80,0x00,0x2f,0x00,  //.*@@%........%@@*.
0x0f,0x80,0x00,0x2f,0x00,  //.*@@%........%@@*.
0x0f,0x80,0x00,0x2f,0x00,  //.*@@%........%@@*.
0x0f,0x80,0x00,0x2f,0x00,  //.*@@%........%@@*.
0x0f,0x80,0x00,0x2f,0x00,  //.*@@%........%@@*.
0x0f,0x80,0x00,0x2f,0x00,  //.*@@#********#@@*.
0x0f,0xff,0xff,0xff,0x00,  //.*@@@@@@@@@@@@@@*.
0x0f,0x95,0x55,0x6f,0x00,  //.*@@#********#@@*.
0x0f,0x80,0x00,0x2f,0x00,  //.*@@%........%@@*.
0x0f,0x80,0x00,0x2f,0x00,  //.*@@%........%@@*.
0x0f,0x80,0x00,0x2f,0x00,  //.*@@%........%@@*.
0x0f,0x80,0x00,0x2f,0x00,  //.*@@%........%@@*.
0x0f,0x80,0x00,0x2f,0x00,  //.*@@%........%@@*.
0x1f,0x80,0x00,0x2f,0x40,  //.*@@#........#@@*.
0xbf,0xf8,0x02,0xff,0xf0,  //#@@@@@#....%@@@@@@


/*  */
0x00,0x5a,0xaa,0xa0,  //...**%%%%%%%%%
0x0b,0xff,0xff,0xf0,  //..%@@@@@@@@@@@
0x2f,0xff,0xff,0xa0,  //.%@@@@@@@@@@#%
0x7f,0xff,0x4f,0x40,  //*@@@@@@@%*@@%.
0x7f,0xff,0x4f,0x40,  //%@@@@@@@*.@@*.
0xbf,0xff,0x4f,0x40,  //%@@@@@@@*.@@*.
0xbf,0xff,0x4f,0x40,  //%@@@@@@@*.@@*.
0x7f,0xff,0x4f,0x40,  //*@@@@@@@*.@@*.
0x2f,0xff,0x4f,0x40,  //.#@@@@@@*.@@*.
0x1f,0xff,0x4f,0x40,  //.*@@@@@@*.@@*.
0x02,0xff,0x4f,0x40,  //..+%@@@@*.@@*.
0x00,0x1f,0x4f,0x40,  //.....*@@*.@@*.
0x00,0x0f,0x4f,0x40,  //.....*@@*.@@*.
0x00,0x0f,0x4f,0x40,  //.....*@@*.@@*.
0x00,0x0f,0x4f,0x40,  //.....*@@*.@@*.
0x00,0x0f,0x4f,0x40,  //.....*@@*.@@*.
0x00,0x0f,0x4f,0x40,  //.....*@@*.@@*.


/*  */
0x03,0xfc,0x00,0x00,0x00,  //..+@@@@+.........
0xa7,0xfd,0xaa,0xaa,0x80,  //%%%@@@@%%%%%%%%%%
0x57,0xfd,0x55,0x55,0x40,  //***@@@@**********
0x02,0xf8,0x00,0x00,0x00,  //..+#@@#+.........
0x00,0x00,0x00,0x00,0x00,  //.................
0x00,0x00,0x05,0x50,0x00,  //..........****...
0x00,0x00,0x0f,0xf0,0x00,  //*********+@@@@***
0xff,0xff,0xef,0xf7,0xc0,  //@@@@@@@@@%@@@@*@@
0x00,0x00,0x0f,0xf0,0x00,  //*********+@@@@***
0x00,0x00,0x0a,0xa0,0x00,  //..........%%%%+..
0x00,0x00,0x00,0x00,0x00,  //.................
0x00,0x6a,0x40,0x00,0x00,  //....*%%%*........
0x55,0xbf,0x55,0x55,0x40,  //****%@@@*********
0xff,0xbf,0x7f,0xff,0xc0,  //@@@@%@@@*@@@@@@@@
0x00,0xbf,0x40,0x00,0x00,  //....%@@@*........


/*  */
0x00,0x00,0x00,0x64,0x00,  //...........+%%%+.
0x00,0x00,0x02,0xff,0x00,  //..........+#@@@@*
0x00,0x00,0x0b,0xff,0x80,  //..........%@@@@@#
0x00,0x00,0x0f,0xff,0xc0,  //..........@@@@@@@
0x00,0x00,0x1f,0xff,0xc0,  //.........*@@@@@@@
0x06,0x41,0xbf,0xff,0x80,  //.+%%%+.*#@@@@@@@%
0x2f,0xeb,0xfa,0xfe,0x00,  //+#@@@##@@@%%@@@#.
0xbf,0xff,0x80,0x10,0x00,  //%@@@@@@@%*..+**..
0xff,0xfd,0x00,0x00,0x00,  //@@@@@@@*.........
0xbf,0xfe,0x00,0x00,0x00,  //#@@@@@@%+........
0x7f,0xff,0xd0,0x64,0x00,  //%@@@@@@@@%++%%%+.
0x2f,0xeb,0xfe,0xff,0x00,  //.%@@@#%@@@@#@@@@*
0x01,0x00,0xbf,0xff,0x80,  //..***..*%@@@@@@@#
0x00,0x00,0x0f,0xff,0xc0,  //.........*@@@@@@@
0x00,0x00,0x0b,0xff,0xc0,  //..........#@@@@@@
0x00,0x00,0x07,0xff,0x80,  //..........%@@@@@%
0x00,0x00,0x02,0xfe,0x00,  //...........%@@@#.


/*  */
0x06,0xaa,0xaa,0xa8,0x00,  //.*%%%%%%%%%%%%%*.
0x3f,0xff,0xff,0xff,0x40,  //*@@@@@@@@@@@@@@@*
0xbf,0xff,0xff,0xff,0x80,  //#@@@@@@@@@@@@@@@#
0xff,0xff,0xf4,0x2f,0xc0,  //@@@@@@@@@@%**#@@@
0xff,0xff,0xe0,0x0b,0xc0,  //@@@@@@@@@%....#@@
0xff,0xff,0xd0,0x0b,0xc0,  //@@@@@@@@@*....%@@
0xff,0x5a,0x00,0x0b,0xc0,  //@@@@%*#%*.....#@@
0xfc,0x00,0x14,0x2f,0xc0,  //@@@*.....*%++%@@@
0xf8,0x00,0xbf,0xff,0xc0,  //@@#....*#@@@@@@@@
0xf8,0x00,0x6e,0xbf,0xc0,  //@@#.....*#@##@@@@
0xfd,0x00,0x00,0x1f,0xc0,  //@@@%..++..*..*@@@
0xff,0xaf,0x40,0x0b,0xc0,  //@@@@#%@@%+....#@@
0xff,0xff,0xd0,0x0b,0xc0,  //@@@@@@@@@*....%@@
0xff,0xff,0xe0,0x0f,0xc0,  //@@@@@@@@@#...+@@@
0xff,0xff,0xf9,0x6f,0xc0,  //@@@@@@@@@@#**#@@@
0xbf,0xff,0xff,0xff,0x80,  //%@@@@@@@@@@@@@@@#
0x2f,0xff,0xff,0xfe,0x00,  //+#@@@@@@@@@@@@@#+


/*  */
0x00,0x00,0x00,0x01,0x11,  //...............*+*+*
0x00,0x00,0x00,0x00,0x88,  //................%*%.
0x00,0x00,0x00,0x00,0x0a,  //................+.%%
0x00,0x00,0x00,0x00,0x88,  //...............+%+%+
0x00,0x1a,0xa4,0x52,0x00,  //....+*%%%%*.%*+%...*
0x01,0xff,0xff,0xf8,0x00,  //...%@@@@@@@@@@#.....
0x0b,0x47,0xff,0xfd,0x00,  //..#@*.%@@@@@@@@*....
0x1d,0x1b,0xff,0xfc,0x00,  //.%@*.*#@@@@@@@@*....
0x34,0x7f,0xff,0xf8,0x00,  //+@*.%@@@@@@@@@#.....
0x61,0xff,0xff,0xfc,0x00,  //%#.*@@@@@@@@@@@*....
0xb6,0xff,0xff,0xfd,0x00,  //#@*#@@@@@@@@@@@%....
0xff,0xff,0xff,0xfe,0x00,  //@@@@@@@@@@@@@@@%....
0xff,0xff,0xff,0xfe,0x00,  //@@@@@@@@@@@@@@@%....
0xbf,0xff,0xff,0xfd,0x00,  //#@@@@@@@@@@@@@@%....
0x7f,0xff,0xff,0xfc,0x00,  //%@@@@@@@@@@@@@@*....
0x3f,0xff,0xff,0xf8,0x00,  //+@@@@@@@@@@@@@#.....
0x1f,0xff,0xff,0xf0,0x00,  //.%@@@@@@@@@@@@*.....
0x0b,0xff,0xff,0xd0,0x00,  //..#@@@@@@@@@@*......
0x01,0xff,0xfe,0x00,0x00,  //...%@@@@@@@#*.......
0x00,0x1a,0xa4,0x00,0x00,  //....+*%%%%*.........


/*  */
0x00,0x06,0xff,0x90,0x00,  //.....+*#@@@@#*+.....
0x00,0x6e,0xff,0xb9,0x00,  //....*#@#@@@@#@#*....
0x02,0xd2,0xff,0x87,0x80,  //...%@%.#@@@@#.%@%...
0x0a,0x01,0xbe,0x40,0xa0,  //..%#*..*#@@#*..*#%..
0x1d,0x00,0x14,0x00,0x74,  //.*@%+....%%....+%@*.
0x2f,0x80,0x00,0x02,0xf8,  //.#@@%..........%@@#.
0x7f,0x80,0x00,0x02,0xfd,  //*@@@#..........#@@@*
0xbf,0xc0,0x28,0x03,0xfe,  //%@@@@...*##*...@@@@%
0xbf,0x81,0xff,0x42,0xfe,  //#@@@#+.%@@@@%.+#@@@#
0xfe,0x03,0xff,0xc0,0xbf,  //@@@#+..@@@@@@..+#@@@
0xd4,0x02,0xff,0x80,0x17,  //@%%....%@@@@%....%%@
0x90,0x01,0xff,0x40,0x06,  //#%.....*@@@@*.....%#
0x60,0x00,0xaa,0x00,0x09,  //%#......%%%%......#%
0x30,0x40,0x00,0x01,0x0c,  //*@*****......*****@*
0x2a,0xfd,0x00,0x7f,0xa8,  //.###@@@*....*@@@###.
0x0f,0xfe,0x00,0xbf,0xf0,  //.*@@@@@#....#@@@@@*.
0x07,0xff,0x00,0xff,0xd0,  //..*@@@@@*..*@@@@@*..
0x01,0xfe,0x00,0xbf,0x40,  //...*@@@#+..+#@@@*...
0x00,0x2e,0x96,0xb8,0x00,  //....+%@#%**%#@%+....
0x00,0x01,0xaa,0x40,0x00,  //......+%%%%%%+......


/*  */
0x00,0x05,0xaa,0x50,0x00,  //.....**%%%%%%**.....
0x02,0xff,0xff,0xff,0x80,  //..*%@@@@@@@@@@@@%*..
0x1f,0xff,0xff,0xff,0xf4,  //.%@@@@@@@@@@@@@@@@%.
0x7f,0xfa,0x55,0xaf,0xfd,  //%@@@@@#%%***%#@@@@@%
0xaa,0x90,0x00,0x06,0xaa,  //%%%%%%........%%%%%%
0xaa,0x90,0x00,0x06,0xaa,  //%%%%%%........%%%%%%
0xff,0xe0,0x00,0x0b,0xff,  //@@@@@%........%@@@@@
0x15,0x40,0x00,0x01,0x54,  //*****+........+*****
0x00,0x00,0x00,0x00,0x00,  //+*+.+**..**..**+.+*+
0xf8,0xbc,0x7d,0x3e,0x2f,  //@@%.%@@**@@**@@%.%@@
0xf8,0xbc,0x7d,0x3e,0x2f,  //@@%.%@@**@@**@@%.%@@
0xa4,0x68,0x28,0x29,0x1a,  //%%%.*%%+*%%*+%%*.%%%
0x00,0x00,0x00,0x00,0x00,  //....................
0x06,0x86,0x82,0x92,0x90,  //..%%%.*%%++%%*.%%%..
0x0b,0xc7,0xc3,0xd3,0xe0,  //..%@@.*@@**@@*.@@%..
0x0b,0xc7,0xc3,0xd3,0xe0,  //..%@@.*@@**@@*.@@%..


/*  */
0x00,0xbf,0x00,0xfe,0x00,  //....%@@@*..*@@@%....
0x00,0xbf,0x00,0xfe,0x00,  //....%@@@*..*@@@%....
0x00,0x6a,0x00,0xa9,0x00,  //....%%%%+..+%%%%....
0x01,0x55,0x14,0x55,0x40,  //..+**************+..
0x07,0xfe,0x7d,0xbf,0xd0,  //..*@@@@%*@@*%@@@@*..
0x0b,0xfe,0x7d,0xbf,0xe0,  //..%@@@@%*@@*%@@@@%..
0x0f,0xfe,0x7d,0xbf,0xf0,  //..@@@@@%*@@*%@@@@@..
0x0f,0xfe,0x7d,0xbf,0xf0,  //.*@@@@@%*@@*%@@@@@*.
0x1f,0xfe,0x7d,0xbf,0xf4,  //.%@@@@@%*@@*%@@@@@%.
0x2f,0xfe,0x7d,0xbf,0xf8,  //.#@@@@@%*@@*%@@@@@#.
0x3f,0xfe,0x7d,0xbf,0xfc,  //+@@@@@@%*@@*%@@@@@@+
0x7f,0xfe,0x00,0xbf,0xfd,  //*@@@@@@%+**+%@@@@@@*
0xbf,0xfd,0x00,0x7f,0xfe,  //%@@@@@@%....%@@@@@@%
0xff,0xfc,0x00,0x3f,0xff,  //@@@@@@@*....*@@@@@@@
0xff,0xfc,0x00,0x3f,0xff,  //@@@@@@@*....*@@@@@@@
0xff,0xfc,0x00,0x3f,0xff,  //@@@@@@@*....*@@@@@@@
0xff,0xfc,0x00,0x3f,0xff,  //@@@@@@@*....*@@@@@@@
0xff,0xfc,0x00,0x3f,0xff,  //@@@@@@@*....*@@@@@@@
0xff,0xfc,0x00,0x3f,0xff,  //@@@@@@@*....*@@@@@@@
0xaa,0xa8,0x00,0x2a,0xaa,  //%%%%%%%......%%%%%%%


/*  */
0x00,0x00,0x00,0x78,0x00,  //............*@#+....
0x00,0x00,0x01,0xfc,0x00,  //...........*@@@*....
0x00,0x00,0x07,0xf4,0x00,  //..........*@@@%.....
0x00,0x04,0x1f,0xd0,0x00,  //......%+.*@@@%......
0x00,0x1e,0x7f,0x40,0x04,  //.....%@#*@@@%....+*+
0x00,0x7f,0xfd,0x00,0x2e,  //....%@@@@@@%....+#@#
0x00,0xff,0xf8,0x00,0xbe,  //...*@@@@@@%....+#@@#
0x02,0xff,0xf8,0x02,0xf8,  //...%@@@@@@#+..+#@@#+
0x03,0xff,0xfe,0x0b,0xe0,  //...@@@@@@@@#++#@@#+.
0x03,0xff,0xff,0xaf,0x80,  //...@@@@@@@@@##@@#+..
0x03,0xff,0xff,0xfe,0x00,  //...@@@@@@@@@@@@#+...
0x02,0xff,0xff,0xfd,0x00,  //...#@@@@@@@@@@@*....
0x01,0xff,0xff,0xfe,0x00,  //...%@@@@@@@@@@@#+...
0x00,0xff,0xff,0xff,0x40,  //...+@@@@@@@@@@@@*...
0x01,0xff,0xff,0xfd,0x00,  //...%@@@@@@@@@@@*....
0x07,0xfb,0xff,0xe0,0x00,  //..%@@@#@@@@@@#*.....
0x1f,0xd1,0xbe,0x40,0x00,  //.%@@@*+%#@@%*.......
0x7f,0x40,0x00,0x00,0x00,  //%@@@*...............
0xfd,0x00,0x00,0x00,0x00,  //@@@*................
0xa4,0x00,0x00,0x00,0x00,  //%%*.................


/*  */
0x0f,0xff,0xff,0xff,0xf0,  //.*@@@@@@@@@@@@@@@@*.
0x24,0x00,0x00,0x00,0x18,  //.%*..............*%.
0x20,0x00,0x00,0x00,0x08,  //.%*..............*%.
0x20,0x00,0x00,0x00,0x08,  //.%*..............*%.
0x20,0x00,0x00,0x00,0x08,  //.%*..............*%.
0x20,0x00,0x00,0x00,0x08,  //.%*....+.........*%.
0x20,0x1b,0x82,0xf4,0x08,  //.%*..*#@#+.%@@%..*%.
0x20,0x2f,0xe7,0xfc,0x08,  //.%*..#@@@%*@@@@+.*%.
0x20,0x3f,0xe7,0xfc,0x08,  //.%*..@@@@%*@@@@*.*%.
0x60,0x1f,0x82,0xf8,0x09,  //%#*..%@@#*.#@@#..*#%
0x38,0x00,0x00,0x00,0x2c,  //*@%*..+*+...**..*%@*
0x0b,0xaa,0x86,0xaa,0xe0,  //.+#@#%%%%**%%%%#@#+.
0x01,0xbf,0xfb,0xfe,0x40,  //...*#@@@@@#@@@@#*...
0x00,0xbf,0xff,0xfe,0x00,  //....%@@@@@@@@@@%....
0x00,0xbf,0xeb,0xfe,0x00,  //....#@@@@%%@@@@#....
0x00,0xff,0xeb,0xff,0x00,  //....@@@@@%%@@@@@....
0x00,0xbf,0xeb,0xfe,0x00,  //....#@@@@%%@@@@#....
0x00,0x7f,0xeb,0xfd,0x00,  //....%@@@@%%@@@@%....
0x00,0x2f,0xd7,0xf8,0x00,  //.....#@@@%%@@@#.....
0x00,0x06,0x82,0x90,0x00,  //.....+%%%..%%%......


/*  */
0x2f,0xff,0xff,0xff,0xf0,  //.#@@@@@@@@@@@@@@@@
0x3d,0x55,0x55,0x55,0xb0,  //*@@*************#@
0x7c,0x00,0x00,0x00,0xb0,  //%@@.............%@
0xfc,0x00,0x00,0x00,0xb0,  //@@@.............%@
0xfc,0x00,0x00,0x00,0xb0,  //@@@....+*...*+..%@
0xfc,0x02,0xc0,0xd0,0xb0,  //@@@....%@..*@*..%@
0xfc,0x02,0xc0,0xd0,0xb0,  //@@@....%@..*@*..%@
0xfc,0x02,0xc0,0xd0,0xb0,  //@@@....%@..*@*..%@
0xfc,0x02,0xc0,0xd0,0xb0,  //@@@....%@..*@*..%@
0xfc,0x01,0x40,0x40,0xb0,  //@@@....**..+**..%@
0xfc,0x00,0x00,0x00,0xb0,  //@@@.............#@
0xfc,0x00,0x00,0x02,0xd0,  //@@@............#@%
0xfc,0x00,0x00,0x0b,0x40,  //@@@...........#@%.
0xfe,0xa4,0x6a,0xad,0x00,  //@@@%%%*.*%%%%#@%..
0xff,0xf5,0xff,0xf4,0x00,  //@@@@@@**@@@@@@%...
0xff,0xfb,0xff,0xd0,0x00,  //@@@@@@#@@@@@@%....
0x00,0x7f,0x80,0x00,0x00,  //....*@@@#.........
0x00,0x7e,0x00,0x00,0x00,  //....*@@#..........


/*  */
0x01,0xbc,0x00,0x00,  //..+%#@@+.......
0x0f,0xfc,0x00,0x00,  //.*@@@@@*.......
0x0b,0xfc,0x00,0x00,  //.+#@@@@*.......
0x07,0xfd,0x00,0x00,  //..*@@@@*.......
0x02,0xfd,0x00,0x00,  //...%@@@*.......
0x00,0xfd,0x00,0x00,  //...+@@@*....+..
0x00,0x7d,0x01,0xd0,  //....*@@*...*@%.
0x00,0x2e,0x03,0xf0,  //.....#@%..+@@@*
0x00,0x0e,0x0b,0xf8,  //.....*@%..#@@@#
0x60,0x00,0x2f,0xf8,  //%%*...*+.%@@@@#
0xfe,0x40,0x2e,0x40,  //@@@#*+...#@%**.
0xff,0xe0,0x00,0x00,  //@@@@@#.........
0xff,0x90,0x00,0x00,  //@@@@#*....+....
0xa4,0x00,0x2e,0x40,  //##*+..+..%@#*+.
0x00,0x1d,0x1f,0xf8,  //.....*@%.*@@@@#
0x00,0x2e,0x0b,0xf8,  //....+#@%..#@@@#
0x00,0xbd,0x03,0xf4,  //...+#@@*..+@@@*
0x02,0xfd,0x01,0xd0,  //...#@@@*...%@%.
0x02,0xfd,0x00,0x00,  //...%@@@*....*..
0x00,0x19,0x00,0x00,  //....*%%*.......


/*  */
0x02,0xaa,0xaa,0xaa,0xaa,0xa4,  //..+%%%%%%%%%%%%%%%%%%%%
0x07,0xaa,0xaa,0xaa,0xaa,0xa8,  //***@#%%%%%%%%%%%%%%%%#%
0xff,0x00,0x00,0x00,0x00,0x18,  //@@@@*................*%
0xd7,0x0a,0xaa,0x46,0xaa,0x18,  //@%*@*+%%%%%%%.%%%%%%.*%
0xd3,0x0d,0x56,0x85,0x55,0x18,  //@**@**@%***%%.******.*%
0xd3,0x0c,0x01,0x80,0x00,0x18,  //@**@**@*...*%........*%
0xd3,0x0c,0x01,0x8b,0xff,0x18,  //@**@**@*...*%.%@@@@@.*%
0xd3,0x0c,0x01,0x85,0x55,0x18,  //@**@**@*...*%.******.*%
0xd3,0x0d,0x01,0x80,0x00,0x18,  //@**@**@****%%.+*****.*%
0xd3,0x0f,0xff,0x8b,0xff,0x18,  //@**@**@@@@@@%.%@@@@@.*%
0xd3,0x00,0x00,0x00,0x00,0x18,  //@**@*.******+.+*****.*%
0xd3,0x00,0x00,0x00,0x00,0x18,  //@**@*.******+.+*****.*%
0xd3,0x0f,0xff,0x8b,0xff,0x18,  //@**@**@@@@@@%.%@@@@@.*%
0xd3,0x00,0x00,0x00,0x00,0x18,  //@**@*.******+.+*****.*%
0xa7,0x55,0x55,0x55,0x55,0x68,  //##%@%****************#%
0x2f,0xff,0xff,0xff,0xff,0xe0,  //*#@@@@@@@@@@@@@@@@@@@#+


/*  */
0x00,0x00,0x5a,0x94,0x00,0x00,  //.......+*%%%%%*+......
0x00,0x1b,0xff,0xff,0x90,0x00,  //....+%#@@@@@@@@@#*....
0x01,0xff,0xff,0xff,0xf9,0x00,  //...%@@@@@@@@@@@@@@#*..
0x0b,0xfe,0x40,0x06,0xff,0x80,  //.+#@@@@#*******#@@@@#+
0x2f,0xd0,0x05,0x40,0x2f,0xe0,  //*#@@@%+..*****..+%@@@#
0x2e,0x02,0xff,0xfe,0x02,0xe0,  //+#@#*.*%@@@@@@@%*.*#@#
0x08,0x2f,0xff,0xff,0xe0,0x40,  //.+%.+%@@@@@@@@@@@%.+%.
0x00,0xbf,0xa5,0x6b,0xf8,0x00,  //...+#@@@#%***%#@@@#+..
0x00,0xb9,0x00,0x01,0xf8,0x00,  //...+#@#*...*...*@@#...
0x00,0x10,0x6f,0xe4,0x10,0x00,  //....+%..*#@@@#*.+%....
0x00,0x02,0xff,0xfe,0x00,0x00,  //......+#@@@@@@@#+.....
0x00,0x02,0xfa,0xbe,0x00,0x00,  //......+#@@#%#@@#......
0x00,0x00,0x80,0x08,0x00,0x00,  //.......+%*...*%.......
0x00,0x00,0x0a,0x40,0x00,0x00,  //.........+%%%.........
0x00,0x00,0x0b,0x80,0x00,0x00,  //.........+#@#.........
0x00,0x00,0x02,0x00,0x00,0x00,  //..........+%+.........


/*  */
0xbf,0xff,0xff,0xff,0xf0,  //%@@@@@@@@@@@@@@@@@*
0xe0,0x00,0x00,0x00,0x24,  //@%***************#*
0xd0,0x00,0x00,0x00,0x24,  //@*...............%*
0xd0,0x00,0x00,0x00,0x24,  //@*...............%*
0xd0,0x00,0x00,0x00,0x24,  //@*...............%*
0xe5,0x55,0x55,0x55,0x74,  //@#***************@*
0xff,0xff,0xff,0xff,0xf4,  //@@@@@@@@@@@@@@@@@@*
0xe0,0xa0,0xb4,0x78,0x34,  //@#.+##+.#@*.%@%.*@*
0xd0,0xa0,0x70,0x30,0x24,  //@*..%%..*@..*@*..#*
0xe0,0xf0,0xb4,0x78,0x74,  //@#**@@**#@%*%@#**@*
0xff,0xff,0xff,0xff,0xf4,  //@@@@@@@@@@@@@@@@@@*
0xe1,0xf4,0xb8,0xb8,0x74,  //@#**@@**#@%*#@#*%@*
0xd0,0xa0,0x70,0x30,0x24,  //@*..%%..*@..*@*..#*
0xe0,0xa0,0xb0,0x70,0x24,  //@%..##..%@*.*@*..%*
0xfb,0xfe,0xfe,0xf0,0x24,  //@@#@@@@#@@@#@@*..%*
0xf6,0xf9,0xf9,0xb0,0x24,  //@@%%@@%%@@#%#@*..%*
0xd0,0xa0,0x70,0x30,0x24,  //@%..##..%@+.*@*..%*
0xd0,0xa0,0x70,0x34,0x24,  //@%..##..%@+.*@*..#*
0xf6,0xf9,0xf9,0xb9,0xb4,  //@@%%@@%%@@#%#@#%#@*
0x6a,0xaa,0xaa,0xaa,0xa0,  //*%%%%%%%%%%%%%%%%%+


/*  */
0x03,0xff,0xff,0x40,0x00,  //..+@@@@@@@@@%+...
0x07,0xff,0xff,0xe0,0x00,  //..*@@@@@@@@@@#+..
0x07,0xff,0xff,0xf8,0x00,  //..%@@@@@@@@@@@#..
0x0b,0xff,0xff,0xfc,0x00,  //..%@@@@@@@@@@@@..
0x0b,0xff,0xff,0xfc,0x00,  //..#@@@@@@@@@@@@..
0x0f,0xff,0xff,0xf8,0x00,  //..@@@@@@@@@@@@#*+
0x0f,0xff,0xff,0xf5,0x80,  //.*@@@@@@@@@@@@%%%
0x1f,0xff,0xff,0xf2,0xc0,  //.*@@@@@@@@@@@@+#@
0x1f,0xff,0xff,0xd7,0xc0,  //.*@@@@@@@@@@@**@@
0x2f,0xff,0xfe,0x1f,0x80,  //.%@@@@@@@@@#**@@#
0x2f,0xe5,0x50,0x7f,0x40,  //.#@@@%*****+%@@@%
0x3f,0xc5,0x6b,0xff,0x00,  //.@@@@+**%%#@@@@@+
0x3f,0x8f,0xff,0xfd,0x00,  //*@@@#*@@@@@@@@@*.
0x3f,0x9f,0xff,0xe0,0x00,  //*@@@%*@@@@@@@#*..
0x7f,0x5f,0xe0,0x00,0x00,  //*@@@*%@@@%**+....
0xbf,0x6f,0xc0,0x00,0x00,  //%@@@*%@@@*.......
0xbf,0x2f,0xc0,0x00,0x00,  //#@@@*#@@@........
0x6a,0x3f,0x80,0x00,0x00,  //%%%%+@@@#........
0x00,0x3f,0x80,0x00,0x00,  //....*@@@%........
0x00,0x2a,0x40,0x00,0x00,  //....*%%%*........


/*  */
0x00,0x00,0x00,0x0f,0xf8,  //.............*@@@@%.
0x00,0x00,0x00,0x0f,0xfc,  //..............@@@@@.
0x00,0x00,0x00,0x0b,0xfc,  //..............%@@@@*
0x00,0x00,0x55,0x07,0xfd,  //.......+*****.%@@@@*
0x00,0x01,0xbf,0x87,0xfd,  //.......*#@@@#.*@@@@%
0x00,0x02,0x7f,0xe3,0xfe,  //.......%%@@@@%*@@@@%
0x00,0x02,0xaf,0xf7,0xfe,  //.......%#%@@@@*@@@@#
0x2a,0x82,0xdf,0xfa,0xff,  //*%%%%*.#@%@@@@#%@@@@
0x2f,0xe3,0xeb,0xfd,0xff,  //+#@@@#+@@#%@@@@%@@@@
0x1f,0xfa,0xf7,0xfe,0xbf,  //.*@@@@%#@@%@@@@#%@@@
0x0b,0xfd,0xfa,0xff,0x7f,  //..#@@@@%@@##@@@@%@@@
0x03,0xfe,0xbd,0xff,0x6f,  //..*@@@@#%@@*@@@@%#@@
0x02,0xff,0x78,0xff,0xef,  //...#@@@@%@#.@@@@@%@@
0x01,0xff,0xa4,0xbf,0xee,  //...*@@@@%#%.%@@@@%@%
0x00,0xff,0xd0,0x7f,0xde,  //....@@@@@%+.*@@@@%@%
0x00,0xbf,0xd0,0x3f,0xe9,  //....%@@@@%..+@@@@#%%
0x00,0x00,0x00,0x2f,0xf5,  //....+****+...#@@@@%*
0x00,0x00,0x00,0x2f,0xf4,  //.............%@@@@%*
0x00,0x00,0x00,0x1f,0xf8,  //.............*@@@@%.
0x00,0x00,0x00,0x1a,0xa4,  //.............*%%%%*.


/*  */
0x2a,0xaa,0xaa,0xaa,0xaa,0xaa,0x80,  //*%%%%%%%%%%%%%%%%%%%%%%%%+
0xbf,0xff,0xff,0xff,0xff,0xff,0xe0,  //#@@@@@@@@@@@@@@@@@@@@@@@@%
0xff,0xff,0xff,0xff,0xff,0xff,0xe0,  //@@@@@@@@@@@@@@@@@@@@@@@@@%
0xff,0xff,0xff,0xff,0xff,0xff,0xe0,  //@@@@@@@@@@@@@@@@@@@@@@@@@%
0xff,0xff,0xff,0xff,0xff,0xff,0xe0,  //@@@@@@@@@@@@@@@@@@@@@@@@@%
0xe4,0x2e,0x18,0x74,0x0f,0x87,0xe0,  //@#***#@#**%*%@%***@@%**@@%
0xfe,0x1d,0x14,0x90,0x0f,0x02,0xe0,  //@@@%.%@*.%*.%*.+**@@+..#@%
0xfe,0x1c,0x20,0x81,0xfe,0x02,0xe0,  //@@@%**@+.#*.#*.%@@@%.*.%@%
0xff,0x18,0x70,0xe0,0x2c,0x21,0xe0,  //@@@@.*%.*@+.@%..*#@*.%.*@%
0xff,0x04,0xb0,0xf8,0x18,0x70,0xe0,  //@@@@*.*.#@.*@@%+.*#.*@.*@%
0xff,0x40,0xe1,0xae,0x04,0x00,0xe0,  //@@@@*..*@%.*##@%.**....+@%
0xff,0x81,0xd1,0x40,0x20,0xa0,0xa0,  //@@@@%..%@%.*%....%..%%*.#%
0xff,0xd7,0xe6,0x95,0xa6,0xf9,0xa0,  //@@@@@**@@%*##***##*%@@%*#%
0xff,0xff,0xff,0xff,0xff,0xff,0xe0,  //@@@@@@@@@@@@@@@@@@@@@@@@@%
0xff,0xff,0xff,0xff,0xff,0xff,0xe0,  //@@@@@@@@@@@@@@@@@@@@@@@@@%
0xff,0xff,0xff,0xff,0xff,0xff,0xe0,  //@@@@@@@@@@@@@@@@@@@@@@@@@%
0xbf,0xff,0xff,0xff,0xff,0xff,0xd0,  //#@@@@@@@@@@@@@@@@@@@@@@@@%


/*  */
0x2a,0xaa,0xaa,0xaa,0xaa,0xaa,0x80,  //*%%%%%%%%%%%%%%%%%%%%%%%%+
0xbf,0xff,0xab,0xfe,0xaf,0xff,0xe0,  //#@@@@@@@%%#@@@@%%#@@@@@@@%
0xff,0xf4,0x00,0x90,0x02,0xff,0xe0,  //@@@@@@*....+#%....+%@@@@@%
0xff,0xc0,0x01,0x10,0x00,0x7f,0xe0,  //@@@@@+.....**%+.....%@@@@%
0xff,0x40,0x01,0x04,0x00,0x2f,0xe0,  //@@@@*......*..*......%@@@%
0xff,0x00,0x04,0x00,0x00,0x0f,0xe0,  //@@@@......*...*+.....*@@@%
0xfe,0x00,0x04,0x01,0x00,0x0f,0xe0,  //@@@%......*....*......@@@%
0xfe,0x00,0x04,0x01,0x00,0x0f,0xe0,  //@@@%......*....*......@@@%
0xfe,0x00,0x04,0x01,0x00,0x0f,0xe0,  //@@@%......*....*......@@@%
0xff,0x00,0x04,0x04,0x00,0x1f,0xe0,  //@@@@+.....*+..*+.....*@@@%
0xff,0x80,0x01,0x04,0x00,0x2f,0xe0,  //@@@@%......*..*......#@@@%
0xff,0xd0,0x00,0x50,0x00,0x7f,0xe0,  //@@@@@*.....+**......%@@@@%
0xff,0xf8,0x01,0xa0,0x06,0xff,0xe0,  //@@@@@@%*...*#%*...*#@@@@@%
0xff,0xff,0xff,0xff,0xff,0xaf,0xe0,  //@@@@@@@@@@@@@@@@@@@@##@@@%
0xff,0xaa,0xa9,0xaa,0xaa,0x6f,0xe0,  //@@@@#%%%%%#*%#%%%%%%%%@@@%
0xff,0xa9,0x59,0x69,0x5a,0x6f,0xe0,  //@@@@%%%%%%%**%%%%*%%*%@@@%
0xbf,0xff,0xff,0xff,0xff,0xff,0xd0,  //#@@@@@@@@@@@@@@@@@@@@@@@@%


/*  */
0x2a,0xaa,0xaa,0xaa,0xaa,0xaa,0x80,  //*%%%%%%%%%%%%%%%%%%%%%%%%+
0xbf,0xff,0xff,0xff,0xff,0xff,0xe0,  //#@@@@@@@@@@@@@@@@@@@@@@@@%
0xff,0xff,0xff,0xff,0xff,0xff,0xe0,  //@@@@@@@@@@@@@@@@@@@@@@@@@%
0xff,0xff,0xff,0xff,0xff,0xff,0xe0,  //@@@@@@@@@@@@@@@@@@@@@@@@@%
0xff,0xff,0xff,0xff,0xff,0xff,0xe0,  //@@@@@@@@@@@@@@@@@@@@@@@@@%
0xea,0xaa,0xe6,0x9a,0xfa,0xaa,0xe0,  //@#%###%%@#%#%*##@@##%#%#@%
0xc8,0x56,0x99,0x01,0x65,0xa4,0xe0,  //@*%**%*%%*%%...*%%%*%%*+@%
0xcd,0x24,0x6d,0x01,0x09,0x50,0xe0,  //@*@**%***#@*...***#**%+*@%
0xc8,0x58,0x59,0x02,0x5d,0xa4,0xe0,  //@*%+*%%*%*%%...%**@*%%**@%
0xea,0xa6,0xe6,0x9b,0xae,0xaa,0xa0,  //@#%###%%@%*#%*%@##@#%####%
0xff,0xff,0xff,0xff,0xff,0xfe,0x60,  //@@@@@@@@@@@@@@@@@@@@@@@#*%
0xff,0xff,0xff,0xff,0xff,0xe4,0x20,  //@@@@@@@@@@@@@@@@@@@@@#*..%
0xff,0xff,0xff,0xff,0xfe,0x40,0x20,  //@@@@@@@@@@@@@@@@@@@#*....%
0xff,0xff,0xff,0xff,0xe4,0x00,0x20,  //@@@@@@@@@@@@@@@@@%*......%
0xff,0xff,0xff,0xf9,0x00,0x00,0x20,  //@@@@@@@@@@@@@@#*+........%
0xff,0xff,0xf9,0x40,0x00,0x00,0x20,  //@@@@@@@@@@#%*............%
0xbf,0xfe,0x50,0x00,0x00,0x00,0x10,  //#@@@@@@#%****************%


/*  */
0x2a,0xaa,0xaa,0xaa,0xaa,0xaa,0x80,  //*%%%%%%%%%%%%%%%%%%%%%%%%+
0xbf,0xff,0xff,0xff,0xff,0xff,0xe0,  //#@@@@@@@@@@@@@@@@@@@@@@@@%
0xff,0xff,0xff,0xff,0xff,0xff,0xe0,  //@@@@@@@@@@@@@@@@@@@@@@@@@%
0xff,0xff,0xff,0xff,0xff,0xff,0xe0,  //@@@@@@@@@@@@@@@@@@@@@@@@@%
0x95,0x55,0x55,0x55,0x55,0x55,0x60,  //%****%******************%%
0x69,0x8a,0x96,0x65,0x9a,0x22,0x60,  //*%%*#+%%%**%*#%*%*%%*#*%*%
0x69,0x66,0x96,0xa5,0x4a,0x5a,0x60,  //*%#%*%%%%**%%#****##%%%#*%
0x42,0x11,0x55,0x14,0xa0,0x96,0x60,  //%+*%*%+%%**%+***%%+*%**%*%
0xaa,0xaa,0xaa,0xaa,0x9a,0xaa,0xa0,  //%##%#%#%%%%%#%%#%%##%%#%#%
0xff,0xc0,0x20,0x10,0x40,0x41,0x00,  //@@@@@****%***************+
0xff,0xc9,0x9a,0x69,0x99,0x56,0x50,  //@@@@@*%*%*%#*%%*#*%**%*%%*
0xff,0xca,0x32,0xaa,0x9a,0x15,0x50,  //@@@@@*#%+@*#%%%%#*#%*%%*%%
0xff,0xca,0x8a,0x18,0x5a,0x69,0x90,  //@@@@@*#%#*%%**%+**#%*%%%%%
0xff,0xd5,0x65,0xa5,0x55,0x55,0x50,  //@@@@@****#**%#*%******%***
0xff,0xff,0xff,0xff,0xff,0xff,0xe0,  //@@@@@@@@@@@@@@@@@@@@@@@@@%
0xff,0xff,0xff,0xff,0xff,0xff,0xe0,  //@@@@@@@@@@@@@@@@@@@@@@@@@%
0xbf,0xff,0xff,0xff,0xff,0xff,0xd0,  //#@@@@@@@@@@@@@@@@@@@@@@@@%


/*  */
0x2a,0xaa,0xaa,0xaa,0xaa,0xaa,0x80,  //*%%%%%%%%%%%%%%%%%%%%%%%%+
0xbf,0xff,0xff,0xff,0xff,0xff,0xe0,  //#@@@@@@@@@@@@@@@@@@@@@@@@%
0xff,0xff,0xff,0xff,0xff,0xff,0xe0,  //@@@@@@@@@@@@@@@@@@@@@@@@@%
0xff,0xff,0xff,0xff,0xff,0xff,0xe0,  //@@@@@@@@@@@@@@@@@@@@@@@@@%
0xff,0xff,0xff,0xff,0xff,0xff,0xe0,  //@@@@@@@@@@@@@@@@@@@@@@@@@%
0xfa,0xbf,0xff,0xfe,0xaf,0xfe,0xa0,  //@@#%#@@@@@@@@@@%%#@@@@@##%
0xf0,0x1f,0xff,0xf8,0x0b,0xfc,0xa0,  //@@.+.*@@@@@@@@%.+.%@@@@.%%
0xe2,0x05,0x66,0x94,0xc5,0x58,0xe0,  //@#.#**%*%%%##**+@.%%*%#.@%
0xe0,0x12,0x15,0x14,0x01,0x84,0xe0,  //@%...*+%+******..+**%.%+@%
0xd3,0xd2,0x28,0x21,0xf1,0x84,0xe0,  //@%+@@**#+%%.+#**@@*%%.%*@%
0xd7,0xe1,0x28,0xb6,0xf4,0x45,0xe0,  //@%*@@#***##.#@*%@@%***%%@%
0xff,0xff,0xf1,0xff,0xff,0xff,0xe0,  //@@@@@@@@@@**@@@@@@@@@@@@@%
0xff,0xff,0xff,0xff,0xff,0xff,0xe0,  //@@@@@@@@@@@@@@@@@@@@@@@@@%
0xff,0xff,0xff,0xff,0xff,0xff,0xe0,  //@@@@@@@@@@@@@@@@@@@@@@@@@%
0xff,0xff,0xff,0xff,0xff,0xff,0xe0,  //@@@@@@@@@@@@@@@@@@@@@@@@@%
0xff,0xff,0xff,0xff,0xff,0xff,0xe0,  //@@@@@@@@@@@@@@@@@@@@@@@@@%
0xbf,0xff,0xff,0xff,0xff,0xff,0xd0,  //#@@@@@@@@@@@@@@@@@@@@@@@@%


/*  */
0x2a,0xaa,0xaa,0xaa,0xaa,0xaa,0x80,  //*%%%%%%%%%%%%%%%%%%%%%%%%+
0xbf,0xff,0xff,0xff,0xff,0xff,0xe0,  //#@@@@@@@@@@@@@@@@@@@@@@@@%
0xff,0xff,0xff,0xff,0xff,0xff,0xe0,  //@@@@@@@@@@@@@@@@@@@@@@@@@%
0xff,0xff,0xff,0xff,0xff,0xff,0xe0,  //@@@@@@@@@@@@@@@@@@@@@@@@@%
0xff,0xff,0xff,0x8b,0xff,0xff,0xe0,  //@@@@@@@@@@@@%+#@@@@@@@@@@%
0xff,0xf0,0xff,0x8b,0xff,0xff,0xe0,  //@@@@@@**@@@@%+#@@@@@@@@@@%
0xe4,0x60,0x55,0x99,0x47,0x92,0xe0,  //@#***%.+%%%*%*#*%**@#**%@%
0xd1,0x10,0x40,0x48,0x02,0x00,0xa0,  //@%.**%..**..*.%.+*.%++*.#%
0xd0,0xb0,0xc3,0x48,0x61,0x04,0xa0,  //@%.*%@.*@*.@*.%.*%.*.**.%%
0xf4,0x20,0xc3,0x48,0x60,0x05,0xa0,  //@@%+.#.*@*.@*.%.*%.*.***#%
0xd5,0x20,0x43,0x48,0x02,0x05,0xe0,  //@%**.%+.%*.@*.%.**.#+.**@%
0xe0,0x78,0x53,0x48,0x0b,0x81,0xe0,  //@%***@%****@%*#.+*%@#***@%
0xff,0xff,0xff,0xfc,0x7f,0xff,0xe0,  //@@@@@@@@@@@@@@@.*@@@@@@@@%
0xff,0xff,0xff,0xfd,0xbf,0xff,0xe0,  //@@@@@@@@@@@@@@@*#@@@@@@@@%
0xff,0xff,0xff,0xff,0xff,0xff,0xe0,  //@@@@@@@@@@@@@@@@@@@@@@@@@%
0xff,0xff,0xff,0xff,0xff,0xff,0xe0,  //@@@@@@@@@@@@@@@@@@@@@@@@@%
0xbf,0xff,0xff,0xff,0xff,0xff,0xd0,  //#@@@@@@@@@@@@@@@@@@@@@@@@%


/*  */
0x00,0x00,0x07,0x40,0x00,0x60,  //..........*@*.......*#+
0x00,0x00,0x1b,0x90,0x01,0xf4,  //.........*#@%*.....%@@*
0x00,0x01,0xbf,0xf8,0x07,0xd0,  //.......*#@@@@@#+..%@@%.
0x00,0x03,0xff,0xfe,0x2f,0x40,  //......*@@@@@@@@#*#@@*..
0x00,0x0b,0xff,0xff,0xf8,0x00,  //......#@@@@@@@@@@@#*...
0x00,0x0f,0xff,0xff,0xe0,0x00,  //.....+@@@@@@@@@@@#+....
0x00,0x0f,0xff,0xff,0x80,0x00,  //.....*@@@@@@@@@@#+.....
0x00,0x0f,0xff,0xfe,0x00,0x00,  //.....*@@@@@@@@@%.......
0x00,0x1f,0xff,0xf4,0x00,0x00,  //.....*@@@@@@@@%........
0x00,0x1f,0xff,0xd0,0x00,0x00,  //.....%@@@@@@@*...*.....
0x00,0x2f,0xff,0x40,0x90,0x00,  //.....%@@@@@@*...#%.....
0x00,0x3f,0xf8,0x02,0xe0,0x00,  //.....@@@@@#+..+#@#.....
0x00,0x7f,0xe0,0x0b,0xf4,0x00,  //....*@@@@#+..*#@@@*....
0x00,0xbf,0x80,0x7f,0xf8,0x00,  //...+#@@@#...*@@@@@#....
0x02,0xfd,0x01,0xff,0xfd,0x00,  //...%@@@%...%@@@@@@@%...
0x07,0xf4,0x07,0xff,0xff,0x40,  //..%@@@%...%@@@@@@@@@%..
0x0b,0xd0,0x2f,0xff,0xfe,0x00,  //..#@@*...%@@@@@@@@@#*..
0x2e,0x00,0x6f,0xf0,0x00,0x00,  //+#@#*...*%@@@@*........
0xb8,0x00,0x26,0xe0,0x00,0x00,  //%@#+.....#%%@#.........
0x10,0x00,0x0a,0x40,0x00,0x00,  //.%.......+%%%..........


/*  */
0x00,0x00,0x07,0x40,0x00,0x60,  //..........*@*.......*#+
0x00,0x00,0x1b,0x90,0x01,0xf4,  //.........*#@%*.....%@@*
0x00,0x01,0xba,0xb8,0x07,0xd0,  //.......*#@#%#@#+..%@@%.
0x00,0x03,0x80,0x0a,0x2f,0x40,  //......*@%+...+##*#@@*..
0x00,0x0a,0x00,0x02,0xf8,0x00,  //......#%.......#@@#*...
0x00,0x0c,0x00,0x02,0xe0,0x00,  //.....+@*......+#@#+....
0x00,0x0c,0x00,0x1f,0x80,0x00,  //.....*@*.....*@@#+.....
0x00,0x0c,0x00,0x7e,0x00,0x00,  //.....*@.....*@@%.......
0x00,0x1c,0x01,0xf4,0x00,0x00,  //.....*@....%@@%........
0x00,0x18,0x0b,0xd0,0x00,0x00,  //.....%#...%@@*...*.....
0x00,0x28,0x2f,0x40,0x90,0x00,  //.....%%.+#@@*...%%.....
0x00,0x34,0xb8,0x00,0x60,0x00,  //.....@*+#@#+....%#.....
0x00,0x76,0xe0,0x00,0x34,0x00,  //....*@*#@#+.....+@*....
0x00,0xaf,0x80,0x00,0x28,0x00,  //...+##@@#........%#....
0x02,0xfd,0x00,0x00,0x0d,0x00,  //...%@@@%.........+@%...
0x07,0xf4,0x05,0x55,0x5b,0x40,  //..%@@@%...********#@%..
0x0b,0xd0,0x2f,0xff,0xfe,0x00,  //..#@@*...%@@@@@@@@@#*..
0x2e,0x00,0x6f,0xf0,0x00,0x00,  //+#@#*...*%@@@@*........
0xb8,0x00,0x26,0xe0,0x00,0x00,  //%@#+.....#%%@#.........
0x10,0x00,0x0a,0x40,0x00,0x00,  //.%.......+%%%..........


/*  */
0x00,0x1a,0xa4,0x00,  //.....%%%%%*.....
0x00,0x7a,0xac,0x00,  //....*@%%%#@+....
0x00,0x90,0x09,0x00,  //....#%....#%....
0xaa,0xea,0xab,0xa9,  //%%%#@#%%%%#@%%%%
0x6f,0xff,0xff,0xf5,  //*%@@@@@@@@@@@@%*
0x1f,0xff,0xff,0xf0,  //.*@@@@@@@@@@@@*.
0x1f,0x0c,0x71,0xf0,  //.*@@**@**@.%@@*.
0x1f,0x0c,0x71,0xf0,  //.*@@**@**@.*@@*.
0x1f,0x0c,0x71,0xf0,  //.*@@**@**@.*@@*.
0x1f,0x0c,0x71,0xf0,  //.*@@**@**@.*@@*.
0x1f,0x0c,0x71,0xf0,  //.*@@**@**@.*@@*.
0x1f,0x0c,0x71,0xf0,  //.*@@**@**@.*@@*.
0x1f,0x0c,0x71,0xf0,  //.*@@**@**@.*@@*.
0x1f,0x0c,0x71,0xf0,  //.*@@**@**@.*@@*.
0x1f,0x5d,0xb6,0xf0,  //.*@@%%@%%@*%@@*.
0x1f,0xff,0xff,0xf0,  //.*@@@@@@@@@@@@*.
0x0f,0xff,0xff,0xe0,  //.*@@@@@@@@@@@#..


/*  */
0x00,0x06,0xa4,0x00,0x00,  //.....+*%%%*+.....
0x00,0xbe,0xaf,0x80,0x00,  //...+%@@%%%@@%+...
0x02,0x90,0x01,0xb4,0x00,  //..+##*.....*#@*..
0x0a,0x01,0x50,0x1c,0x00,  //.+##..+****..%@*.
0x28,0x1f,0xfe,0x0a,0x00,  //.##..*@@@@@#+.%#.
0x70,0x78,0x07,0x83,0x40,  //*@*.*@#*.+*@%.+@*
0xa0,0xe0,0x03,0x82,0x80,  //%#.+@#.....@%..%#
0x91,0xd0,0x00,0x01,0xc0,  //#%.*@*.........*@
0xd1,0xc0,0x00,0x00,0xc0,  //@*.*@*.........*@
0xd1,0xc0,0x00,0x00,0xc0,  //@*.*@*.........*@
0x91,0xd0,0x00,0x01,0xc0,  //#%.*@%.....++..*@
0x60,0xb0,0x02,0x82,0x80,  //%#..#@+....#%..#%
0x34,0x2d,0x5b,0x83,0x40,  //+@*.+#@%**%@%.*@*
0x18,0x0b,0xfd,0x0a,0x00,  //.%#+.+%@@@@%..#%.
0x0a,0x00,0x00,0x28,0x00,  //..##*...**..+##+.
0x02,0xe0,0x01,0xe0,0x00,  //...%@%*...*%@#+..
0x00,0x6f,0xfe,0x40,0x00,  //....*#@@@@@#*....


/*  */
0x00,0x06,0xa4,0x00,0x00,  //.....+*%%%**.....
0x00,0x7e,0xab,0x90,0x00,  //...+%@@%%%#@#*...
0x02,0x90,0x00,0xb4,0x00,  //..+##*.....+%@%..
0x0a,0x01,0x50,0x1d,0x00,  //.+##..+***+.**@*.
0x28,0x1f,0xfa,0xc7,0x00,  //.%#..*@@@@#%@+*@+
0x30,0x78,0x0b,0xc2,0x40,  //*@*.*@%+.+#@@..#%
0xa0,0xe0,0x03,0x81,0x80,  //%#.+@%....*@#..%#
0x91,0xc0,0x03,0x41,0xc0,  //#%.%@*....*@%..*@
0xd2,0x80,0x03,0x40,0xc0,  //@*.##.....*@*..*@
0xd3,0x80,0x07,0x00,0xc0,  //@*.@%.....%@*..*@
0x92,0x80,0x0b,0x01,0x80,  //#%.##.....#@...%#
0x62,0xc0,0x2e,0x07,0x40,  //%#.%@*...#@#..*@*
0x34,0xfa,0xab,0xad,0x00,  //+@**@@%%##%@%#@%.
0x18,0x2a,0x41,0x90,0x00,  //.%#+*%##*.+%%%*..
0x0a,0x00,0x00,0x10,0x00,  //..##*.......+%...
0x02,0xe0,0x01,0xe0,0x00,  //...%@%*...*%@#...
0x00,0x6f,0xfe,0x40,0x00,  //....*#@@@@@#*....


/*  */
0x00,0x00,0x00,0x07,0xe4,  //..............%@@#*.
0x00,0x00,0x00,0x1f,0xfd,  //.............%@@@@@*
0x00,0x00,0x14,0x7f,0xfe,  //.........%%.%@@@@@@#
0x00,0x00,0x7e,0xff,0xff,  //........%@@#@@@@@@@@
0x00,0x01,0xff,0xff,0xfe,  //.......*@@@@@@@@@@@#
0x00,0x00,0xbf,0xff,0xfc,  //.......+#@@@@@@@@@@*
0x00,0x00,0xbf,0xff,0xf4,  //........%@@@@@@@@@*.
0x00,0x01,0xeb,0xff,0xd0,  //.......%@##@@@@@@*..
0x00,0x07,0x82,0xff,0x80,  //......%@#++#@@@@%...
0x00,0x1e,0x00,0xff,0xd0,  //.....%@#+..+@@@@@*..
0x00,0x78,0x01,0xff,0x80,  //....%@#+...%@@@@#+..
0x01,0xe0,0x07,0xda,0x00,  //...%@#+...%@@*##+...
0x07,0x80,0x1f,0x40,0x00,  //..%@#+...%@@*.++....
0x1e,0x00,0x7d,0x00,0x00,  //.*@#+...%@@*........
0x1d,0x01,0xf4,0x00,0x00,  //.*@*...%@@*.........
0x1d,0x07,0xd0,0x00,0x00,  //.*@*..%@@*..........
0x1e,0xaf,0x40,0x00,0x00,  //.%@#%#@@*...........
0x3f,0xfd,0x00,0x00,0x00,  //+@@@@@@*............
0x79,0x50,0x00,0x00,0x00,  //%@#%***.............
0x50,0x00,0x00,0x00,0x00,  //%*..................


/*  */
0x00,0x00,0x00,0x00,0x7d,  //................*@@*
0x00,0x00,0x00,0x01,0xff,  //...............%@@@@
0x00,0x00,0x00,0x07,0xfe,  //..............%@@@@#
0x00,0x00,0x00,0x2f,0xfd,  //.............%@@@@@*
0x00,0x00,0x00,0xbf,0xf8,  //............#@@@@@#.
0x00,0x00,0x02,0xff,0xf0,  //..........+#@@@@@@*.
0x00,0x00,0x0b,0xff,0xe0,  //.........+#@@@@@@%..
0x00,0x00,0x2f,0xff,0xc0,  //........+#@@@@@@@+..
0x00,0x00,0x7f,0xff,0x40,  //........*@@@@@@@%...
0x00,0x00,0x7f,0xfe,0x00,  //........*@@@@@@#....
0x00,0x00,0x7f,0xfc,0x00,  //........*@@@@@@*....
0x00,0x05,0x2f,0xf4,0x00,  //.....+**.#@@@@%.....
0x00,0xbf,0x46,0x80,0x00,  //....%@@@%.*%%*......
0x01,0xff,0xe0,0x00,0x00,  //*..%@@@@@#*.........
0xd3,0xff,0xf8,0x00,0x00,  //@**@@@@@@@%.........
0xbf,0xff,0xf8,0x00,0x00,  //%@@@@@@@@@%.........
0x7f,0xff,0xf4,0x00,0x00,  //*@@@@@@@@@*.........
0x2f,0xff,0xe0,0x00,0x00,  //.#@@@@@@@#..........
0x0b,0xff,0x80,0x00,0x00,  //.+#@@@@@#+..........
0x01,0xa9,0x00,0x00,0x00,  //..+%%%%*............


/*  */
0x00,0x80,0x08,0x01,0x40,  //....%+....#....**...
0x01,0xd0,0x2c,0x02,0x80,  //...*@%...#@*..+##...
0x03,0xe0,0x7d,0x0b,0xc0,  //..+@@%..*@@*..%@@+..
0x02,0xc0,0x28,0x07,0x80,  //...#@*..+##+..*@#...
0x00,0x40,0x00,0x01,0x00,  //...**+..+**+..+**...
0x03,0xe0,0x7d,0x0b,0xc0,  //..*@@%..*@@*..%@@*..
0x03,0xe0,0x7d,0x0b,0xc0,  //..*@@%..*@@*..%@@*..
0x03,0xe0,0x7d,0x0b,0xc0,  //..*@@%..*@@*..%@@*..
0x03,0xe0,0x7d,0x0b,0xc0,  //..*@@%..*@@*..%@@*..
0x07,0xe0,0x7d,0x0b,0xd0,  //..*@@#**%@@%**#@@*..
0x7f,0xff,0xff,0xff,0xfd,  //*@@@@@@@@@@@@@@@@@@*
0xbf,0xff,0xff,0xff,0xfe,  //#@@@@@@@@@@@@@@@@@@#
0xfa,0xbf,0xeb,0xfe,0xaf,  //@@#%#@@@@%%@@@@#%#@@
0x90,0x1e,0x00,0xb4,0x06,  //#*...%@#+..+#@%...*#
0x06,0x40,0x28,0x01,0x90,  //..%%*.+.+%%+.+.*%%..
0x6f,0xd5,0xbe,0x57,0xf9,  //*#@@@%*%#@@#%*%@@@#*
0xff,0xff,0xff,0xff,0xff,  //@@@@@@@@@@@@@@@@@@@@
0xff,0xff,0xff,0xff,0xff,  //@@@@@@@@@@@@@@@@@@@@
0xff,0xff,0xff,0xff,0xff,  //@@@@@@@@@@@@@@@@@@@@
0xaa,0xaa,0xaa,0xaa,0xaa,  //%%%%%%%%%%%%%%%%%%%%


/*  */
0x90,0x00,0x00,0x00,0x00,0x00,  //%*.....................
0xd0,0x00,0x00,0x00,0x00,0x00,  //@*.....................
0xd0,0x02,0x40,0x00,0x00,0x00,  //@*.....%%..............
0xd0,0x07,0xd0,0x00,0x00,0x00,  //@*....*@@%.............
0xd0,0x0f,0xf4,0x00,0x00,0x00,  //@*...*@@@@%.......+....
0xd0,0x2f,0xfd,0x00,0x18,0x00,  //@*..+#@@@@@%.....%#....
0xd0,0xbf,0xff,0x40,0xbc,0x00,  //@*..#@@@@@@@%...%@@+...
0xd1,0xff,0xff,0xd2,0xfd,0x00,  //@*.%@@@@@@@@@%+#@@@*...
0xd3,0xff,0xff,0xff,0xfe,0x00,  //@**@@@@@@@@@@@@@@@@%...
0xd3,0xff,0xff,0xff,0xfe,0x00,  //@**@@@@@@@@@@@@@@@@#...
0xd3,0xff,0xff,0xff,0xff,0x00,  //@**@@@@@@@@@@@@@@@@@*..
0xd3,0xff,0xff,0xff,0xff,0x40,  //@**@@@@@@@@@@@@@@@@@%..
0xd3,0xff,0xff,0xff,0xff,0x80,  //@**@@@@@@@@@@@@@@@@@#..
0xd3,0xff,0xff,0xff,0xff,0xc0,  //@**@@@@@@@@@@@@@@@@@@+.
0xd1,0x55,0x55,0x55,0x55,0x40,  //@*+******************+.
0xd0,0x00,0x00,0x00,0x00,0x00,  //@*.....................
0xff,0xff,0xff,0xff,0xff,0xf8,  //@@@@@@@@@@@@@@@@@@@@@@%


/*  */
0x00,0x00,0x0f,0x90,0x00,  //..........@@#*.....
0x00,0x06,0x4f,0xf8,0x00,  //.....+*%*.@@@@#+...
0x00,0xbf,0x4f,0xfe,0x00,  //...+%@@@*.@@@@@#+..
0x02,0xff,0x4f,0xff,0x80,  //..+#@@@@*.@@@@@@#..
0x0b,0xff,0x4f,0xff,0xd0,  //.+#@@@@@*.@@@@@@@%.
0x2f,0xff,0x4f,0xff,0xf0,  //.#@@@@@@*.@@@@@@@@.
0x7f,0xff,0x4f,0xff,0xf4,  //*@@@@@@@*.@@@@@@@@*
0xbf,0xff,0x4f,0xff,0xf4,  //%@@@@@@@*.@@@@@@@@*
0xbf,0xff,0x45,0x55,0x50,  //#@@@@@@@*.*********
0xff,0xff,0x40,0x00,0x00,  //@@@@@@@@%..********
0xff,0xff,0xd1,0xff,0xfc,  //@@@@@@@@@*.%@@@@@@@
0xbf,0xff,0xf4,0x7f,0xfc,  //#@@@@@@@@@*.%@@@@@@
0x7f,0xff,0xfd,0x1f,0xf8,  //%@@@@@@@@@@*.%@@@@#
0x3f,0xff,0xff,0x47,0xf4,  //+@@@@@@@@@@@*.%@@@*
0x1f,0xff,0xff,0xd1,0xe0,  //.%@@@@@@@@@@@*.%@#.
0x0b,0xff,0xff,0xf4,0x40,  //..#@@@@@@@@@@@*.%+.
0x02,0xff,0xff,0xe0,0x00,  //...%@@@@@@@@@#+....
0x00,0x6f,0xfe,0x40,0x00,  //....*#@@@@@#*......


/*  */
0x90,0x00,0x00,0x00,0x00,0x00,  //%*.....................
0xd0,0x00,0x00,0x00,0x00,0x00,  //@*..............*****..
0xd0,0x00,0x00,0x00,0xbf,0xd0,  //@*..............#@@@@*.
0xd0,0x00,0x00,0x00,0x2f,0xd0,  //@*...............#@@@*.
0xd0,0x00,0x00,0x00,0x7f,0xd0,  //@*..............%@@@@*.
0xd0,0x00,0x00,0x01,0xff,0xd0,  //@*.............%@@@@@*.
0xd0,0x00,0x20,0x07,0xf8,0x90,  //@*......+%....%@@@#+#*.
0xd0,0x00,0xb8,0x1f,0xe0,0x00,  //@*.....+#@#..%@@@#.....
0xd0,0x02,0xfe,0x7f,0x80,0x00,  //@*....+#@@@#%@@@#......
0xd0,0x0b,0xff,0xfe,0x00,0x00,  //@*...+#@@@@@@@@#.......
0xd0,0x2f,0xaf,0xf8,0x00,0x00,  //@*..+#@@#%@@@@#........
0xd0,0xbe,0x07,0xe0,0x00,0x00,  //@*.+#@@#+.%@@#.........
0xd2,0xf8,0x01,0x80,0x00,0x00,  //@*+#@@#+...%#..........
0xd2,0xe0,0x00,0x00,0x00,0x00,  //@*.#@#+................
0xd0,0x80,0x00,0x00,0x00,0x00,  //@*..%+.................
0xd0,0x00,0x00,0x00,0x00,0x00,  //@*.....................
0xff,0xff,0xff,0xff,0xff,0xf8,  //@@@@@@@@@@@@@@@@@@@@@@%


/*  */
0x02,0xff,0x90,0x1f,0xe0,  //..+%@@@@#*...*@@@#*.
0x0b,0x95,0xf4,0x39,0x74,  //.*#@%**%@@*.+@#*%@%.
0x2d,0x00,0x28,0x74,0x00,  //.#@*....+##+*@*..+..
0x74,0x00,0x1d,0x38,0x00,  //*@*......*@%*@%.....
0xb0,0x00,0x0a,0x2e,0x40,  //#@........##.#@#*+..
0xe0,0x00,0x07,0x4b,0xf4,  //@%........%@*+%@@@%.
0xe0,0x00,0x03,0x80,0x6d,  //@#........+@%..+*#@*
0xb0,0x00,0x02,0xc0,0x0a,  //%@+........#@+....##
0x78,0x00,0x21,0xe0,0x0b,  //*@%......%+*@%....#@
0x2e,0x00,0x74,0xb4,0x1e,  //.#@%+...%@%.#@*..*@#
0x0b,0xeb,0xe0,0x2e,0xb8,  //..#@@##@@#+.+#@##@#+
0x01,0xbe,0x40,0x0b,0xe0,  //...*#@@#*....+%@@%+.


/*  */
0x06,0xaa,0xaa,0xa8,0x00,  //.*%%%%%%%%%%%%%*.
0x3f,0xff,0xff,0xff,0x40,  //*@@@@@@@@@@@@@@@*
0xbf,0xff,0xff,0xff,0x80,  //#@@@@@@@@@@@@@@@#
0xff,0xff,0xff,0xff,0xc0,  //@@@@@@@@@@@@@@@@@
0xff,0x55,0xfe,0x5b,0xc0,  //@@@@%**%@@@#**#@@
0xf8,0x00,0x28,0x02,0xc0,  //@@#+.**.+##.++.#@
0xf0,0xbe,0x18,0xfb,0xc0,  //@@*+#@@#.*%.@@#@@
0xe2,0xff,0x48,0x6f,0xc0,  //@#.%@@@@%.#.%#@@@
0xd3,0xff,0xc5,0x06,0xc0,  //@*.@@@@@@.%%..*#@
0xe3,0xff,0xd3,0x90,0xc0,  //@%.@@@@@@*+@#%+*@
0xe1,0xff,0xa2,0xf8,0xc0,  //@#.%@@@@%#.%@@%.@
0xf4,0x7d,0x20,0xa0,0xc0,  //@@*.%@@%.#*+##*+@
0xfd,0x00,0x78,0x02,0xc0,  //@@@*....*@#+...#@
0xff,0xaa,0xff,0xab,0xc0,  //@@@@#%%#@@@@%%#@@
0xff,0xff,0xff,0xff,0xc0,  //@@@@@@@@@@@@@@@@@
0xbf,0xff,0xff,0xff,0x80,  //%@@@@@@@@@@@@@@@#
0x2f,0xff,0xff,0xfe,0x00,  //+#@@@@@@@@@@@@@#+


/*  */
0x00,0xbf,0xff,0xff,0xf8,0x00,  //...*%@@@@@@@@@@@@@%+...
0x07,0x90,0x1e,0x00,0x1b,0x40,  //..%@%****%@#******#@*..
0x1d,0x00,0x02,0x80,0x01,0xd0,  //.*@*......*##......%@*.
0x34,0x00,0x00,0xd0,0x00,0xa0,  //+@*........*@*......%#.
0x60,0x00,0x00,0x60,0x00,0x34,  //%#..........%#......+@*
0x90,0x00,0x00,0x30,0x00,0x28,  //#%..........*@+......%%
0xd0,0x00,0x00,0x30,0x00,0x18,  //@*..........*@*......*%
0xd0,0x00,0x00,0x30,0x00,0x18,  //@*..........*@*......%%
0xa0,0x00,0x00,0x70,0x00,0x28,  //#%..........*@.......#%
0x70,0x00,0x00,0xa0,0x00,0x34,  //*@+.........%%......*@*
0x28,0x00,0x01,0xc0,0x00,0xa0,  //.#%........*@*......##.
0x0e,0x00,0x07,0x40,0x02,0x80,  //.*@%+.....*@%.....+##+.
0x02,0xe5,0x6e,0x55,0x6e,0x00,  //..*#@%**%#@#*****%@#+..
0x00,0x6f,0xff,0xff,0xe4,0x00,  //....*#@@@@@@@@@@@%*....


/*  */
0x00,0xbf,0xff,0xff,0xf8,0x00,  //...*%@@@@@@@@@@@@@%+...
0x07,0xff,0xff,0xd0,0x1b,0x40,  //..%@@@@@@@@@@%****#@*..
0x1f,0xff,0xfe,0x00,0x01,0xd0,  //.*@@@@@@@@@#+......%@*.
0x3f,0xff,0xf8,0x00,0x00,0xa0,  //+@@@@@@@@@#+........%#.
0x7f,0xff,0xf4,0x00,0x00,0x34,  //%@@@@@@@@@*.........+@*
0xbf,0xff,0xf0,0x00,0x00,0x28,  //#@@@@@@@@@+..........%%
0xff,0xff,0xf0,0x00,0x00,0x18,  //@@@@@@@@@@...........*%
0xff,0xff,0xf0,0x00,0x00,0x18,  //@@@@@@@@@@...........%%
0xbf,0xff,0xf0,0x00,0x00,0x28,  //#@@@@@@@@@*..........#%
0x7f,0xff,0xf4,0x00,0x00,0x34,  //*@@@@@@@@@%.........*@*
0x2f,0xff,0xfd,0x00,0x00,0xa0,  //.#@@@@@@@@@*........##.
0x0f,0xff,0xff,0x40,0x02,0x80,  //.*@@@@@@@@@@*.....+##+.
0x02,0xff,0xff,0xe5,0x6e,0x00,  //..*#@@@@@@@@@#%**%@#+..
0x00,0x6f,0xff,0xff,0xe4,0x00,  //....*#@@@@@@@@@@@%*....


/*  */
0x00,0x00,0x01,0xfe,0x00,0x00,0x00,  //...........*@@@#..........
0x00,0x0a,0xa4,0x03,0x40,0x00,0x00,  //.....+%%%%%.***@%.........
0x00,0x05,0x79,0x56,0xc0,0x00,0x00,  //......**%@#****#@*........
0x00,0x00,0xbf,0xff,0xe0,0x00,0x00,  //........%@@@@@@@@#........
0x02,0xfa,0xc0,0x07,0x7a,0xe8,0x00,  //..*#@@%%@*....*@%@%#@#%+..
0x1e,0x5b,0x80,0x0a,0x2e,0x5a,0x00,  //.%@%**#@%....+#%.#@%**##*.
0x34,0x0a,0xc0,0x28,0x6a,0x02,0x80,  //*@*...##@*...##.%###...%#+
0xa0,0x28,0xa0,0x70,0xd3,0x40,0xd0,  //#%...%#.%%..%@+.@*+@%...@*
0xd0,0x7a,0xba,0xd0,0xc1,0xc0,0xa0,  //@*..*@#%#@%%@*.*@*.*@*..%%
0xd0,0x6a,0xba,0x40,0xc0,0x80,0xa0,  //@*..*%%%#@%%%..*@*..%+..%%
0xa0,0x00,0xa0,0x00,0xd0,0x00,0xd0,  //#%......%%......@*......@*
0x34,0x01,0xc0,0x00,0x60,0x02,0x80,  //*@*....*@*......%#+....%#+
0x1e,0x5b,0x40,0x00,0x2d,0x5a,0x00,  //.%@%**%@%........#@%**##*.
0x02,0xf8,0x00,0x00,0x06,0xe8,0x00,  //..*#@@#*..........*#@#%+..


/*  */
0x01,0xaf,0xfe,0x90,0x00,  //...*%#@@@@@#%*...
0x0b,0xaa,0xaa,0xb8,0x00,  //..#@#%%%%%%%#@#+.
0x1f,0x80,0x00,0x7e,0x00,  //.*@@%********@@%.
0x2f,0xff,0xff,0xfe,0x00,  //.%@@@@@@@@@@@@@#.
0x38,0x00,0x00,0x0b,0x00,  //.@#***********%@+
0x34,0x00,0x00,0x07,0x40,  //+@%...........*@*
0x74,0x00,0x00,0x03,0x40,  //*@*...........*@%
0xb0,0x00,0x00,0x03,0x80,  //%@*............@#
0xb0,0x00,0x00,0x02,0xc0,  //#@.............#@
0xf0,0x00,0x00,0x02,0xc0,  //@@*************#@
0xff,0xff,0xff,0xff,0xc0,  //@@@@@@@@@@@@@@@@@
0xff,0xff,0xff,0xff,0xc0,  //@@@@@@@@@@@@@@@@@
0xe0,0xbf,0xff,0xc2,0xc0,  //@#.+#@@@@@@@@*.%@
0xd0,0xbf,0xff,0x80,0xc0,  //@*..%@@@@@@@#..*@
0xe0,0xff,0xff,0xd2,0xc0,  //@#**@@@@@@@@@**#@
0xff,0xff,0xff,0xff,0xc0,  //@@@@@@@@@@@@@@@@@
0xff,0xff,0xff,0xff,0xc0,  //@@@@@@@@@@@@@@@@@
0x1f,0x00,0x00,0x3e,0x00,  //.*@@*.......*@@%.
0x1f,0x00,0x00,0x3e,0x00,  //.*@@*.......+@@%.
0x0a,0x00,0x00,0x18,0x00,  //.+%%.........%%+.


/*  */
0x00,0x00,0x6f,0xe4,0x00,0x00,  //.......+%#@@@#%+.......
0x00,0x07,0xfe,0xff,0x40,0x00,  //......%@@@@%@@@@*......
0x00,0x2e,0x40,0x06,0xe0,0x00,  //.....#@#*+...+*#@%.....
0x00,0xb8,0x00,0x00,0xb4,0x00,  //....#@#........+#@%....
0x01,0xe0,0x00,0x00,0x2d,0x00,  //...*@#...........#@*...
0x02,0xc2,0xaa,0xaa,0xae,0xa4,  //...#@++%%%%%%%%%%#@#%%*
0x07,0x47,0xff,0xff,0xff,0xf8,  //..*@%.*@@@@@@@@@@@@@@@%
0x07,0x00,0x00,0x00,0x07,0x40,  //..%@*..***********%@%*+
0x0b,0x02,0xaa,0xaa,0x03,0x40,  //..%@*.+%%%%%%%%%+.*@*..
0x0b,0x03,0xff,0xff,0x03,0x40,  //..%@*.*@@@@@@@@@+.*@%..
0x0b,0x00,0x00,0x00,0x07,0x40,  //..%@*.............*@*..
0xbf,0xff,0xff,0xfe,0x0b,0x00,  //#@@@@@@@@@@@@@@#+.%@*..
0xbf,0xff,0xff,0xfe,0x0e,0x00,  //#@@@@@@@@@@@@@@#++@#...
0x01,0xd0,0x00,0x00,0x2d,0x00,  //...%@%...........%@*...
0x00,0xb4,0x00,0x00,0x78,0x00,  //...+#@%.........%@#....
0x00,0x2e,0x00,0x02,0xe0,0x00,  //....+#@%*.....*#@#+....
0x00,0x0b,0xe5,0xaf,0x80,0x00,  //.....+#@@#%*%#@@#+.....
0x00,0x01,0xbf,0xf9,0x00,0x00,  //.......*#@@@@@#*.......


/*  */
0x02,0xd0,0x01,0x80,  //...%@%.....%%+
0x03,0x60,0x06,0xa0,  //..+@*#*...*##%
0x03,0x18,0x08,0x60,  //..+@+%%...#**%
0x02,0x4c,0x18,0x90,  //...#*+@+.*#.#%
0x01,0x89,0x24,0xc0,  //...%%.#%.#*+@*
0x00,0xc6,0x31,0x80,  //...*@.*#*@+*#.
0x00,0x93,0xa2,0x40,  //....#*+@##.#%.
0x00,0x66,0xd3,0x00,  //....%#*#@%+@*.
0x02,0xfa,0xaf,0x40,  //..*#@@#%%#@@%.
0x0a,0xb0,0x01,0xa0,  //..#%%@*....*#%
0x0c,0x29,0x00,0x30,  //.+@*.%#%***.*@
0x1e,0x0e,0xfd,0x30,  //.*@%.*@#@@@**@
0x67,0x4a,0xa0,0x30,  //*#%@*.%%#%+.*@
0x91,0xd7,0x80,0x30,  //%*+*@**@%...*@
0xa8,0xbf,0x00,0x60,  //#%#.%@@@....%#
0x6a,0x76,0x00,0x90,  //%##%%@%%....#*
0x36,0xd3,0x02,0x80,  //+@*%@%*@...%#.
0x1d,0x01,0x0a,0x00,  //.*@*...%++%#+.
0x06,0x95,0xb8,0x00,  //..*##%**%@#+..
0x00,0x6a,0x90,0x00,  //...+*%%%%*....


/*  */
0xaa,0xaa,0xaa,0xaa,0xaa,0xa4,  //%%%%%%%%%%%%%%%%%%%%%%%
0xff,0xff,0xff,0xff,0xff,0xf8,  //@@@@@@@@@@@@@@@@@@@@@@%
0xff,0x95,0x55,0x55,0x6b,0xf8,  //@@@@#%***********%#@@@%
0xf8,0x00,0x00,0x00,0x00,0xf8,  //@@#+...............*@@%
0xf4,0x06,0x40,0x06,0x40,0x78,  //@@%..+%%%+...+%%%+..%@%
0xf0,0x2f,0xe0,0x2f,0xe0,0x78,  //@@*.+#@@@#+.+#@@@#+.*@%
0xf0,0xb9,0xb8,0xb9,0xb4,0x38,  //@@*.%@#*#@%.#@#*#@%.*@%
0xf0,0xf0,0x7c,0xf0,0x78,0x38,  //@@*+@@*.*@@+@@*.*@#.*@%
0xf0,0xf0,0x00,0xf0,0x00,0x38,  //@@**@@+....*@@......*@%
0xf0,0xf0,0x00,0xf0,0x00,0x38,  //@@**@@.....*@@......*@%
0xf0,0xf0,0x3c,0xf0,0x7c,0x38,  //@@*+@@*.*@@*@@+.*@@.*@%
0xf0,0xb9,0xb8,0xb9,0xb8,0x78,  //@@*.#@#*#@#.#@#*#@%.*@%
0xf4,0x3f,0xf0,0x7f,0xf0,0x78,  //@@*.*@@@@@*.*@@@@@+.*@%
0xf8,0x0a,0x80,0x0a,0x80,0xb8,  //@@%..*%#%*...*%#%*..#@%
0xfd,0x00,0x00,0x00,0x02,0xf8,  //@@@%*.............*%@@%
0xff,0xff,0xaa,0xab,0xff,0xf8,  //@@@@@@@@#%%%%%%@@@@@@@%
0xff,0xff,0xff,0xff,0xff,0xf8,  //@@@@@@@@@@@@@@@@@@@@@@%


/*  */
0xaa,0xa5,0x00,0x28,  //%%%%%%%*....+%%
0xff,0xff,0x80,0x3c,  //@@@@@@@@#+..*@@
0xfa,0xab,0xe0,0x3c,  //@@#%%%#@@#..*@@
0xf4,0x01,0xf4,0x3c,  //@@*....%@@%.*@@
0xf4,0x10,0xb8,0x3c,  //@@*.***.%@#.*@@
0xf4,0xb8,0x7c,0x3c,  //@@*.%@%.*@@.*@@
0xf4,0xb8,0x7c,0x3c,  //@@*.%@%.*@@.*@@
0xf4,0xb8,0x7c,0x3c,  //@@*.%@%.*@@.*@@
0xf4,0xb8,0x7c,0x3c,  //@@*.%@%.*@@.*@@
0xf4,0xb8,0x7c,0x3c,  //@@*.%@%.*@@.*@@
0xf4,0xb8,0x7c,0x3c,  //@@*.%@%.*@@.*@@
0xf4,0xb8,0x28,0x3c,  //@@*.%@%.*%%.*@@
0xf4,0xb8,0x00,0xb8,  //@@*.%@%.....#@#
0xf4,0xb9,0x56,0xf4,  //@@*.%@#***%#@@*
0xf4,0xbf,0xff,0xd0,  //@@*.%@@@@@@@@%.
0xf4,0xbf,0xfe,0x00,  //@@*.%@@@@@@%*..


/*  */
0x1a,0xaa,0xaa,0xa9,0x00,  //.*%%%%%%%%%%%%%*.
0x7f,0xff,0xff,0xff,0x80,  //%@@@@@@@@@@@@@@@%
0xff,0xff,0xff,0xff,0xc0,  //@@@@@@@@@@@@@@@@@
0xff,0xff,0xff,0xff,0xc0,  //@@@@@@@@@@@@@@@@@
0xff,0xff,0xff,0xff,0xc0,  //@@@@@@@@@@@@@@@@@
0xff,0xff,0xff,0xff,0xc0,  //@@@@@@@@@@@@@@@@@
0xfa,0xaa,0xba,0xab,0xc0,  //@@%%%#%%#@#%%%%@@
0xd0,0x00,0x20,0x01,0xc0,  //@%.*+.**.#*+**+*@
0xd7,0x8f,0x22,0xf8,0xc0,  //@**@%*@@.%*%@@%*@
0xd7,0x8f,0x22,0xf4,0xc0,  //@**@%*@@.%*%@@%*@
0xd7,0x8f,0x20,0x01,0xc0,  //@**@%*@@.%*+...*@
0xff,0xff,0xf2,0xff,0xc0,  //@@@@@@@@@@*%@@@@@
0xff,0xff,0xf6,0xff,0xc0,  //@@@@@@@@@@*#@@@@@
0xff,0xff,0xff,0xff,0xc0,  //@@@@@@@@@@@@@@@@@
0xff,0xff,0xff,0xff,0xc0,  //@@@@@@@@@@@@@@@@@
0xbf,0xff,0xff,0xff,0xc0,  //#@@@@@@@@@@@@@@@@
0x7f,0xff,0xff,0xff,0x40,  //*@@@@@@@@@@@@@@@%


/*  */
0x06,0xaa,0xaa,0xa8,0x00,  //.*%%%%%%%%%%%%%*.
0x3f,0xff,0xff,0xff,0x40,  //*@@@@@@@@@@@@@@@*
0xbf,0xff,0xff,0xff,0x80,  //#@@@@@@@@@@@@@@@#
0xff,0xf0,0x02,0xff,0xc0,  //@@@@@@*****#@@@@@
0xff,0xe0,0x01,0xff,0xc0,  //@@@@@%.....%@@@@@
0xff,0xd0,0x40,0xff,0xc0,  //@@@@@*..*..+@@@@@
0xff,0xc0,0x80,0xbf,0xc0,  //@@@@@...#...#@@@@
0xff,0x80,0xc0,0x7f,0xc0,  //@@@@%..+@*..%@@@@
0xff,0x41,0xd0,0x3f,0xc0,  //@@@@*..*@%..*@@@@
0xff,0x02,0xe0,0x2f,0xc0,  //@@@@+..%@#...#@@@
0xfe,0x02,0xf0,0x1f,0xc0,  //@@@#...#@@...%@@@
0xfd,0x00,0x14,0x0f,0xc0,  //@@@*.....**..*@@@
0xfc,0x00,0x74,0x0f,0xc0,  //@@@+....*@%...@@@
0xf8,0x01,0xf8,0x0b,0xc0,  //@@#....%@@#...%@@
0xf9,0x5b,0xfd,0x5b,0xc0,  //@@#***#@@@@***%@@
0xbf,0xff,0xff,0xff,0x80,  //%@@@@@@@@@@@@@@@#
0x2f,0xff,0xff,0xfe,0x00,  //+#@@@@@@@@@@@@@#+


/*  */
0x00,0x1f,0xff,0xff,0xd0,0x00,  //.....%@@@@@@@@@@@*.....
0x00,0x24,0x00,0x11,0x20,0x00,  //.....#%+....+****#.....
0x00,0x50,0x05,0x00,0x14,0x00,  //....%%**+.**+.*+.**....
0x00,0x80,0x50,0x00,0x08,0x00,  //...+#*****...++...#+...
0x02,0x54,0x00,0x00,0x06,0x00,  //...%%**..*+.+*....*%...
0x07,0x00,0x00,0x00,0x02,0x00,  //..*@+**...***......#*..
0x08,0x40,0x01,0x00,0x05,0x80,  //..#+***...+%......*%%..
0x14,0x10,0x00,0x40,0x11,0x50,  //.**..**..+*.*....*.*%*.
0x20,0x04,0x00,0x10,0x40,0x20,  //+#...**..*...*..*..*+#.
0x90,0x00,0x40,0x05,0x00,0x14,  //#*...****.....**..*..%%
0x50,0x01,0x40,0x05,0x00,0x24,  //%*...****.....**..*..%*
0x20,0x04,0x10,0x00,0x44,0x20,  //.#+..*%..*...+..*.*.*%.
0x08,0x10,0x04,0x00,0x14,0x80,  //.*%..%*...*.*+...**.#+.
0x08,0x40,0x01,0x00,0x05,0x40,  //..%****....%+....+%*%..
0x03,0x14,0x05,0x40,0x17,0x00,  //..*@********%******@...
0x02,0x40,0x00,0x00,0x05,0x00,  //...%***..*+..*...**%...
0x00,0x80,0x00,0x00,0x18,0x00,  //....#**.*+....+..*#....
0x00,0x60,0x00,0x00,0x30,0x00,  //....*#**+.....+*.@*....
0x00,0x25,0x01,0x01,0x60,0x00,  //.....#**********%%.....
0x00,0x1a,0xaa,0xaa,0x80,0x00,  //.....*%%%%%%%%%%%*.....


/*  */
0x00,0x00,0x00,0x01,  //...............%
0x00,0x00,0x00,0x0a,  //..............#%
0x00,0x00,0x00,0x2e,  //.............#@%
0x00,0x00,0x00,0xbe,  //...+********#@@%
0x1b,0xff,0xff,0xfe,  //.*#@@@@@@@@@@@@%
0x7f,0xff,0xff,0xfe,  //*@@@@@@@@@@@@@@%
0xbf,0xff,0xff,0xfe,  //#@@@@@@@@@@@@@@%
0xff,0xea,0xab,0xfe,  //@@@@@%%%%%#@@@@%
0xff,0x00,0x01,0xfe,  //@@@@+......*@@@%
0xff,0x00,0x00,0xfe,  //@@@@.......*@@@%
0xff,0x00,0x00,0xfe,  //@@@@.......*@@@%
0xff,0x00,0x00,0xfe,  //@@@@.......*@@@%
0xff,0x00,0x00,0xfe,  //@@@@.......*@@@%
0xff,0x00,0x00,0xfe,  //@@@@.......*@@@%
0xff,0x00,0x00,0x7e,  //@@@@........%@@%
0xff,0x40,0x00,0x2e,  //@@@@*********#@%
0xff,0xff,0xff,0xfe,  //@@@@@@@@@@@@@@@%
0xbf,0xff,0xff,0xfd,  //#@@@@@@@@@@@@@@*
0x3f,0xff,0xff,0xf8,  //*@@@@@@@@@@@@@#.
0x0a,0xaa,0xaa,0x90,  //.+%%%%%%%%%%%%..


/*  */
0x00,0x05,0x90,0x00,0x00,  //.....+*%%*+......
0x00,0x7e,0x40,0x00,0x00,  //...+%@@#*........
0x02,0xf4,0x01,0xa0,0x00,  //..+#@@%....*##*..
0x0b,0xd0,0x1b,0xf8,0x00,  //.+#@@*...*#@@@%..
0x2f,0x40,0xbf,0x40,0x00,  //.#@@*..+#@@@%+...
0x3d,0x02,0xf8,0x00,0x00,  //*@@*..+#@@%+...+*
0xb4,0x0b,0xd0,0x0b,0x80,  //%@%..+#@@*...*%@%
0xa0,0x2f,0x40,0x7f,0x80,  //##..+#@@*...%@@@#
0xc0,0xbd,0x02,0xf9,0x00,  //@*..#@@*..+#@@#*.
0x81,0xf4,0x0b,0xd0,0x00,  //%..*@@*..+#@@%...
0x03,0xe0,0x2f,0x40,0x40,  //*.+@@%..+#@@*...%
0x07,0x80,0xbd,0x02,0x80,  //..%@#+..#@@*..*#%
0x0b,0x42,0xf4,0x1f,0x00,  //..#@*..%@@*..*@@*
0x0f,0x03,0xd0,0x7f,0x00,  //.*@@..*@@%..*@@@.
0x09,0x0b,0x80,0xff,0x00,  //..#%..#@#..*@@@@*
0x00,0x0f,0x02,0xff,0x40,  //...+.*@@*.+#@@@@%
0x00,0x1e,0x0a,0x46,0x80,  //.....%@%..%#**%##


/*  */
0x01,0xbf,0xe4,0x6f,0xf9,0x00,  //..+%#@@@@#*+%#@@@@#%+..
0x0f,0x95,0x6f,0xe9,0x5b,0xc0,  //.+@@%%%*%%@@@%%***#@@+.
0x1d,0xbf,0xe6,0x6d,0x00,0xc0,  //.*@*#@@@@#%%*#@*...*@*.
0x1d,0xff,0xfe,0xfd,0x00,0xd0,  //.*@%@@@@@@@%@@@*...+@*.
0x2a,0xff,0xff,0xfd,0x00,0xd0,  //.%#%@@@@@@@@@@@%....@*.
0x2a,0xff,0xff,0xfe,0x00,0xa0,  //.%%#@@@@@@@@@@@%....#%.
0x27,0xff,0xff,0xfe,0x00,0xa0,  //.#%@@@@@@@@@@@@%....%%.
0x37,0xff,0xff,0xfe,0x00,0xa0,  //.@%@@@@@@@@@@@@%....%#.
0x37,0xff,0xff,0xfe,0x00,0x70,  //+@%@@@@@@@@@@@@%....*@.
0x37,0xff,0xff,0xff,0x00,0x70,  //*@%@@@@@@@@@@@@@....*@+
0x7b,0xff,0xff,0xff,0x00,0x30,  //*@%@@@@@@@@@@@@@....*@*
0x77,0xfa,0xff,0xfa,0x00,0x34,  //*@%@@@##@@@@@@##....+@*
0xa5,0x5a,0x96,0x5a,0x94,0x34,  //%#%%%%%%%%%#%%%%%%*..@*
0xab,0xfa,0xba,0xfa,0xbe,0x74,  //%#%@@@%%#@#%@@#%%@@#%@%
0xb9,0x00,0x0b,0x40,0x01,0xb8,  //#@#%+....+%@%+....+%#@%


/*  */
0x00,0x00,0x06,0xfe,0x40,0x00,  //..........*#@@@#*......
0x00,0x00,0x2f,0xff,0xe0,0x00,  //.........#@@@@@@@#.....
0x00,0x00,0xbf,0xff,0xf4,0x00,  //........%@@@@@@@@@%....
0x00,0x10,0xff,0xff,0xfc,0x00,  //....+*++@@@@@@@@@@@+...
0x01,0xfe,0xff,0xf9,0xbd,0x00,  //...%@@@#@@@@@@#*%@@*...
0x03,0xff,0xff,0xf4,0x3d,0x00,  //..*@@@@@@@@@@@*.*@@*...
0x07,0xff,0xfe,0xa4,0x3d,0x00,  //..*@@@@@@@@#%#*.*@@*...
0x0b,0xff,0xac,0x14,0x3e,0x40,  //..%@@@@@#%@*.**.*@@#*..
0x2f,0x97,0x08,0x14,0x3f,0xd0,  //.#@@#*%@..%*.**.*@@@@%.
0x7f,0x83,0x08,0x14,0x3f,0xf4,  //*@@@%..@..%*.**.*@@@@@*
0xbf,0x83,0x08,0x14,0x3f,0xf8,  //#@@@%..@..%*.**.*@@@@@%
0xff,0x83,0x08,0x14,0x3f,0xf8,  //@@@@%..@..%*.**.*@@@@@%
0xbf,0x83,0x08,0x14,0x3f,0xf8,  //#@@@%..@..%*.**.*@@@@@%
0x7f,0x83,0x09,0x28,0x7f,0xf4,  //*@@@#**@**#**%%**@@@@@*
0x2f,0xff,0xff,0xff,0xff,0xd0,  //.#@@@@@@@@@@@@@@@@@@@%.
0x06,0xff,0xff,0xff,0xfe,0x40,  //..*#@@@@@@@@@@@@@@@#*..


/*  */
0xff,0xff,0xff,0xff,0xc0,  //@@@@@@@@@@@@@@@@@
0xc4,0x51,0x11,0x14,0xc0,  //@*********+*****@
0xc0,0x00,0x00,0x00,0xc0,  //@...............@
0xea,0xaa,0xaa,0xaa,0xc0,  //@%%%%%%%%%%%%%%%@
0xc0,0x00,0x00,0x00,0xc0,  //@***************@
0xd0,0x00,0x00,0x01,0xc0,  //@**++++*+*.*+++*@
0xd0,0x00,0x00,0x01,0xc0,  //@*.............*@
0xd0,0x02,0xe0,0x01,0xc0,  //@*....*#@#*....*@
0xd0,0x0e,0x6c,0x01,0xc0,  //@*...*@#*#@*...*@
0xd0,0x29,0x9a,0x01,0xc0,  //@*...##*%%##...*@
0xd0,0x38,0x0b,0x01,0xc0,  //@*...@#**+#@...*@
0xd0,0x29,0x8a,0x01,0xc0,  //@*...##%%*##...*@
0xd0,0x1e,0x6c,0x01,0xc0,  //@*...*@%%#@*...*@
0xd0,0x06,0xe4,0x01,0xc0,  //@*....*#@#*....*@
0xd4,0x00,0x00,0x05,0xc0,  //@**+.........+**@
0x79,0x40,0x00,0x57,0x40,  //%@%**+.....+**%@%
0x06,0x94,0x11,0xa4,0x00,  //..*##%**.**%##%+.
0x00,0x69,0x1a,0x40,0x00,  //....*##%+%##*....
0x00,0x02,0xe0,0x00,0x00,  //......*%@%*......


/*  */
0x6a,0xa8,0x00,0x00,0xaa,0xa4,  //%%%%%%%.........%%%%%%*
0xff,0xfc,0x00,0x00,0xff,0xf8,  //@@@@@@@*.......*@@@@@@%
0xff,0xfc,0x00,0x00,0xff,0xf8,  //@@@@@@@*.......*@@@@@@%
0xff,0xff,0xff,0xff,0xff,0xf8,  //@@@@@@@@@@@@@@@@@@@@@@%
0xff,0xff,0xff,0xff,0xff,0xf8,  //@@@@@@@@@@@@@@@@@@@@@@%
0xff,0xff,0xff,0xff,0xff,0xf8,  //@@@@@@@@@@@@@@@@@@@@@@%
0xff,0xff,0xff,0xff,0xff,0xf8,  //@@@@@@@@@@@@@@@@@@@@@@%
0xff,0xd1,0xbf,0xf9,0x1f,0xf8,  //@@@@@%**#@@@@@#**%@@@@%
0xff,0x00,0x2f,0xe0,0x07,0xf8,  //@@@@*...+#@@@#....*@@@%
0xfe,0x00,0x1f,0xd0,0x02,0xf8,  //@@@%.....%@@@*.....#@@%
0xfd,0x00,0x1f,0xc0,0x02,0xf8,  //@@@%.....*@@@*.....%@@%
0xfe,0x00,0x1f,0xd0,0x02,0xf8,  //@@@#.....%@@@*.....#@@%
0xff,0x40,0x7f,0xe0,0x07,0xf8,  //@@@@*...*@@@@#+...%@@@%
0xff,0xe6,0xff,0xfe,0x6f,0xf8,  //@@@@@#%#@@@@@@@%%#@@@@%
0xff,0xff,0xff,0xff,0xff,0xf8,  //@@@@@@@@@@@@@@@@@@@@@@%
0xff,0xff,0xff,0xff,0xff,0xf8,  //@@@@@@@@@@@@@@@@@@@@@@%
0xff,0xff,0xff,0xff,0xff,0xf8,  //@@@@@@@@@@@@@@@@@@@@@@%
0x15,0x55,0x55,0x55,0x55,0x50,  //**********************+


/*  */
0x00,0x00,0x06,0xa4,0x00,0x00,  //..........*%%%%........
0x00,0x00,0x29,0x1a,0x00,0x00,  //.........%%***##+......
0x00,0x00,0x10,0x02,0x80,0x00,  //........+*.....%#......
0x01,0xb9,0x00,0x00,0x90,0x00,  //..+%#@#%*.......#*.....
0x1f,0xaa,0xd0,0x00,0x50,0x00,  //.*@@#%%#@%......%*.....
0x38,0x00,0x68,0x00,0x60,0x00,  //+@#*....*##.....*%**...
0xb4,0x00,0x0a,0x00,0xbb,0x90,  //%@*......+#%....%@#@#*.
0xb0,0x00,0x02,0x40,0x00,0xb0,  //#@........+#%...++..#@*
0xf0,0x00,0x00,0xd0,0x00,0x38,  //@@.........*@*......+@%
0xb0,0x00,0x00,0x70,0x00,0x38,  //#@..........*@*......@%
0x74,0x00,0x05,0x18,0x00,0x38,  //*@*.......*%.%#*....*@%
0x2d,0x00,0x28,0x0b,0x41,0xb0,  //.#@*....*%#...%@%***#@*
0x0b,0xeb,0x90,0x01,0xff,0xd0,  //.+%@@%%@#*.....%@@@@@*.
0x00,0x54,0x00,0x00,0x15,0x00,  //...+****........+***+..


/*  */
0xbf,0x00,0x00,0x00,0x00,  //#@@@*..............
0x02,0xaa,0xaa,0xaa,0xa4,  //+**##%%%%%%%%%%%%%*
0x02,0xff,0xf1,0xff,0xf4,  //...%@@@@@@.%@@@@@@*
0x01,0xff,0xf1,0xff,0xf4,  //...*@@@@@@.*@@@@@@*
0x00,0xfe,0x00,0x1f,0xf4,  //...*@@@#.....%@@@@*
0x00,0xff,0x50,0x6f,0xf4,  //....@@@@%*.**#@@@@*
0x00,0xbf,0xf1,0xff,0xf4,  //....#@@@@@.*@@@@@@*
0x00,0x7f,0xf6,0xff,0xf4,  //....%@@@@@%#@@@@@@*
0x00,0x7f,0xff,0xa9,0x40,  //....*@@@@@@@#%%***.
0x00,0x39,0x40,0x00,0x00,  //....*@%***+........
0x00,0x34,0x00,0x00,0x00,  //....+@*............
0x00,0x7a,0xaa,0xaa,0x80,  //....%@#%%%%%%%%%%..
0x00,0x65,0x55,0x56,0x40,  //....*#%*******%#%..
0x00,0x78,0x00,0x07,0x80,  //....%@#.......%@#..
0x00,0x78,0x00,0x07,0x80,  //....%@#.......%@#..


/*  */
0xbf,0x00,0x00,0x00,0x00,  //#@@@*..............
0x02,0xaa,0xaa,0xaa,0xa4,  //+**##%%%%%%%%%%%%%*
0x02,0xff,0xf1,0xff,0xf4,  //...%@@@@@@.%@@@@@@*
0x01,0xff,0xf1,0xff,0xf4,  //...*@@@@@@.*@@@@@@*
0x00,0xfc,0x71,0x8b,0xf4,  //...*@@@**@.*#.#@@@*
0x00,0xfd,0x10,0x0b,0xf4,  //....@@@%.*.*.+#@@@*
0x00,0xbf,0x40,0x2f,0xf4,  //....#@@@%...+#@@@@*
0x00,0x7f,0xd0,0xbf,0xf4,  //....%@@@@%.+#@@@@@*
0x00,0x7f,0xfa,0xa9,0x40,  //....*@@@@@###%%***.
0x00,0x39,0x40,0x00,0x00,  //....*@%***+........
0x00,0x34,0x00,0x00,0x00,  //....+@*............
0x00,0x7a,0xaa,0xaa,0x80,  //....%@#%%%%%%%%%%..
0x00,0x65,0x55,0x56,0x40,  //....*#%*******%#%..
0x00,0x78,0x00,0x07,0x80,  //....%@#.......%@#..
0x00,0x78,0x00,0x07,0x80,  //....%@#.......%@#..


/*  */
0x00,0x6a,0xaa,0xaa,0xa4,0x00,  //....*%%%%%%%%%%%%%*....
0x00,0xea,0xaa,0xba,0xa8,0x00,  //...*@#%%##%%%@#%%##+...
0x02,0x80,0xd0,0x18,0x0a,0x00,  //...#%..+@*...%#...##...
0x0a,0x01,0x80,0x0d,0x03,0x40,  //..%#...%#....+@*..+@%..
0x1c,0x03,0x40,0x06,0x01,0xd0,  //.*@*..*@*.....%#+..*@*.
0x34,0x0a,0x00,0x02,0x40,0xa0,  //*@*...%#.......#%...%#+
0xbf,0xff,0xff,0xff,0xff,0xf8,  //#@@@@@@@@@@@@@@@@@@@@@%
0x79,0x5a,0x55,0x56,0x95,0xb4,  //%@#***##*******##***#@*
0x1d,0x06,0x00,0x03,0x41,0xd0,  //.%@*..%#......+@*..%@*.
0x07,0x43,0x40,0x06,0x07,0x40,  //..%@*.+@*.....%#..*@%..
0x01,0xc1,0x80,0x0d,0x1d,0x00,  //...%@*.%#.....@*.*@%...
0x00,0xa0,0xd0,0x1c,0x74,0x00,  //....##++@*...*@.*@%....
0x00,0x28,0xa0,0x24,0xd0,0x00,  //.....##+%#...#%*@%.....
0x00,0x0a,0x70,0x72,0x80,0x00,  //......##*@*.*@*##......
0x00,0x02,0xa8,0xaa,0x00,0x00,  //.......###%.####.......
0x00,0x00,0xbd,0xf8,0x00,0x00,  //.......+#@@*@@#........
0x00,0x00,0x2f,0xe0,0x00,0x00,  //........+#@@@#.........
0x00,0x00,0x0b,0x80,0x00,0x00,  //.........+#@#+.........
0x00,0x00,0x02,0x00,0x00,0x00,  //..........+%+..........


/*  */
0x00,0x00,0x0f,0x80,0x00,0x00,  //..........@@%..........
0x00,0x01,0xaf,0xa9,0x00,0x00,  //.......%%%@@#%%%.......
0x00,0x02,0xaa,0xaa,0x00,0x00,  //......*##%%%%%##*......
0x00,0x0f,0x40,0x0b,0xc0,0x00,  //.....*@@*.....%@@*.....
0x00,0x0d,0x06,0x41,0xc0,0x00,  //.....*@*++%%*++*@*.....
0x00,0x0e,0xbf,0xf9,0xc0,0x00,  //.....*@%#@@@@@#%@*.....
0x00,0x6f,0xff,0xff,0xe4,0x00,  //...+%#@@@@@@@@@@@#%+...
0x02,0xff,0xff,0xff,0xfd,0x00,  //...%@@@@@@@@@@@@@@@*...
0x00,0xff,0xff,0xff,0xf8,0x00,  //...+@@@@@@@@@@@@@@#....
0x00,0x7f,0xff,0xff,0xf0,0x00,  //....*@@@@@@@@@@@@@*....
0x00,0x2f,0xff,0xff,0xe0,0x00,  //.....#@@@@@@@@@@@%.....
0x00,0x0f,0xff,0xff,0xc0,0x00,  //.....*@@@@@@@@@@@*.....
0x00,0x0f,0xff,0xff,0xc0,0x00,  //.....*@@@@@@@@@@@*.....
0x00,0x0f,0xff,0xff,0xc0,0x00,  //.....*@@@@@@@@@@@*.....
0x12,0x0f,0xff,0xff,0xe4,0x90,  //.*+%+*@@@@@@@@@@@#%.%*.
0x7b,0xaf,0xff,0xff,0xfe,0xf4,  //*@#@##@@@@@@@@@@@@@#@@*
0x18,0xa2,0x49,0x25,0x86,0x10,  //.%#+##+#%+#%+#**#+%#+*.
0x12,0x58,0x61,0x8a,0x24,0x90,  //+%+#**#+%#+%#+##+#%+#%.
0x7e,0xfb,0xef,0xba,0xef,0xb4,  //%@@#@@#@@#@@#@##@#@@#@*
0x18,0x52,0x49,0x20,0x86,0x10,  //.%%.%%.%%.%*+%++%+*%.*.


/*  */
0x00,0x29,0x78,0x00,  //....+##%%@%.....
0x00,0x7f,0xfd,0x00,  //....%@@@@@@*....
0x00,0xff,0xfe,0x00,  //....@@@@@@@#....
0x06,0xff,0xff,0x90,  //.+%#@@@@@@@@#*..
0x0b,0xff,0xff,0xe0,  //.*#@@@@@@@@@@#+.
0x01,0x96,0x97,0x00,  //...%#*%%%%*@*...
0x00,0x80,0x03,0x00,  //...*#..*+.*@....
0x1f,0xe6,0x9b,0xf0,  //.*@@@%*#%*#@@@+.
0x0b,0xff,0xff,0xe0,  //..#@@@@@@@@@@%..
0x0b,0xff,0xff,0xd0,  //..%@@@@@@@@@@%..
0x2f,0xcb,0xd7,0xf4,  //.%@@@*%@@**@@@*.
0x7f,0xc2,0x47,0xfc,  //*@@@@*.#%.%@@@@.
0xbf,0xd1,0x0b,0xfd,  //%@@@@*.%*.#@@@@*
0xbf,0xe2,0x4f,0xfd,  //#@@@@%.#*.@@@@@%
0xff,0xe3,0x8f,0xfe,  //@@@@@#.@%*@@@@@%
0xff,0xf7,0xdf,0xfe,  //@@@@@@*@@*@@@@@%
0xbf,0xfb,0xef,0xfd,  //#@@@@@#@@#@@@@@%
0x3f,0xff,0xff,0xf8,  //*@@@@@@@@@@@@@#+


/*  */
0x00,0x00,0x01,0xfe,0x2f,0x00,0x00,  //...........*@@@#+#@@......
0x06,0xa4,0x00,0x03,0xbf,0x00,0x00,  //..%%%%%+....***@#@@@......
0x05,0xaf,0x55,0x56,0xe5,0x00,0x00,  //..**%#@@%******#@%**......
0x00,0x07,0xff,0xff,0xe0,0x00,0x00,  //......*@@@@@@@@@@#........
0x02,0xfb,0xff,0xfe,0x7a,0xe8,0x00,  //..*#@@#@@@@@@@@#*@%#@#%+..
0x1e,0x5f,0xff,0xfc,0x2e,0x5a,0x00,  //.%@%*%@@@@@@@@@*.#@%**##*.
0x34,0x1f,0xff,0xf8,0x6a,0x02,0x80,  //*@*..*@@@@@@@@#.%###...%#.
0xa0,0x2f,0xff,0xf4,0xd3,0x40,0xd0,  //#%...#@@@@@@@@*.@*+@%...@*
0xd0,0x7f,0xff,0xf0,0xc1,0xc0,0xa0,  //@*..*@@@@@@@@@**@*.*@*..%%
0xd0,0x6a,0xba,0xa0,0xc0,0x80,0xa0,  //@*..*%%%#@%%%%+*@*..%+..%%
0xa0,0x00,0xa0,0x00,0xd0,0x00,0xd0,  //#%......%%......@*......@*
0x34,0x01,0xc0,0x00,0x60,0x02,0x80,  //*@*....*@*......%#+....%#.
0x1e,0x5b,0x40,0x00,0x2d,0x5b,0x40,  //.%@%**%@%........#@%**#@*.
0x02,0xf8,0x00,0x00,0x06,0xe4,0x00,  //..*#@@#*..........*#@#%+..


/*  */
0x00,0x02,0x80,0x00,  //......*%%+......
0x00,0x0f,0xe0,0x00,  //.....*@@@#......
0x00,0x1f,0xf0,0x00,  //.....%@@@@*.....
0x00,0x1f,0xf0,0x00,  //.....*@@@@+.....
0x00,0x0b,0xd0,0x00,  //......#@@%......
0x00,0x16,0x54,0x00,  //.....**%%**.....
0x00,0x7f,0xfd,0x00,  //....%@@@@@@*....
0x00,0xbf,0xfd,0x00,  //....%@@@@@@*....
0x00,0xbf,0xfd,0x00,  //....%@@@@@@*....
0x00,0xbf,0xfd,0x00,  //....%@@@@@@*....
0x00,0xbf,0xfd,0x00,  //....%@@@@@@*....
0x00,0xbf,0xfc,0x00,  //....%@@@@@@*....
0x00,0x0f,0xf0,0x00,  //.....*@@@@......
0x00,0x0f,0xf0,0x00,  //.....*@@@@......
0x01,0x4f,0xf1,0x40,  //..+***@@@@.**...
0x2f,0x8f,0xf2,0xf4,  //+%@@%*@@@@+#@@%.
0xa4,0x0f,0xe0,0x19,  //##*..+@@@#..+*#%
0xa4,0x00,0x00,0x19,  //##*.........+*#%
0x2f,0xa5,0x6a,0xf4,  //+%@@#%%**%%#@@%.
0x01,0x6a,0xa9,0x40,  //..+*%%%%%%%%*...


/*  */
0x01,0xa4,0x00,0x1a,0x40,  //..+*%%%+....+%%%*+..
0x1f,0xff,0x41,0xff,0xf4,  //.*@@@@@@%..%@@@@@@*.
0x3f,0xff,0xeb,0xff,0xfc,  //*@@@@@@@@%%@@@@@@@@*
0xbf,0xfd,0x7f,0xff,0xfe,  //%@@@@@@*%@@@@@@@@@@%
0xbf,0xf8,0x3f,0xff,0xfe,  //#@@@@@#.+@@@@@@@@@@#
0xff,0xf8,0x2f,0xff,0xff,  //@@@@@@%..#@@@@@@@@@@
0xbf,0xf4,0x1f,0x1f,0xfe,  //#@@@@@*+.%@@**@@@@@#
0x7f,0xf0,0x1e,0x0b,0xfd,  //%@@@@@+*+*@#..#@@@@%
0x2a,0xa1,0x4d,0x06,0xa8,  //+%%%%%.%*.@%..*%%%%+
0x00,0x02,0x88,0x10,0x00,  //.......#%.#*+*......
0x02,0xab,0xc4,0x6a,0x80,  //..*%%%%@@.*.%#%%%*..
0x01,0xff,0xc0,0xbf,0x40,  //...*@@@@@*..#@@@*...
0x00,0x7f,0xd0,0xfd,0x00,  //....*@@@@%.+@@@*....
0x00,0x1f,0xe1,0xf4,0x00,  //.....*@@@#.*@@*.....
0x00,0x07,0xf6,0xd0,0x00,  //......*@@@%#@*......
0x00,0x01,0xff,0x40,0x00,  //.......*@@@@*.......
0x00,0x00,0x28,0x00,0x00,  //........*##*........


/*  */
0x01,0xbf,0x90,0x00,  //...*#@@@#*...
0x0b,0x51,0xb8,0x00,  //..#@%***%@%..
0x28,0x00,0x1d,0x00,  //.%#*.....*@%.
0x70,0x00,0x07,0x00,  //*@*.......*@*
0xa0,0x00,0x02,0x40,  //%%.........#%
0xd0,0x00,0x01,0x80,  //@*.........%%
0xd0,0x00,0x01,0x80,  //@*.........*%
0x90,0x00,0x02,0x80,  //#%.........%%
0x60,0x00,0x03,0x40,  //%#........+@*
0x34,0x00,0x0a,0x00,  //+@%.......%#.
0x1e,0x00,0x2c,0x00,  //.*@%+...+#@*.
0x06,0xea,0xe0,0x00,  //..*#@#%#@#*..
0x00,0x6e,0x40,0x00,  //....*%@%*....
0x00,0x0c,0x00,0x00,  //.....*@*.....
0x00,0x0c,0x00,0x00,  //.....*@*.....
0x01,0x5d,0x50,0x00,  //...**%@%**...
0x03,0xff,0xf0,0x00,  //..+@@@@@@@...
0x00,0x0c,0x00,0x00,  //.....*@*.....
0x00,0x0c,0x00,0x00,  //.....*@*.....
0x00,0x08,0x00,0x00,  //.....+%+.....


/*  */
0x00,0x00,0x01,0xaa,0x80,  //...........*%%%%%
0x00,0x00,0x01,0xab,0xc0,  //...........*%%#@@
0x00,0x00,0x00,0x0a,0xc0,  //.............+##@
0x00,0x00,0x00,0x28,0xc0,  //............+##*@
0x00,0x04,0x00,0xa0,0xc0,  //....+***+..+##.*@
0x02,0xff,0xd2,0x80,0xc0,  //..+%@@@@@%*##..*@
0x0a,0x40,0x6e,0x00,0x00,  //.+##*..+*#@#.....
0x28,0x00,0x0a,0x00,0x00,  //.##......+##.....
0x70,0x00,0x03,0x40,0x00,  //*@+.......*@*....
0x90,0x00,0x02,0x80,0x00,  //#%.........#%....
0xd0,0x00,0x01,0x80,0x00,  //@*.........%%....
0xd0,0x00,0x01,0x80,0x00,  //@*.........%%....
0x90,0x00,0x02,0x80,0x00,  //#%.........#%....
0x70,0x00,0x03,0x40,0x00,  //*@+.......*@*....
0x28,0x00,0x0a,0x00,0x00,  //.##......+##.....
0x0a,0x40,0x68,0x00,0x00,  //.+##*..+*##+.....
0x02,0xff,0xd0,0x00,0x00,  //..+%@@@@@%.......


/*  */
0x28,0x00,0x0a,0x00,  //.#%.......#%.
0x1d,0x00,0x1c,0x00,  //.*@*.....%@*.
0x07,0x91,0xb4,0x00,  //..%@%***#@*..
0x02,0xff,0xe0,0x00,  //...%@@@@@%...
0x0a,0x40,0x78,0x00,  //.+##****%@#..
0x28,0x00,0x0a,0x00,  //.##+.....+#%.
0x70,0x00,0x03,0x00,  //*@+.......*@*
0xa0,0x00,0x02,0x40,  //#%.........#%
0xd0,0x00,0x01,0x80,  //@*.........%%
0xd0,0x00,0x01,0x80,  //@*.........%%
0x90,0x00,0x02,0x80,  //#%.........%%
0x60,0x00,0x03,0x40,  //%#........+@*
0x28,0x00,0x0a,0x00,  //+#%.......##.
0x0e,0x00,0x28,0x00,  //.*@#*...*##+.
0x02,0xfb,0xe0,0x00,  //..*#@@#@@%+..
0x00,0x1d,0x00,0x00,  //....*%@%+....
0x00,0x0c,0x00,0x00,  //.....*@*.....
0x00,0xbf,0x40,0x00,  //....%@@@*....
0x00,0x1d,0x00,0x00,  //....*%@%*....
0x00,0x08,0x00,0x00,  //.....+%+.....


/*  */
0x00,0x00,0x01,0xfe,  //...........*@@@%
0x00,0x00,0x00,0x2e,  //...........+*#@%
0x00,0x00,0x00,0xaa,  //.....**+....###%
0x01,0xbf,0x92,0x8a,  //...%#@@@#*.##+%%
0x0a,0x40,0x7e,0x00,  //.+##****%@@#+.++
0x28,0x00,0x0a,0x00,  //.##+.....+#%....
0x70,0x00,0x03,0x00,  //*@+.......*@*...
0xa0,0x00,0x02,0x40,  //#%.........#%...
0xd0,0x00,0x01,0x80,  //@*.........%%...
0xd0,0x00,0x01,0x80,  //@*.........%%...
0x90,0x00,0x02,0x80,  //#%.........%%...
0x60,0x00,0x03,0x40,  //%#........+@*...
0x28,0x00,0x0a,0x00,  //.#%.......##....
0x0e,0x00,0x28,0x00,  //.*@#*...*##+....
0x02,0xfb,0xe0,0x00,  //..*#@@#@@%+.....
0x00,0x1d,0x00,0x00,  //....*%@%+.......
0x00,0x0c,0x00,0x00,  //.....*@*........
0x00,0xbf,0x40,0x00,  //....%@@@*.......
0x00,0x1d,0x00,0x00,  //....*%@%*.......
0x00,0x08,0x00,0x00,  //.....+%+........


/*  */
0xbf,0x00,0x00,0x0b,0xf4,  //#@@@*.........%@@@*
0xf8,0x40,0x00,0x01,0xf4,  //@@#**+........+*@@*
0xee,0xd0,0x00,0x02,0xa4,  //@#@%@%..**+...+###*
0xd7,0x87,0xfe,0x4a,0x24,  //@*%@#+%@@@@#*+##.%*
0x0a,0xf9,0x01,0xf8,0x00,  //+*##@@#****%@@#..+.
0x08,0xa0,0x00,0x74,0x00,  //.*%+##......*@%....
0x01,0x80,0x00,0x1c,0x00,  //...%#........*@+...
0x02,0x40,0x00,0x09,0x00,  //...#%.........#*...
0x03,0x00,0x00,0x0a,0x00,  //...@*.........%%...
0x03,0x00,0x00,0x0a,0x00,  //..+@*.........%%...
0x03,0x40,0x00,0x09,0x00,  //...@*.........#%...
0x02,0x80,0x00,0x0c,0x00,  //...%#........*@*...
0x00,0xd0,0x00,0x28,0x00,  //...+@%......+#%....
0x00,0x78,0x01,0xa0,0x00,  //....*@%+...*##+....
0x00,0x0b,0xaf,0x80,0x00,  //.....*#@##@@%......
0x00,0x00,0xb4,0x00,0x00,  //.......*%@*+.......
0x00,0x00,0x70,0x00,0x00,  //........*@.........
0x00,0x02,0xfd,0x00,0x00,  //.......%@@@*.......
0x00,0x01,0xb4,0x00,0x00,  //.......*%@*+.......
0x00,0x00,0x60,0x00,0x00,  //........*%.........


/*  */
0x01,0xbf,0x96,0xfe,0x40,  //...*#@@@#**#@@@#*...
0x0b,0x51,0xbe,0x45,0xe0,  //..#@%***%@@%***%@#..
0x28,0x00,0x7d,0x00,0x28,  //.%#*....%@@%....*#%.
0x70,0x00,0xd7,0x00,0x0d,  //*@*....*@**@*....*@*
0xa0,0x01,0x82,0x40,0x0a,  //%%.....%#..#%.....%%
0xd0,0x02,0x41,0x80,0x07,  //@*.....%%..%%.....*@
0xd0,0x02,0x41,0x80,0x07,  //@*.....%*..*%.....*@
0x90,0x02,0x82,0x80,0x06,  //#%.....%%..%%.....%#
0x60,0x01,0xc3,0x40,0x09,  //%#.....*@++@*.....#%
0x34,0x00,0xaa,0x00,0x1c,  //+@%.....#%%#.....%@+
0x1e,0x00,0x7d,0x00,0xb4,  //.*@%+...*@@*...+%@*.
0x06,0xea,0xeb,0xab,0x90,  //..*#@#%#@##@#%#@#*..
0x00,0x6e,0x41,0xb9,0x00,  //....*%@%*..*%@%*....
0x00,0x0c,0x00,0x30,0x00,  //.....*@*....*@*.....
0x00,0x0c,0x00,0x30,0x00,  //.....*@*....*@*.....
0x01,0x5d,0x55,0x75,0x40,  //...**%@%****%@%**...
0x03,0xff,0xff,0xff,0xc0,  //..+@@@@@@@@@@@@@@+..
0x00,0x0c,0x00,0x30,0x00,  //.....*@*....*@*.....
0x00,0x0c,0x00,0x30,0x00,  //.....*@*....*@*.....
0x00,0x08,0x00,0x20,0x00,  //.....+%+....+%+.....


/*  */
0x00,0x00,0x01,0xfe,0x00,0x00,  //...........*@@@%.....
0x00,0x00,0x00,0x2e,0x00,0x00,  //...........+*#@%.....
0x00,0x00,0x00,0xaa,0x00,0x00,  //.....**+....###%.....
0x01,0xbf,0x92,0x8a,0x00,0x00,  //...%#@@@#*.##+%%.....
0x0a,0x40,0x7e,0x00,0x1a,0x80,  //.+##****%@@#+.++.%%%%
0x28,0x00,0x0a,0x00,0x17,0xc0,  //.##+.....+#%.....*%@@
0x70,0x00,0x03,0x00,0x0a,0xc0,  //*@+.......*@*.....##@
0xa0,0x00,0x1b,0xe4,0x28,0xc0,  //#%.......*%@@#%..##+@
0xd0,0x00,0xba,0x9a,0xa0,0x40,  //@*.....+#@%%#%####+.*
0xd0,0x02,0x81,0x82,0xd0,0x00,  //@*.....##+.%%..%@*...
0x90,0x06,0x02,0x80,0xa0,0x00,  //#%....%#+..#%...##...
0x60,0x09,0x03,0x40,0x30,0x00,  //%#....#%..+@*...*@*..
0x28,0x0c,0x0a,0x00,0x34,0x00,  //+#%..*@*..##.....@*..
0x0e,0x0c,0x28,0x00,0x24,0x00,  //.*@#**@**##+.....#*..
0x02,0xff,0xe0,0x00,0x34,0x00,  //..+#@@@@@%+......@*..
0x00,0x1a,0x00,0x00,0x30,0x00,  //....**##+.......*@+..
0x00,0x07,0x00,0x00,0xa0,0x00,  //......*@+.......#%...
0x00,0x02,0x80,0x02,0x80,0x00,  //.......##*....+##+...
0x00,0x00,0xb9,0x6e,0x00,0x00,  //........%@#%%%@#+....
0x00,0x00,0x06,0xa4,0x00,0x00,  //.........*%%%%*......


/*  */
0x00,0x00,0x00,0x00,0x07,0xf8,  //..................*@@@%
0x00,0x00,0x00,0x00,0x00,0xb8,  //...................*#@%
0x00,0x00,0x00,0x00,0x02,0xa8,  //.....***....+**....##%%
0x01,0xbf,0x96,0xfe,0x4a,0x18,  //...%#@@@#**#@@@#%+##+*%
0x0a,0x40,0xbe,0x01,0xb8,0x00,  //.+##****%@@%****#@#+..+
0x28,0x00,0xaa,0x00,0x28,0x00,  //.##+....%##%....+##....
0x70,0x00,0xc3,0x00,0x0d,0x00,  //*@+....*@**@*....+@*...
0xa0,0x01,0x82,0x40,0x0a,0x00,  //#%.....%#..#%.....%%...
0xd0,0x02,0x41,0x80,0x07,0x00,  //@*.....%%..%%.....*@...
0xd0,0x02,0x41,0x80,0x07,0x00,  //@*.....%%..%%.....*@...
0x90,0x02,0x82,0x80,0x06,0x00,  //#%.....%%..%%.....%#...
0x60,0x01,0xc3,0x40,0x09,0x00,  //%#.....*@++@*.....#%...
0x28,0x00,0xaa,0x00,0x28,0x00,  //+#%.....####.....%#+...
0x0e,0x00,0x7d,0x00,0xb0,0x00,  //.*@#*...*@@*...*#@*....
0x02,0xfb,0xeb,0xef,0x80,0x00,  //..*#@@#@@%%@@#@@#*.....
0x00,0x1d,0x00,0x54,0x00,0x00,  //....*%@%+..+****.......
0x00,0x0c,0x00,0x00,0x00,0x00,  //.....*@*...............
0x00,0xbf,0x40,0x00,0x00,0x00,  //....%@@@*..............
0x00,0x1d,0x00,0x00,0x00,0x00,  //....*%@%*..............
0x00,0x08,0x00,0x00,0x00,0x00,  //.....+%+...............


/*  */
0x00,0x00,0x01,0xaa,0x80,  //...........*%%%%%
0x00,0x00,0x01,0xab,0xc0,  //...........*%%#@@
0x00,0x00,0x14,0x0a,0xc0,  //.........*%..+##@
0x00,0x00,0x1d,0x28,0xc0,  //.........*@%+##*@
0x00,0x04,0x07,0xe0,0xc0,  //....+***+.*@@#.*@
0x02,0xff,0xd2,0xd0,0xc0,  //..+%@@@@@%*#@%.*@
0x0a,0x40,0x6e,0x74,0x00,  //.+##*..+*#@#*@%..
0x28,0x00,0x0a,0x14,0x00,  //.##......+##.*%..
0x70,0x00,0x03,0x40,0x00,  //*@+.......*@*....
0x90,0x00,0x02,0x80,0x00,  //#%.........#%....
0xd0,0x00,0x01,0x80,0x00,  //@*.........%%....
0xd0,0x00,0x01,0x80,0x00,  //@*.........%%....
0x90,0x00,0x02,0x80,0x00,  //#%.........#%....
0x70,0x00,0x03,0x40,0x00,  //*@+.......*@*....
0x28,0x00,0x0a,0x00,0x00,  //.##......+##.....
0x0a,0x40,0x68,0x00,0x00,  //.+##*..+*##+.....
0x02,0xff,0xd0,0x00,0x00,  //..+%@@@@@%.......


/*  */
0x00,0x1d,0x00,0x00,  //.....%@*.....
0x00,0x7f,0x40,0x00,  //....%@@@*....
0x00,0xee,0xc0,0x00,  //...*@#@#@+...
0x00,0x0c,0x00,0x00,  //....**@**....
0x01,0xae,0x80,0x00,  //...*%#@#%+...
0x00,0x5d,0x40,0x00,  //...**%@%*+...
0x00,0x0c,0x00,0x00,  //.....*@*.....
0x00,0xae,0x40,0x00,  //...*%#@#%*...
0x07,0x95,0xb4,0x00,  //..%@#***#@%..
0x1d,0x00,0x1d,0x00,  //.%@*.....*@*.
0x34,0x00,0x07,0x00,  //*@*.......*@+
0xa0,0x00,0x02,0x40,  //%#.........#%
0x90,0x00,0x02,0x80,  //#*.........%%
0xd0,0x00,0x01,0x80,  //@*.........*%
0x90,0x00,0x02,0x80,  //#*.........%%
0x60,0x00,0x02,0x40,  //%#.........#%
0x34,0x00,0x06,0x00,  //*@*.......%#+
0x1d,0x00,0x1d,0x00,  //.%@*.....%@*.
0x07,0xa6,0xa4,0x00,  //..*@#%*%##*..
0x00,0x6a,0x40,0x00,  //...+%%%%%+...


/*  */
0x00,0x6a,0x40,0x00,0x00,0x00,  //...+%%%%%+...........
0x07,0xa6,0xa4,0x00,0x00,0x00,  //..*@#%*%##*..........
0x1d,0x00,0x1d,0x00,0x00,0x00,  //.%@*.....%@*.....+...
0x34,0x00,0x06,0x0a,0x34,0x00,  //*@*.......%#+.%%+@%..
0x60,0x00,0x02,0x4a,0x1d,0x00,  //%#.........#%.%%.*@%.
0x90,0x00,0x02,0x8a,0x07,0x40,  //#*.........%#*##**%@%
0xd0,0x00,0x01,0xff,0xff,0xc0,  //@*.........*@@@@@@@@@
0xd0,0x00,0x02,0x8a,0x07,0x80,  //@*.........%#*##***@#
0xa0,0x00,0x02,0x4a,0x0a,0x00,  //%#.........#%.%%.+##.
0x34,0x00,0x07,0x0a,0x28,0x00,  //*@*.......*@+.%%.##..
0x1d,0x00,0x1d,0x00,0x00,0x00,  //.%@*.....*@*..++.*...
0x07,0x95,0xb4,0x00,0x00,0x00,  //..%@#***#@%..........
0x00,0xae,0x80,0x00,0x00,0x00,  //...*%#@#%*...........


/*  */
0x01,0xbf,0x90,0x00,  //...*#@@@#*...
0x0b,0x51,0xb4,0x00,  //..#@%***%@%..
0x28,0x00,0x1d,0x00,  //.%#*.....*@%.
0x70,0x00,0x07,0x00,  //*@*.......*@*
0xa0,0x00,0x02,0x40,  //%%.........#%
0xd0,0x00,0x01,0x80,  //@*.........%%
0xd0,0x00,0x01,0x80,  //@*.........*%
0x90,0x00,0x02,0x80,  //#%.........%%
0x60,0x00,0x03,0x40,  //%#........+@*
0x34,0x00,0x0a,0x00,  //+@%.......%#.
0x1e,0x00,0x2c,0x00,  //.*@%+...+#@*.
0x06,0xea,0xe0,0x00,  //..*#@#%#@#*..
0x00,0x6e,0x40,0x00,  //....*%@%*....
0x00,0x0c,0x00,0x00,  //.....*@*.....
0x00,0x0c,0x00,0x00,  //.....*@*.....
0x00,0x0c,0x00,0x00,  //.....*@*.....
0x00,0x0c,0x00,0x00,  //.....*@*.....
0x00,0x0c,0x00,0x00,  //.....*@*.....
0x00,0x0c,0x00,0x00,  //.....*@*.....
0x00,0x08,0x00,0x00,  //.....+%+.....


/*  */
0x00,0x6a,0x40,0x00,  //...+%%%%*+...
0x07,0xa6,0xa4,0x00,  //..*@#%*%##*..
0x1d,0x00,0x1d,0x00,  //.%@*.....%@*.
0x34,0x00,0x06,0x00,  //*@*.......%#+
0x60,0x00,0x02,0x40,  //%#.........#*
0x90,0x00,0x02,0x80,  //#*.........%%
0xd0,0x00,0x01,0x80,  //@*.........*%
0x90,0x00,0x02,0x80,  //#*.........%%
0xa0,0x00,0x02,0x40,  //%#.........#%
0x34,0x00,0x07,0x00,  //*@*.......*@+
0x1d,0x00,0x1d,0x00,  //.%@*.....*@*.
0x07,0x95,0xb4,0x00,  //..%@#***#@%..
0x00,0xae,0x40,0x00,  //...*%#@#%*...


/*  */
0x6a,0xaa,0xaa,0xaa,0x40,  //%%%%%%%%%%%%%%%%%
0xff,0xff,0xff,0xff,0xc0,  //@@@@@@@@@@@@@@@@@
0xff,0xff,0xff,0xff,0xc0,  //@@@@@@@@@@@@@@@@@
0xff,0xff,0xf4,0x07,0xc0,  //@@@@@@@@@@*...*@@
0xff,0xff,0xd0,0x07,0xc0,  //@@@@@@@@@*....*@@
0xff,0xff,0xc0,0x6b,0xc0,  //@@@@@@@@@*..%%#@@
0xff,0xff,0xc0,0xff,0xc0,  //@@@@@@@@@*.*@@@@@
0xff,0xff,0xc0,0xff,0xc0,  //@@@@@@@@@*.*@@@@@
0xff,0xfc,0x00,0x0b,0xc0,  //@@@@@@@**...**#@@
0xff,0xfc,0x00,0x0b,0xc0,  //@@@@@@@.......%@@
0xff,0xfc,0x00,0x0b,0xc0,  //@@@@@@@**...**#@@
0xff,0xff,0xc0,0xff,0xc0,  //@@@@@@@@@*.*@@@@@
0xff,0xff,0xc0,0xff,0xc0,  //@@@@@@@@@*.*@@@@@
0xff,0xff,0xc0,0xff,0xc0,  //@@@@@@@@@*.*@@@@@
0xff,0xff,0xc0,0xff,0xc0,  //@@@@@@@@@*.*@@@@@
0xff,0xff,0xc0,0xff,0xc0,  //@@@@@@@@@*.*@@@@@
0xff,0xff,0xc0,0xff,0xc0,  //@@@@@@@@@*.*@@@@@


/*  */
0x00,0x6f,0xe4,0x00,  //...+%#@@@#%+..
0x07,0xea,0xbe,0x00,  //..*@@#%%#@@#*.
0x1e,0x40,0x0b,0x80,  //.%@#*....+#@#+
0x3c,0x00,0x02,0xe0,  //*@@+.......#@%
0xb4,0x28,0x01,0xf0,  //%@%.+##*...*@@
0xb0,0xbd,0x00,0xf0,  //#@*.%@@*...*@@
0xf0,0xbd,0x00,0xf0,  //@@..#@@*...*@@
0xb0,0xbc,0x01,0xf0,  //#@+.%@@+...*@@
0x74,0x78,0x02,0xe0,  //%@*.%@#....%@#
0x38,0xb8,0x03,0xd0,  //*@#.#@%...+@@%
0x04,0xf8,0x0b,0xc0,  //.**.@@#...%@@+
0x00,0xfe,0x6f,0x40,  //...*@@@%*#@@*.
0x01,0xe7,0xf8,0x00,  //...%@#%@@@#*..
0x02,0xd0,0x00,0x00,  //...%@%.+*+....
0x03,0xd0,0x00,0x00,  //...@@*........
0x03,0x80,0x00,0x00,  //...@#.........
0x03,0x40,0x00,0x00,  //...@*.........
0x02,0x00,0x00,0x00,  //...#..........


/*  */
0x00,0x06,0xa4,0x00,0x00,  //.....+*%%%%*.....
0x00,0x7e,0xab,0x80,0x00,  //....%@@%%%#@#*...
0x02,0x90,0x00,0xb4,0x00,  //..+##*.....*%@*..
0x0a,0x00,0x00,0x1d,0x00,  //..##+........*@*.
0x18,0x04,0x00,0x06,0x00,  //.%#+.**.......%#.
0x34,0x3c,0x00,0x02,0x40,  //.@*.*@@........#*
0x70,0x7d,0x00,0x01,0x80,  //*@..*@@*.......%#
0x60,0x38,0x00,0x01,0xc0,  //%#..*@#........*@
0xa0,0x28,0x00,0x00,0xc0,  //%%...##........*@
0xa0,0x0e,0x00,0x00,0xc0,  //%%...+@#...+...*@
0x60,0x07,0x8b,0x41,0x80,  //*#....*@#*#@%..%#
0x34,0x00,0xbf,0xc2,0x40,  //+@*....*#@@@@..#%
0x28,0x00,0x1a,0x07,0x00,  //.%#......*%%*.*@+
0x18,0x00,0x00,0x0d,0x00,  //.%#..........+@%.
0x24,0x40,0x00,0x74,0x00,  //.#*.*+......*@%..
0x3b,0xf9,0x16,0xd0,0x00,  //*@#@@@%***%#@%...
0x79,0x1b,0xf9,0x00,0x00,  //%@%*.*%@@@#%+....
0x00,0x00,0x00,0x00,0x00,  //*................


/*  */
0xaa,0xaa,0xaa,0xaa,0xaa,  //%%%%%%%%%%%%%%%%%%%%
0xea,0xaa,0xaa,0xbf,0xdb,  //@#%%%%%%%%%%#@@@@*%@
0xd0,0x00,0x00,0x3f,0x83,  //@*..........*@@@%..@
0xea,0xaa,0xaa,0xbf,0xdb,  //@#%%%%%%%%%%#@@@@%%@
0x55,0x55,0x55,0x55,0x55,  //********************
0x00,0x00,0x00,0x00,0x00,  //....................
0xff,0xff,0xff,0xff,0xff,  //@@@@@@@@@@@@@@@@@@@@
0xe5,0x55,0x55,0x7f,0x87,  //@%**********%@@@#+*@
0xd0,0x00,0x00,0x7f,0x83,  //@%***********@@@#.+@
0xff,0xff,0xff,0xff,0xeb,  //@@@@@@@@@@@@@@@@@##@
0x00,0x00,0x00,0x00,0x00,  //********************
0x00,0x00,0x00,0x00,0x00,  //********************
0xff,0xff,0xff,0xff,0xeb,  //@@@@@@@@@@@@@@@@@##@
0xd0,0x00,0x00,0x7f,0x83,  //@%***********@@@#.+@
0xe5,0x55,0x55,0x7f,0x87,  //@%**********%@@@#+*@
0xff,0xff,0xff,0xff,0xff,  //@@@@@@@@@@@@@@@@@@@@


/*  */
0x00,0x06,0x90,0x00,0x00,0x00,  //......*%%*.............
0x00,0x2f,0xf8,0x00,0x00,0x00,  //....+#@@@@#............
0x00,0xbf,0xfd,0x00,0x00,0x00,  //....#@@@@@@%...........
0x00,0xff,0xff,0x00,0x00,0x00,  //...*@@@@@@@@...........
0x01,0xff,0xff,0x00,0x00,0x00,  //...*@@@@@@@@+..........
0x00,0xff,0xff,0x00,0x00,0x00,  //...*@@@@@@@@...........
0x00,0xbf,0xfe,0x00,0xf4,0x00,  //....#@@@@@@%...*@@*....
0x00,0x3f,0xf8,0x00,0xf4,0x00,  //....*@@@@@#....*@@*....
0x06,0x46,0x92,0x90,0xf4,0x00,  //..%%*+%%%*+%%*.*@@*....
0x2f,0xe4,0x18,0x00,0xf4,0x00,  //.#@@@#***%%***.*@@*....
0x7f,0xff,0xf5,0xaa,0xfa,0xa4,  //*@@@@@@@@@**%%%#@@#%%%%
0xbf,0xff,0xf1,0xff,0xff,0xf8,  //%@@@@@@@@@**@@@@@@@@@@%
0xbf,0xff,0xf1,0xff,0xff,0xf8,  //#@@@@@@@@@**@@@@@@@@@@%
0xff,0xff,0xf4,0x01,0xf4,0x00,  //@@@@@@@@@@%.****@@%***+
0xff,0xff,0xfe,0xa4,0xf4,0x00,  //@@@@@@@@@@@#%%%*@@*....
0xbf,0xff,0xff,0xf8,0xf4,0x00,  //#@@@@@@@@@@@@@%*@@*....
0x3f,0xff,0xff,0xf8,0xf4,0x00,  //*@@@@@@@@@@@@@%*@@*....


/*  */
0x00,0x06,0x90,0x00,0x00,0x00,  //......*%%*.............
0x00,0x2f,0xf8,0x00,0x00,0x00,  //....+#@@@@#............
0x00,0xbf,0xfd,0x00,0x00,0x00,  //....#@@@@@@%...........
0x00,0xff,0xff,0x00,0x00,0x00,  //...*@@@@@@@@...........
0x01,0xff,0xff,0x00,0x00,0x00,  //...*@@@@@@@@+..........
0x00,0xff,0xff,0x00,0x00,0x00,  //...*@@@@@@@@...........
0x00,0xbf,0xfe,0x00,0x00,0x00,  //....#@@@@@@%...........
0x00,0x3f,0xf8,0x00,0x00,0x00,  //....*@@@@@#...*.....++.
0x06,0x46,0x92,0x1e,0x00,0xa0,  //..%%*+%%%*+%+*@#...+##+
0x2f,0xe4,0x1b,0x2f,0x82,0xf8,  //.#@@@#***%#@.#@@#.+#@@%
0x7f,0xff,0xff,0x4b,0xeb,0xe0,  //*@@@@@@@@@@@*+#@@##@@#.
0xbf,0xff,0xff,0xd2,0xff,0x80,  //%@@@@@@@@@@@@*+#@@@@#..
0xbf,0xff,0xff,0xe1,0xff,0x00,  //#@@@@@@@@@@@@#.*@@@@+..
0xff,0xff,0xff,0x82,0xff,0x80,  //@@@@@@@@@@@@#++#@@@@#..
0xff,0xff,0xff,0x0b,0xeb,0xe0,  //@@@@@@@@@@@@*+#@@##@@#.
0xbf,0xff,0xff,0x2f,0x82,0xf4,  //#@@@@@@@@@@@.#@@#.+#@@%
0x3f,0xff,0xff,0x4a,0x00,0xa0,  //*@@@@@@@@@@@*+##...+##.


/*  */
0xf8,0x00,0x00,0x00,0x00,0x00,  //@@%....................
0xf8,0x00,0x00,0x00,0x00,0x00,  //@@%...+................
0xf8,0x6e,0x01,0x55,0x54,0x00,  //@@%.*#@#+.**********...
0xf8,0xff,0x8f,0xff,0xff,0x80,  //@@%+@@@@#.@@@@@@@@@@#*.
0xf9,0xff,0xcf,0xff,0xff,0xf0,  //@@%*@@@@@*@@@@@@@@@@@@+
0xf8,0xff,0xcf,0xff,0xff,0xf4,  //@@%*@@@@@+@@@@@@@@@@@@%
0xf8,0xbf,0x4f,0xff,0xff,0xf8,  //@@%.#@@@%.@@@@@@@@@@@@%
0xf8,0x15,0x05,0x55,0x55,0x54,  //@@%..***..*************
0xfa,0xaa,0xaa,0xaa,0xaa,0xa4,  //@@#%%%%%%%%%%%%%%%%%%%*
0xff,0xff,0xff,0xff,0xff,0xf8,  //@@@@@@@@@@@@@@@@@@@@@@%
0xff,0xff,0xff,0xff,0xff,0xf8,  //@@@@@@@@@@@@@@@@@@@@@@%
0xf8,0x00,0x00,0x00,0x00,0xf8,  //@@#*****************@@%
0xf8,0x00,0x00,0x00,0x00,0xf8,  //@@%.................@@%
0xf8,0x00,0x00,0x00,0x00,0xf8,  //@@%.................@@%


/*  */
0xbc,0x00,0x00,0x0b,0x80,  //%@@+..........#@#
0x3d,0x00,0x00,0x1f,0x40,  //*@@%.........*@@*
0x2e,0x00,0x00,0x2e,0x00,  //.#@#.........#@#.
0x1f,0x40,0x00,0x3d,0x00,  //.*@@*.......*@@%.
0x0f,0x80,0x00,0x7d,0x00,  //**@@#.......%@@**
0xff,0xc0,0x00,0xff,0xc0,  //@@@@@*.....+@@@@@
0xff,0xd0,0x01,0xff,0xc0,  //@@@@@%.....*@@@@@
0x02,0xf0,0x02,0xe0,0x00,  //...%@@+....#@#...
0x56,0xf9,0x57,0xe5,0x40,  //***%@@%***%@@%***
0xff,0xff,0xff,0xff,0xc0,  //@@@@@@@@@@@@@@@@@
0x55,0xbe,0x5f,0x95,0x40,  //****%@@%*%@@%****
0x00,0x2e,0x1f,0x00,0x00,  //.....#@%.%@@+....
0x00,0x1f,0x2e,0x00,0x00,  //.....%@@*#@%.....
0x00,0x0f,0xbc,0x00,0x00,  //.....+@@#@@*.....
0x00,0x0b,0xf8,0x00,0x00,  //......%@@@#......
0x00,0x03,0xf4,0x00,0x00,  //......*@@@*......
0x00,0x02,0xe0,0x00,0x00,  //.......#@#.......
0x00,0x01,0xd0,0x00,0x00,  //.......*@%.......
0x00,0x00,0x80,0x00,0x00,  //........#+.......
0x00,0x00,0x40,0x00,0x00,  //........*........


/*  */
0x07,0xff,0xff,0xf8,0x00,  //.+%@@@@@@@@@@@%*.
0x2f,0xff,0xff,0xff,0x40,  //+#@@@@@@@@@@@@@@*
0xba,0xaa,0xaa,0xab,0x80,  //#@#%%%%%%%%%%%%@#
0xf0,0x00,0x00,0x03,0xc0,  //@@*............@@
0xf0,0x00,0x00,0x03,0xc0,  //@@*............@@
0xf0,0x00,0x00,0x03,0xc0,  //@@*............@@
0xf0,0x00,0x00,0x03,0xc0,  //@@*............@@
0xf0,0x00,0x00,0x03,0xc0,  //@@*............@@
0xf5,0x55,0x55,0x57,0xc0,  //@@%************@@
0xff,0xff,0xff,0xff,0xc0,  //@@@@@@@@@@@@@@@@@
0xff,0xfe,0x6f,0xff,0xc0,  //@@@@@@@#*#@@@@@@@
0xff,0xf8,0x0b,0xff,0xc0,  //@@@@@@#...%@@@@@@
0xff,0xf4,0x03,0xff,0xc0,  //@@@@@@*...*@@@@@@
0xff,0xf4,0x07,0xff,0xc0,  //@@@@@@%...*@@@@@@
0xbf,0xfd,0x1b,0xff,0x80,  //%@@@@@@***#@@@@@#
0x2f,0xff,0xff,0xfe,0x00,  //+#@@@@@@@@@@@@@#+
0x06,0xff,0xff,0xe4,0x00,  //..*#@@@@@@@@@#%+.
0x00,0x7f,0xff,0x80,0x00,  //....%@@@@@@@#....
0x02,0xff,0xff,0xe0,0x00,  //...#@@@@@@@@@#...
0x06,0xaa,0xaa,0xa4,0x00,  //..*%%%%%%%%%%%*..


/*  */
0x07,0xff,0xff,0xf8,0x00,  //.+%@@@@@@@@@@@%*.
0x2f,0xff,0xff,0xff,0x40,  //+#@@@@@@@@@@@@@@*
0xaa,0xaa,0xea,0xaa,0x80,  //##%%%%%#@#%%%%%##
0xe0,0x00,0xc0,0x00,0xc0,  //@%.....*@*.....*@
0xe0,0x00,0xc0,0x00,0xc0,  //@%.....*@*.....*@
0xe0,0x00,0xc0,0x00,0xc0,  //@%.....*@*.....*@
0xe0,0x00,0xc0,0x00,0xc0,  //@%.....*@*.....*@
0xe0,0x00,0xc0,0x00,0xc0,  //@%.....*@*.....*@
0xe5,0x55,0xd5,0x55,0xc0,  //@#*****%@%*****%@
0xff,0xff,0xff,0xff,0xc0,  //@@@@@@@@@@@@@@@@@
0xff,0xff,0xff,0xff,0xc0,  //@@@@@@@@@@@@@@@@@
0xe0,0x7f,0xff,0x42,0xc0,  //@#+.*@@@@@@@%..#@
0xd0,0x3f,0xff,0x00,0xc0,  //@*...@@@@@@@*..*@
0xd0,0x3f,0xff,0x41,0xc0,  //@%..+@@@@@@@*..*@
0xb5,0xbf,0xff,0x97,0x80,  //%@%*#@@@@@@@#%%@#
0x2f,0xff,0xff,0xfe,0x00,  //+#@@@@@@@@@@@@@#+
0x06,0xff,0xff,0xe4,0x00,  //..*#@@@@@@@@@#%+.
0x00,0x7f,0xff,0x80,0x00,  //....%@@@@@@@#....
0x02,0xff,0xff,0xe0,0x00,  //...#@@@@@@@@@#...
0x06,0xaa,0xaa,0xa4,0x00,  //..*%%%%%%%%%%%*..


/*  */
0x40,0x00,0x00,0x10,0x00,  //*+...........**.....
0xf4,0x00,0x00,0x7e,0x00,  //@@%+........*@@%*...
0xff,0x40,0x00,0xbf,0xe0,  //@@@@%+.....+#@@@@%*.
0xff,0xf4,0x02,0xff,0xfe,  //@@@@@@*....%@@@@@@@%
0xff,0xf8,0x03,0xff,0xfd,  //@@@@@@%...*@@@@@@@@*
0xff,0xf9,0x0b,0xff,0xf9,  //@@@@@@%%..#@@@@@@@%*
0xff,0xfa,0x5f,0xff,0xf2,  //@@@@@@%%**@@@@@@@@*#
0xff,0xfa,0xcb,0xff,0xd7,  //@@@@@@%%@*#@@@@@@%%@
0xff,0xfa,0xe7,0xff,0x8f,  //@@@@@@%%@%*@@@@@#*@@
0xff,0xfa,0xf2,0xff,0x2f,  //@@@@@@%%@@*#@@@@*#@@
0xff,0xfa,0xf8,0xfe,0x7f,  //@@@@@@%%@@#*@@@%*@@@
0xff,0xf9,0xbd,0x78,0xbf,  //@@@@@@%*#@@%%@#*#@@@
0xff,0xf8,0x1b,0x26,0xff,  //@@@@@@%..*#@*#*%@@@@
0xff,0xf8,0x01,0x83,0xff,  //@@@@@@%....*%**@@@@@
0x7f,0xf8,0x00,0x0b,0xff,  //%@@@@@%.......%@@@@@
0x07,0xf8,0x00,0x01,0xbf,  //.+%@@@%........*#@@@
0x00,0x78,0x00,0x00,0x1b,  //...+%@%..........*#@


/*  */
0xaa,0xaa,0xaa,0xaa,0x80,  //%%%%%%%%%%%%%%%%%
0xff,0xff,0xff,0xff,0xc0,  //@@@@@@@@@@@@@@@@@
0xff,0xff,0xff,0xff,0xc0,  //@@@@@@@@@@@@@@@@@
0xff,0xff,0xff,0xff,0xc0,  //@@@@@@@@@@@@@@@@@
0xff,0xdb,0xf9,0xff,0xc0,  //@@@@@%#@@@#%@@@@@
0xff,0xd3,0xf1,0xff,0xc0,  //@@@@@**@@@**@@@@@
0xff,0xe2,0xe2,0xff,0xc0,  //@@@@@#.%@%+#@@@@@
0xff,0xf4,0xc7,0xff,0xc0,  //@@@@@@%*@*%@@@@@@
0xff,0xfc,0x4f,0xff,0xc0,  //@@@@@@@+%+@@@@@@@
0xff,0xfd,0x1f,0xff,0xc0,  //@@@@@@@%.%@@@@@@@
0xff,0xff,0x3f,0xff,0xc0,  //@@@@@@@@.@@@@@@@@
0xff,0xff,0x3f,0xff,0xc0,  //@@@@@@@@.@@@@@@@@
0xff,0xff,0x3f,0xff,0xc0,  //@@@@@@@@.@@@@@@@@
0xff,0xff,0x7f,0xff,0xc0,  //@@@@@@@@*@@@@@@@@
0xff,0xff,0xff,0xff,0xc0,  //@@@@@@@@@@@@@@@@@
0xff,0xff,0xff,0xff,0xc0,  //@@@@@@@@@@@@@@@@@
0xff,0xff,0xff,0xff,0xc0,  //@@@@@@@@@@@@@@@@@


/*  */
0x00,0x00,0x02,0xb4,0x00,0x00,  //..........+##@*.........
0x00,0x00,0x04,0x04,0x00,0x00,  //.........***+.%+........
0x00,0x01,0x6a,0xa4,0x00,0x00,  //.......*%##%%#%+........
0x00,0x06,0xd0,0x0b,0x40,0x00,  //......*%@%...+#@%.......
0x00,0x2f,0x80,0x03,0xd0,0x00,  //..+.+#@@#..++.*@@%..+...
0x05,0x6f,0x81,0xd3,0xf0,0x50,  //.+%%*#@@%..*@*.@@@*.*%..
0x11,0xbf,0x81,0xf3,0xf9,0x50,  //.***%@@@#+*%@@.@@@#%**+.
0x11,0x3f,0xcb,0xe7,0xfc,0x10,  //.****@@@@*#@@#*@@@@*+%*.
0x11,0x7f,0xe6,0xaf,0xfc,0x10,  //.*+*%@@@@#%##%@@@@@***..
0x05,0xbe,0xaa,0xaa,0xbe,0x40,  //..*%#@@##%%#%%#%#@@%%*..
0x03,0x6c,0x41,0x04,0x7a,0x80,  //..*@%#@.*..*..*+*@%%#...
0x0f,0xd4,0x41,0x48,0x4b,0xe0,  //.+@@@%*+%..*%*%*%+#@@%..
0x0f,0xe1,0x55,0x01,0x1b,0xe0,  //.+@@@%+*****...%+*#@@#..
0x07,0x84,0x00,0x00,0x52,0x80,  //..%@%+%+........%**##*..
0x05,0x01,0x40,0x02,0x02,0x50,  //..***..%*.....+%+..%**..
0x2a,0x00,0x24,0x14,0x02,0xa8,  //*###*...*%*.+%%....%%##.
0x9a,0x41,0x52,0x45,0x01,0x95,  //#%%%%.+*%**%*+*%*..%#%%*
0x6d,0x54,0x00,0x00,0x64,0xb5,  //%#@%**%+........*%%*#@%%
0x16,0x66,0xa5,0x6a,0x9a,0x94,  //*%*#%%%%%%***%%%%*%%%**+
0x01,0x00,0x00,0x00,0x01,0x50,  //.+**+..............***..


/*  */
0x00,0x00,0x00,0x00,0x00,0x00,0x00,  //*.........................
0x24,0x00,0x00,0x00,0x00,0x00,0x00,  //.%*.......................
0x0a,0x40,0x00,0x00,0x00,0x00,0x00,  //..##*+....................
0x01,0xbe,0x95,0x55,0x55,0x40,0x00,  //...*#@@#%%*************+..
0x00,0x16,0xff,0xff,0xff,0xff,0x90,  //.....*%#@@@@@@@@@@@@@@@@#*
0x00,0x00,0x00,0x55,0x55,0xaf,0xd0,  //.........***********%#@@@%
0x00,0x00,0x00,0x00,0x00,0x0b,0x80,  //......................%@#+
0x00,0x00,0x00,0x00,0x00,0x06,0x00,  //......................%#+.
0x00,0x00,0x00,0x00,0x00,0x18,0x00,  //.....................*#+..
0x00,0x00,0x00,0x00,0x00,0x20,0x00,  //....................+%....
0x00,0x00,0x00,0x00,0x00,0x40,0x00,  //...................+%.....
0x00,0x00,0x00,0x00,0x01,0x00,0x00,  //..................+*......
0x00,0x00,0x00,0x00,0x00,0x00,0x00,  //..................+.......
0x00,0x00,0x00,0x00,0x00,0x00,0x00,  //..........................
0x00,0x05,0x00,0x05,0x00,0x00,0x00,  //.....+**......**..........
0x00,0x2f,0x40,0x1f,0x80,0x00,0x00,  //.....#@@*....*@@#.........
0x00,0x3f,0x40,0x2f,0xc0,0x00,0x00,  //.....@@@%....%@@@.........
0x00,0x1e,0x00,0x0b,0x40,0x00,0x00,  //.....*@#+....+#@*.........


/*  */
0x00,0x06,0x96,0x90,0x00,  //.....+*%%**%%*+.....
0x00,0x61,0x69,0x49,0x00,  //....*%**%%%%**%*....
0x02,0x5b,0xaa,0xe5,0x80,  //...%**#@#%%#@#**%...
0x08,0xbd,0x00,0x7e,0x20,  //..%*%@@%....%@@%*%..
0x16,0xf8,0x28,0x2f,0x94,  //.**%@@%.*%%*.%@@%**.
0x27,0xf0,0xff,0x0f,0xd8,  //.%*@@@**@@@@**@@@*%.
0x5b,0xf1,0xff,0x4f,0xe5,  //**#@@@.*@@@@*.@@@#**
0x8f,0xf1,0xff,0x4f,0xf2,  //%*@@@@.*@@@@*.@@@@*%
0x9f,0x95,0x55,0x56,0xf6,  //%*@@%**********%@@*%
0x9f,0x10,0x00,0x00,0xf6,  //%*@@*%.........*@@*%
0x9f,0x20,0x28,0x00,0xf6,  //%*@@*%..+##+...*@@*%
0x9f,0x20,0x7d,0x00,0xf6,  //%*@@*%..*@@*...*@@*%
0x4f,0x20,0x28,0x00,0xf1,  //%*@@*%...##....*@@*%
0x1b,0x20,0x28,0x00,0xe4,  //**%@*%...%%....*@%**
0x23,0x10,0x00,0x00,0xc8,  //.#*@*%...++....*@*#.
0x05,0x95,0x55,0x56,0x50,  //.*%*%**********%*%*.
0x05,0x7f,0xff,0xfd,0x50,  //..*%*@@@@@@@@@@*%*..
0x01,0x8b,0xff,0xe2,0x40,  //...*%+%@@@@@@%+%*...
0x00,0x24,0x14,0x18,0x00,  //....+%%******%%+....
0x00,0x01,0x96,0x40,0x00,  //......+%%%%%%+......


/*  */
0x7f,0xff,0xff,0xff,0xff,0xfe,0x00,  //%@@@@@@@@@@@@@@@@@@@@@@#..
0xd0,0x00,0x00,0x00,0x00,0x07,0x00,  //@%*********************@*.
0xd1,0x55,0x55,0x55,0x55,0x43,0x00,  //@*+********************@*.
0xd3,0xff,0xff,0xff,0xff,0xd3,0x80,  //@**@@@@@@@@@@@@@@@@@@**@%+
0xd3,0xff,0xff,0xff,0xff,0xd2,0xa0,  //@**@@@@@@@@@@@@@@@@@@*+%#%
0xd3,0xff,0xff,0xff,0xff,0xd0,0xa0,  //@**@@@@@@@@@@@@@@@@@@*..%%
0xd3,0xff,0xff,0xff,0xff,0xd0,0xa0,  //@**@@@@@@@@@@@@@@@@@@*..%%
0xd3,0xff,0xff,0xff,0xff,0xd0,0xa0,  //@**@@@@@@@@@@@@@@@@@@*..%%
0xd3,0xff,0xff,0xff,0xff,0xd0,0xa0,  //@**@@@@@@@@@@@@@@@@@@*..%%
0xd3,0xff,0xff,0xff,0xff,0xd3,0xd0,  //@**@@@@@@@@@@@@@@@@@@**@@%
0xd3,0xff,0xff,0xff,0xff,0xd3,0x40,  //@**@@@@@@@@@@@@@@@@@@**@%.
0xd0,0x00,0x00,0x00,0x00,0x03,0x00,  //@*.******************+*@*.
0xe5,0x55,0x55,0x55,0x55,0x57,0x00,  //@%********************%@*.
0x7f,0xff,0xff,0xff,0xff,0xfd,0x00,  //*@@@@@@@@@@@@@@@@@@@@@@%..


/*  */
0x7f,0xff,0xff,0xff,0xff,0xfe,0x00,  //%@@@@@@@@@@@@@@@@@@@@@@#..
0xd0,0x00,0x00,0x00,0x00,0x07,0x00,  //@%*********************@*.
0xd1,0x55,0x55,0x55,0x40,0x03,0x00,  //@*+**************+....*@*.
0xd3,0xff,0xff,0xff,0xc0,0x03,0x80,  //@**@@@@@@@@@@@@@@*....*@%+
0xd3,0xff,0xff,0xff,0xc0,0x02,0xa0,  //@**@@@@@@@@@@@@@@*....+%#%
0xd3,0xff,0xff,0xff,0xc0,0x00,0xa0,  //@**@@@@@@@@@@@@@@*......%%
0xd3,0xff,0xff,0xff,0xc0,0x00,0xa0,  //@**@@@@@@@@@@@@@@*......%%
0xd3,0xff,0xff,0xff,0xc0,0x00,0xa0,  //@**@@@@@@@@@@@@@@*......%%
0xd3,0xff,0xff,0xff,0xc0,0x00,0xa0,  //@**@@@@@@@@@@@@@@*......%%
0xd3,0xff,0xff,0xff,0xc0,0x03,0xd0,  //@**@@@@@@@@@@@@@@*....*@@%
0xd3,0xff,0xff,0xff,0xc0,0x03,0x40,  //@**@@@@@@@@@@@@@@*....*@%.
0xd0,0x00,0x00,0x00,0x00,0x03,0x00,  //@*.**************.....*@*.
0xe5,0x55,0x55,0x55,0x55,0x57,0x00,  //@%********************%@*.
0x7f,0xff,0xff,0xff,0xff,0xfd,0x00,  //*@@@@@@@@@@@@@@@@@@@@@@%..


/*  */
0x7f,0xff,0xff,0xff,0xff,0xfe,0x00,  //%@@@@@@@@@@@@@@@@@@@@@@#..
0xd0,0x00,0x00,0x00,0x00,0x07,0x00,  //@%*********************@*.
0xd1,0x55,0x55,0x40,0x00,0x03,0x00,  //@*+**********.........*@*.
0xd3,0xff,0xff,0x80,0x00,0x03,0x80,  //@**@@@@@@@@@%.........*@%+
0xd3,0xff,0xff,0x80,0x00,0x02,0xa0,  //@**@@@@@@@@@%.........+%#%
0xd3,0xff,0xff,0x80,0x00,0x00,0xa0,  //@**@@@@@@@@@%...........%%
0xd3,0xff,0xff,0x80,0x00,0x00,0xa0,  //@**@@@@@@@@@%...........%%
0xd3,0xff,0xff,0x80,0x00,0x00,0xa0,  //@**@@@@@@@@@%...........%%
0xd3,0xff,0xff,0x80,0x00,0x00,0xa0,  //@**@@@@@@@@@%...........%%
0xd3,0xff,0xff,0x80,0x00,0x03,0xd0,  //@**@@@@@@@@@%.........*@@%
0xd3,0xff,0xff,0x80,0x00,0x03,0x40,  //@**@@@@@@@@@%.........*@%.
0xd0,0x00,0x00,0x00,0x00,0x03,0x00,  //@*.*********+.........*@*.
0xe5,0x55,0x55,0x55,0x55,0x57,0x00,  //@%********************%@*.
0x7f,0xff,0xff,0xff,0xff,0xfd,0x00,  //*@@@@@@@@@@@@@@@@@@@@@@%..


/*  */
0x7f,0xff,0xff,0xff,0xff,0xfe,0x00,  //%@@@@@@@@@@@@@@@@@@@@@@#..
0xd0,0x00,0x00,0x00,0x00,0x07,0x00,  //@%*********************@*.
0xd1,0x55,0x00,0x00,0x00,0x03,0x00,  //@*+******.............*@*.
0xd3,0xff,0x40,0x00,0x00,0x03,0x80,  //@**@@@@@*.............*@%+
0xd3,0xff,0x40,0x00,0x00,0x02,0xa0,  //@**@@@@@*.............+%#%
0xd3,0xff,0x40,0x00,0x00,0x00,0xa0,  //@**@@@@@*...............%%
0xd3,0xff,0x40,0x00,0x00,0x00,0xa0,  //@**@@@@@*...............%%
0xd3,0xff,0x40,0x00,0x00,0x00,0xa0,  //@**@@@@@*...............%%
0xd3,0xff,0x40,0x00,0x00,0x00,0xa0,  //@**@@@@@*...............%%
0xd3,0xff,0x40,0x00,0x00,0x03,0xd0,  //@**@@@@@*.............*@@%
0xd3,0xff,0x40,0x00,0x00,0x03,0x40,  //@**@@@@@*.............*@%.
0xd0,0x00,0x00,0x00,0x00,0x03,0x00,  //@*.*****+.............*@*.
0xe5,0x55,0x55,0x55,0x55,0x57,0x00,  //@%********************%@*.
0x7f,0xff,0xff,0xff,0xff,0xfd,0x00,  //*@@@@@@@@@@@@@@@@@@@@@@%..


/*  */
0x7f,0xff,0xff,0xff,0xff,0xfe,0x00,  //%@@@@@@@@@@@@@@@@@@@@@@#..
0xd0,0x00,0x00,0x00,0x00,0x07,0x00,  //@%*********************@*.
0xd0,0x00,0x00,0x00,0x00,0x03,0x00,  //@*....................*@*.
0xd0,0x00,0x00,0x00,0x00,0x03,0x80,  //@*....................*@%+
0xd0,0x00,0x00,0x00,0x00,0x02,0xa0,  //@*....................+%#%
0xd0,0x00,0x00,0x00,0x00,0x00,0xa0,  //@*......................%%
0xd0,0x00,0x00,0x00,0x00,0x00,0xa0,  //@*......................%%
0xd0,0x00,0x00,0x00,0x00,0x00,0xa0,  //@*......................%%
0xd0,0x00,0x00,0x00,0x00,0x00,0xa0,  //@*......................%%
0xd0,0x00,0x00,0x00,0x00,0x03,0xd0,  //@*....................*@@%
0xd0,0x00,0x00,0x00,0x00,0x03,0x40,  //@*....................*@%.
0xd0,0x00,0x00,0x00,0x00,0x03,0x00,  //@*....................*@*.
0xe5,0x55,0x55,0x55,0x55,0x57,0x00,  //@%********************%@*.
0x7f,0xff,0xff,0xff,0xff,0xfd,0x00,  //*@@@@@@@@@@@@@@@@@@@@@@%..


/*  */
0x90,0x00,0x00,0x00,  //#%...........
0xf4,0x00,0x00,0x00,  //@@%..........
0xfd,0x00,0x00,0x00,  //@@@%.........
0xff,0x40,0x00,0x00,  //@@@@%........
0xff,0xd0,0x00,0x00,  //@@@@@%.......
0xff,0xf4,0x00,0x00,  //@@@@@@%......
0xff,0xfd,0x00,0x00,  //@@@@@@@%.....
0xff,0xff,0x40,0x00,  //@@@@@@@@%....
0xff,0xff,0xd0,0x00,  //@@@@@@@@@%...
0xff,0xff,0xf4,0x00,  //@@@@@@@@@@%..
0xff,0xff,0xfd,0x00,  //@@@@@@@@@@@%.
0xff,0xff,0xff,0x40,  //@@@@@@@@@@@@%
0xff,0xff,0xaa,0x40,  //@@@@@@@@%%%%*
0xff,0xff,0x00,0x00,  //@@@@@@@@+....
0xff,0xbf,0x40,0x00,  //@@@@%@@@%....
0xfd,0x2f,0xc0,0x00,  //@@@%.#@@@....
0xf4,0x1f,0xd0,0x00,  //@@%..*@@@*...
0x90,0x0b,0xe0,0x00,  //#%....#@@#...
0x00,0x07,0xf0,0x00,  //......%@@@+..
0x00,0x02,0x40,0x00,  //......+%*+...


/*  */
0xfd,0x07,0xf0,  //@@@%++%@@@
0x06,0xa9,0x00,  //**%####%**
0x00,0xa0,0x00,  //...+##+...
0x00,0xa0,0x00,  //....%%....
0x00,0xa0,0x00,  //....%%....
0x00,0xa0,0x00,  //....%%....
0x00,0xa0,0x00,  //....%%....
0x00,0xa0,0x00,  //....%%....
0x01,0xa4,0x00,  //..+*##*+..
0x02,0xa8,0x00,  //..+%##%+..
0x00,0xa0,0x00,  //....%%....
0x00,0xa0,0x00,  //....%%....
0x00,0xa0,0x00,  //....%%....
0x00,0xa0,0x00,  //....%%....
0x00,0xa0,0x00,  //....%%....
0x00,0xa0,0x00,  //....%%....
0x00,0xa0,0x00,  //....##....
0x01,0xf4,0x00,  //...*@@*...
0x5b,0xae,0x50,  //*%#@%%@#%*
0xa9,0x06,0xa0,  //%%%*..*%%%


/*  */
0xff,0x00,0x00,0x00,0x07,0xf8,  //@@@@*.............*@@@%
0xd7,0xaa,0xaa,0xaa,0xab,0x18,  //@%*@#%%%%%%%%%%%%%#@*%%
0xd7,0xaa,0xaa,0xaa,0xab,0x18,  //@%*@#%%%%%%%%%%%%%#@*%%
0xff,0x00,0x00,0x00,0x07,0xf8,  //@@@@*.............*@@@%
0x18,0x6a,0xaa,0xa0,0x00,0xd0,  //*%#*%%%%%%%%%%+...+*@%+
0x18,0xa5,0x55,0x70,0x00,0xd0,  //.*%.%#******%@*.....@*.
0x18,0xa0,0x00,0x30,0x00,0xd0,  //.*%.%%......*@*.....@*.
0x18,0xa0,0x00,0x3f,0xf4,0xd0,  //.*%.%%......*@@@@@*.@*.
0x18,0xa0,0x00,0x35,0x64,0xd0,  //.*%.%%......*@%**#*.@*.
0x18,0xa0,0x00,0x30,0x24,0xd0,  //.*%.%%......*@*..%*.@*.
0x18,0xa0,0x00,0x30,0x24,0xd0,  //.*%.%%......*@*..%*.@*.
0x18,0xaa,0xaa,0xb0,0x24,0xd0,  //.*%.%#%%%%%%#@*..%*.@*.
0x18,0x6a,0xba,0xa0,0x24,0xd0,  //.*%.%%%%#@%%%%+..%*.@*.
0x18,0x00,0x70,0x00,0x24,0xd0,  //.*%.....*@.......%*.@*.
0x18,0x00,0x7a,0xaa,0xa4,0xd0,  //.*%.....*@%%%%%%%#*.@*.
0x69,0x00,0x15,0x55,0x55,0xe4,  //*%#*+...************@%*
0xff,0x00,0x00,0x00,0x07,0xf8,  //@@@@*.............*@@@%
0xd3,0xff,0xff,0xff,0xff,0x18,  //@**@@@@@@@@@@@@@@@@@.*%
0xe7,0x55,0x55,0x55,0x5b,0x68,  //@%%@%*************%@*%%
0xaa,0x00,0x00,0x00,0x06,0xa4,  //%%%%+.............*%%%%


/*  */
0xff,0x00,0x00,0x0b,0xf4,0x00,0x00,  //@@@@*.........%@@@*.......
0xd7,0xaa,0xaa,0xaa,0x24,0x00,0x00,  //@%*@#%%%%%%%%%##*#*.......
0xd7,0xaa,0xaa,0xaa,0x24,0x00,0x00,  //@%*@#%%%%%%%%%##*#*.......
0xff,0x00,0x00,0x0b,0xf4,0x00,0x00,  //@@@@*.........%@@@*.......
0x18,0x00,0x00,0x01,0xd0,0x1a,0x90,  //*%#*..........+*@*+..*%%%%
0x18,0x00,0x00,0x00,0xd5,0x69,0xa0,  //.*%............*@%***%#*#%
0x18,0x00,0x00,0x00,0xff,0xf8,0xa0,  //.*%............*@@@@@@%.%%
0x18,0x00,0x00,0x00,0xc0,0x1f,0xe0,  //.*%............*@*...*@@@%
0x18,0x00,0x00,0x00,0xc0,0x07,0x50,  //.*%............*@*...*%@%*
0x18,0x00,0x00,0x00,0xc0,0x03,0x00,  //.*%............*@*....*@*.
0x18,0x00,0x00,0x00,0xc0,0x03,0x00,  //.*%............*@*....*@*.
0xaa,0x00,0x00,0x06,0xe4,0x03,0x00,  //%##%+.........%#@#*...*@*.
0xeb,0x40,0x00,0x0a,0xa4,0x03,0x00,  //@##@**********##%#*...*@*.
0xd3,0xff,0xff,0xfe,0x24,0x03,0x00,  //@**@@@@@@@@@@@@%.%*...*@*.
0xeb,0x40,0x70,0x0a,0xa4,0x03,0x00,  //@##@****%@****##%#*...*@*.
0x55,0x01,0xb4,0x05,0x50,0x07,0x50,  //****+..*%@**..*****..*%@%*
0x00,0x02,0xfd,0x00,0x00,0x1f,0xe0,  //.......%@@@*.........*@@@%
0x00,0x02,0x4f,0xff,0xff,0xf8,0xa0,  //.......%*.@@@@@@@@@@@@%.%%
0x00,0x02,0x9e,0x55,0x55,0x69,0xa0,  //.......%%*@%*********%#*#%
0x00,0x01,0xa9,0x00,0x00,0x1a,0x90,  //.......%%%%*.........*%%%%


/*  */
0x6a,0xaa,0xaa,0xaa,0x40,  //%%%%%%%%%%%%%%%%%
0xff,0xff,0xff,0xff,0xc0,  //@@@@@@@@@@@@@@@@@
0xff,0xff,0xff,0xff,0xc0,  //@@@@@@@@@@@@@@@@@
0xff,0xff,0xff,0xff,0xc0,  //@@@@@@@@@@@@@@@@@
0xff,0xff,0xff,0xff,0xc0,  //@@@@@@@@@@@@@@@@@
0xff,0xff,0xff,0xff,0xc0,  //@@@@@@@@@@@@@@@@@
0xff,0xff,0xff,0xff,0xc0,  //@@@@@@@@@@@@@@@@@
0xff,0xff,0xff,0xff,0xc0,  //@@@@@@@@@@@@@@@@@
0xff,0xff,0xff,0xff,0xc0,  //@@@@@@@@@@@@@@@@@
0xff,0xff,0xff,0xff,0xc0,  //@@@@@@@@@@@@@@@@@
0xff,0xff,0xff,0xff,0xc0,  //@@@@@@@@@@@@@@@@@
0xff,0xff,0xff,0xaa,0x80,  //@@@@@@@@@@@@%%%%%
0xff,0xff,0xfd,0x00,0x00,  //@@@@@@@@@@@%.....
0xff,0xff,0xfd,0x2a,0x80,  //@@@@@@@@@@@*+%%%%
0xff,0xff,0xfd,0x3f,0x40,  //@@@@@@@@@@@**@@@*
0xff,0xff,0xfd,0x3d,0x00,  //@@@@@@@@@@@**@@%.
0xbf,0xff,0xfd,0x34,0x00,  //#@@@@@@@@@@**@%..


/*  */
0x6a,0xaa,0xaa,0xaa,0x40,  //%%%%%%%%%%%%%%%%%
0xea,0xaa,0xaa,0xaa,0xc0,  //@#%%%%%%%%%%%%%#@
0xd0,0x00,0x00,0x00,0xc0,  //@*.............*@
0xd0,0x00,0x00,0x00,0xc0,  //@*.............*@
0xd0,0x00,0x00,0x00,0xc0,  //@*.............*@
0xd0,0x00,0x00,0x00,0xc0,  //@*.............*@
0xd0,0x00,0x00,0x00,0xc0,  //@*.............*@
0xd0,0x00,0x00,0x00,0xc0,  //@*.............*@
0xd0,0x00,0x00,0x00,0xc0,  //@*.............*@
0xd0,0x00,0x00,0x00,0xc0,  //@*.............*@
0xd0,0x00,0x00,0x00,0xc0,  //@*.............*@
0xd0,0x00,0x00,0x01,0xc0,  //@*..........****@
0xd0,0x00,0x01,0xff,0xc0,  //@*.........*@@@@@
0xd0,0x00,0x01,0x82,0x80,  //@*.........*#**##
0xd0,0x00,0x01,0x87,0x40,  //@*.........*%.%@*
0xd0,0x00,0x01,0x9d,0x00,  //@*.........*%%@%.
0xbf,0xff,0xff,0xf4,0x00,  //#@@@@@@@@@@@@@%..


/*  */
0x2a,0xaa,0xaa,0xaa,0xaa,0xaa,0x80,  //*%%%%%%%%%%%%%%%%%%%%%%%%+
0xbf,0xff,0xff,0xff,0xff,0xff,0xe0,  //#@@@@@@@@@@@@@@@@@@@@@@@@%
0xff,0xff,0xff,0xff,0xff,0xff,0xe0,  //@@@@@@@@@@@@@@@@@@@@@@@@@%
0xff,0xff,0xff,0xff,0xff,0xff,0xe0,  //@@@@@@@@@@@@@@@@@@@@@@@@@%
0xff,0xff,0xff,0xff,0xff,0xff,0xe0,  //@@@@@@@@@@@@@@@@@@@@@@@@@%
0xff,0xff,0xff,0xaf,0xff,0xff,0xe0,  //@@@@@@@@@@@@#%@@@@@@@@@@@%
0xff,0xd0,0xe0,0x00,0xc0,0x01,0xe0,  //@@@@@*..@#*..*+.@......*@%
0xff,0xd0,0xc0,0xbe,0xc2,0xd0,0xe0,  //@@@@@*..@+.*#@@#@..%@*..@%
0xff,0xd0,0x82,0xff,0xc0,0x02,0xe0,  //@@@@@*..%..%@@@@@..+*.+%@%
0xff,0xd0,0x81,0xff,0xc1,0x90,0xa0,  //@@@@@*..#..%@@@@@..%%*..#%
0xea,0x80,0xc0,0xb9,0xc1,0x90,0xa0,  //@%%##+.+@*..%@#*@..%%*..#%
0xe0,0x06,0xf4,0x01,0xc0,0x01,0xe0,  //@%*****#@@%*****@******%@%
0xff,0xff,0xff,0xff,0xff,0xff,0xe0,  //@@@@@@@@@@@@@@@@@@@@@@@@@%
0xff,0xff,0xff,0xff,0xff,0xff,0xe0,  //@@@@@@@@@@@@@@@@@@@@@@@@@%
0xff,0xff,0xff,0xff,0xff,0xff,0xe0,  //@@@@@@@@@@@@@@@@@@@@@@@@@%
0xff,0xff,0xff,0xff,0xff,0xff,0xe0,  //@@@@@@@@@@@@@@@@@@@@@@@@@%
0xbf,0xff,0xff,0xff,0xff,0xff,0xd0,  //#@@@@@@@@@@@@@@@@@@@@@@@@%


/*  */
0x2a,0xaa,0xaa,0xaa,0xaa,0xaa,0x80,  //*%%%%%%%%%%%%%%%%%%%%%%%%+
0xbf,0xff,0xea,0xaa,0xff,0xff,0xe0,  //#@@@@@@@@#%%%%%%@@@@@@@@@%
0xff,0xfd,0x1a,0x40,0x1b,0xff,0xe0,  //@@@@@@@%**%%*+...*#@@@@@@%
0xff,0xe1,0xff,0xf8,0x01,0xff,0xe0,  //@@@@@#*%@@@@@@%....%@@@@@%
0xff,0xcb,0xff,0xfe,0x00,0xbf,0xe0,  //@@@@@*#@@@@@@@@#....%@@@@%
0xff,0x5f,0x5f,0x5f,0x80,0x2f,0xe0,  //@@@@%%@@%%@@**@@%....#@@@%
0xff,0x3e,0x1f,0x47,0xc0,0x1f,0xe0,  //@@@@*@@%.*@@*.*@@+...%@@@%
0xff,0x3c,0x1f,0x43,0xd0,0x0f,0xe0,  //@@@@*@@+.*@@*..@@*...*@@@%
0xfe,0x7c,0x1f,0x42,0xd0,0x0f,0xe0,  //@@@#*@@..*@@*..%@*...*@@@%
0xfe,0x7c,0x1f,0x42,0xd0,0x0f,0xe0,  //@@@#*@@..*@@*..#@*...*@@@%
0xff,0x3c,0x1f,0x43,0xd0,0x0f,0xe0,  //@@@@*@@*.*@@*.+@@*...*@@@%
0xff,0x6e,0x1f,0x4b,0x80,0x1f,0xe0,  //@@@@*#@#.*@@*.%@#....%@@@%
0xff,0x8f,0xaf,0xaf,0x40,0x3f,0xe0,  //@@@@#*@@#%@@%#@@*...+@@@@%
0xff,0xd7,0xff,0xfd,0x00,0xbf,0xe0,  //@@@@@%%@@@@@@@@%....#@@@@%
0xff,0xf5,0xbf,0xe4,0x02,0xff,0xe0,  //@@@@@@%*#@@@@#*...*#@@@@@%
0xff,0xfe,0x55,0x00,0x2f,0xff,0xe0,  //@@@@@@@#*****...*%@@@@@@@%
0xbf,0xff,0xff,0xff,0xff,0xff,0xd0,  //#@@@@@@@@@@@@@@@@@@@@@@@@%


/*  */
0x7f,0xff,0xff,0xfc,0x00,  //%@@@@@@@@@@@@@@*....
0xd0,0x00,0x00,0x0a,0x00,  //@%************#%....
0xd0,0x00,0x00,0x0a,0x00,  //@*............%%....
0xd0,0x00,0x00,0x05,0x00,  //@*............**....
0xd0,0x2a,0xaa,0xaa,0xa8,  //@*..+%%%%%%%%%%%%%%*
0xd0,0xa5,0x55,0x55,0x5a,  //@*..%#************%#
0xd0,0xa0,0x00,0x00,0x07,  //@*..%%............*@
0xd0,0xa0,0x00,0x00,0x07,  //@*..%%............*@
0xd0,0xa0,0x00,0x00,0x07,  //@*..%%............*@
0xd0,0xa0,0x00,0x00,0x07,  //@*..%%............*@
0xd0,0xa0,0x00,0x00,0x07,  //@*..%%............*@
0xd0,0xa0,0x00,0x00,0x07,  //@*..%%............*@
0xd0,0xa0,0x00,0x00,0x07,  //@*..%%............*@
0xd0,0xa0,0x00,0x00,0x07,  //@*..%%............*@
0xa9,0xa0,0x00,0x00,0x07,  //##%*%%............*@
0x14,0xa0,0x00,0x00,0x07,  //+***%%............*@
0x00,0xa0,0x00,0x00,0x07,  //....%%............*@
0x00,0xa0,0x00,0x00,0x07,  //....%%............*@
0x00,0xa5,0x55,0x55,0x5a,  //....%#************%#
0x00,0x2a,0xaa,0xaa,0xa8,  //....+%%%%%%%%%%%%%%*


/*  */
0x00,0x00,0x07,0xd0,0x00,0x00,  //..........*@@%..........
0x00,0x6a,0xa9,0x3a,0xaa,0x00,  //....*%%%%%#**@%%%%%%....
0x00,0x6a,0xa9,0x3a,0xaa,0x00,  //....*%%%%%#**@%%%%%%....
0x00,0x00,0x07,0xd0,0x00,0x00,  //..........*@@%..........
0x00,0x50,0x01,0x80,0x02,0x00,  //....**.....*%.....*%....
0x00,0x50,0x01,0x80,0x09,0x40,  //...+%%+....*%.....%**...
0x02,0x08,0x01,0x80,0x14,0x80,  //...%++%....*%....**.%...
0x01,0x04,0x01,0x80,0x20,0x10,  //..*%..%*...*%....#..*%..
0x08,0x02,0x01,0x80,0x40,0x20,  //..#....#...*%...**...%+.
0x14,0x01,0x41,0x80,0x80,0x04,  //.**....**..*%..+%....+%.
0x20,0x00,0x81,0x81,0x00,0x04,  //.%......%..*%..%*.....%*
0x50,0x00,0x51,0x81,0x00,0x02,  //**......**.*%.+%......+%
0x80,0x00,0x21,0x85,0x00,0x02,  //#********#.*%.%********%
0xbf,0xff,0xe1,0x87,0xff,0xff,  //#@@@@@@@@#.*%.%@@@@@@@@@
0x2f,0xff,0x81,0x82,0xff,0xfd,  //+#@@@@@@#+.*%..#@@@@@@@*
0x06,0xa9,0x01,0x80,0x6b,0x90,  //..*%##%*...*%...*%#@%%+.
0x00,0x00,0x01,0x80,0x00,0x00,  //...........*%...........
0x00,0x00,0x01,0x80,0x00,0x00,  //...........*%...........
0x00,0x55,0x56,0x95,0x55,0x00,  //....*******%#*******....
0x00,0x6a,0xaa,0xaa,0xaa,0x00,  //....%%%%%%%%%%%%%%%%....


/*  */
0xff,0xff,0xff,0xff,0xc0,  //@@@@@@@@@@@@@@@@@
0x18,0x00,0x00,0x0a,0x00,  //*%#***********##*
0x1c,0x00,0x00,0x0a,0x00,  //.*@...........%%.
0x1c,0x00,0x00,0x0d,0x00,  //.*@...........@*.
0x0d,0x00,0x00,0x0c,0x00,  //.+@*.........+@*.
0x0a,0x00,0x00,0x18,0x00,  //..#%.........%#..
0x07,0x00,0x00,0x34,0x00,  //..*@*.......+@*..
0x02,0x80,0x00,0xa0,0x00,  //...%#+......##...
0x00,0xa0,0x02,0x80,0x00,  //....##*...+##+...
0x00,0x2d,0x1e,0x00,0x00,  //.....#@%.*@#+....
0x00,0x29,0x0b,0x40,0x00,  //....*##*.*#@*....
0x00,0xe0,0x01,0xd0,0x00,  //...+@#.....%@*...
0x02,0x80,0x00,0xa0,0x00,  //...##.......%#+..
0x07,0x00,0x00,0x24,0x00,  //..*@+........#%..
0x09,0x00,0x00,0x1c,0x00,  //..#%.........*@..
0x0c,0x00,0x00,0x0d,0x00,  //.*@*.........+@*.
0x1c,0x00,0x00,0x09,0x00,  //.*@...........#%.
0x18,0x00,0x00,0x0a,0x00,  //.*#...........%%.
0x69,0x55,0x55,0x5a,0x40,  //*%#***********##*
0xaa,0xaa,0xaa,0xaa,0x80,  //%%%%%%%%%%%%%%%%%


/*  */
0xff,0xff,0xff,0xff,0xc0,  //@@@@@@@@@@@@@@@@@
0x18,0x00,0x00,0x0a,0x00,  //*%#***********##*
0x1c,0x00,0x00,0x0a,0x00,  //.*@***********#%.
0x1f,0xff,0xff,0xfd,0x00,  //.*@@@@@@@@@@@@@*.
0x0f,0xff,0xff,0xfc,0x00,  //.+@@@@@@@@@@@@@*.
0x0b,0xff,0xff,0xf8,0x00,  //..#@@@@@@@@@@@#..
0x07,0xff,0xff,0xf4,0x00,  //..*@@@@@@@@@@@*..
0x02,0xff,0xff,0xe0,0x00,  //...%@@@@@@@@@#...
0x00,0xbf,0xff,0x80,0x00,  //....#@@@@@@@#+...
0x00,0x2f,0xfe,0x00,0x00,  //.....#@@@@@#+....
0x00,0x29,0x5b,0x40,0x00,  //....*##%**#@*....
0x00,0xe0,0x01,0xd0,0x00,  //...+@#.....%@*...
0x02,0x80,0x00,0xa0,0x00,  //...##.......%#+..
0x07,0x00,0x00,0x24,0x00,  //..*@+........#%..
0x09,0x00,0x00,0x1c,0x00,  //..#%.........*@..
0x0c,0x00,0x00,0x0d,0x00,  //.*@*.........+@*.
0x1c,0x00,0x00,0x09,0x00,  //.*@...........#%.
0x18,0x00,0x00,0x0a,0x00,  //.*#...........%%.
0x69,0x55,0x55,0x5a,0x40,  //*%#***********##*
0xaa,0xaa,0xaa,0xaa,0x80,  //%%%%%%%%%%%%%%%%%


/*  */
0xff,0xff,0xff,0xff,0xc0,  //@@@@@@@@@@@@@@@@@
0x18,0x00,0x00,0x0a,0x00,  //*%#***********##*
0x1c,0x00,0x00,0x0a,0x00,  //.*@...........%%.
0x1c,0x00,0x00,0x0d,0x00,  //.*@+..........@*.
0x0d,0x00,0x00,0x0c,0x00,  //.+@*.........+@*.
0x0a,0x55,0x55,0x68,0x00,  //..##*********%#..
0x07,0xff,0xff,0xf4,0x00,  //..*@@@@@@@@@@@*..
0x02,0xff,0xff,0xe0,0x00,  //...%@@@@@@@@@#...
0x00,0xbf,0xff,0x80,0x00,  //....#@@@@@@@#+...
0x00,0x2f,0xfe,0x00,0x00,  //.....#@@@@@#+....
0x00,0x29,0x5b,0x40,0x00,  //....*##%**#@*....
0x00,0xe0,0x01,0xd0,0x00,  //...+@#.....%@*...
0x02,0x80,0x00,0xa0,0x00,  //...##.......%#+..
0x07,0x00,0x00,0x24,0x00,  //..*@+........#%..
0x0a,0x00,0x00,0x2c,0x00,  //..#%*********%@..
0x0f,0xff,0xff,0xfd,0x00,  //.*@@@@@@@@@@@@@*.
0x1f,0xff,0xff,0xfd,0x00,  //.*@@@@@@@@@@@@@%.
0x1f,0xff,0xff,0xfe,0x00,  //.*@@@@@@@@@@@@@%.
0x6f,0xff,0xff,0xfe,0x40,  //*%@@@@@@@@@@@@@#*
0xaa,0xaa,0xaa,0xaa,0x80,  //%%%%%%%%%%%%%%%%%


/*  */
0xff,0xff,0xff,0xff,0xc0,  //@@@@@@@@@@@@@@@@@
0x18,0x00,0x00,0x0a,0x00,  //*%#***********##*
0x1c,0x00,0x00,0x0a,0x00,  //.*@...........%%.
0x1c,0x00,0x00,0x0d,0x00,  //.*@...........@*.
0x0d,0x00,0x00,0x0c,0x00,  //.+@*.........+@*.
0x0a,0x00,0x00,0x18,0x00,  //..#%.........%#..
0x07,0x00,0x00,0x34,0x00,  //..*@*.......+@*..
0x02,0x80,0x00,0xa0,0x00,  //...%#+......##...
0x00,0xa0,0x02,0x80,0x00,  //....##*...+##+...
0x00,0x2d,0x1e,0x00,0x00,  //.....#@%.*@#+....
0x00,0x29,0x0b,0x40,0x00,  //....*##*.*#@*....
0x00,0xe0,0x01,0xd0,0x00,  //...+@#.....%@*...
0x02,0x80,0x00,0xa0,0x00,  //...##*******##+..
0x07,0xff,0xff,0xf4,0x00,  //..*@@@@@@@@@@@%..
0x0b,0xff,0xff,0xfc,0x00,  //..#@@@@@@@@@@@@..
0x0f,0xff,0xff,0xfd,0x00,  //.*@@@@@@@@@@@@@*.
0x1f,0xff,0xff,0xfd,0x00,  //.*@@@@@@@@@@@@@%.
0x1f,0xff,0xff,0xfe,0x00,  //.*@@@@@@@@@@@@@%.
0x6f,0xff,0xff,0xfe,0x40,  //*%@@@@@@@@@@@@@#*
0xaa,0xaa,0xaa,0xaa,0x80,  //%%%%%%%%%%%%%%%%%


/*  */
0xff,0xff,0xff,0xff,0xc0,  //@@@@@@@@@@@@@@@@@
0xff,0xff,0xff,0xff,0xc0,  //@@@@@@@@@@@@@@@@@
0x00,0x00,0x00,0x00,0x00,  //.+*************+.
0x1f,0xff,0xff,0xfd,0x00,  //.*@@@@@@@@@@@@@%.
0x0f,0xff,0xff,0xfd,0x00,  //.+@@@@@@@@@@@@@*.
0x0b,0xff,0xff,0xf8,0x00,  //..%@@@@@@@@@@@#..
0x02,0xff,0xff,0xf0,0x00,  //..+#@@@@@@@@@@*..
0x01,0xff,0xff,0xd0,0x00,  //...*@@@@@@@@@*...
0x00,0x2f,0xfe,0x40,0x00,  //....+#@@@@@#*....
0x00,0x0b,0xf8,0x00,0x00,  //......%@@@#+.....
0x00,0x0b,0xf9,0x00,0x00,  //.....*#@@@#*.....
0x00,0x7f,0xff,0x40,0x00,  //....*@@@@@@@%....
0x01,0xff,0xff,0xd0,0x00,  //...%@@@@@@@@@%...
0x03,0xff,0xff,0xf4,0x00,  //..*@@@@@@@@@@@*..
0x0b,0xff,0xff,0xfc,0x00,  //..#@@@@@@@@@@@@+.
0x0f,0xff,0xff,0xfd,0x00,  //.*@@@@@@@@@@@@@*.
0x1f,0xff,0xff,0xfe,0x00,  //.*@@@@@@@@@@@@@%.
0x00,0x00,0x00,0x00,0x00,  //*****************
0xff,0xff,0xff,0xff,0xc0,  //@@@@@@@@@@@@@@@@@
0xaa,0xaa,0xaa,0xaa,0x80,  //%%%%%%%%%%%%%%%%%


/*  */
0x00,0x67,0xfb,0x90,0x00,  //....*%%@@@#@#*...
0x02,0xa9,0x18,0xbe,0x00,  //...%#%#%*%#*%@@#+
0x03,0x40,0x00,0x26,0x80,  //..*@*.**..*.*#*##
0x2f,0x00,0x00,0x00,0xc0,  //+#@@*.**..*.**.*@
0xa1,0x00,0x00,0x00,0xc0,  //##*%*..........*@
0xd0,0x00,0x00,0x00,0xc0,  //@*..*..........*@
0xd0,0x00,0x00,0x00,0xc0,  //@*..*..........*@
0xd0,0x00,0x00,0x01,0xc0,  //@*..+..........*@
0x90,0x00,0x00,0x02,0x80,  //#%.............%#
0x74,0x00,0x00,0x02,0x40,  //*@*............#%
0x1d,0x00,0x00,0x03,0x00,  //.%@%..........+@*
0x07,0x40,0x00,0x07,0x00,  //..*@%.........*@.
0x01,0xd0,0x00,0x0a,0x00,  //...*@*........%#.
0x00,0xa0,0x00,0x0a,0x00,  //....%#........#%.
0x00,0x3f,0xff,0xfc,0x00,  //....*@@@@@@@@@@*.


/*  */
0x00,0x00,0xbd,0x00,0x00,  //........%@@%......
0x00,0x0a,0x87,0x90,0x00,  //.....*%##**@%%....
0x00,0x3a,0x43,0xa8,0x00,  //....*@##%..@%##...
0x00,0xa0,0x41,0x0c,0x00,  //....%#..*..%.+@*..
0x00,0xa0,0x01,0x0e,0x40,  //....%%..*..*..@#%+
0x00,0xa0,0x01,0x09,0xa0,  //....%%..*..*..#%##
0x00,0xa0,0x01,0x00,0x30,  //....%%..*..*..*.*@
0x00,0xa0,0x01,0x00,0x30,  //....%%..*..*..*.*@
0x05,0xa0,0x01,0x00,0x30,  //.***#%..*..*..*.*@
0x7b,0xe0,0x01,0x00,0x30,  //*@#@@%..+..*..+.*@
0xa0,0xa0,0x00,0x00,0x30,  //#%..#%..........*@
0xd0,0x20,0x00,0x00,0x30,  //@*..+%..........*@
0xa0,0x00,0x00,0x00,0x30,  //%#...*..........*@
0x28,0x00,0x00,0x00,0x70,  //+#%.............*@
0x0d,0x00,0x00,0x00,0x60,  //.*@*............*#
0x07,0x00,0x00,0x00,0xa0,  //..%@*...........%%
0x02,0x80,0x00,0x00,0x90,  //...##...........#*
0x00,0xa0,0x00,0x00,0xc0,  //...+#%.........+@*
0x00,0x39,0x55,0x56,0x80,  //....*@%********##.
0x00,0x0a,0xaa,0xaa,0x00,  //.....*%%%%%%%%%%+.


/*  */
0x01,0x90,0x00,0x00,0x00,  //...*%%+.............
0x0b,0xae,0x40,0x00,0x00,  //..%@%#@#*...........
0x0d,0x02,0xf8,0x00,0x00,  //.+@*..*%@@%*........
0x0c,0x00,0x1b,0xaa,0xa4,  //.*@*....+*#@#%%%%%*.
0x0a,0x40,0x00,0x65,0x5d,  //..##*......+%%***%@%
0x02,0xe4,0x00,0x40,0x06,  //..+%@#%+....*.....%#
0x1f,0xff,0x91,0x00,0x07,  //.%@@@@@@#*.*......*@
0x65,0x55,0x50,0x00,0x07,  //%#********.*..+...*@
0xd0,0x00,0x00,0x04,0x07,  //@*.........*..*...*@
0x90,0x00,0x05,0x04,0x07,  //#%........**..*...*@
0x7a,0xaa,0x40,0x04,0x07,  //*@#%%%%%%*.*..*...*@
0x1a,0xad,0x00,0x54,0x07,  //.*%%%#@*....%%*...*@
0x00,0x0c,0x05,0x00,0x07,  //.....*@*..**+.++..*@
0x00,0x0a,0x50,0x00,0x07,  //......##**+...++..*@
0x00,0x02,0x80,0x10,0x0a,  //......+#%...+**..+##
0x00,0x01,0x81,0x06,0xb8,  //.......%#.+**+*%#@#+
0x00,0x00,0xbf,0xfe,0x40,  //.......+#@@@@@@#%*..


/*  */
0x7f,0xff,0xff,0xf4,0x00,0x00,  //*@@@@@@@@@@@@@%........
0xa0,0x00,0x00,0x1d,0x00,0x00,  //#%************@*.......
0xd0,0x00,0x00,0x07,0x00,0x00,  //@*+*********..*@*......
0xa0,0x00,0x00,0x02,0x80,0x00,  //##*............##......
0x30,0x00,0x00,0x00,0xa0,0x00,  //*@*............+#%.....
0x29,0x55,0x55,0x00,0x34,0x00,  //.##*********+...*@*....
0x0b,0xff,0xff,0x80,0x1c,0x00,  //.+%@@@@@@@@@%....%@+...
0x00,0x00,0x02,0x40,0x0a,0x00,  //...........#%.....##...
0x00,0x15,0x57,0x00,0x02,0x40,  //....+*****%@+.....+#%..
0x00,0xea,0xaa,0x00,0x01,0xd0,  //...*@#%%%%%%.......*@*.
0x02,0x80,0x00,0x00,0x00,0xa0,  //...#%...............%#.
0x03,0x00,0x00,0x00,0x00,0x34,  //..+@*...............+@*
0x03,0x40,0x00,0x00,0x00,0x28,  //...@%******+.........%%
0x01,0xff,0xff,0x80,0x00,0x18,  //...*@@@@@@@@%*.......*%
0x00,0x00,0x01,0xb8,0x00,0x18,  //.....*******#@%+.....*%
0x00,0x00,0x00,0x1a,0x00,0x18,  //.............*#%.....*%
0x00,0x00,0x00,0x0a,0x00,0x18,  //..............%%.....*%
0x00,0x00,0x00,0x0a,0x00,0x18,  //..............%%.....*%
0x00,0x00,0x00,0x06,0x55,0x68,  //..............%#%****#%
0x00,0x00,0x00,0x01,0xaa,0xa0,  //...............%%%%%%%.


/*  */
0x00,0x00,0x06,0xe0,0x00,0x00,  //....++....*#@#+......
0x02,0xf8,0x0d,0x28,0x00,0x00,  //...%@@#..+@%*#%......
0x07,0x09,0x1c,0x1e,0x00,0x00,  //..*@**#%.*@..*@%+....
0x2e,0x0a,0x28,0x16,0x80,0x00,  //+#@%..%#.%#..%%##....
0xa2,0x07,0x24,0x00,0xc0,0x00,  //%#*%..*@.#%..*.+@*...
0xd0,0x03,0x70,0x00,0xc0,0x00,  //@*..*.+@*@*..+.*@*...
0x90,0x02,0xb0,0x01,0xc0,0x00,  //#%..*..##@..*..*@....
0x60,0x02,0xe0,0x02,0x80,0x00,  //%#..*..%@#..*..%%....
0x70,0x01,0xd0,0x02,0x40,0x00,  //*@+.*..*@%..*..#*....
0x30,0x00,0x80,0x03,0x00,0x00,  //+@*..+.+%*..+.+@*.+..
0x24,0x00,0x00,0x07,0x6e,0x40,  //.#%...........*@*#@#*
0x18,0x00,0x00,0x0b,0xe2,0xc0,  //.%%...........%@@%*%@
0x18,0x00,0x00,0x0b,0x40,0xc0,  //.*#...........%@*...@
0x1c,0x00,0x00,0x08,0x00,0xc0,  //.*@...........%*...*@
0x0c,0x00,0x00,0x00,0x07,0x80,  //.+@*..............*@#
0x09,0x00,0x00,0x00,0x2d,0x00,  //..#%.............%@%.
0x0a,0x00,0x00,0x00,0xa4,0x00,  //..%#...........+##*..
0x07,0x00,0x00,0x07,0x80,0x00,  //..*@..........*@#+...
0x02,0x95,0x55,0x6d,0x00,0x00,  //..+##********%@%.....
0x00,0xaa,0xaa,0xa0,0x00,0x00,  //...*%%%%%%%%%%*......


/*  */
0x00,0x1f,0x80,0x00,0x00,  //.....%@@%..........
0x00,0x74,0xa0,0x00,0x00,  //....*@**#%.........
0x00,0xa0,0x70,0x00,0x00,  //....%%..*@.........
0x00,0xa0,0x70,0x00,0x00,  //....%%..*@.........
0x00,0xa0,0x70,0x00,0x00,  //....%%..*@.........
0x00,0xa0,0x79,0x00,0x00,  //....%%..*@%*+*.....
0x00,0xa0,0x6a,0xf8,0x00,  //....%%..*#%#@@#**..
0x00,0xa0,0x41,0x4b,0xe0,  //....%%..*..*%*#@@#.
0x05,0xa0,0x40,0x00,0x34,  //.***#%..*..**.**+@*
0x7b,0xe0,0x00,0x00,0x24,  //*@#@@%..+........%*
0xa0,0xa0,0x00,0x00,0x24,  //#%..#%...........%*
0xd0,0x20,0x01,0x00,0x24,  //@*..+%..+..*..+..%*
0xa0,0x00,0x01,0x00,0x24,  //%#...*..*..*..*..#*
0x28,0x00,0x01,0x00,0x34,  //+#%.....*..*..*..@*
0x0d,0x00,0x01,0x00,0x30,  //.*@*....*..*..*.*@+
0x07,0x00,0x00,0x00,0x60,  //..%@*...+..*..+.%#.
0x02,0x80,0x00,0x00,0xa0,  //...##...........#%.
0x00,0xa0,0x00,0x00,0xd0,  //...+#%..........@*.
0x00,0x39,0x55,0x56,0xc0,  //....*@%********%@+.
0x00,0x0a,0xaa,0xaa,0x40,  //.....*%%%%%%%%%%*..


/*  */
0x00,0x02,0xe4,0x00,0x00,  //......+#@#*......
0x00,0x0a,0x2c,0x00,0x00,  //..**..##*%@+.....
0x2f,0x8c,0x0d,0x00,0x00,  //+#@@#*@*..@*.....
0xa0,0xac,0x0d,0x00,0x00,  //##+*#%@*..@*.....
0xd0,0x7c,0x0d,0x00,0x00,  //@*..%@@*..@*.....
0xa0,0x3c,0x0e,0x40,0x00,  //#%..+@@*..@%*....
0x70,0x2c,0x0f,0xe0,0x00,  //*@+..#@*..@@@#...
0x34,0x1c,0x08,0x2e,0x00,  //.@*..*@*..#++#@%+
0x28,0x0c,0x04,0x26,0x80,  //.%#..+@*..*..%*##
0x0c,0x04,0x00,0x00,0xc0,  //.*@+..%+.*..*+.*@
0x09,0x00,0x10,0x41,0xc0,  //..#%.....*..*..*@
0x06,0x05,0x54,0x01,0xc0,  //..%#.****%*+*..%@
0x03,0x40,0x02,0x04,0xc0,  //..*@**.....%..**@
0x03,0x40,0x01,0x05,0xc0,  //..*@*.....+*..**@
0x03,0x00,0x01,0x12,0x80,  //..*@*..+******.%%
0x03,0x00,0x00,0x03,0x40,  //..*@*.......+..@*
0x03,0x00,0x00,0x03,0x00,  //..*@*.........*@*
0x03,0x40,0x00,0x07,0x00,  //...@*.........%@.
0x02,0x95,0x55,0x5d,0x00,  //...%#%*******%@%.
0x00,0x6a,0xaa,0xa4,0x00,  //....%%%%%%%%%%*..


/*  */
0xff,0xff,0xd2,0xe0,0x07,0xc0,  //@@@@@@@@@*.%@#....*@@*
0x55,0xf5,0x42,0xf0,0x0b,0xc0,  //***%@@****.#@@*...#@@*
0x00,0xf0,0x03,0xf8,0x0f,0xd0,  //...*@@.....@@@%..*@@@*
0x00,0xf0,0x03,0xfc,0x2f,0xd0,  //...*@@.....@@@@+.%@@@*
0x00,0xf0,0x03,0xed,0x3e,0xd0,  //...*@@.....@@%@*+@@#@*
0x00,0xf0,0x03,0xce,0x79,0xd0,  //...*@@....*@@*@#%@%*@%
0x00,0xf0,0x03,0xcb,0xf1,0xe0,  //...*@@....*@@.#@@@**@%
0x00,0xf0,0x03,0x87,0xe1,0xe0,  //...*@@....*@#.*@@#.*@%
0x00,0xf0,0x07,0x82,0xd0,0xe0,  //...*@@....*@%..#@*.*@#
0x00,0xf0,0x07,0x80,0x00,0xf0,  //...*@@....*@%......*@@
0x00,0xe0,0x07,0x40,0x00,0xf0,  //...*@#....*@%......+@@


/*  */
0x00,0x06,0xff,0x90,0x00,  //.....+*#@@@@#*+.....
0x00,0x6f,0xaa,0xf9,0x00,  //....*#@@%%%%@@#*....
0x02,0xe4,0x00,0x1b,0x80,  //...%@#*......*#@%...
0x0b,0x80,0x00,0x02,0xe0,  //..%@%..........%@%..
0x1e,0x0a,0xaa,0x00,0xb4,  //.*@#..%%%%%%*...#@*.
0x28,0x0f,0xff,0xc0,0x28,  //.##...@@@@@@@*...##.
0x74,0x0f,0x42,0xe0,0x1d,  //*@*...@@***#@%...*@*
0xb0,0x0f,0x01,0xe0,0x0e,  //%@+...@@*..*@#...+@%
0xa0,0x0f,0x01,0xe0,0x0a,  //##....@@*..%@%....##
0xe0,0x0f,0xab,0xd0,0x0b,  //@%....@@#%%@@*....%@
0xe0,0x0f,0xff,0x40,0x0b,  //@%....@@@@@@%.....%@
0xb0,0x0f,0x4b,0x40,0x0e,  //#@....@@**#@*.....@#
0x70,0x0f,0x07,0xc0,0x0d,  //%@+...@@*.*@@+...+@%
0x34,0x0f,0x02,0xd0,0x1c,  //*@%...@@*..#@%...%@*
0x2c,0x0f,0x00,0xf0,0x38,  //.#@*..@@*..*@@*.*@#.
0x0e,0x05,0x00,0x50,0xb0,  //.*@#+.**+...***+#@*.
0x07,0x80,0x00,0x02,0xd0,  //..*@#*........*#@*..
0x01,0xf8,0x00,0x2f,0x40,  //...*@@%*....*%@@*...
0x00,0x2f,0xff,0xf8,0x00,  //....+%@@@@@@@@%+....
0x00,0x01,0xaa,0x40,0x00,  //......+%%%%%%+......


/*  */
0x00,0x06,0xff,0x90,0x00,  //.....+*#@@@@#*+.....
0x00,0x6f,0xaa,0xf9,0x00,  //....*#@@%%%%@@#*....
0x02,0xe4,0x00,0x1b,0x80,  //...%@#*......*#@%...
0x0b,0x80,0x00,0x02,0xe0,  //..%@%..........%@%..
0x1e,0x00,0x00,0x00,0xb4,  //.*@#............#@*.
0x28,0x00,0x00,0x00,0x28,  //.##..............##.
0x74,0x2a,0x40,0xa9,0x1d,  //*@*.*%##*..+%##*.*@*
0xb0,0xff,0xd3,0xff,0x4e,  //%@+*@@@@@**@@@@@*+@%
0xa2,0xd0,0x4b,0x41,0x0a,  //##.#@*..*.#@*..*..##
0xe3,0xc0,0x0f,0x00,0x0b,  //@%.@@.....@@......%@
0xe3,0xc0,0x0f,0x00,0x0b,  //@%.@@.....@@......%@
0xb2,0xe0,0x9b,0x82,0x4e,  //#@.%@%**#*%@%**#*.@#
0x70,0xbf,0xd2,0xff,0x4d,  //%@++#@@@@%+#@@@@%+@%
0x34,0x15,0x00,0x54,0x1c,  //*@%..*%**...*%**.%@*
0x2c,0x00,0x00,0x00,0x38,  //.#@*............*@#.
0x0e,0x00,0x00,0x00,0xb0,  //.*@#+..........+#@*.
0x07,0x80,0x00,0x02,0xd0,  //..*@#*........*#@*..
0x01,0xf8,0x00,0x2f,0x40,  //...*@@%*....*%@@*...
0x00,0x2f,0xff,0xf8,0x00,  //....+%@@@@@@@@%+....
0x00,0x01,0xaa,0x40,0x00,  //......+%%%%%%+......


/*  */
0x00,0x01,0x00,0x10,0x00,0x00,  //.......*.....*.......
0x00,0x0b,0x40,0x78,0x00,0x00,  //......#@*...%@#......
0x00,0x2a,0x81,0xee,0x00,0x00,  //.....####..%@%@#.....
0x00,0xa0,0x07,0x47,0x80,0x00,  //....##+...%@%.*@#....
0x02,0x80,0x1e,0x01,0xe0,0x00,  //...##+...*@%...*@#...
0x0a,0x00,0x0b,0x40,0x78,0x00,  //..##+.....#@*...*@#..
0x28,0x00,0x02,0xd0,0x1e,0x00,  //.##+.......#@*...*@#.
0xb0,0x06,0x00,0xb4,0x07,0x80,  //#@+...%#....#@*...*@#
0x74,0x02,0x80,0x20,0x07,0x40,  //%@%...+##....%+...%@%
0x1d,0x00,0xa0,0x00,0x1d,0x00,  //.%@%...+##.......%@%.
0x07,0x40,0x28,0x00,0x74,0x00,  //..%@%...+##.....%@%..
0x01,0xd0,0x28,0x01,0xd0,0x00,  //...%@%..+##+...%@%...
0x00,0x74,0xa0,0x07,0x40,0x00,  //....%@%+##+.*.%@%....
0x00,0x1f,0x80,0xad,0x00,0x00,  //.....%@@#+..##@%.....
0x00,0x06,0x00,0x24,0x00,0x00,  //......%#+...+#%......


/*  */
0x00,0x06,0xff,0x90,0x00,  //.....+*#@@@@#*+.....
0x00,0x6f,0xff,0xf9,0x00,  //....*#@@@@@@@@#*....
0x02,0xff,0xff,0xff,0x80,  //...%@@@@@@@@@@@@%...
0x0b,0xff,0xff,0xff,0xe0,  //..%@@@@@@@@@@@@@@%..
0x1f,0xff,0xfe,0xff,0xf4,  //.*@@@@@@@@@#@@@@@@*.
0x2f,0xfd,0x78,0x7f,0xf8,  //.#@@@@@**@#+*@@@@@#.
0x7f,0xf4,0x20,0x1f,0xfd,  //*@@@@@*..#+..*@@@@@*
0xbf,0xd1,0x82,0x87,0xfe,  //%@@@@*.%#+.##.*@@@@%
0xbf,0x46,0xd1,0xe1,0xfe,  //#@@@*.%#@%.*@#.*@@@#
0xfd,0x1c,0x74,0x78,0x7f,  //@@@*.%@+*@%.*@#.*@@@
0xfd,0x1d,0x1d,0x74,0x7f,  //@@@%.%@%.*@%%@*.%@@@
0xbf,0x47,0x47,0xd1,0xfe,  //#@@@%.%@%.*@@*.%@@@#
0x7f,0xd1,0x46,0x47,0xfd,  //%@@@@%.%%.%#*.%@@@@%
0x3f,0xf4,0x18,0x1f,0xfc,  //*@@@@@%..%#..%@@@@@*
0x2f,0xfd,0x7d,0x7f,0xf8,  //.#@@@@@%%@@%%@@@@@#.
0x0f,0xff,0xff,0xff,0xf0,  //.*@@@@@@@@@@@@@@@@*.
0x07,0xff,0xff,0xff,0xd0,  //..*@@@@@@@@@@@@@@*..
0x01,0xff,0xff,0xff,0x40,  //...*@@@@@@@@@@@@*...
0x00,0x2f,0xff,0xf8,0x00,  //....+%@@@@@@@@%+....
0x00,0x01,0xaa,0x40,0x00,  //......+%%%%%%+......


/*  */
0x00,0x00,0x16,0xa5,0x00,0x00,0x00,  //........+**%%%%**.........
0x00,0x06,0xa5,0x55,0xb9,0x00,0x00,  //.....+%##%*****%%@%*......
0x00,0x7d,0x00,0x00,0x0b,0x80,0x00,  //****%@@*.........+%@#****+
0x7f,0xeb,0xd0,0x00,0xba,0xff,0xc0,  //*@@@@#%@@%.....+%@##@@@@@+
0x2e,0x00,0x28,0x07,0x80,0x1b,0x40,  //.#@%*...*##+..*@%+...*#@%.
0x24,0x00,0x0a,0x09,0x00,0x02,0x40,  //.#%.......##.+#*.......#%.
0x60,0x6a,0x02,0x58,0x1a,0x80,0xc0,  //*#..*###*..#*%%..%###+.*@+
0x90,0x80,0x81,0xa0,0x60,0x20,0x90,  //%%.*#..+#+.%%#*.*%..*#..#*
0xc2,0x18,0x51,0xb0,0x8a,0x10,0x60,  //@*.%*%#+%*.*#@+.%+##.%*.%%
0xc2,0x18,0x51,0xf0,0x8a,0x20,0x60,  //@*.%*%#+%*.*@@+.%+##.%*.%%
0x90,0x80,0x81,0xf0,0x60,0x20,0x90,  //%%.*#..+#+.%@@*.*%..*#..#*
0x60,0x6a,0x02,0xf8,0x1b,0x80,0xc0,  //*#..*###*..#@@%..*#@#+.*@+
0x24,0x00,0x0b,0xfd,0x00,0x02,0x40,  //.#%.......#@@@@*.......#%.
0x0a,0x00,0x28,0xe7,0x80,0x1a,0x00,  //.+#%*...*##*@#*@%+...*##..
0x01,0xeb,0xd0,0x40,0xba,0xe4,0x00,  //..+%@#%@@%..**.+%@##@#*...


/*  */
0x01,0xbe,0x40,  //...*#@@#%...
0x07,0xff,0xe0,  //..%@@@@@@#..
0x0f,0x96,0xf4,  //.*@@#%*#@@%.
0x2f,0x00,0xbc,  //.%@@+...#@@.
0x2e,0x00,0x7c,  //.#@%....*@@*
0x2e,0x00,0x7c,  //.#@%....*@@+
0x2f,0x00,0xb8,  //.%@@+...#@#.
0x0f,0xe6,0xf4,  //.*@@@%%#@@*.
0x07,0xff,0xd0,  //..*@@@@@@%..
0x00,0xbe,0x40,  //...*%@@#*...
0x74,0x00,0x1a,  //%@%......*##
0xbf,0x95,0xbf,  //%@@@%**%#@@@
0x2f,0xff,0xf8,  //+#@@@@@@@@#*
0x06,0xbe,0x90,  //..*%#@@#%*..
0x00,0x7d,0x00,  //....*@@%....
0x01,0xff,0x40,  //...*@@@@%...
0x07,0xeb,0xd0,  //..*@@##@@%..
0x1f,0x82,0xf4,  //.*@@#+.#@@%.
0x2e,0x00,0xbc,  //.#@#+...#@@*
0x18,0x00,0x28,  //.*%+.....%%.


/*  */
0x06,0xaa,0xaa,0xa8,0x00,  //.*%%%%%%%%%%%%%*.
0x3f,0xfe,0xaf,0xff,0x40,  //*@@@@@@#%#@@@@@@*
0xbf,0xf4,0x02,0xff,0x80,  //#@@@@@*...*#@@@@#
0xff,0xd0,0x40,0xff,0xc0,  //@@@@@*.+*+.*@@@@@
0xff,0xc2,0xe0,0xbf,0xc0,  //@@@@@..#@#+.#@@@@
0xff,0xc3,0xf0,0xbf,0xc0,  //@@@@@.+@@@*.%@@@@
0xff,0xc2,0xe0,0xff,0xc0,  //@@@@@+.%@#..@@@@@
0xff,0xe0,0x01,0xff,0xc0,  //@@@@@%.....%@@@@@
0xff,0xf8,0x0b,0xff,0xc0,  //@@@@@@%+.+%@@@@@@
0xff,0x46,0xe4,0x3f,0xc0,  //@@@@*.%#@#%.*@@@@
0xff,0x40,0x00,0x7f,0xc0,  //@@@@%.......%@@@@
0xff,0xe4,0x06,0xff,0xc0,  //@@@@@#**.+*#@@@@@
0xff,0xf8,0x0b,0xff,0xc0,  //@@@@@@#+.+#@@@@@@
0xff,0xe0,0x02,0xff,0xc0,  //@@@@@#+.+.+#@@@@@
0xff,0xc1,0xd0,0xbf,0xc0,  //@@@@@+.*@*.+#@@@@
0xbf,0xc7,0xf4,0xbf,0x80,  //%@@@@+*@@@*.#@@@#
0x2f,0xff,0xff,0xfe,0x00,  //+#@@@@@@@@@@@@@#+


/*  */
0x2a,0xaa,0xaa,0xaa,0xa0,  //+%%%%%%%%%%%%%%%%%*
0xbf,0xff,0xff,0xff,0xfc,  //#@@@@@@@@@@@@@@@@@@
0xff,0xff,0xff,0xff,0xfc,  //@@@@@@@@@@@@@@@@@@@
0xff,0xff,0xff,0xff,0xfc,  //@@@@@@@@@@@@@@@@@@@
0xff,0xff,0xff,0xff,0xfc,  //@@@@@@@@@@@@@@@@@@@
0xff,0x4b,0xff,0xd2,0xfc,  //@@@@**#@@@@@@**#@@@
0xfe,0x02,0xfe,0x01,0xfc,  //@@@%..+#@@@#*..*@@@
0xff,0x00,0xb8,0x02,0xfc,  //@@@@+...#@#+..+#@@@
0xff,0x90,0x20,0x0b,0xfc,  //@@@@#*...%+..+#@@@@
0xbf,0xf4,0x00,0x2f,0xfc,  //#@@@@@*.....+#@@@@@
0x7f,0xfd,0x00,0xbf,0xf8,  //%@@@@@@*...+#@@@@@#
0x3f,0xff,0x42,0xff,0xf4,  //*@@@@@@@*.+#@@@@@@*
0x2f,0xff,0xef,0xff,0xe0,  //.%@@@@@@@#@@@@@@@#.
0x0f,0xff,0xff,0xff,0xc0,  //.+@@@@@@@@@@@@@@@*.
0x07,0xff,0xff,0xff,0x40,  //..*@@@@@@@@@@@@@%..
0x00,0xbf,0xff,0xf9,0x00,  //...*#@@@@@@@@@#*...
0x00,0x1b,0xff,0x90,0x00,  //.....*#@@@@@#%+....


/*  */
0x2f,0x90,0x1f,0x40,0xa0,0x1b,0x40,  //*#@@#*+.**@@*.+*##*.+*#@*+
0x0b,0x80,0x0b,0x40,0x80,0x05,0x00,  //..#@#.....#@*...#+....%%..
0x03,0xc0,0x07,0x81,0x40,0x0c,0x00,  //..+@@+....*@#..*%.....@+..
0x02,0xd0,0x02,0xc2,0x00,0x18,0x00,  //...%@%.....#@*.#+....*%...
0x00,0xf0,0x01,0xe5,0x00,0x20,0x00,  //...*@@+....*@%*%.....#*...
0x00,0xb4,0x00,0xb8,0x00,0x60,0x00,  //....#@*.....#@#+....*#....
0x00,0x78,0x00,0x78,0x00,0x90,0x00,  //....*@#.....%@#.....#*....
0x00,0x2d,0x00,0x3c,0x00,0x80,0x00,  //.....#@*....*@@*...*#.....
0x00,0x1e,0x00,0xae,0x01,0x40,0x00,  //.....%@#....%#@%...%*.....
0x00,0x0f,0x00,0x8f,0x03,0x00,0x00,  //.....+@@*..*#+@@+.+@+.....
0x00,0x07,0x42,0x0b,0x45,0x00,0x00,  //......%@%..#*.%@%.%%......
0x00,0x03,0xc6,0x03,0xc8,0x00,0x00,  //......*@@+*%..*@@+#*......
0x00,0x02,0xd8,0x02,0xe8,0x00,0x00,  //.......%@%#*...#@##.......
0x00,0x01,0xf8,0x01,0xf4,0x00,0x00,  //.......*@@%....*@@*.......
0x00,0x00,0xb0,0x00,0xa0,0x00,0x00,  //........#@*.....##........
0x00,0x00,0x60,0x00,0x50,0x00,0x00,  //........*%......%*........


/*  */
0x00,0x06,0xff,0x90,0x00,  //.....+*#@@@@#*+.....
0x00,0x64,0x00,0x19,0x00,  //....*#%*....*%#*....
0x02,0x82,0xbf,0x82,0x80,  //...%#+*%%@@@%*+#%...
0x09,0x2f,0xff,0xe4,0x60,  //..%%.%@@@@@@@#%.%%..
0x18,0xbf,0xff,0xea,0x24,  //.*#+#@@@@@@@@###+#*.
0x21,0xff,0xff,0x9f,0x88,  //.#**@@@@@@@@#*@@%*#.
0x63,0xff,0xfe,0x2f,0xc9,  //*%*@@@@@@@@#.#@@@*%*
0x97,0xff,0xf8,0x7f,0xd6,  //%*%@@@@@@@#.*@@@@%*%
0x8b,0xff,0xe0,0xbf,0xd2,  //#*#@@@@@@#..#@@@@%*#
0xcf,0xff,0x96,0xff,0xf3,  //@.@@@@@@#%*%@@@@@@.@
0xcf,0xff,0x07,0xff,0xf3,  //@.@@@@@@**%@@@@@@@.@
0x87,0xfe,0x1f,0xff,0xe2,  //#*%@@@@%.*@@@@@@@#*#
0x57,0xfc,0x7f,0xff,0xd5,  //%*%@@@@+*@@@@@@@@%*%
0x23,0xf5,0xff,0xff,0x88,  //*#+@@@**@@@@@@@@#+#*
0x25,0xe7,0xff,0xff,0x58,  //.#**@#%@@@@@@@@@**#.
0x08,0x6b,0xff,0xfd,0x20,  //.*#+%##@@@@@@@@%+#*.
0x06,0x0b,0xfe,0xe4,0x90,  //..*#+*#@@@@#@#*+#*..
0x01,0x91,0xa9,0x46,0x40,  //...*#*.*%%%%*.*#*...
0x00,0x29,0x00,0x68,0x00,  //....+%#%****%#%+....
0x00,0x01,0xaa,0x40,0x00,  //......+%%%%%%+......


/*  */
0x00,0x06,0xff,0x90,0x00,  //.....+*#@@@@#*+.....
0x00,0x6f,0xff,0xf9,0x00,  //....*#@@@@@@@@#*....
0x02,0xff,0xff,0xff,0x80,  //...%@@@@@@@@@@@@%...
0x07,0xff,0xff,0xff,0xe0,  //..%@@@@@@@@@@@@@@%..
0x03,0xff,0xff,0xff,0xf4,  //.*+@@@@@@@@@@@@@@@*.
0x21,0xfe,0x00,0x00,0x00,  //.#**@@@%+......****.
0x78,0xb4,0x14,0x05,0x68,  //*@%.#@*.+**+..***%%*
0xbc,0x21,0xff,0x4b,0xfe,  //%@@**%.*@@@@*.%@@@@%
0xbe,0x03,0xff,0xc3,0xfe,  //#@@%..+@@@@@@+*@@@@#
0xff,0x03,0xff,0xc3,0xff,  //@@@@*.*@@@@@@*+@@@@@
0xff,0x83,0xff,0xc3,0xff,  //@@@@%.*@@@@@@*+@@@@@
0xbf,0xc2,0xff,0x87,0xfe,  //#@@@@*.#@@@@#.*@@@@#
0x7f,0xe0,0xbe,0x0b,0xfd,  //%@@@@#.+#@@#+.%@@@@%
0x3f,0xf4,0x00,0x1f,0xfc,  //*@@@@@%..**..*@@@@@*
0x2f,0xfe,0x40,0x2f,0xf8,  //.#@@@@@#***.+#@@@@#.
0x0f,0xff,0xf4,0xbf,0xf0,  //.*@@@@@@@@%.%@@@@@*.
0x07,0xff,0xf1,0xff,0xd0,  //..*@@@@@@@+*@@@@@*..
0x01,0xff,0xd2,0xff,0x40,  //...*@@@@@%.#@@@@*...
0x00,0x2f,0xcb,0xf8,0x00,  //....*%@@@+%@@@%+....
0x00,0x01,0x4a,0x40,0x00,  //......+%*+%%%+......


/*  */
0x00,0x00,0x00,0x00,0x00,  //...+................
0x05,0x00,0x40,0x04,0x00,  //..**...+*+....*+....
0x09,0x0b,0x40,0x02,0x40,  //.+#*.+%@*......#*...
0x1e,0x6e,0x00,0x01,0xd0,  //.%@%*#@%.......*@%..
0x3f,0xfd,0x00,0x00,0xb4,  //.@@@@@@*........#@*.
0x7f,0xff,0xa0,0x00,0x78,  //*@@@@@@@#%+.....%@#.
0x7f,0xff,0xe0,0x00,0x3d,  //%@@@@@@@@#....***@@*
0xbf,0xff,0x40,0x02,0x7e,  //#@@@@@@@*......#%@@%
0xff,0xff,0x00,0x01,0xfe,  //@@@@@@@@.......*@@@#
0xff,0xf5,0x00,0x01,0xff,  //@@@@@@**.......*@@@@
0xff,0xf8,0x0b,0x01,0xff,  //@@@@@@#..*%@*..*@@@@
0xbf,0xff,0xfd,0x02,0xfe,  //#@@@@@@@@@@%+..%@@@#
0x7f,0xff,0xf4,0x07,0xfe,  //%@@@@@@@@@%...*@@@@%
0x7f,0xfe,0x40,0x1f,0xfd,  //*@@@@@@#*+...*@@@@@*
0x2f,0xff,0x96,0xbf,0xf8,  //.#@@@@@@#%*%#@@@@@#.
0x0f,0xff,0xff,0xff,0xf0,  //.*@@@@@@@@@@@@@@@@*.
0x07,0xff,0xff,0xff,0xd0,  //..*@@@@@@@@@@@@@@*..
0x01,0xff,0xff,0xff,0x40,  //...*@@@@@@@@@@@@*...
0x00,0x2f,0xff,0xf8,0x00,  //....*%@@@@@@@@%+....
0x00,0x01,0xaa,0x40,0x00,  //......+%%%%%%+......


/*  */
0x00,0x06,0xff,0x90,0x00,  //.....+*#@@@@#*+.....
0x00,0x6f,0xe4,0x14,0x00,  //....*#@@@#%***%*....
0x02,0xff,0x40,0xbf,0x80,  //...%@@@@*..+#@@@%...
0x0b,0xfd,0x00,0x2f,0xe0,  //..%@@@@*....*#@@@%..
0x1f,0xf4,0x00,0x0f,0xf4,  //.*@@@@*......*@@@@*.
0x2f,0xe0,0x00,0x07,0xf8,  //.#@@@#........%@@@#.
0x7f,0xd0,0x00,0x03,0xfd,  //*@@@@*........+@@@@*
0xbf,0xc0,0x00,0x02,0xfe,  //%@@@@+.........#@@@%
0xbf,0xc0,0x00,0x02,0xfe,  //#@@@@..........%@@@#
0xff,0x80,0x00,0x02,0xff,  //@@@@%..........%@@@@
0xff,0x80,0x00,0x02,0xff,  //@@@@#..........%@@@@
0xbf,0xc0,0x00,0x02,0xfe,  //#@@@@..........%@@@#
0x7f,0xc0,0x00,0x02,0xfd,  //%@@@@+.........#@@@%
0x3f,0xd0,0x00,0x03,0xfc,  //*@@@@%........*@@@@*
0x2f,0xe0,0x00,0x0b,0xf8,  //.#@@@#........#@@@#.
0x0f,0xf8,0x00,0x1f,0xf0,  //.*@@@@%......*@@@@*.
0x07,0xfd,0x00,0x7f,0xd0,  //..*@@@@%....%@@@@*..
0x01,0xff,0x80,0x6e,0x40,  //...*@@@@#*.+%#@#*...
0x00,0x2f,0xf9,0x54,0x00,  //....*%@@@@#*****....
0x00,0x01,0xaa,0x40,0x00,  //......+%%%%%%+......


/*  */
0x00,0x00,0x00,0x1a,0xe4,  //............+*%#@#*.
0x00,0x00,0x1a,0xf9,0x05,  //........**%%@@#***%*
0x00,0x06,0xff,0xf9,0x01,  //......*#@@@@@@#*...%
0x00,0x2f,0xff,0xff,0x81,  //.....%@@@@@@@@@@#..*
0x00,0xbb,0xff,0xff,0xe1,  //....#@#@@@@@@@@@@#.*
0x01,0x9b,0xd0,0x6f,0xf8,  //...%#*#@@%**%#@@@@#.
0x02,0x6e,0x00,0x0b,0xfc,  //..+#*#@#+....+#@@@@+
0x04,0xbd,0x00,0x03,0xfd,  //..*+#@@*......*@@@@%
0x02,0xfc,0x00,0x02,0xfe,  //...%@@@........#@@@#
0x03,0xff,0xff,0xff,0xff,  //..*@@@@@@@@@@@@@@@@@
0x0b,0xff,0xff,0xff,0xff,  //..#@@@@@@@@@@@@@@@@@
0x1f,0xfd,0x55,0x55,0x55,  //.*@@@@@*************
0x2f,0xfc,0x00,0x00,0x00,  //.#@@@@@*............
0x7b,0xfe,0x00,0x06,0xa8,  //*@%@@@@%......*%%%%*
0xa2,0xff,0x40,0x1b,0xf8,  //%#+#@@@@%....*#@@@#.
0x90,0xff,0xfa,0xbf,0xf0,  //#%.*@@@@@@%%#@@@@@*.
0xd0,0x7f,0xff,0xff,0xd0,  //@*..%@@@@@@@@@@@@%..
0xd0,0x1b,0xff,0xff,0x40,  //@*...*#@@@@@@@@@*...
0x60,0x15,0xbf,0xe4,0x00,  //%#*.+*%%#@@@@#%+....
0x19,0x40,0x00,0x00,0x00,  //.*%%*....+**+.......


/*  */
0x2a,0xaa,0xaa,0xaa,0xaa,0x40,  //+%%%%%%%%%%%%%%%%%%%*
0xaa,0xaa,0xaa,0xaa,0xaa,0xc0,  //##%%%%%%%%%%%%%%%%%%@
0xd0,0x00,0x00,0x00,0x00,0xc0,  //@*..................@
0xd0,0x00,0x00,0x00,0x00,0xc0,  //@*..................@
0xd0,0x00,0x00,0x00,0x00,0xc0,  //@*..................@
0xd0,0x00,0x00,0x00,0x00,0xc0,  //@*..................@
0xd0,0x00,0x00,0x00,0x00,0xc0,  //@*..................@
0xd0,0x00,0x00,0x00,0x00,0xc0,  //@*..................@
0xd0,0x00,0x00,0x00,0x00,0xc0,  //@*..................@
0xd0,0x00,0x00,0x00,0x00,0xc0,  //@*..................@
0xd0,0x00,0x00,0x00,0x00,0xc0,  //@*..................@
0xd0,0x00,0x00,0x00,0x00,0xc0,  //@*..................@
0xd0,0x00,0x00,0x00,0x00,0xc0,  //@*..................@
0xaa,0xaa,0xaa,0xaa,0xaa,0xc0,  //##%%%%%%%%%%%%%%%%%#@
0x15,0x55,0x5e,0x55,0x55,0x00,  //+*********@%*********
0x00,0x00,0x0d,0x00,0x00,0x00,  //..........@*.........
0x00,0x0f,0xff,0xfe,0x00,0x00,  //.....*@@@@@@@@@%.....


/*  */
0x29,0x00,0x00,0x01,0xa8,  //+%%*...........%%%%+
0xb8,0x00,0x00,0x00,0xbe,  //%@%.............#@@%
0xa0,0x00,0x00,0x00,0x7e,  //%#.......+......*@@%
0x90,0x01,0xf8,0x00,0x7e,  //%%.....%@@#+...+*@@%
0x90,0x03,0xfe,0x6f,0xfe,  //%*....*@@@@#*%@@@@@%
0x80,0x07,0xff,0xff,0xfe,  //%*....*@@@@@@@@@@@@%
0x80,0x07,0xff,0xff,0xfe,  //%*....*@@@@@@@@@@@@%
0x90,0x03,0xff,0xff,0xfe,  //%*....*@@@@@@@@@@@@%
0x90,0x03,0xff,0xff,0xfe,  //%*.....@@@@@@@@@@@@%
0xa0,0x02,0xff,0xff,0xfe,  //%%.....#@@@@@@@@@@@%
0xa0,0x02,0xff,0xff,0xfe,  //%#.....%@@@@@@@@@@@%
0xb0,0x01,0xff,0xfe,0x56,  //%@+....*@@@@@@@#%**%
0xb4,0x00,0xff,0xd0,0x02,  //%@*....+@@@@@%....*%
0xb4,0x00,0xbf,0xc0,0x06,  //%@%.....%@@@@+....*%
0xb8,0x00,0x2e,0x40,0x0a,  //%@#.....+#@#*.....%%
0xbd,0x00,0x00,0x00,0x0e,  //%@@*.............+@%
0xbe,0x00,0x00,0x00,0x2e,  //%@@#.............%@%


/*  */
0x03,0xff,0xff,0xd0,  //...@@@@@@@@@@*..
0x03,0x00,0x00,0x00,  //...@*...........
0x03,0x06,0xfa,0x40,  //...@*+%#@@#%*...
0x03,0x04,0x01,0xa0,  //...@*+%****%##*.
0x03,0x01,0x64,0x1c,  //...@*.+*%%*+.*@*
0x03,0x1e,0x5b,0x80,  //...@*%@#**%@%.+.
0x03,0xa0,0x00,0xa0,  //...@##+....+##..
0x03,0x82,0xf8,0x28,  //...@#.+%@@#*.#%.
0x00,0x0a,0x07,0x0c,  //...*.+#%**%@*+@+
0x00,0x28,0x01,0x89,  //.....%%.++.%#.#*
0x00,0x24,0xa0,0xc5,  //.....#*+##+*@.%*
0x00,0x30,0xa0,0xc5,  //+....@*+##+*@.%%
0x91,0x30,0x02,0x89,  //%*.*.@*+++.%%.#*
0x62,0x70,0x5a,0x0c,  //%%.#*@*+**%#+*@+
0x30,0xb0,0xa4,0x24,  //+@+*#@**%%%..#*.
0x18,0x74,0x01,0x90,  //.%#.%@*....*#%..
0x09,0x0b,0xaa,0x45,  //..#%.*#@%%##*.**
0x02,0x80,0x50,0x28,  //...##*.****..%#*
0x00,0x79,0x06,0xe0,  //....%@#****%@%+.
0x00,0x06,0xa9,0x00,  //.....+*%%%%%+...


/*  */
0x00,0x02,0xff,0x80,0x00,  //......*%@@@@#*......
0x00,0x1f,0xff,0xf4,0x00,  //.....*@@@@@@@@*.....
0x00,0x3f,0xeb,0xf8,0x00,  //....*@@@@%%@@@#.....
0x00,0x7f,0x01,0xfc,0x00,  //....%@@@+..%@@@*....
0x00,0x59,0x01,0xfc,0x00,  //....*%%*...*@@@*....
0x00,0x00,0x01,0xfc,0x00,  //.........+*%@@@*....
0x00,0x01,0xbf,0xfc,0x00,  //......+%#@@@@@@*....
0x00,0x1f,0xfa,0xfc,0x00,  //.....*@@@@##@@@*....
0x00,0x7f,0x41,0xfc,0x00,  //....*@@@%+.*@@@*....
0x00,0xbe,0x01,0xfc,0x00,  //....#@@#...*@@@*....
0x00,0xfe,0x01,0xfc,0x00,  //....@@@%...%@@@*....
0x00,0xff,0x02,0xfe,0x00,  //....@@@@+.+#@@@%....
0x00,0xbf,0xef,0xff,0x40,  //....#@@@@#@@@@@@*...
0x00,0x3f,0xfd,0x7d,0x00,  //....*@@@@@@%*@@%....
0x00,0x0b,0xe0,0x14,0x00,  //.....*%@@%*..*%..+*.
0x50,0x00,0x00,0x00,0x5a,  //**..............**%%
0x19,0x00,0x00,0x00,0x11,  //.*#*............****
0x02,0x90,0x00,0x06,0x84,  //..*##%*......*%#%.%+
0x00,0x6f,0xeb,0xf9,0x00,  //....*#@@@%%@@@#*..+.
0x00,0x05,0xaa,0x40,0x00,  //......*%%%%%%*......


/*  */
0x01,0xf4,0x00,0xbc,0x00,  //...%@@%....+#@@*...
0x03,0x5c,0x01,0x8a,0x00,  //..+@**@+...*#*#%...
0x07,0x0d,0x01,0x8a,0x00,  //.**@**@****%%.%#*+.
0xbf,0x0f,0xff,0x8b,0xf4,  //#@@@**@@@@@@%.%@@@*
0xff,0x0f,0xff,0x8b,0xf4,  //@@@@**@@@@@@%.%@@@*
0xff,0xaf,0xff,0xeb,0xf4,  //@@@@##@@@@@@@%#@@@*
0xff,0xff,0xff,0xff,0xf4,  //@@@@@@@@@@@@@@@@@@*
0xd0,0x00,0x00,0x00,0x24,  //@*...............%*
0xd0,0x00,0x00,0x00,0x24,  //@*...............%*
0xd0,0x00,0x60,0x00,0x24,  //@*......*%.......%*
0xd0,0x00,0x70,0x00,0x24,  //@*......*@.......%*
0xd0,0x00,0x70,0x00,0x24,  //@*......*@.......%*
0xd0,0x0f,0xff,0x80,0x24,  //@*...*@@@@@@%....%*
0xd0,0x05,0xb5,0x40,0x24,  //@*....**%@***....%*
0xd0,0x00,0x70,0x00,0x24,  //@*......*@.......%*
0xd0,0x00,0x70,0x00,0x24,  //@*......*@.......%*
0xd0,0x00,0x00,0x00,0x24,  //@*.......*.......%*
0xd0,0x00,0x00,0x00,0x24,  //@*...............%*
0xe5,0x55,0x55,0x55,0x64,  //@%***************#*
0x6a,0xaa,0xaa,0xaa,0xa0,  //*%%%%%%%%%%%%%%%%%+


/*  */
0x01,0xf4,0x00,0xbc,0x00,  //...%@@%....+#@@*...
0x03,0x5c,0x01,0x8a,0x00,  //..+@**@+...*#*#%...
0x07,0x0d,0x01,0x8a,0x00,  //.**@**@****%%.%#*+.
0xbf,0x0f,0xff,0x8b,0xf4,  //#@@@**@@@@@@%.%@@@*
0xff,0x0f,0xff,0x8b,0xf4,  //@@@@**@@@@@@%.%@@@*
0xff,0xaf,0xff,0xeb,0xf4,  //@@@@##@@@@@@@%#@@@*
0xff,0xff,0xff,0xff,0xf4,  //@@@@@@@@@@@@@@@@@@*
0xd0,0x00,0x00,0x00,0x24,  //@*...............%*
0xd0,0x00,0x00,0x00,0x24,  //@*...............%*
0xd0,0x00,0x00,0x00,0x24,  //@*...............%*
0xd0,0x00,0x00,0x00,0x24,  //@*...............%*
0xd0,0x00,0x00,0x00,0x24,  //@*...............%*
0xd0,0x0f,0xff,0x80,0x24,  //@*...*@@@@@@%....%*
0xd0,0x05,0x55,0x40,0x24,  //@*....*******....%*
0xd0,0x00,0x00,0x00,0x24,  //@*...............%*
0xd0,0x00,0x00,0x00,0x24,  //@*...............%*
0xd0,0x00,0x00,0x00,0x24,  //@*...............%*
0xd0,0x00,0x00,0x00,0x24,  //@*...............%*
0xe5,0x55,0x55,0x55,0x64,  //@%***************#*
0x6a,0xaa,0xaa,0xaa,0xa0,  //*%%%%%%%%%%%%%%%%%+


/*  */
0x01,0xf4,0x00,0xbc,0x00,  //...%@@%....+#@@*...
0x03,0x5c,0x01,0x8a,0x00,  //..+@**@+...*#*#%...
0x07,0x0d,0x01,0x8a,0x00,  //.**@**@****%%.%#*+.
0xbf,0x0f,0xff,0x8b,0xf4,  //#@@@**@@@@@@%.%@@@*
0xff,0x0f,0xff,0x8b,0xf4,  //@@@@**@@@@@@%.%@@@*
0xff,0xaf,0xff,0xeb,0xf4,  //@@@@##@@@@@@@%#@@@*
0xff,0xff,0xff,0xff,0xf4,  //@@@@@@@@@@@@@@@@@@*
0xd0,0x00,0x00,0x00,0x24,  //@*...............%*
0xd0,0x00,0x00,0x00,0x24,  //@*...............%*
0xd0,0x00,0x01,0x00,0x24,  //@*....++...*.....%*
0xd0,0x0a,0x07,0x40,0x24,  //@*....%#+.%@*....%*
0xd0,0x02,0xad,0x00,0x24,  //@*.....##%@%.....%*
0xd0,0x00,0xb8,0x00,0x24,  //@*......#@%......%*
0xd0,0x01,0xe8,0x00,0x24,  //@*.....%@##+.....%*
0xd0,0x07,0x4a,0x00,0x24,  //@*....%@%.##+....%*
0xd0,0x05,0x02,0x00,0x24,  //@*....%%...%+....%*
0xd0,0x00,0x00,0x00,0x24,  //@*...............%*
0xd0,0x00,0x00,0x00,0x24,  //@*...............%*
0xe5,0x55,0x55,0x55,0x64,  //@%***************#*
0x6a,0xaa,0xaa,0xaa,0xa0,  //*%%%%%%%%%%%%%%%%%+


/*  */
0x01,0xf4,0x00,0xbc,0x00,  //...%@@%....+#@@*...
0x03,0x5c,0x01,0x8a,0x00,  //..+@**@+...*#*#%...
0x07,0x0d,0x01,0x8a,0x00,  //.**@**@****%%.%#*+.
0xbf,0x0f,0xff,0x8b,0xf4,  //#@@@**@@@@@@%.%@@@*
0xff,0x0f,0xff,0x8b,0xf4,  //@@@@**@@@@@@%.%@@@*
0xff,0xaf,0xff,0xeb,0xf4,  //@@@@##@@@@@@@%#@@@*
0xff,0xff,0xff,0xff,0xf4,  //@@@@@@@@@@@@@@@@@@*
0xd0,0x00,0x00,0x00,0x24,  //@*...............%*
0xd0,0x00,0x00,0x00,0x24,  //@*...............%*
0xd0,0x00,0x00,0x00,0x24,  //@*...........*...%*
0xd0,0x00,0x00,0x74,0x24,  //@*..........*@*..%*
0xd0,0x00,0x01,0xd0,0x24,  //@*.........*@%...%*
0xd0,0x24,0x07,0x40,0x24,  //@*...#%...*@%....%*
0xd0,0x1d,0x1d,0x00,0x24,  //@*...%@%.*@%.....%*
0xd0,0x07,0xb4,0x00,0x24,  //@*....%@%@%......%*
0xd0,0x01,0xd0,0x00,0x24,  //@*.....%@%.......%*
0xd0,0x00,0x40,0x00,0x24,  //@*......*........%*
0xd0,0x00,0x00,0x00,0x24,  //@*...............%*
0xe5,0x55,0x55,0x55,0x64,  //@%***************#*
0x6a,0xaa,0xaa,0xaa,0xa0,  //*%%%%%%%%%%%%%%%%%+


/*  */
0xbf,0xe0,0x00,0x00,0x00,  //#@@@@%..............
0xff,0xe0,0x00,0x00,0x00,  //@@@@@%..............
0xff,0xe0,0x00,0x00,0x00,  //@@@@@%..............
0xff,0xe0,0x00,0x00,0x00,  //@@@@@%..............
0xff,0xe0,0x00,0x00,0x00,  //@@@@@%..............
0xff,0xe0,0x00,0x00,0x00,  //@@@@@%.....+*......*
0xff,0xe0,0x02,0x80,0x0b,  //@@@@@%....*#%....+#@
0xff,0xe0,0x1f,0x80,0x7f,  //@@@@@%...*@@%...*@@@
0xff,0xe0,0xbf,0x81,0xff,  //@@@@@%..%@@@%..%@@@@
0xff,0xe2,0xff,0x8b,0xff,  //@@@@@%+#@@@@%.#@@@@@
0xff,0xeb,0xff,0xaf,0xff,  //@@@@@##@@@@@##@@@@@@
0xff,0xff,0xff,0xff,0xff,  //@@@@@@@@@@@@@@@@@@@@
0xff,0xff,0xff,0xff,0xff,  //@@@@@@@@@@@@@@@@@@@@
0xff,0xff,0xff,0xff,0xff,  //@@@@@@@@@@@@@@@@@@@@
0xff,0xff,0xff,0xff,0xff,  //@@@@@@@@@@@@@@@@@@@@
0xff,0xff,0xff,0xff,0xff,  //@@@@@@@@@@@@@@@@@@@@
0xff,0xff,0xff,0xff,0xff,  //@@@@@@@@@@@@@@@@@@@@
0xff,0xff,0xff,0xff,0xff,  //@@@@@@@@@@@@@@@@@@@@
0xff,0xff,0xff,0xff,0xff,  //@@@@@@@@@@@@@@@@@@@@
0xaa,0xaa,0xaa,0xaa,0xaa,  //%%%%%%%%%%%%%%%%%%%%


/*  */
0x02,0xfe,0x40,  //..+%@@@#*..
0x1f,0xaf,0xd0,  //.*@@#%@@@%.
0x28,0x5f,0xf4,  //+##**%@@@@*
0x75,0xff,0xfc,  //%@*%@@@@@@@
0xa3,0xff,0xfc,  //##*@@@@@@@@
0xe7,0xff,0xfc,  //@#%@@@@@@@@
0xbf,0xff,0xfc,  //#@@@@@@@@@@
0xbf,0xff,0xfc,  //%@@@@@@@@@@
0x3f,0xff,0xf4,  //*@@@@@@@@@%
0x1f,0xff,0xe0,  //.*@@@@@@@#.
0x02,0xff,0x40,  //..*#@@@@%..
0x00,0x00,0x00,  //....***....
0x00,0xbc,0x00,  //....%@@*...
0x00,0xbc,0x00,  //....%@@*...
0x00,0xbc,0x00,  //....%@@*...
0x00,0xbc,0x00,  //....%@@*...
0x00,0xbc,0x00,  //....%@@*...
0x00,0xbc,0x00,  //....%@@*...
0x00,0xbc,0x00,  //....%@@*...
0x00,0x68,0x00,  //....*%%....


/*  */
0x00,0x00,0x7d,0x00,0x00,  //........*@@*........
0x0a,0xaa,0xbe,0xaa,0x90,  //.*%%%%%%#@@#%%%%%%..
0x1f,0xff,0xff,0xff,0xf8,  //.*@@@@@@@@@@@@@@@@#.
0x1f,0xff,0xff,0xff,0xfd,  //.*@@@@@@@@@@@@@@@@@*
0x1f,0xff,0xff,0xff,0xf4,  //.*@@@@@@@@@@@@@@@@%.
0x05,0x55,0x55,0x55,0x50,  //.+****************..
0x00,0x00,0x69,0x00,0x00,  //........*%%*........
0x00,0x00,0x7d,0x00,0x00,  //........*@@*........
0x05,0x55,0xbe,0x55,0x50,  //..******%@@%******+.
0x1f,0xff,0xff,0xff,0xf4,  //.%@@@@@@@@@@@@@@@@*.
0x7f,0xff,0xff,0xff,0xf4,  //*@@@@@@@@@@@@@@@@@*.
0x2f,0xff,0xff,0xff,0xf4,  //.#@@@@@@@@@@@@@@@@*.
0x06,0xaa,0xaa,0xaa,0xa0,  //..%%%%%%%%%%%%%%%%*.
0x00,0x00,0x14,0x00,0x00,  //........****........
0x00,0x00,0x7d,0x00,0x00,  //........*@@*........
0x00,0x00,0x7d,0x00,0x00,  //........*@@*........
0x00,0x00,0x7d,0x00,0x00,  //........*@@*........
0x00,0x00,0x7d,0x00,0x00,  //........*@@*........
0x00,0x00,0x7d,0x00,0x00,  //........*@@*........
0x00,0x00,0x28,0x00,0x00,  //........*%%*........


/*  */
0x00,0x07,0x90,0x00,0x00,0x68,  //.....*%@#%+........+%#%
0x01,0xba,0xae,0x40,0x1b,0xa8,  //...*#@##%#@%*....*%@##%
0x1f,0x81,0x06,0xe5,0xb9,0x18,  //*%@@%*.**.*#@#%%#@#*.*%
0xe4,0x01,0x00,0x1a,0x40,0x18,  //@#*+...**...+%##%+...*%
0xd0,0x01,0x00,0x00,0x00,0x18,  //@*.....**.....**.....*%
0xd0,0x01,0x00,0x00,0x00,0x18,  //@*.....**.....**.....*%
0xd0,0x01,0x00,0x00,0x00,0x18,  //@*.....**.....**.....*%
0xd0,0x01,0x00,0x00,0x00,0x18,  //@*.....**.....**.....*%
0xd0,0x01,0x00,0x00,0x00,0x18,  //@*.....**.....**.....*%
0xd0,0x01,0x00,0x00,0x00,0x18,  //@*.....**.....**.....*%
0xd0,0x01,0x00,0x00,0x00,0x18,  //@*.....**.....**.....*%
0xd0,0x01,0x00,0x00,0x00,0x18,  //@*.....**.....**.....*%
0xd0,0x01,0x00,0x00,0x00,0x18,  //@*.....**.....**.....*%
0xd0,0x01,0x00,0x00,0x00,0x18,  //@*.....**.....**.....*%
0xd0,0x01,0x00,0x00,0x00,0x18,  //@*.....**.....**.....*%
0xd0,0x01,0x40,0x00,0x00,0x18,  //@*.....%*.....**.....%%
0xd0,0x1b,0xe4,0x00,0x01,0xb8,  //@*..+%#@@#*...**...*#@%
0xd6,0xe4,0x2f,0x40,0x1b,0x80,  //@**%@#%+*%@@%+**+%#@%*.
0xfe,0x40,0x01,0xba,0xe4,0x00,  //@@@#*.....+*#@##@#*+...
0x90,0x00,0x00,0x0a,0x00,0x00,  //%%+..........*%%*......


/*  */
0x00,0x62,0x40,0x00,0x07,  //....*#*#*.........%@
0x06,0xf3,0xe4,0x00,0x6f,  //..*#@@*@@#*.....*#@@
0x6f,0xf3,0xfe,0x46,0xff,  //*#@@@@*@@@@#*.*#@@@@
0xff,0xf3,0xff,0xcf,0xff,  //@@@@@@*@@@@@@*@@@@@@
0xff,0xf3,0xff,0xcf,0xff,  //@@@@@@*@@@@@@*@@@@@@
0xff,0xf3,0xff,0xcf,0xff,  //@@@@@@*@@@@@@*@@@@@@
0xff,0xf3,0xff,0xcf,0xff,  //@@@@@@*@@@@@@*@@@@@@
0xff,0xf3,0xff,0xcf,0xff,  //@@@@@@*@@@@@@*@@@@@@
0xff,0xf3,0xff,0xcf,0xff,  //@@@@@@*@@@@@@*@@@@@@
0xff,0xf3,0xff,0xcf,0xff,  //@@@@@@*@@@@@@*@@@@@@
0xff,0xf3,0xff,0xcf,0xff,  //@@@@@@*@@@@@@*@@@@@@
0xff,0xf3,0xff,0xcf,0xff,  //@@@@@@*@@@@@@*@@@@@@
0xff,0xf3,0xff,0xcf,0xff,  //@@@@@@*@@@@@@*@@@@@@
0xff,0xf3,0xff,0xcf,0xff,  //@@@@@@*@@@@@@*@@@@@@
0xff,0xf3,0xff,0xcf,0xff,  //@@@@@@*@@@@@@*@@@@@@
0xff,0xf3,0xff,0xcf,0xff,  //@@@@@@*@@@@@@*@@@@@@
0xff,0xf3,0xff,0xcf,0xff,  //@@@@@@*@@@@@@*@@@@@@
0xff,0x80,0xbf,0xcf,0xf4,  //@@@@%+.*%@@@@*@@@@%+
0xf8,0x00,0x0b,0xcf,0x80,  //@@%*.....*%@@*@@%+..
0x80,0x00,0x00,0x88,0x00,  //%*.........*%+%*....


/*  */
0x00,0x1b,0xff,0xe4,0x00,  //....+%#@@@@@@#%+....
0x01,0xff,0xff,0xff,0x40,  //...%@@@@@@@@@@@@%...
0x0b,0xff,0xff,0xff,0xe0,  //..#@@@@@@@@@@@@@@#..
0x2f,0xff,0xff,0xff,0xf8,  //.#@@@@@@@@@@@@@@@@#.
0x7f,0xff,0xff,0xff,0xfd,  //*@@@@@@@@@@@@@@@@@@*
0xbf,0x9b,0xd7,0xe6,0xfe,  //#@@@#*%@@%%@@%*#@@@#
0xff,0x02,0x41,0x80,0xff,  //@@@@*..#%..%#..*@@@@
0xff,0x43,0x82,0xc1,0xff,  //@@@@*..@%..%@..*@@@@
0xbf,0xeb,0xeb,0xeb,0xfe,  //%@@@@%#@@##@@#%@@@@%
0x3f,0xff,0xff,0xff,0xfc,  //*@@@@@@@@@@@@@@@@@@*
0x1f,0xff,0xff,0xff,0xf4,  //.%@@@@@@@@@@@@@@@@%.
0x07,0xff,0xff,0xff,0xd0,  //..%@@@@@@@@@@@@@@%..
0x01,0xff,0xff,0xfe,0x00,  //...%@@@@@@@@@@@#*...
0x02,0xfe,0xbf,0x90,0x00,  //...%@@@##@@@%%*.....
0x03,0xf8,0x00,0x00,0x00,  //..+@@@%.............
0x0b,0x90,0x00,0x00,0x00,  //.+#@#*..............
0x04,0x00,0x00,0x00,0x00,  //.**+................


/*  */
0x00,0x1b,0xff,0xe4,0x00,  //....+*#@@@@@@#*+....
0x01,0xe5,0x00,0x5b,0x40,  //...%@#%******%#@%...
0x0b,0x40,0x00,0x01,0xe0,  //..#@*..........*@#..
0x28,0x00,0x00,0x00,0x28,  //.##+............+##.
0x70,0x00,0x00,0x00,0x0d,  //*@+..............+@*
0x90,0x10,0x14,0x04,0x06,  //#%...**..**..**...%#
0xd0,0xbc,0x7d,0x3e,0x07,  //@*..%@@.*@@*.@@%..*@
0xd0,0x78,0x3c,0x2d,0x07,  //@*..%@#.*@@*.#@%..*@
0xa0,0x00,0x00,0x00,0x0a,  //%#...*+..++..+*...#%
0x34,0x00,0x00,0x00,0x1c,  //*@*..............*@*
0x1d,0x00,0x00,0x00,0x74,  //.%@*............*@%.
0x07,0x80,0x00,0x02,0xd0,  //..%@%+........*%@%..
0x01,0xc0,0x55,0xae,0x00,  //...*@*.+****%#@#*...
0x01,0x87,0xff,0x90,0x00,  //...%#.*@@@@@%%*.....
0x03,0xad,0x00,0x00,0x00,  //..+@%%@%............
0x0b,0xe0,0x00,0x00,0x00,  //.+#@@%*.............
0x19,0x00,0x00,0x00,0x00,  //.*%%+...............


/*  */
0x00,0x10,0x00,  //....*%.....
0x02,0xe0,0x00,  //..+%@%.....
0x1f,0xe0,0x00,  //.%@@@%.....
0xbf,0xe0,0x00,  //#@@@@%....*
0xff,0xe0,0x1c,  //@@@@@%..+%@
0xff,0xe1,0xbc,  //@@@@@%.*#@@
0xff,0xdb,0xfc,  //@@@@@%#@@@@
0xfe,0x01,0xfc,  //@@@#*..%@@@
0xe4,0x00,0x2c,  //@#*.....+%@
0x40,0x00,0x00,  //%.........*
0x80,0x00,0x04,  //#*........%
0xf8,0x00,0x6c,  //@@%+....*#@
0xff,0x42,0xfc,  //@@@@*.*#@@@
0xff,0x9f,0xfc,  //@@@@#*@@@@@
0xf9,0x0f,0xfc,  //@@#*.*@@@@@
0xd0,0x0f,0xfc,  //@%...*@@@@@
0x00,0x0f,0xf8,  //+....*@@@@#
0x00,0x0f,0xd0,  //.....*@@@%.
0x00,0x0e,0x00,  //.....*@%+..
0x00,0x00,0x00,  //.....+*....


/*  */
0x00,0x64,0x00,0x2f,0x80,  //....*%*.....+%@@%+
0x02,0xfd,0x00,0xff,0xe0,  //..+#@@@*...*@@@@@%
0x0b,0xfe,0x02,0xff,0xf0,  //.+#@@@@%...#@@@@@@
0x2f,0xff,0x07,0xff,0xf0,  //*#@@@@@@..*@@@@@@@
0xab,0xff,0x00,0x3f,0xe0,  //##%@@@@@..+.*@@@@#
0x02,0xff,0x00,0x3f,0xd0,  //+..%@@@@*....@@@@%
0x01,0xff,0x40,0x7f,0xc0,  //...*@@@@*...*@@@@*
0x00,0xff,0x80,0xbf,0x80,  //....@@@@%...#@@@%.
0x00,0xbf,0x81,0xfe,0x00,  //....%@@@#..*@@@#+.
0x00,0x7f,0xd3,0xfd,0x00,  //....*@@@@*+@@@@*..
0x00,0x3f,0xff,0xf8,0x00,  //....+@@@@@@@@@%...
0x00,0x2f,0xff,0xe0,0x00,  //.....#@@@@@@@#....
0x00,0x1f,0xff,0x80,0x00,  //.....%@@@@@@#+....
0x00,0x0f,0xfe,0x00,0x00,  //.....*@@@@@#+.....
0x00,0x0b,0xf8,0x00,0x00,  //......%@@@#+......
0x00,0x01,0x90,0x00,0x00,  //.......%%*........


/*  */
0xaa,0xaa,0xaa,0xaa,0x80,  //%%%%%%%%%%%%%%%%%
0xff,0xff,0xff,0xff,0xc0,  //@@@@@@@@@@@@@@@@@
0xff,0xe5,0x55,0xff,0xc0,  //@@@@@%*****%@@@@@
0xff,0xe0,0x02,0xff,0xc0,  //@@@@@#.....%@@@@@
0xff,0xf4,0x07,0xff,0xc0,  //@@@@@@%...*@@@@@@
0xff,0xfc,0x0f,0xff,0xc0,  //@@@@@@@*.+@@@@@@@
0xff,0xfc,0x0f,0xff,0xc0,  //@@@@@@@+..@@@@@@@
0xff,0xf8,0x0b,0xff,0xc0,  //@@@@@@#...%@@@@@@
0xff,0xf4,0x07,0xff,0xc0,  //@@@@@@%...*@@@@@@
0xff,0xf0,0x03,0xff,0xc0,  //@@@@@@+....@@@@@@
0xff,0xe0,0x02,0xff,0xc0,  //@@@@@#.....%@@@@@
0xff,0xd0,0x00,0xff,0xc0,  //@@@@@*.....*@@@@@
0xff,0xc0,0x00,0xff,0xc0,  //@@@@@+......@@@@@
0xff,0xe0,0x01,0xff,0xc0,  //@@@@@#.....%@@@@@
0xff,0xf8,0x07,0xff,0xc0,  //@@@@@@#...%@@@@@@
0xff,0xfe,0x2f,0xff,0xc0,  //@@@@@@@#+#@@@@@@@
0xff,0xff,0xff,0xff,0xc0,  //@@@@@@@@@@@@@@@@@


/*  */
0xaa,0xaa,0xaa,0xaa,0x80,  //%%%%%%%%%%%%%%%%%
0xff,0xff,0xff,0xff,0xc0,  //@@@@@@@@@@@@@@@@@
0xff,0xff,0xfe,0xbf,0xc0,  //@@@@@@@@@@@##@@@@
0xff,0xff,0xf8,0x6f,0xc0,  //@@@@@@@@@@#**#@@@
0xff,0xd0,0x60,0x1f,0xc0,  //@@@@@%***#*..*@@@
0xff,0x40,0x18,0x2f,0xc0,  //@@@@%.++.*%..#@@@
0xff,0x06,0x6a,0x6f,0xc0,  //@@@@*.*#*%%%%%@@@
0xfe,0x06,0xba,0xaf,0xc0,  //@@@#+.*%%@%%%#@@@
0xfc,0x00,0x30,0x2f,0xc0,  //@@@*....+@...%@@@
0xfe,0x06,0xb8,0x2f,0xc0,  //@@@#+.*%#@#..%@@@
0xff,0x07,0xfc,0x2f,0xc0,  //@@@@*.*@@@@..%@@@
0xff,0x07,0xfc,0x2f,0xc0,  //@@@@*.*@@@@..%@@@
0xff,0x07,0xfc,0x2f,0xc0,  //@@@@*.*@@@@..%@@@
0xff,0x06,0xf8,0x2f,0xc0,  //@@@@+.*#@@#..%@@@
0xfc,0x00,0xb0,0x0f,0xc0,  //@@@*....%@....@@@
0xff,0xff,0xff,0xff,0xc0,  //@@@@@@@@@@@@@@@@@
0xff,0xff,0xff,0xff,0xc0,  //@@@@@@@@@@@@@@@@@


/*  */
0x00,0x00,0x02,0xa5,0xe0,  //..........+##%**@#*.
0x00,0x00,0x05,0x06,0xf4,  //..........**.+*#@@*.
0x00,0x00,0x04,0x00,0xf0,  //..........%+...*@@*.
0x00,0x00,0x08,0x00,0x00,  //..........#.....++..
0x00,0x00,0x08,0x00,0x00,  //..........%.........
0x00,0x00,0x04,0x00,0x00,  //.........**.........
0x00,0x06,0xff,0x90,0x00,  //.....+%%@@@@%%+.....
0x29,0x7f,0xff,0xfd,0x68,  //+##*%@@@@@@@@@@%*##+
0xbf,0xff,0xff,0xff,0xfe,  //#@@@@@@@@@@@@@@@@@@#
0xff,0xfb,0xff,0xef,0xff,  //@@@@@@#@@@@@@#@@@@@@
0x7f,0x81,0xff,0x42,0xfd,  //%@@@#+.*@@@@*.+#@@@%
0x2f,0x80,0xff,0x02,0xf8,  //.#@@%...@@@@...%@@#.
0x2f,0x81,0xff,0x42,0xfc,  //.%@@#..*@@@@*..#@@@.
0x2f,0xeb,0xff,0xeb,0xf8,  //.%@@@##@@@@@@##@@@%.
0x1f,0xfb,0xff,0xef,0xf4,  //.*@@@@#@@@@@@#@@@@*.
0x0b,0xf5,0xaa,0x5f,0xe0,  //..%@@@**%%%%**@@@#..
0x02,0xfe,0x55,0xbf,0x80,  //...%@@@#****#@@@%...
0x00,0x6f,0xff,0xf9,0x00,  //....*#@@@@@@@@#*....
0x00,0x01,0xaa,0x40,0x00,  //......+*%%%%*+......


/*  */
0x00,0x1b,0xfe,0x40,0x00,  //.....*#@@@@#%+....
0x00,0xbf,0xff,0xf4,0x00,  //...*#@@@@@@@@@*...
0x07,0xff,0xff,0xfd,0x00,  //..*@@@@@@@@@@@@%..
0x0f,0xfe,0xaf,0xff,0x40,  //.+@@@@@%%%@@@@@@*.
0x2f,0x40,0x01,0xff,0xc0,  //.#@@%*+....%@@@@@+
0x78,0x14,0x00,0xbf,0xd0,  //*@#+.**.....%@@@@%
0xa0,0x60,0x00,0x7f,0xe0,  //%%..%#......*@@@@#
0x81,0xe0,0x00,0x3f,0xf0,  //%..*@%......*@@@@@
0x03,0xff,0xff,0xff,0xf0,  //..+@@@@@@@@@@@@@@@
0x07,0xff,0xff,0xff,0xf0,  //..*@@@@@@@@@@@@@@@
0x0b,0xff,0xff,0xff,0xf0,  //..%@@@@@@@@@@@@@@@
0x0b,0xe5,0x55,0x55,0x50,  //..#@@#************
0x0b,0xe0,0x00,0x00,0x00,  //..#@@#............
0x0b,0xf0,0x00,0x00,0x00,  //..%@@@*...........
0x07,0xf8,0x00,0x00,0x00,  //..%@@@#+.......**.
0x03,0xff,0x90,0x5b,0x40,  //..+@@@@@%****%#@*.
0x01,0xff,0xff,0xff,0x40,  //...*@@@@@@@@@@@@*.
0x00,0x7f,0xff,0xff,0x40,  //....%@@@@@@@@@@@*.
0x00,0x1b,0xff,0xfe,0x00,  //.....*#@@@@@@@@#*.
0x00,0x01,0xaa,0x90,0x00,  //.......*%%%%%**...


/*  */
0x2a,0xaa,0xaa,0xaa,0xaa,0xaa,0x40,  //+%%%%%%%%%%%%%%%%%%%%%%%%.
0xbf,0xff,0xff,0xff,0xff,0xff,0xd0,  //#@@@@@@@@@@@@@@@@@@@@@@@@%
0xff,0xff,0xff,0xff,0xff,0xff,0xe0,  //@@@@@@@@@@@@@@@@@@@@@@@@@%
0xff,0xff,0xff,0xff,0xff,0xff,0xe0,  //@@@@@@@@@@@@@@@@@@@@@@@@@%
0x55,0x55,0x55,0x55,0x55,0x55,0x50,  //**************************
0x00,0x00,0x00,0x00,0x00,0x00,0x00,  //..........................
0x00,0x00,0x00,0x00,0x00,0x00,0x00,  //..........................
0x00,0x00,0x00,0x00,0x00,0x00,0x00,  //..........................
0x00,0x00,0x00,0x00,0x00,0x00,0x00,  //*************************+
0xff,0xff,0xff,0xff,0xff,0xff,0xe0,  //@@@@@@@@@@@@@@@@@@@@@@@@@%
0xff,0xff,0xff,0xff,0xff,0xff,0xe0,  //@@@@@@@@@@@@@@@@@@@@@@@@@%
0xff,0xff,0xff,0xff,0xff,0xff,0xe0,  //@@@@@@@@@@@@@@@@@@@@@@@@@%
0xff,0xff,0xff,0xff,0xff,0xff,0xe0,  //@@@@@@@@@@@@@@@@@@@@@@@@@%
0xf8,0x1d,0x01,0xff,0xff,0xff,0xe0,  //@@#***@****%@@@@@@@@@@@@@%
0xf9,0x5d,0x56,0xff,0xff,0xff,0xe0,  //@@#**%@%***%@@@@@@@@@@@@@%
0xff,0xff,0xff,0xff,0xff,0xff,0xe0,  //@@@@@@@@@@@@@@@@@@@@@@@@@%
0xbf,0xff,0xff,0xff,0xff,0xff,0xd0,  //%@@@@@@@@@@@@@@@@@@@@@@@@*


/*  */
0x00,0x06,0xff,0x90,0x00,  //.....+*#@@@@#*+....
0x00,0x69,0x00,0x6d,0x00,  //....*#%*+..+*%@*...
0x02,0x80,0x00,0x02,0x80,  //...%#*........*#%..
0x0a,0x00,0x00,0x00,0x90,  //..%#............#%.
0x18,0x01,0xbe,0x40,0x24,  //.*#....*#@@#%+...#*
0x20,0x0b,0xff,0xe0,0x68,  //.#*..+#@@@@@@#+.*#%
0x60,0x2f,0xff,0xfa,0x80,  //*#...#@@@@@@@@###*.
0x90,0x7f,0xff,0xf9,0x00,  //%*..*@@@@@@@@@#%*+.
0x80,0xbf,0xff,0xe0,0xf0,  //#*..%@@@@@@@@%+*@@+
0xc0,0xbf,0xfe,0x00,0xa0,  //@*..#@@@@@@#*..*#%.
0xc0,0xbf,0xff,0x40,0x80,  //@*..#@@@@@@@%+.*%..
0x80,0xbf,0xff,0xf4,0x40,  //#*..%@@@@@@@@@%*%..
0x50,0x3f,0xff,0xff,0x40,  //%%..*@@@@@@@@@@@%+.
0x20,0x2f,0xff,0xf8,0x74,  //*#...%@@@@@@@@#+%@%
0x24,0x0b,0xff,0xe0,0x18,  //.#*...%@@@@@@#+..%#
0x0c,0x00,0xaa,0x40,0x30,  //.*@+...*%##%*...+@*
0x06,0x00,0x00,0x00,0x90,  //..*#+..........+#*.
0x01,0xd0,0x00,0x07,0x40,  //...*@*........*@*..
0x00,0x29,0x41,0x68,0x00,  //....+%#%****%#%*...
0x00,0x01,0xaa,0x40,0x00,  //......+%%%%%%*.....


/*  */
0x05,0x00,0x00,0x00,0x00,  //..**................
0x07,0x80,0x00,0x00,0x00,  //..*@#*....*********+
0x07,0xf4,0x0f,0xff,0xfc,  //..*@@@%..*@@@@@@@@@+
0x07,0xfe,0x2f,0xff,0xf4,  //..*@@@@#*%@@@@@@@@%.
0x07,0xff,0xe6,0xff,0xe0,  //..*@@@@@@%*#@@@@@#..
0x07,0xff,0xf9,0x7f,0xc0,  //..*@@@@@@@#%%@@@@*..
0x07,0xff,0xff,0x9b,0x80,  //..*@@@@@@@@@#*#@%...
0x07,0xff,0xff,0xf5,0x00,  //..*@@@@@@@@@@@%%+...
0x07,0xff,0xff,0xa4,0x00,  //..*@@@@@@@@@#%*+....
0x02,0xff,0x94,0x19,0x40,  //..*#@@@@#%*+*%%**...
0x00,0x90,0x5b,0xf6,0xd0,  //...+%****%#@@@%#@*..
0x00,0x6b,0xff,0xe7,0xd0,  //....*%#@@@@@@#%@@*..
0x00,0xff,0xff,0xdf,0xd0,  //...*@@@@@@@@@*@@@*..
0x02,0xff,0xff,0xaf,0xd0,  //...#@@@@@@@@%%@@@*..
0x07,0xff,0xfe,0x7f,0xd0,  //..*@@@@@@@@#%@@@@*..
0x0f,0xff,0xfd,0xbf,0xd0,  //.+@@@@@@@@@*#@@@@*..
0x2f,0xff,0xf8,0xbf,0xd0,  //.%@@@@@@@@#+%@@@@*..
0x7f,0xff,0xf0,0x0b,0xd0,  //*@@@@@@@@@+..*#@@*..
0x00,0x00,0x00,0x01,0xd0,  //...............%@*..
0x00,0x00,0x00,0x00,0x00,  //................**..


/*  */
0x00,0x00,0x20,0x00,0x00,  //........+%.........
0x00,0x00,0x29,0x40,0x00,  //.........#%%*......
0x00,0x00,0x3f,0x80,0x00,  //.........@@@%......
0x00,0x00,0x3f,0x80,0x00,  //.........@@@%......
0x00,0x00,0x10,0x00,0x00,  //.........*.........
0x01,0x04,0x20,0x45,0x00,  //...*++*.*%.**.**...
0x03,0x0c,0x71,0x8a,0x00,  //..*@**@**@.*%.%%...
0x03,0xff,0xff,0xfe,0x00,  //..*@@@@@@@@@@@@%...
0x03,0xe6,0xfe,0x7e,0x00,  //..*@@#*#@@@%%@@%...
0x03,0xe2,0xfd,0x3e,0x00,  //..*@@%.%@@@**@@%...
0x03,0xe2,0xfd,0x3e,0x00,  //..*@@%.%@@@**@@%...
0x93,0xea,0xfe,0xbe,0x14,  //%**@@#%#@@@##@@%.%*
0xd7,0xff,0xff,0xfe,0x24,  //@%*@@@@@@@@@@@@#*#*
0xff,0xff,0xff,0xff,0xf4,  //@@@@@@@@@@@@@@@@@@*
0xff,0xfe,0x07,0xff,0xf4,  //@@@@@@@#***@@@@@@@*
0xff,0xfc,0x02,0xff,0xf4,  //@@@@@@@*...%@@@@@@*
0xff,0xfc,0x01,0xff,0xf4,  //@@@@@@@*...*@@@@@@*
0xff,0xfc,0x01,0xff,0xf4,  //@@@@@@@*...*@@@@@@*
0xff,0xfc,0x01,0xff,0xf4,  //@@@@@@@*...*@@@@@@*
0xaa,0xa8,0x01,0xaa,0xa4,  //%%%%%%%+...*%%%%%%*


/*  */
0x00,0x00,0x00,0x0a,0x00,0x00,0x00,  //.............+%%+.........
0x00,0x00,0x00,0x2f,0x80,0x00,0x00,  //...........**#@@#.........
0x00,0x00,0x0b,0xff,0xc0,0x00,0x00,  //..........#@@@@@@+........
0x00,0x00,0x18,0x2f,0x80,0x00,0x00,  //.........%#**#@@#.........
0x00,0x00,0x34,0x05,0x00,0x00,0x00,  //........+@*...**..........
0x19,0x00,0x60,0x00,0x00,0x00,0x00,  //.*%%+...%#...........+....
0x7f,0xc0,0xd0,0x00,0x00,0x19,0x00,  //*@@@@+.+@*...........*#*..
0xbf,0xe6,0xd5,0x55,0x55,0x6f,0x80,  //#@@@@%*#@%***********%@@%+
0xff,0xea,0xae,0xaa,0xaa,0xaf,0x90,  //@@@@@#%%%#@#%%%%%%%%%#@@#*
0x7f,0xd0,0x07,0x00,0x00,0x1e,0x00,  //%@@@@*....*@*........*@%+.
0x1e,0x40,0x02,0x80,0x00,0x00,0x00,  //.%@#*......#%........**...
0x00,0x00,0x01,0xc0,0x00,0x00,0x00,  //...........*@+..****......
0x00,0x00,0x00,0xa0,0xff,0x00,0x00,  //............#%.*@@@@......
0x00,0x00,0x00,0x3a,0xff,0x00,0x00,  //............*@##@@@@......
0x00,0x00,0x00,0x05,0xff,0x00,0x00,  //.............**%@@@@......
0x00,0x00,0x00,0x00,0xff,0x00,0x00,  //...............*@@@@......


/*  */
0x00,0x06,0xff,0x90,0x00,  //.....+*#@@@@#*+.....
0x00,0x6f,0xff,0xf9,0x00,  //....*#@@@@@@@@#*....
0x02,0xff,0xff,0xff,0x80,  //...%@@@@@@@@@@@@%...
0x0b,0xff,0xff,0xff,0xe0,  //..%@@@@@@@@@@@@@@%..
0x1f,0xfa,0xaa,0xff,0xf4,  //.*@@@@#%%%%#@@@@@@*.
0x2f,0xf4,0x00,0x1f,0xf8,  //.#@@@@*......%@@@@#.
0x7f,0xf4,0x00,0x0b,0xfd,  //*@@@@@*.+**+..%@@@@*
0xbf,0xf4,0x7f,0x43,0xfe,  //%@@@@@*.*@@@%.*@@@@%
0xbf,0xf4,0x7f,0x83,0xfe,  //#@@@@@*.*@@@%.*@@@@#
0xff,0xf4,0x6a,0x07,0xff,  //@@@@@@*.*%%%*.*@@@@@
0xff,0xf4,0x00,0x0b,0xff,  //@@@@@@*.......#@@@@@
0xbf,0xf4,0x00,0x6f,0xfe,  //#@@@@@*.+****#@@@@@#
0x7f,0xf4,0x7f,0xff,0xfd,  //%@@@@@*.*@@@@@@@@@@%
0x3f,0xf4,0x7f,0xff,0xfc,  //*@@@@@*.*@@@@@@@@@@*
0x2f,0xf4,0x7f,0xff,0xf8,  //.#@@@@%*%@@@@@@@@@#.
0x0f,0xff,0xff,0xff,0xf0,  //.*@@@@@@@@@@@@@@@@*.
0x07,0xff,0xff,0xff,0xd0,  //..*@@@@@@@@@@@@@@*..
0x01,0xff,0xff,0xff,0x40,  //...*@@@@@@@@@@@@*...
0x00,0x2f,0xff,0xf8,0x00,  //....+%@@@@@@@@%+....
0x00,0x01,0xaa,0x40,0x00,  //......+%%%%%%+......


/*  */
0x00,0x00,0x69,0x40,0x00,0x00,0x00,  //.......+*%%%*.............
0x00,0x07,0xff,0xe0,0x00,0x00,0x00,  //......*@@@@@@#*...........
0x00,0x1e,0x00,0x6d,0x00,0x00,0x00,  //.....%@#*..+*#@*..........
0x00,0x74,0x00,0x0a,0x00,0x00,0x00,  //....*@%......+##+.........
0x00,0xa0,0x00,0x03,0x40,0x00,0x00,  //....##........*@%......+..
0x07,0xf8,0x00,0x02,0x80,0x03,0x40,  //..%@@@%+.......##.....*@*.
0x2e,0x6e,0x00,0x02,0xd0,0x52,0x80,  //.#@%*%@#.......%@*..*%.##.
0x74,0x01,0x00,0x01,0xf8,0x71,0xd0,  //%@*...**.......%@@#+%@**@*
0xa0,0x00,0x00,0x02,0x9e,0x38,0xd0,  //##.............##*@%+@%+@%
0xe0,0x00,0x00,0x01,0x4b,0x28,0xe0,  //@%.............%*.#@.#%.@%
0xa0,0x00,0x00,0x00,0x0b,0x28,0xe0,  //##................%@.#%.@%
0x74,0x00,0x00,0x00,0x0e,0x38,0xd0,  //*@%..............+@#.@%+@%
0x2e,0xaa,0xaa,0xaa,0xbc,0x75,0xd0,  //.%@#%%%%%%%%%%%%%@@+*@**@*
0x06,0xff,0xff,0xff,0xa0,0xa2,0xc0,  //..*#@@@@@@@@@@@@#%+.%#.#@.
0x00,0x00,0x00,0x00,0x00,0x03,0x40,  //......................*@%.


/*  */
0x00,0x6f,0xf9,0x00,0x00,  //...+%#@@@@%*.....
0x02,0xff,0xff,0x80,0x00,  //..+#@@@@@@@@%....
0x0b,0xff,0xff,0xd0,0x00,  //..#@@@@@@@@@@%...
0x1f,0xe4,0x2f,0xf0,0x00,  //.*@@@#***%@@@@...
0x2f,0xc0,0x1f,0xf0,0x00,  //.%@@@*...*@@@@+..
0x2f,0xc0,0x0f,0xe0,0x00,  //.%@@@+...+@@@#...
0x2f,0xe0,0x01,0x40,0x00,  //.%@@@%....+**....
0x1f,0xf9,0x00,0x00,0x00,  //.%@@@@#*+........
0x0b,0xff,0xe4,0x00,0x00,  //..#@@@@@@%*......
0x02,0xff,0xfe,0x00,0x00,  //..+#@@@@@@@#+....
0x00,0x6f,0xff,0x80,0x00,  //....*#@@@@@@#+...
0x00,0x06,0xff,0xe0,0x00,  //......*#@@@@@%...
0x00,0x00,0x6f,0xf0,0x00,  //..**....*#@@@@...
0x2f,0x80,0x0b,0xf0,0x00,  //+#@@%.....#@@@+..
0x7f,0xc0,0x0b,0x80,0x00,  //*@@@@+....%@%**..
0x7f,0xc0,0x0a,0x7e,0x00,  //*@@@@+...+#%*@@#+
0x3f,0xe9,0xbc,0xff,0x40,  //+@@@@#%*%@@*@@@@%
0x1f,0xff,0xfc,0xff,0x80,  //.%@@@@@@@@@*@@@@%
0x07,0xff,0xfc,0x7f,0x00,  //..*@@@@@@@@*%@@@*
0x00,0x6a,0xa4,0x14,0x00,  //...+*%%%%%*..***.


/*  */
0x00,0x06,0xa4,0x00,0x00,  //.....+*%%%*+.....
0x00,0xbf,0xff,0x80,0x00,  //...+%@@@@@@@%+...
0x02,0xff,0xff,0xf4,0x00,  //..+#@@@@@@@@@@*..
0x0b,0xff,0xff,0xfc,0x00,  //.+#@@@@@@@@@@@@*.
0x2f,0xff,0xff,0xfe,0x00,  //.#@@@@@@@@@@@@@#.
0x7f,0x41,0xd0,0x7f,0x40,  //*@@@****@****@@@*
0xbf,0x00,0xc0,0x3f,0x80,  //%@@@*..*@*..*@@@#
0xbf,0x00,0xc0,0x3f,0xc0,  //#@@@*..*@*..*@@@@
0xff,0x00,0xc0,0x3f,0xc0,  //@@@@*..*@*..*@@@@
0xff,0x00,0xc0,0x3f,0xc0,  //@@@@*..*@*..*@@@@
0xbf,0x00,0xc0,0x3f,0xc0,  //#@@@*..*@*..*@@@@
0x7f,0x00,0xc0,0x3f,0x80,  //%@@@*..*@*..*@@@%
0x3f,0x95,0xe5,0x7f,0x40,  //+@@@%**%@%**%@@@*
0x1f,0xff,0xff,0xfe,0x00,  //.%@@@@@@@@@@@@@%.
0x0b,0xff,0xff,0xf8,0x00,  //..#@@@@@@@@@@@#+.
0x02,0xff,0xff,0xe0,0x00,  //...%@@@@@@@@@#+..
0x00,0x6f,0xfe,0x40,0x00,  //....*#@@@@@#*....


/*  */
0x00,0x06,0xa4,0x00,0x00,  //.....+*%%%*+.....
0x00,0xbf,0xff,0x80,0x00,  //...+%@@@@@@@%+...
0x02,0xfe,0xaf,0xf4,0x00,  //..+#@@@#%#@@@@*..
0x0b,0xd0,0x01,0xfc,0x00,  //.+#@@%+...+*@@@*.
0x2f,0x40,0x00,0x2e,0x00,  //.#@@*.......+#@#.
0x7d,0x29,0x1a,0x1f,0x40,  //*@@*.%%%.*%%+*@@*
0xb8,0x3e,0x2f,0x0b,0x80,  //%@#..@@%.%@@*.#@#
0xb4,0x3e,0x2f,0x07,0xc0,  //#@%..@@%.%@@*.*@@
0xf4,0x3e,0x2f,0x07,0xc0,  //@@*..@@%.%@@*.*@@
0xf4,0x3e,0x2f,0x07,0xc0,  //@@*..@@%.%@@*.*@@
0xb8,0x3e,0x2f,0x07,0xc0,  //#@%..@@%.%@@*.%@@
0x7c,0x3e,0x2f,0x0b,0x80,  //%@@+.@@%.%@@*.#@%
0x3e,0x15,0x05,0x1f,0x40,  //+@@%.***.***.%@@*
0x1f,0x40,0x00,0x7e,0x00,  //.%@@%.......*@@%.
0x0b,0xe4,0x06,0xf8,0x00,  //..#@@#*+.+*#@@#+.
0x02,0xff,0xff,0xe0,0x00,  //...%@@@@@@@@@#+..
0x00,0x6f,0xfe,0x40,0x00,  //....*#@@@@@#*....


/*  */
0x00,0x06,0xa4,0x00,0x00,  //.....+*%%%*+.....
0x00,0xbf,0xff,0x80,0x00,  //...+%@@@@@@@%+...
0x02,0xff,0xff,0xf4,0x00,  //..+#@@@@@@@@@@*..
0x0b,0xff,0xff,0xfc,0x00,  //.+#@@@@@@@@@@@@*.
0x2f,0xff,0xff,0xfe,0x00,  //.#@@@@@@@@@@@@@#.
0x7f,0xc0,0x00,0xbf,0x40,  //*@@@@*******#@@@*
0xbf,0xc0,0x00,0xbf,0x80,  //%@@@@.......%@@@#
0xbf,0xc0,0x00,0xbf,0xc0,  //#@@@@.......%@@@@
0xff,0xc0,0x00,0xbf,0xc0,  //@@@@@.......%@@@@
0xff,0xc0,0x00,0xbf,0xc0,  //@@@@@.......%@@@@
0xbf,0xc0,0x00,0xbf,0xc0,  //#@@@@.......%@@@@
0x7f,0xc0,0x00,0xbf,0x80,  //%@@@@.......%@@@%
0x3f,0xd5,0x55,0xbf,0x40,  //+@@@@%******#@@@*
0x1f,0xff,0xff,0xfe,0x00,  //.%@@@@@@@@@@@@@%.
0x0b,0xff,0xff,0xf8,0x00,  //..#@@@@@@@@@@@#+.
0x02,0xff,0xff,0xe0,0x00,  //...%@@@@@@@@@#+..
0x00,0x6f,0xfe,0x40,0x00,  //....*#@@@@@#*....


/*  */
0x00,0x06,0xa4,0x00,0x00,  //.....+*%%%*+.....
0x00,0xbf,0xff,0x80,0x00,  //...+%@@@@@@@%+...
0x02,0xfe,0xaf,0xf4,0x00,  //..+#@@@#%#@@@@*..
0x0b,0xd0,0x01,0xfc,0x00,  //.+#@@%+...+*@@@*.
0x2f,0x40,0x00,0x2e,0x00,  //.#@@*.......+#@#.
0x7d,0x2a,0xaa,0x1f,0x40,  //*@@*.%%%%%%%+*@@*
0xb8,0x3f,0xff,0x0b,0x80,  //%@#..@@@@@@@*.#@#
0xb4,0x3f,0xff,0x07,0xc0,  //#@%..@@@@@@@*.*@@
0xf4,0x3f,0xff,0x07,0xc0,  //@@*..@@@@@@@*.*@@
0xf4,0x3f,0xff,0x07,0xc0,  //@@*..@@@@@@@*.*@@
0xb8,0x3f,0xff,0x07,0xc0,  //#@%..@@@@@@@*.%@@
0x7c,0x3f,0xff,0x0b,0x80,  //%@@+.@@@@@@@*.#@%
0x3e,0x15,0x55,0x1f,0x40,  //+@@%.*******.%@@*
0x1f,0x40,0x00,0x7e,0x00,  //.%@@%.......*@@%.
0x0b,0xe4,0x06,0xf8,0x00,  //..#@@#*+.+*#@@#+.
0x02,0xff,0xff,0xe0,0x00,  //...%@@@@@@@@@#+..
0x00,0x6f,0xfe,0x40,0x00,  //....*#@@@@@#*....


/*  */
0x00,0x00,0xbe,0x00,0x00,  //.......*#@@#*.......
0x00,0x07,0x82,0xd0,0x00,  //......*@%**%@*......
0x00,0x0a,0x00,0xa0,0x00,  //......#%....%#......
0x00,0x0c,0x00,0x30,0x00,  //.....*@*....*@*.....
0x00,0x0c,0x00,0x30,0x00,  //.....*@*....*@*.....
0x05,0x4d,0x55,0x71,0x50,  //.+****@******@****+.
0x1f,0xcd,0xff,0x73,0xf4,  //.%@@@*@*@@@@*@*@@@%.
0x2f,0xc9,0xff,0x63,0xf8,  //.%@@@*%*@@@@*%*@@@%.
0x2f,0xe6,0xff,0x9b,0xf8,  //.%@@@#%#@@@@#%#@@@%.
0x3f,0xff,0xff,0xff,0xfc,  //.@@@@@@@@@@@@@@@@@@.
0x3f,0xff,0xff,0xff,0xfc,  //.@@@@@@@@@@@@@@@@@@.
0x3f,0xff,0xff,0xff,0xfc,  //+@@@@@@@@@@@@@@@@@@+
0x3f,0xff,0xff,0xff,0xfc,  //*@@@@@@@@@@@@@@@@@@*
0x7f,0xff,0xff,0xff,0xfd,  //*@@@@@@@@@@@@@@@@@@*
0x6a,0xaa,0xaa,0xaa,0xa9,  //*%%%%%%%%%%%%%%%%%%*
0x15,0x55,0x55,0x55,0x54,  //********************
0xbf,0xff,0xff,0xff,0xfe,  //%@@@@@@@@@@@@@@@@@@%
0xbf,0xff,0xff,0xff,0xfe,  //%@@@@@@@@@@@@@@@@@@%
0xff,0xff,0xff,0xff,0xff,  //@@@@@@@@@@@@@@@@@@@@
0xaa,0xaa,0xaa,0xaa,0xaa,  //%%%%%%%%%%%%%%%%%%%%


/*  */
0x00,0x05,0xbf,0xf5,0x40,0x00,  //.....+**%@@@@@%**+.....
0x00,0x7f,0xff,0xff,0xe0,0x00,  //....*@@@@@@@@@@@@#*....
0x00,0xa0,0x2a,0xa0,0x28,0x00,  //....#%..+%%%%%+..##....
0x00,0xc0,0x00,0x00,0x1c,0x00,  //...*@*...........*@....
0x01,0xc0,0x00,0x00,0x0c,0x00,  //...*@............+@*...
0x02,0x80,0x00,0x00,0x09,0x00,  //...%%.............#%...
0x02,0x40,0x00,0x00,0x0a,0x00,  //...#%.............%%...
0x02,0x00,0x00,0x00,0x06,0x00,  //...%*.............*%...
0x15,0x55,0x55,0x55,0x55,0x50,  //+*********************+
0xbf,0xff,0xff,0xff,0xff,0xf8,  //#@@@@@@@@@@@@@@@@@@@@@%
0xbf,0xff,0xff,0xff,0xff,0xf8,  //#@@@@@@@@@@@@@@@@@@@@@%
0x1f,0x5f,0x8f,0x8b,0xdb,0xd0,  //.*@@%%@@#*@@#*#@@*%@@*.
0x0f,0x0f,0x4f,0x8b,0xc7,0xc0,  //.*@@**@@*.@@%.%@@.*@@..
0x0f,0x4f,0x4f,0x8b,0xc7,0x80,  //..@@**@@*.@@%.%@@.*@#..
0x0b,0x4f,0x4f,0x8b,0xc7,0x80,  //..#@*.@@*.@@%.%@@.%@%..
0x0b,0x4f,0x4f,0x8b,0x8b,0x40,  //..%@*.@@*.@@%.%@#.%@*..
0x07,0x4f,0x4f,0x8b,0x8b,0x40,  //..*@%.@@*.@@#.%@%.%@*..
0x03,0xaf,0xaf,0xef,0xef,0x00,  //..*@#%@@##@@@%@@@%@@+..
0x03,0xff,0xff,0xff,0xff,0x00,  //..+@@@@@@@@@@@@@@@@@...
0x01,0xaa,0xaa,0xaa,0xa9,0x00,  //...%%%%%%%%%%%%%%%%*...


/*  */
0x00,0x01,0xa4,0x1a,0x40,  //.......*%%*..*%%*...
0x00,0x02,0xf4,0x2f,0x40,  //.......#@@*..%@@*...
0x00,0x03,0xf0,0x3f,0x00,  //.......@@@+..@@@*...
0x00,0x03,0xe0,0x3f,0x00,  //......*@@#..*@@@....
0x06,0xab,0xea,0xbe,0xa9,  //..*%%%#@@#%%#@@#%%%*
0x0b,0xff,0xff,0xff,0xfd,  //..%@@@@@@@@@@@@@@@@*
0x0f,0xff,0xff,0xff,0xfc,  //..@@@@@@@@@@@@@@@@@+
0x05,0x6f,0x95,0xfd,0x54,  //..***%@@#**%@@@****.
0x00,0x1f,0x81,0xf8,0x00,  //.....%@@%..*@@%.....
0x00,0x2f,0x42,0xf4,0x00,  //.....#@@*..%@@*.....
0x2a,0xbf,0xab,0xfa,0xa0,  //.%%%%@@@#%%@@@#%%%..
0x3f,0xff,0xff,0xff,0xe0,  //*@@@@@@@@@@@@@@@@#..
0x7f,0xff,0xff,0xff,0xe0,  //*@@@@@@@@@@@@@@@@%..
0x15,0xbe,0x5b,0xe5,0x40,  //****#@@%**#@@%****..
0x00,0xfc,0x0f,0xc0,0x00,  //....@@@+..@@@*......
0x00,0xf8,0x0f,0xc0,0x00,  //...*@@#..*@@@.......
0x01,0xf8,0x1f,0x80,0x00,  //...%@@%..*@@%.......


/*  */
0x00,0x6f,0xf8,0x00,  //...+%#@@@@%*...
0x07,0xfe,0xff,0x40,  //..*@@@@#@@@@%..
0x0f,0xfc,0xbf,0xc0,  //.*@@@@@.#@@@@*.
0x2f,0xfc,0x2f,0xe0,  //.%@@@@@..#@@@#.
0x3f,0xfc,0x0b,0xf0,  //+@@@@@@...#@@@*
0x7e,0x7c,0x42,0xf4,  //*@@#%@@.*+.#@@*
0x7d,0x1c,0x60,0xf8,  //%@@*.%@.*%.+@@%
0xbf,0x44,0x42,0xf8,  //%@@@*.%.*..#@@#
0xbf,0xd0,0x0b,0xfc,  //%@@@@*....#@@@@
0xbf,0xf0,0x2f,0xfc,  //%@@@@@*..#@@@@@
0xbf,0xe0,0x1f,0xfc,  //%@@@@#...%@@@@@
0xbf,0x80,0x07,0xfc,  //%@@@#.+.+.%@@@@
0xbe,0x08,0x51,0xf8,  //%@@#..#.**.%@@%
0x7c,0x2c,0x60,0xf8,  //*@@*.#@.*#.+@@%
0x3e,0xbc,0x42,0xf4,  //*@@##@@.*.+#@@*
0x3f,0xfc,0x0b,0xf0,  //.@@@@@@..+#@@@+
0x1f,0xfc,0x2f,0xe0,  //.%@@@@@.+#@@@%.
0x0b,0xfc,0xbf,0x80,  //..#@@@@+#@@@#+.
0x02,0xfe,0xfe,0x00,  //..+#@@@#@@@#*..
0x00,0x6a,0xa4,0x00,  //....*%%%%%*....


/*  */
0x00,0x10,0x00,  //.....%.....
0x00,0x34,0x00,  //.....@%....
0x00,0x3d,0x00,  //.....@@%...
0x00,0x3f,0x40,  //.....@@@%..
0x00,0x3a,0xd0,  //.*...@##@%.
0x34,0x38,0xb4,  //*@%..@%.#@%
0x1d,0x38,0xb4,  //.%@%.@%+#@*
0x0b,0x7a,0xd0,  //..%@%@##@*.
0x02,0xff,0x40,  //...#@@@@*..
0x00,0xbd,0x00,  //....#@@*...
0x00,0xbd,0x00,  //...+#@@%...
0x02,0xff,0x40,  //..+#@@@@%..
0x0b,0x79,0xd0,  //.+#@*@%%@%.
0x2d,0x38,0xb4,  //+#@*.@%.%@%
0x24,0x38,0xb4,  //+#*..@%+#@*
0x00,0x3a,0xd0,  //.....@##@*.
0x00,0x3f,0x40,  //.....@@@*..
0x00,0x3d,0x00,  //.....@@*...
0x00,0x34,0x00,  //.....@*....
0x00,0x10,0x00,  //.....*.....


/*  */
0x06,0x90,0x00,0x2a,0x00,  //..*%%%+......%%%.
0x1f,0xf9,0x00,0xbe,0x00,  //.%@@@@#*....%@@#.
0x7f,0xfe,0x01,0xf8,0x00,  //*@@@@@@#...*@@#+.
0xbd,0x2f,0x43,0xf4,0x00,  //#@@**#@@*.+@@@*..
0xf8,0x0f,0x4b,0xd0,0x00,  //@@#..*@@*.#@@%...
0xbc,0x2f,0x6f,0x80,0x00,  //#@@*.%@@*%@@#....
0x7f,0xff,0x7e,0x00,0x00,  //*@@@@@@@%@@#+....
0x2f,0xfd,0xfd,0x00,0x00,  //.#@@@@@%@@@*.....
0x06,0xa2,0xf4,0x00,0x00,  //..*%%%*#@@%.+....
0x00,0x0b,0xe6,0xf8,0x00,  //......%@@#*#@@#+.
0x00,0x1f,0xaf,0xff,0x00,  //.....*@@#%@@@@@@+
0x00,0x3f,0x7f,0xaf,0x80,  //....+@@@*@@@##@@#
0x00,0xbd,0x7d,0x0b,0xc0,  //....#@@%*@@%..#@@
0x02,0xf8,0x7d,0x0b,0xc0,  //...%@@#.*@@%..#@@
0x07,0xe0,0x3e,0x5f,0x80,  //..*@@#+.+@@#%%@@#
0x0f,0xd0,0x2f,0xff,0x40,  //.+@@@*...%@@@@@@*
0x2f,0x40,0x0b,0xfd,0x00,  //.#@@%.....%@@@@*.


/*  */
0x02,0x00,0x00,0x00,0x80,  //...#*..........*#...
0x03,0x40,0x00,0x01,0xc0,  //..+@%..........%@+..
0x07,0x80,0x00,0x02,0xd0,  //..*@#..........#@*..
0x0b,0xc0,0x00,0x03,0xe0,  //..#@@*........*@@#..
0x0f,0xd0,0x00,0x07,0xf0,  //.+@@@%........%@@@+.
0x1f,0xe0,0x00,0x0b,0xf4,  //.*@@@#........#@@@*.
0x1a,0xa0,0x00,0x0a,0xa4,  //.%%%%%********%%%%%.
0x20,0x07,0xff,0xd0,0x08,  //+%....*@@@@@@*....%+
0x74,0x03,0xff,0xc0,0x1d,  //*@%...+@@@@@@+...%@*
0xbc,0x02,0xff,0x80,0x3e,  //%@@*...#@@@@#...*@@%
0xbe,0x01,0xff,0x40,0xbe,  //#@@#+..*@@@@*..+#@@#
0x2f,0x80,0xff,0x02,0xf8,  //+#@@#..+@@@@+..#@@#+
0x07,0xd0,0xbe,0x07,0xd0,  //..%@@%..#@@#..%@@%..
0x00,0xb4,0x7d,0x1e,0x00,  //...*#@*.*@@*.*@#*...
0x00,0x2c,0x3c,0x38,0x00,  //....+#@++@@++@#+....
0x00,0x06,0x28,0x90,0x00,  //......*#.##.#*......
0x00,0x00,0x96,0x00,0x00,  //.......*%%%%*.......
0x00,0x00,0x14,0x00,0x00,  //.........%*.........


/*  */
0x00,0x01,0xaa,0x40,0x00,  //......+*%%%%*+......
0x00,0x6f,0xff,0xf9,0x00,  //....*#@@@@@@@@#*....
0x02,0xff,0xff,0xff,0x80,  //...%@@@@@@@@@@@@%...
0x0b,0xff,0xff,0xff,0xe0,  //..#@@@@@@@@@@@@@@#..
0x2f,0xff,0xff,0xff,0xf8,  //.%@@@@@@@@@@@@@@@@%.
0x3f,0xff,0xff,0xff,0xfc,  //*@@@@@@@@@@@@@@@@@@*
0x7f,0xae,0xaa,0xab,0xfd,  //%@@@#%@#%%%%%%#@@@@%
0xbf,0x0c,0x00,0x0b,0xfe,  //#@@@*.@*......%@@@@#
0xff,0x0c,0x00,0x0b,0xff,  //@@@@*.@*......%@@@@@
0xff,0xae,0xaa,0xab,0xff,  //@@@@#%@#%%%%%%#@@@@@
0xbf,0xeb,0xff,0xff,0xfe,  //#@@@@%#@@@@@@@@@@@@#
0x7f,0xe1,0xbf,0xff,0xfd,  //*@@@@%.*#@@@@@@@@@@*
0x3f,0xf8,0x00,0x1f,0xfc,  //.@@@@@#*.+**+*@@@@@.
0x7f,0xff,0xa5,0xbf,0xfd,  //*@@@@@@@#%%%#@@@@@@*
0xbf,0xff,0xff,0xff,0xfe,  //%@@@@@@@@@@@@@@@@@@%
0xbf,0xff,0xff,0xff,0xfe,  //#@@@@@@@@@@@@@@@@@@#
0xbf,0xff,0xff,0xff,0xfe,  //%@@@@@@@@@@@@@@@@@@%
0x2f,0xff,0xd7,0xff,0xf8,  //+#@@@@@@@**@@@@@@@#+
0x0b,0xfe,0x00,0xbf,0xe0,  //.+#@@@@#*..*#@@@@#+.
0x00,0x50,0x00,0x05,0x00,  //...****......****...


/*  */
0x2a,0xaa,0xaa,0xaa,0x00,  //+%%%%%%%%%%%%%%%*
0xab,0xaa,0xea,0xae,0xc0,  //###@%%%%@%%%%#@#@
0xd2,0x82,0xa0,0xa0,0xc0,  //@*+%%+.%##..%#+*@
0xd0,0x69,0x1a,0x40,0xc0,  //@*..*##%.*##*..*@
0xd0,0x00,0x00,0x00,0xc0,  //@*...+*...*+...*@
0xd0,0x00,0x00,0x00,0xc0,  //@*.............*@
0xd2,0x92,0xaa,0xa0,0xc0,  //@*.%%%+%%%%%%%+*@
0xd1,0x51,0x55,0x50,0xc0,  //@*.***+*******+*@
0xd0,0x00,0x00,0x00,0xc0,  //@*.............*@
0xd3,0xe3,0xff,0xf0,0xc0,  //@*.@@%*@@@@@@@**@
0xd1,0x51,0x55,0x50,0xc0,  //@*.***+*******+*@
0xd0,0x00,0x00,0x00,0xc0,  //@*........+***.*@
0xd0,0x00,0x07,0xf0,0xc0,  //@*........*@@@**@
0xd0,0x00,0x00,0x00,0xc0,  //@*........+***.*@
0xd0,0x00,0x00,0x00,0xc0,  //@*.............*@
0xd0,0x00,0x00,0x00,0xc0,  //@*.............*@
0xbf,0xff,0xff,0xff,0x80,  //#@@@@@@@@@@@@@@@#


/*  */
0xbf,0xa5,0x00,0x00,0x00,  //#@@@#%%*+...........
0x7a,0xff,0xe4,0x00,0x00,  //%@##@@@@@#*.........
0x3d,0x6f,0xfe,0x00,0x00,  //*@@%*#@@@@@#*.......
0x3f,0x4b,0xff,0xd0,0x00,  //.@@@%+#@@@@@@%......
0x2f,0xd2,0xff,0xf4,0x00,  //.#@@@*.#@@@@@@%.....
0x1f,0xf0,0xbf,0xfc,0x00,  //.%@@@@++#@@@@@@*....
0x0f,0xf8,0x7f,0xfe,0x00,  //.*@@@@%.*@@@@@@#....
0x0f,0xfc,0x2f,0xff,0x00,  //..@@@@@*.%@@@@@@*...
0x0b,0xfe,0x0f,0xff,0x40,  //..#@@@@%.*@@@@@@%...
0x07,0xff,0x4b,0xff,0x80,  //..%@@@@@*.%@@@@@%...
0x03,0xff,0x83,0xff,0x80,  //..+@@@@@#.+@@@@@%...
0x02,0xff,0xe1,0xff,0x80,  //...%@@@@@%.*@@@@%...
0x00,0xff,0xf4,0xbf,0x80,  //...+@@@@@@*.#@@@%...
0x00,0x7f,0xfd,0x2f,0x80,  //....*@@@@@@*+#@@%...
0x00,0x1f,0xff,0x5b,0x40,  //.....*@@@@@@%*#@%...
0x00,0x02,0xff,0xea,0x40,  //......*#@@@@@#%#*...
0x00,0x00,0x6f,0xfa,0x80,  //........*#@@@@#%%...
0x00,0x00,0x00,0x00,0x50,  //................*%..
0x00,0x00,0x00,0x00,0x14,  //.................*%.
0x00,0x00,0x00,0x00,0x05,  //..................%*


/*  */
0x00,0x06,0xff,0x90,0x00,  //.....+*#@@@@#*+.....
0x00,0x6d,0x41,0x79,0x00,  //....*#@%****%@#*....
0x02,0xd1,0xbe,0x47,0x80,  //...%@%+%#@@#%+%@%...
0x0a,0x1f,0xff,0xf4,0xa0,  //..%#*%@@@@@@@@%*#%..
0x1d,0xbf,0x82,0xfe,0x74,  //.*@*#@@@#**#@@@#*@*.
0x25,0xff,0x41,0xff,0x58,  //.#%%@@@@%..%@@@@%%#.
0x73,0xab,0x82,0xea,0xcd,  //*@*@#%#@#++#@#%#@*@*
0xa7,0x80,0x00,0x02,0xda,  //%#*@%...****...%@*#%
0x9b,0xe9,0x00,0x6b,0xe6,  //#*%@@#%*+..+*%#@@%*#
0xdb,0xff,0x41,0xff,0xe7,  //@*%@@@@@*..*@@@@@%*@
0xdb,0xff,0x41,0xff,0xe7,  //@*%@@@@@*..*@@@@@%*@
0x9b,0xff,0x41,0xff,0xe6,  //#%%@@@@@*..*@@@@@%%#
0x67,0xff,0x00,0xff,0xd9,  //%#*@@@@@*++*@@@@@*#%
0x32,0xff,0x14,0xff,0x8c,  //*@*#@@@@.**.@@@@#*@*
0x28,0xfe,0x28,0xbf,0x28,  //.##*@@@%.##.%@@@*##.
0x0d,0x7d,0x3c,0x7d,0x70,  //.*@%*@@%+@@+%@@*%@*.
0x07,0x4b,0xff,0xe1,0xd0,  //..*@%*#@@@@@@#*%@*..
0x01,0xe4,0x69,0x1b,0x40,  //...*@#**%%%%**#@*...
0x00,0x2e,0x96,0xb8,0x00,  //....+%@#%**%#@%+....
0x00,0x01,0xaa,0x40,0x00,  //......+%%%%%%+......


/*  */
0x00,0x00,0x01,0xe0,  //.....+.....%@#*
0x00,0x29,0x03,0xf8,  //....*##*..+@@@%
0x01,0xff,0x82,0xf8,  //...*@@@@#*.#@@%
0x07,0xeb,0xf9,0xa0,  //..*@@#%@@@%*%%+
0x0b,0x81,0xff,0x00,  //..%@#+.*@@@@*..
0x01,0x02,0xff,0x40,  //..+*..+#@@@@*..
0x00,0x0b,0xfe,0x00,  //.....+#@@@@#...
0x00,0x2f,0xf8,0x00,  //....+#@@@@#+...
0x02,0xff,0xf4,0x14,  //..*#@@@@@@*****
0x0b,0xff,0xff,0xfc,  //..#@@@@@@@@@@@@
0x12,0x00,0xbf,0xfc,  //*%+%+..*#@@@@@@
0xb4,0x00,0x2d,0x3c,  //#@*......#@*+@@
0xf0,0x00,0x1e,0x3c,  //@@+......*@%*@@
0xf0,0x00,0x0e,0x3c,  //@@.......*@#*@@
0xf0,0x00,0x0e,0x7c,  //@@.......*@#*@@
0xb4,0x00,0x1e,0x7c,  //#@*......%@%*@@
0x78,0x00,0x2c,0x38,  //%@#+.....#@**@%
0x2e,0x46,0x44,0x00,  //.#@#%**%%+%....
0x0b,0xff,0xd0,0x00,  //.+#@@@@@@*.....
0x01,0xa9,0x00,0x00,  //...*%%%%*......


/*  */
0x00,0x06,0xa4,0x00,0x00,  //.....+*%%%*+.....
0x00,0xbe,0xaf,0x80,0x00,  //...+%@@%%%@@%+...
0x02,0x90,0x01,0xb4,0x00,  //..+##*.....*#@*..
0x0a,0x01,0x90,0x1c,0x00,  //.+##..+*%%*..%@*.
0x28,0x1b,0xfd,0x0a,0x00,  //.##..*#@@@@%..%#.
0x70,0x2e,0x6f,0x43,0x40,  //*@*..#@#*#@@*.+@*
0xa0,0x08,0x0b,0x82,0x80,  //%#...*%...#@%..%#
0x90,0x00,0x1f,0x41,0xc0,  //#%.......*@@%..*@
0xd0,0x00,0xbe,0x00,0xc0,  //@*.....+#@@#...*@
0xd0,0x01,0xf4,0x00,0xc0,  //@*.....%@@*....*@
0x90,0x02,0xe0,0x01,0xc0,  //#%.....%@%.....*@
0x60,0x00,0x00,0x02,0x80,  //%#.............#%
0x34,0x02,0xe0,0x03,0x40,  //+@*....%@%....*@*
0x18,0x02,0xe0,0x0a,0x00,  //.%#+...%@%....#%.
0x0a,0x00,0x40,0x28,0x00,  //..##*..***..+##+.
0x02,0xe0,0x01,0xe0,0x00,  //...%@%*...*%@#+..
0x00,0x6f,0xfe,0x40,0x00,  //....*#@@@@@#*....


/*  */
0x02,0xd0,0x00,0x00,  //..*#@*.........
0x0b,0xe0,0x00,0x00,  //..%@@%.........
0x03,0xd0,0x00,0x00,  //..*@@%.........
0x01,0x40,0x00,0x00,  //...**..........
0x07,0xd0,0x00,0x00,  //..*@@%.........
0x0b,0xb4,0x00,0x00,  //..#@#@*........
0x1f,0xac,0x00,0x00,  //.%@@%#@+.......
0x3b,0xee,0x00,0x00,  //+@#@@%@#.......
0x77,0xe7,0x80,0x00,  //*@*@@%*@#......
0x73,0xe1,0xd0,0x00,  //*@*@@%.%@%.....
0x37,0xe0,0xb0,0x00,  //*@*@@%..%@*....
0x37,0xe0,0x00,0x00,  //.@*@@%...**....
0x03,0xe0,0x00,0x00,  //.**@@%....*+...
0x07,0xe0,0x01,0x00,  //..%@@#*....*...
0x0b,0xb4,0x00,0x00,  //..#@%@%....+*..
0x0f,0x7c,0x00,0x00,  //.+@@*@@.....*..
0x1e,0x2d,0x00,0x10,  //.%@#.%@*.....*.
0x2d,0x1e,0x00,0x00,  //.#@%.*@#.....++
0x3c,0x0f,0x00,0x00,  //+@@+..@@+.....*
0x24,0x06,0x00,0x00,  //.%%...*%.......


/*  */
0x00,0x06,0xa5,0xaa,0x40,0x00,0x00,  //......%%%%**%%%%%+.*+*+++.
0x00,0x1f,0xf9,0xff,0xf4,0x48,0x80,  //.....*@@@@%*@@@@@@%.%.%.%.
0x00,0x3f,0xf9,0xfa,0xfc,0x44,0x40,  //....*@@@@@%*@@#%@@@**+*+**
0x00,0xbe,0xf9,0xf0,0x7e,0x11,0x10,  //....#@@%@@%*@@*.*@@%**+*+*
0x02,0xf5,0xf9,0xf0,0x3e,0x12,0x20,  //...%@@%*@@%*@@*..@@#.%.%.%
0x07,0xe1,0xf9,0xf0,0x3e,0x12,0x20,  //..*@@#.*@@%*@@*..@@#.%.%.%
0x0f,0xff,0xf9,0xf0,0x7d,0x11,0x10,  //.+@@@@@@@@%*@@*.%@@%****+*
0x2f,0xff,0xf9,0xff,0xf8,0x44,0x40,  //.#@@@@@@@@%*@@@@@@#+%+*+*+
0xbf,0x56,0xf9,0xff,0xe0,0x44,0x40,  //%@@@***%@@%*@@@@@#+.%.%.%.


/*  */
0x00,0x00,0x00,0x90,  //............#*..
0x00,0x00,0x00,0x70,  //............%@*.
0x00,0x00,0x09,0x28,  //....++....#*.##.
0x06,0xf4,0x07,0x0c,  //..*#@@%...%@+*@*
0x0f,0xf8,0x92,0x49,  //.+@@@@%.#*.#%.#*
0x2f,0xf4,0xa1,0x8a,  //.%@@@@*.%#.%%.%%
0x3f,0xf0,0x71,0x8a,  //+@@@@@+.*@.*%.%%
0x7d,0x50,0xa2,0x89,  //%@@%**..#%.%%.#%
0xb8,0x00,0x43,0x4d,  //%@#.....*.+@*.@*
0xb4,0x00,0x0a,0x1c,  //#@%.......##.*@+
0xf4,0x00,0x04,0x24,  //@@*.......*++#%.
0xf4,0x00,0x00,0xa0,  //@@*.........##..
0xf4,0x00,0x00,0x40,  //@@*.........*+..
0xb8,0x00,0x00,0x00,  //#@%.............
0xb8,0x00,0x00,0x00,  //%@#.............
0x7f,0xe0,0x00,0x00,  //*@@@@#..........
0x2f,0xf0,0x00,0x00,  //.#@@@@*.........
0x1f,0xf4,0x00,0x00,  //.*@@@@%.........
0x0b,0xf8,0x00,0x00,  //..#@@@#.........
0x01,0xa0,0x00,0x00,  //...*%%+.........


/*  */
0x18,0x02,0x40,0x01,0x90,0x14,  //.%%+..+%%......*%*...**+
0xbe,0x0b,0xe0,0x07,0xf4,0x41,  //%@@#++#@@%....*@@@*.*..*
0xff,0x0f,0xf0,0x0b,0xf4,0x40,  //@@@@**@@@@....%@@@*.*...
0xbe,0x0b,0xe0,0x07,0xf0,0x41,  //%@@#..#@@%....*@@@*.*..*
0x14,0x01,0x40,0x01,0x40,0x00,  //.**+..+**......***...**+
0x00,0x00,0x00,0x00,0x00,0x00,  //........................
0x2d,0x01,0x40,0x01,0x50,0x14,  //*#@*..****.....***..****
0xbf,0x00,0x10,0x04,0x00,0x40,  //#@@@++*..*....*...*.*..*
0xff,0x00,0x10,0x04,0x00,0x40,  //@@@@**+..*....*...*.*..+
0x7e,0x04,0x00,0x01,0x10,0x01,  //*@@#..*+**....+*.*+.**+*
0x00,0x00,0x00,0x00,0x00,0x00,  //.+*....*+......+*....+*.
0x00,0x00,0x00,0x00,0x00,0x00,  //.+*....*+......+*....+*.
0x01,0x04,0x00,0x01,0x10,0x01,  //**+*..*+**....+*.*+.**+*
0x40,0x00,0x10,0x04,0x00,0x40,  //*..+**+..*....*...*.*..+
0x40,0x00,0x10,0x04,0x00,0x40,  //*..*++*..*....*...*.*..*
0x14,0x01,0x40,0x01,0x50,0x14,  //****..****.....***..****


/*  */
0x00,0x00,0x00,0x02,0x80,  //...............#%...
0x00,0x00,0x00,0x00,0xa0,  //...............*##..
0x00,0x00,0x00,0x18,0x34,  //........**+..*#*+@%.
0x00,0x07,0xfe,0x4b,0x1c,  //......%@@@@#*.%@+*@*
0x00,0x29,0x01,0xe2,0x8a,  //....+##****%@%.##.#%
0x00,0xa1,0xa4,0x74,0xd2,  //....##.*%%%+*@%+@**#
0x01,0x87,0xaa,0x1c,0x50,  //...*#+%@#%##+*@+%*..
0x02,0x4d,0x02,0x89,0x00,  //...#%*@*...##.#*....
0x03,0x18,0x00,0xca,0x00,  //...@*%#....*@+%%....
0x02,0x14,0x00,0x8a,0x00,  //...%+**....+%+%%....
0x00,0x00,0x60,0x09,0x00,  //........*#....#%....
0x00,0x00,0x00,0x1c,0x00,  //.........+...%@+....
0x00,0x06,0x00,0x74,0x00,  //......*%....*@*.....
0x01,0x40,0x00,0xd0,0x00,  //...%%.+*...+@%......
0x01,0xd0,0x01,0xc0,0x00,  //...*@%.....*@.......
0x00,0x74,0x01,0x80,0x00,  //....*@%....*#.......
0x04,0x10,0x02,0x80,0x00,  //..**.*+....#%.......
0x04,0x00,0x07,0x40,0x00,  //..**......*@*.......
0x40,0x00,0x6d,0x00,0x00,  //*+......*#@%........
0x80,0x00,0xa4,0x00,0x00,  //%*......%%*.........


/*  */
0x00,0x02,0xc0,0x00,0x00,0x00,0x00,  //.......#@+................
0x00,0x0b,0x80,0x00,0x00,0x00,0x00,  //......#@#+................
0x00,0x1e,0x69,0x00,0x00,0x00,0x00,  //.....*@#%%#%..............
0x00,0x2f,0xfe,0x00,0x00,0x00,0x00,  //.....#@@@@@%..............
0x00,0x7f,0xe4,0x00,0x00,0x01,0x00,  //....*@@@@#*+..........**..
0x00,0x7f,0xff,0x80,0x40,0x2f,0x00,  //....%@@@@@@@%..****+*%@@+.
0x00,0xbf,0xeb,0xcb,0xff,0xff,0x40,  //....#@@@@##@@*#@@@@@@@@@%.
0x01,0xff,0xf8,0x2e,0xbf,0xff,0xc0,  //...*@@@@@@%*+%@#%@@@@@@@@+
0x02,0xff,0xff,0x2c,0x0f,0xff,0xd0,  //...#@@@@@@@@+%@+.*@@@@@@@%
0x1b,0xff,0x4b,0x58,0x0f,0xff,0x80,  //.*#@@@@@**#@**#..*@@@@@@#*
0xbf,0xfe,0x02,0x2e,0x6f,0xfd,0x00,  //%@@@@@@#..+#*#@#*#@@@@@*..
0xbf,0xff,0x0b,0x4b,0xff,0xf4,0x00,  //%@@@@@@@*.%@*+#@@@@@@@%...
0x3f,0xff,0xff,0x16,0xff,0xe0,0x00,  //*@@@@@@@@@@@***%@@@@@#....
0x2f,0xeb,0xf8,0x7f,0xff,0xd0,0x00,  //.%@@@##@@@#**@@@@@@@@*....
0x0e,0x00,0x00,0x1b,0xff,0xc0,0x00,  //.*@%*....+...%#@@@@@@*....
0x00,0x00,0x00,0x01,0xbf,0x80,0x00,  //..+...........*%#@@@#.....
0x00,0x00,0x00,0x0f,0xef,0x40,0x00,  //..............@@@#@@%.....
0x00,0x00,0x00,0x05,0x5e,0x00,0x00,  //..............*%*%@#......
0x00,0x00,0x00,0x00,0x7c,0x00,0x00,  //................*@@*......
0x00,0x00,0x00,0x00,0x24,0x00,0x00,  //................*%*.......


/*  */
0x00,0x00,0x00,0x00,0x24,  //................+#%.
0x00,0x00,0x00,0x00,0xbd,  //...............+#@@%
0x00,0x00,0x00,0x02,0xfe,  //........**+...+#@@@#
0x00,0x07,0xfe,0x4b,0xf8,  //......%@@@@#*.%@@@#.
0x00,0x29,0x01,0xe2,0xe0,  //....+##****%@%+#@#..
0x00,0xa1,0xa4,0x74,0x80,  //....##.*%%%+*@%+#...
0x01,0x87,0xaa,0x1c,0x00,  //...*#+%@#%##+*@+....
0x02,0x4d,0x02,0x89,0x00,  //...#%*@*...##.#*....
0x03,0x18,0x00,0xca,0x00,  //...@*%#....*@+%%....
0x02,0x14,0x00,0x8a,0x00,  //...%+**....+%+%%....
0x00,0x00,0x00,0x09,0x00,  //..............#%....
0x00,0x09,0x00,0x1c,0x00,  //.....+#*.....%@+....
0x00,0x2f,0x40,0x74,0x00,  //....+#@@*...*@*.....
0x00,0xbf,0x80,0xd0,0x00,  //...+#@@@#..+@%......
0x02,0xfe,0x01,0xc0,0x00,  //..+#@@@#...*@.......
0x0b,0xf8,0x01,0x80,0x00,  //.+#@@@#....*#.......
0x2f,0xe0,0x02,0x80,0x00,  //+#@@@#.....#%.......
0xbf,0x80,0x07,0x40,0x00,  //#@@@#.....*@*.......
0x2e,0x00,0x6d,0x00,0x00,  //+#@#....*#@%........
0x08,0x00,0xa4,0x00,0x00,  //.+%.....%%*.........


/*  */
0x06,0xaa,0xaa,0xa8,0x00,  //.*%%%%%%%%%%%%%*.
0x3f,0xff,0xff,0xff,0x40,  //*@@@@@@@@@@@@@@@*
0xbf,0xfe,0x5b,0xff,0x80,  //#@@@@@@%**%@@@@@#
0xff,0xf4,0x01,0xff,0xc0,  //@@@@@@*....%@@@@@
0xff,0xd0,0xa0,0xff,0xc0,  //@@@@@%..#%.*@@@@@
0xff,0xc1,0xd0,0xff,0xc0,  //@@@@@+.%@*.*@@@@@
0xff,0x82,0xc1,0xff,0xc0,  //@@@@#..#@*.*@@@@@
0xff,0x83,0xc1,0xab,0xc0,  //@@@@%..@@+.%#%#@@
0xff,0x82,0x80,0x03,0xc0,  //@@@@#..%#..*..*@@
0xff,0xc0,0x00,0x67,0xc0,  //@@@@@*..+..*%%%@@
0xff,0xe4,0x03,0xff,0xc0,  //@@@@@#**+.*@@@@@@
0xff,0x82,0x07,0xff,0xc0,  //@@@@#**#*.*@@@@@@
0xff,0x47,0x0b,0xff,0xc0,  //@@@@%.*@..#@@@@@@
0xff,0x49,0x1f,0xff,0xc0,  //@@@@%.%*.*@@@@@@@
0xff,0x80,0x7f,0xff,0xc0,  //@@@@#...*@@@@@@@@
0xbf,0xea,0xff,0xff,0x80,  //%@@@@#%#@@@@@@@@#
0x2f,0xff,0xff,0xfe,0x00,  //+#@@@@@@@@@@@@@#+


/*  */
0x00,0x6f,0xe0,0x00,0x00,  //....*#@@@%+......
0x02,0xff,0xf8,0x00,0x00,  //...%@@@@@@#......
0x07,0xf4,0xbd,0x00,0x00,  //..%@@@**#@@*.....
0x0f,0xd0,0xbd,0x00,0x00,  //.*@@@*..%@@*.....
0x2f,0x80,0xbd,0x00,0x00,  //.%@@#...#@@*.....
0x3f,0x40,0xfd,0x00,0x00,  //.@@@%...@@@*.....
0x3f,0x00,0xfc,0x00,0x00,  //*@@@*..*@@@+.....
0x3f,0x01,0xfc,0x00,0x00,  //*@@@*..*@@@......
0x3f,0x42,0xf8,0x6d,0x00,  //*@@@*..%@@%+%#@*.
0x3f,0x82,0xfb,0xff,0x00,  //.@@@%..#@@#@@@@@+
0x1f,0xeb,0xfe,0x95,0x40,  //.%@@@#%@@@@#%**%*
0x0b,0xff,0xf4,0x00,0x00,  //..#@@@@@@@*......
0x01,0xaf,0xe0,0x00,0x00,  //...*%#@@@#.......
0x09,0x07,0xe0,0x00,0x00,  //.*%*..%@@%.......
0x2f,0x4b,0xd0,0x00,0x00,  //+#@@*.#@@*.......
0x7d,0x0f,0x80,0x00,0x00,  //*@@*.+@@#........
0x7c,0x2f,0x40,0x00,0x00,  //*@@..%@@*........
0x7d,0xbe,0x00,0x00,0x00,  //*@@*%@@#.........
0x2f,0xf8,0x00,0x00,0x00,  //.#@@@@#..........
0x0a,0x90,0x00,0x00,0x00,  //.+%%%*...........


/*  */
0x00,0x01,0xc7,0x40,0x00,  //.......*@**@*......
0x00,0x01,0xe7,0x80,0x00,  //.......*@#*@#......
0x00,0x08,0xb7,0xd0,0x00,  //.....+%*#@%@@*.....
0x00,0x1e,0x7a,0xe0,0x10,  //.....*@#*@#%@#..+*.
0x00,0x0b,0xae,0xf0,0xb4,  //......#@##@#@@*.%@*
0x00,0x16,0xef,0xf8,0xb4,  //.....**#@#@@@@%.%@*
0x00,0x3e,0xff,0xfc,0xb4,  //....*@@%@@@@@@@*%@*
0x00,0x2f,0x57,0xfe,0xb4,  //.....%@@%%%@@@@##@*
0x00,0x0a,0xb9,0xbf,0xf4,  //......##%@#%#@@@@@*
0x00,0x02,0x6f,0xaf,0xf4,  //.......#%#@@%%@@@@*
0x0b,0x94,0x97,0xeb,0xf0,  //.+#@#%**%*%@@#%@@@+
0x0b,0xff,0xeb,0xfa,0xe0,  //..#@@@@@@%#@@@%#@#.
0x15,0xaf,0xff,0xfd,0x80,  //*%**%#@@@@@@@@@%#*.
0xff,0xff,0xff,0xfd,0x00,  //@@@@@@@@@@@@@@@%...
0x1a,0xff,0xff,0xfd,0x00,  //**%%@@@@@@@@@@@*...
0x2a,0xab,0xff,0xfc,0x00,  //.%%%%%#@@@@@@@@*...
0x3f,0xff,0xff,0xfc,0x00,  //+@@@@@@@@@@@@@@....
0x01,0x6b,0xff,0xf8,0x00,  //.***%%#@@@@@@@#....
0x03,0xff,0xff,0xe4,0x00,  //..+@@@@@@@@@@#*....
0x02,0xa5,0x40,0x00,0x00,  //...%%%%****+.......


/*  */
0x00,0x38,0x00,0x00,0x00,  //....*@#.............
0x00,0x2d,0x00,0x00,0x00,  //.....#@*............
0x00,0x1e,0xaa,0x40,0x00,  //.....*@#%%%%%*......
0x00,0x6f,0xff,0xf8,0x00,  //....*#@@@@@@@@#*....
0x02,0xe7,0xe6,0xeb,0x80,  //...%@#%@@#*#@#%@%...
0x0a,0xa2,0xe4,0x74,0xa0,  //..####.#@#*.%@**##..
0x2d,0x35,0xfe,0x28,0x28,  //.#@**@**@@@#.##.+##.
0x7a,0x28,0xbf,0x1c,0x0d,  //%@%#.%#.%@@@*%@..+@%
0xd3,0x4d,0x3f,0xac,0x07,  //@%+@*+@**@@@##@...%@
0xa1,0x86,0x2f,0xf8,0x0a,  //%#.%#+%#.%@@@@%..+#%
0x24,0x92,0x4f,0xf0,0x28,  //.#%.#%+#%+@@@@*..##.
0x08,0x71,0xc7,0xd0,0xa0,  //.+#+*@+*@+%@@*.+##+.
0x01,0x28,0x93,0xd7,0x80,  //..+*.#%.#%+@@*%@#+..
0x00,0x1c,0x71,0xf9,0x00,  //.....*@**@+*@@#*....
0x00,0x05,0x28,0xb4,0x00,  //......**.#%.#@*.....
0x00,0x00,0x00,0x78,0x00,  //............*@#.....
0x00,0x00,0x00,0x2d,0x00,  //.............#@*....
0x00,0x00,0x00,0x00,0x00,  //.............**.....


/*  */
0x00,0x01,0x00,0x10,  //.......*.....%
0x00,0x01,0x00,0xb0,  //.......*+..*#@
0x00,0x00,0x4b,0xf0,  //........**#@@@
0x00,0x00,0x2f,0xb0,  //........*#@@#@
0x01,0xa9,0x3a,0xb0,  //...*%%%%*@#%#@
0x0b,0x99,0x17,0xd0,  //..%@#%%***%@@*
0x28,0x00,0x06,0x40,  //.##*....***%*.
0x70,0x00,0x10,0x00,  //*@*.....**....
0xa0,0x00,0x19,0x00,  //%#......**#*..
0xd0,0x00,0x4a,0x00,  //@*......**%%..
0xd0,0x00,0x8a,0x00,  //@*......%+%%..
0x90,0x00,0x89,0x00,  //#%......%.#%..
0x60,0x01,0x0c,0x00,  //%#.....***@*..
0x28,0x01,0x28,0x00,  //.##...**+#%...
0x0a,0x55,0xa0,0x00,  //.+##**%%##....
0x02,0xfe,0x40,0x00,  //..+%@@@#%.....


/*  */
0x06,0xaa,0xaa,0xa8,0x00,  //.*%%%%%%%%%%%%%*.
0x3f,0xff,0xff,0xff,0x40,  //*@@@@@@@@@@@@@@@*
0xbf,0xff,0xff,0xff,0x80,  //#@@@@@@@@@@@@@@@#
0xff,0xff,0xbf,0xaf,0xc0,  //@@@@@@@@#@@@##@@@
0xff,0xff,0xa9,0x1f,0xc0,  //@@@@@@@@###%+%@@@
0xff,0xff,0xe0,0x1f,0xc0,  //@@@@@@@@@#+.+*@@@
0xff,0xe4,0x60,0x2f,0xc0,  //@@@@@#***#.*.%@@@
0xff,0x86,0xa8,0x3f,0xc0,  //@@@@#.*%%#%.*@@@@
0xff,0x1f,0xea,0xff,0xc0,  //@@@@+%@@@%##@@@@@
0xfe,0x3f,0xd5,0xff,0xc0,  //@@@%+@@@@%**@@@@@
0xfe,0x3f,0xd8,0xff,0xc0,  //@@@%*@@@@*%*@@@@@
0xfe,0x3f,0xd5,0xff,0xc0,  //@@@%+@@@@*%*@@@@@
0xff,0x1f,0x62,0xff,0xc0,  //@@@@+%@@%#.%@@@@@
0xff,0x85,0x47,0xff,0xc0,  //@@@@#+***.%@@@@@@
0xff,0xe5,0x6f,0xff,0xc0,  //@@@@@#%**#@@@@@@@
0xbf,0xff,0xff,0xff,0x80,  //%@@@@@@@@@@@@@@@#
0x2f,0xff,0xff,0xfe,0x00,  //+#@@@@@@@@@@@@@#+


/*  */
0x00,0x06,0xa4,0x00,0x00,  //.....+*%%%*+.....
0x00,0xbf,0xff,0x80,0x00,  //...+%@@@@@@@%+...
0x02,0xff,0xff,0xf4,0x00,  //..+#@@@@@@@@@@*..
0x0b,0xf9,0x5b,0xfc,0x00,  //.+#@@@#%**#@@@@*.
0x2f,0xe0,0x02,0xfe,0x00,  //.#@@@#+....#@@@#.
0x7f,0xd0,0x01,0xff,0x40,  //*@@@@%.....*@@@@*
0xbf,0xd0,0x00,0xff,0x80,  //%@@@@*.....*@@@@#
0xbf,0x90,0x00,0xbf,0xc0,  //#@@@%*.....+%@@@@
0xff,0x40,0x00,0x2f,0xc0,  //@@@@*.......*#@@@
0xff,0xc0,0x00,0xff,0xc0,  //@@@@@*.....+@@@@@
0xbf,0x40,0x00,0x7f,0xc0,  //#@@@%.......*@@@@
0x7c,0x00,0x00,0x0b,0x80,  //%@@+.........+#@%
0x3e,0x00,0x00,0x2f,0x40,  //+@@#*.......+%@@*
0x1f,0xa8,0x07,0xbe,0x00,  //.%@@##%+..%@#@@%.
0x0b,0xff,0xff,0xf8,0x00,  //..#@@@@@@@@@@@#+.
0x02,0xff,0xff,0xe0,0x00,  //...%@@@@@@@@@#+..
0x00,0x6f,0xfe,0x40,0x00,  //....*#@@@@@#*....


/*  */
0x00,0x01,0xa4,0x00,0x00,  //.......*%%%*......
0x00,0x0b,0xff,0x40,0x00,  //.....+#@@@@@%.....
0x00,0x2f,0xff,0xd0,0x00,  //.....#@@@@@@@%....
0x00,0x7f,0xff,0xf0,0x00,  //....*@@@@@@@@@....
0x00,0xbf,0xff,0xf0,0x00,  //....%@@@@@@@@@*...
0x00,0xbf,0xff,0xf0,0x00,  //....%@@@@@@@@@*...
0x00,0xbf,0xff,0xf0,0x00,  //....%@@@@@@@@@*...
0x0a,0xbf,0xff,0xfa,0x00,  //..%%#@@@@@@@@@%#*.
0x06,0xff,0xff,0xfe,0x00,  //..*#@@@@@@@@@@@%+.
0x00,0xbf,0xff,0xf4,0x00,  //....#@@@@@@@@@*...
0x00,0xff,0xff,0xf4,0x00,  //...+@@@@@@@@@@%...
0x02,0xff,0xff,0xfd,0x00,  //...%@@@@@@@@@@@*..
0x0b,0xff,0xff,0xff,0x40,  //.+%@@@@@@@@@@@@@*.
0x7f,0xff,0xff,0xff,0xf0,  //%@@@@@@@@@@@@@@@@@
0x1b,0xff,0xff,0xff,0x50,  //+*%@@@@@@@@@@@@@%*
0x02,0xaf,0xff,0xa9,0x00,  //..+#%#@@@@@@#%%%..
0x00,0x02,0xfe,0x00,0x00,  //......*#@@@%......


/*  */
0x06,0xaa,0xaa,0xa8,0x00,  //.*%%%%%%%%%%%%%*.
0x3f,0xff,0xff,0xff,0x40,  //*@@@@@@@@@@@@@@@*
0xbf,0xff,0xff,0xff,0x80,  //#@@@@@@@@@@@@@@@#
0xff,0xf9,0x5b,0xff,0xc0,  //@@@@@@#%**#@@@@@@
0xff,0xe0,0x02,0xff,0xc0,  //@@@@@#+....#@@@@@
0xff,0xd0,0x01,0xff,0xc0,  //@@@@@%.....*@@@@@
0xff,0xd0,0x00,0xff,0xc0,  //@@@@@*.....*@@@@@
0xff,0x90,0x00,0xbf,0xc0,  //@@@@%*.....+%@@@@
0xff,0x40,0x00,0x2f,0xc0,  //@@@@*.......*#@@@
0xff,0xc0,0x00,0xff,0xc0,  //@@@@@*.....+@@@@@
0xff,0x40,0x00,0x7f,0xc0,  //@@@@%.......*@@@@
0xf8,0x00,0x00,0x0b,0xc0,  //@@#+.........+#@@
0xfe,0x00,0x00,0x2f,0xc0,  //@@@#*.......+%@@@
0xff,0xa8,0x07,0xbf,0xc0,  //@@@@##%+..%@#@@@@
0xff,0xff,0xff,0xff,0xc0,  //@@@@@@@@@@@@@@@@@
0xbf,0xff,0xff,0xff,0x80,  //%@@@@@@@@@@@@@@@#
0x2f,0xff,0xff,0xfe,0x00,  //+#@@@@@@@@@@@@@#+


/*  */
0x00,0x00,0x00,0x00,0x00,0x00,0x00,  //........................*+
0x00,0x00,0x00,0x00,0x00,0x01,0x00,  //......................+%..
0x00,0x00,0x00,0x00,0x00,0x08,0x00,  //.....................+%...
0x00,0x00,0x00,0x00,0x00,0x20,0x00,  //....................+#+...
0x00,0x00,0x00,0x00,0x00,0xa0,0x00,  //....................#%....
0x00,0x00,0x00,0x00,0x01,0xd0,0x00,  //...................*@*....
0x00,0x00,0x00,0x00,0x03,0xc0,0x00,  //..................+@@+....
0x00,0x00,0x00,0x00,0x07,0x80,0x00,  //..................%@#.....
0x00,0x00,0x00,0x00,0x0e,0x00,0x00,  //...........+*+...*@%......
0x00,0x00,0x0b,0xf8,0x20,0x00,0x00,  //.........*#@@@#+.%*.......
0x00,0x00,0x7f,0xfe,0x10,0x00,0x00,  //........%@@@@@@#**........
0x00,0x01,0xff,0xff,0x80,0x00,0x00,  //.......%@@@@@@@@#.........
0x00,0x07,0xfe,0x40,0x00,0x00,0x00,  //......*@@@@#**............
0x00,0x0f,0xe1,0x6f,0xfd,0x00,0x00,  //.....+@@@%**%#@@@@@*......
0x00,0x2e,0x5b,0xff,0xf8,0x00,0x00,  //.....%@#*%#@@@@@@@#.......
0x00,0x7a,0xff,0xff,0xf4,0x00,0x00,  //....*@##@@@@@@@@@@*.......
0x01,0xbf,0xff,0xff,0xe0,0x00,0x00,  //.+**#@@@@@@@@@@@@%........
0x7f,0xff,0xa5,0x55,0x40,0x00,0x00,  //*@@@@@@@#%******%+........


/*  */
0x00,0x01,0x90,0x00,0x00,  //.......*#%.......
0x00,0x19,0x59,0x00,0x00,  //.....*%*%*%*.....
0x00,0x96,0xf5,0x80,0x00,  //...+%**#@@%*#*...
0x05,0x69,0x56,0x58,0x00,  //..%%*#%*%*%#**%+.
0x66,0x99,0xdd,0x66,0x40,  //*%*%%*#*@*@*%#*%*
0x9e,0x9a,0xed,0xae,0x40,  //#*@%#*##@%@*#%@%%
0xa8,0xbb,0xfa,0x8b,0x40,  //%%#+#@#@@@###*#@*
0xa7,0xaf,0xfe,0xbb,0x40,  //%%%@%#@@@@@#%@%@*
0xa1,0xbf,0xff,0x93,0x40,  //%%*%#@@@@@@@#%*@*
0xa7,0xbf,0xff,0xbb,0x40,  //%%*@#@@@@@@@#@%@*
0xa6,0xbf,0xff,0x97,0x40,  //%%*%%@@@@@@@#%%@*
0xa6,0xff,0xff,0xe7,0x40,  //%%*#@@@@@@@@@#*@*
0xaa,0x6f,0xfe,0x67,0x40,  //%%%#%#@@@@@#%%%@*
0xac,0xab,0xea,0xcb,0x40,  //%%@*###@@###@*#@*
0x9a,0x5e,0xdd,0x69,0x80,  //#*##%*@%@%@*%##*%
0x25,0x99,0xd9,0x96,0x00,  //+%**#%%*@*#%#**%*
0x02,0x5a,0x6a,0x64,0x00,  //..*%*%#%*%#%*%*..
0x00,0x66,0xe6,0x40,0x00,  //....*%*%@#*%%....
0x00,0x05,0x58,0x00,0x00,  //.....+%%**%+.....
0x00,0x00,0x80,0x00,0x00,  //.......*%*.......


/*  */
0x00,0x00,0x00,0x2e,0x00,  //.............#@#...
0x00,0x00,0x00,0x3d,0x00,  //............*@@*...
0x06,0xaa,0xa8,0x7c,0x00,  //..*%%%%%%%%*%@@.*..
0x24,0x00,0x00,0xf8,0x90,  //.%*.........@@%.%%.
0x40,0x00,0x01,0xf0,0x20,  //%*.........*@@*..%*
0x80,0x7c,0x02,0xe0,0x04,  //#...*@@....%@#...**
0x80,0x3d,0x03,0xd0,0x04,  //%....@@*..+@@%...**
0x80,0x1e,0x07,0xc0,0x04,  //%....%@%..*@@+...**
0x80,0x0f,0x0b,0x80,0x04,  //%....*@@..#@#....**
0x80,0x0b,0x4f,0x40,0x04,  //%.....#@*+@@*....**
0x80,0x07,0x9f,0x00,0x04,  //%.....*@%%@@.....**
0x80,0x03,0xee,0x00,0x04,  //%.....+@@#@%.....**
0x80,0x02,0xfc,0x00,0x04,  //%......%@@@*.....**
0x80,0x01,0xf8,0x00,0x04,  //%......*@@#......**
0x80,0x00,0xf4,0x00,0x04,  //%......*@@%......**
0x80,0x01,0xf0,0x00,0x04,  //#......*@@+......**
0x50,0x02,0xe0,0x00,0x04,  //**.....#@%.......**
0x24,0x0b,0xc0,0x00,0x14,  //.%%*.*#@@+*********
0x01,0x2f,0x45,0x55,0x50,  //..**+%@@*.*********
0x00,0x14,0x00,0x00,0x00,  //.....%%+...........


/*  */
0x00,0x00,0x05,0xb8,0x00,  //.........+**#@#.....
0x00,0x00,0xbf,0xf8,0x00,  //.......*#@@@@@#.....
0x00,0x06,0x1f,0xfd,0x00,  //......*%*%@@@@@*....
0x00,0x0c,0xa9,0x02,0x00,  //.....*@*#%#*..*#*...
0x00,0x2e,0x50,0x00,0x40,  //.....#@#*%*.....%...
0x0b,0xbf,0xe0,0x00,0x40,  //.+#@#@@@@#......*...
0x2f,0xbf,0x90,0x00,0x38,  //.#@@#@@@#*......+@#+
0x7d,0xff,0x90,0x00,0x3e,  //*@@%@@@@%*......+@@%
0x7c,0xff,0x90,0x00,0x3e,  //%@@*@@@@%*......*@@#
0xbc,0xbf,0x84,0x14,0x7f,  //#@@+#@@@#+*****.%@@@
0xfc,0x7f,0xc0,0x01,0xff,  //@@@.%@@@@*.+..**@@@@
0xfc,0x3f,0xe0,0x06,0xbe,  //@@@+*@@@@#+...*#%@@%
0xbc,0x1f,0xfe,0xad,0xbd,  //#@@*.%@@@@@%%#@*%@@%
0x7d,0x07,0xff,0xf4,0xfc,  //*@@%..%@@@@@@@*.@@@*
0x2e,0x01,0xbe,0x41,0xf4,  //.%@#...*%@@#%+.*@@%.
0x0b,0x80,0x00,0x02,0xd0,  //..#@%.........+#@*..
0x07,0xd5,0x55,0x5a,0x00,  //+**@@%********#%+...
0x2f,0xf0,0x11,0x00,0x00,  //+#@@@@.*.*.*.*+.....
0x0f,0xe0,0x11,0x00,0x00,  //.*@@@#.*.*.*.*......
0x00,0x05,0x51,0x00,0x00,  //..+*+.********......


/*  */
0x00,0x06,0xa4,0x00,0x00,  //.....+*%%%*+.....
0x00,0xbf,0xff,0x80,0x00,  //...+%@@@@@@@%+...
0x02,0xff,0xff,0xf4,0x00,  //..+#@@@@@@@@@@*..
0x0b,0xff,0xff,0xfc,0x00,  //.+#@@@@@@@@@@@@*.
0x2f,0x96,0xff,0xfe,0x00,  //.#@@#%%#@@@@@@@#.
0x7d,0x00,0x7f,0xff,0x40,  //*@@*....*@@@@@@@*
0xb4,0x29,0xbf,0xff,0x80,  //%@*.*%%*#@@@@@@@#
0xb0,0xff,0xff,0x8f,0xc0,  //#@.+@@@@@@@@%.@@@
0xe1,0xf4,0x0a,0x02,0xc0,  //@#.*@@****##+.*#@
0xe1,0xf4,0x0a,0x46,0xc0,  //@#.*@@**+.%#*.*#@
0xb0,0xbf,0x0f,0x8f,0xc0,  //#@+.#@@@*.@@#*@@@
0x78,0x14,0x1f,0xff,0x80,  //%@%..***.*@@@@@@%
0x3e,0x00,0x7f,0xff,0x40,  //+@@%+...*@@@@@@@*
0x1f,0xeb,0xff,0xfe,0x00,  //.%@@@##@@@@@@@@%.
0x0b,0xff,0xff,0xf8,0x00,  //..#@@@@@@@@@@@#+.
0x02,0xff,0xff,0xe0,0x00,  //...%@@@@@@@@@#+..
0x00,0x6f,0xfe,0x40,0x00,  //....*#@@@@@#*....


/*  */
0x2f,0x40,0x00,0x00,0x00,  //.%@@*............
0x7f,0xc0,0x00,0x00,0x00,  //*@@@@+...........
0x7f,0xc0,0x00,0x00,0x00,  //*@@@@*...........
0x3f,0x80,0x00,0x00,0x00,  //*@@@#............
0x0e,0x00,0x00,0x00,0x00,  //.*@#+..*.........
0x0e,0xbf,0xf9,0x5a,0xc0,  //..@##@@@@@#%**%#@
0x0f,0xff,0xff,0xff,0xc0,  //..@@@@@@@@@@@@@@@
0x0f,0xff,0xff,0xff,0xc0,  //..@@@@@@@@@@@@@@@
0x0f,0xff,0xff,0xff,0xc0,  //..@@@@@@@@@@@@@@@
0x0f,0xff,0xff,0xff,0xc0,  //..@@@@@@@@@@@@@@@
0x0f,0xff,0xff,0xff,0xc0,  //..@@@@@@@@@@@@@@@
0x0f,0xff,0xff,0xff,0xc0,  //..@@@@@@@@@@@@@@@
0x0f,0xff,0xff,0xff,0xc0,  //..@@@@@@@@@@@@@@@
0x0f,0xff,0xff,0xff,0xc0,  //..@@@@@@@@@@@@@@@
0x0f,0xff,0xff,0xff,0xc0,  //..@@@@@@@@@@@@@@@
0x0f,0xa5,0x6b,0xfe,0x40,  //..@@#%%**%#@@@@#%
0x0e,0x00,0x00,0x00,0x00,  //..@%........**...
0x0e,0x00,0x00,0x00,0x00,  //..@%.............
0x0e,0x00,0x00,0x00,0x00,  //..@%.............
0x09,0x00,0x00,0x00,0x00,  //..%%.............


/*  */
0x00,0x02,0xff,0xaf,0xf8,0x00,0x00,  //.......%@@@@##@@@@#+......
0x00,0x0a,0x41,0xe0,0x0a,0x00,0x00,  //......##***%@%****##+.....
0xaa,0xa8,0x02,0x80,0x02,0x95,0x40,  //%%%%%##+..+#%......##****+
0xff,0xa0,0x0a,0x00,0x00,0xbf,0xe0,  //@@@@#%+...##...++..+#@@@@%
0xff,0x00,0x18,0x02,0x80,0x1f,0xe0,  //@@@@*....%#...+##....*@@@%
0xff,0x00,0x24,0x0a,0xd0,0x1f,0xe0,  //@@@@*....%%...##@%...*@@@%
0xff,0x00,0x18,0x28,0x74,0x1f,0xe0,  //@@@@*....%#**##+*@*..*@@@%
0xff,0x00,0x0b,0xe0,0x1c,0x1f,0xe0,  //@@@@*.....#@@#+..%@+.*@@@%
0xe7,0x00,0x00,0x00,0x0a,0x18,0xa0,  //@%*@*......+*.....##.*#*#%
0xe7,0x40,0x00,0x00,0x03,0x58,0xa0,  //@%*@*+............+@*%#*#%
0xbf,0xe0,0x00,0x00,0x03,0xff,0xe0,  //#@@@@#+...........+@@@@@@%
0x00,0x28,0x00,0x00,0x1a,0x00,0x00,  //+****##+.........*##*****.
0x00,0x0a,0x00,0x00,0x78,0x00,0x00,  //......##+.......%@%+......
0x00,0x02,0x80,0x07,0x90,0x00,0x00,  //.......##*....*@#*........
0x00,0x00,0xb5,0xbd,0x00,0x00,0x00,  //........#@%*%@@%+.........
0x00,0x00,0x1b,0x90,0x00,0x00,0x00,  //.........*#@#**...........


/*  */
0x00,0x00,0x7d,0x00,0x00,  //........*@@*........
0x00,0x02,0xff,0x80,0x00,  //......+#@@@@#+......
0x00,0x0b,0xff,0xe0,0x00,  //.....*#@@@@@@#*.....
0x00,0x7f,0xff,0xfd,0x00,  //....%@@@@@@@@@@%....
0x02,0xff,0xff,0xff,0x80,  //..+#@@@@@@@@@@@@#+..
0x0b,0xff,0xff,0xff,0xe0,  //.*#@@@@@@@@@@@@@@#*.
0x7f,0xff,0xff,0xff,0xfd,  //*@@@@@@@@@@@@@@@@@@*
0xff,0xff,0xff,0xff,0xff,  //@@@@@@@@@@@@@@@@@@@@
0xff,0xff,0xff,0xff,0xff,  //@@@@@@@@@@@@@@@@@@@@
0xfa,0xff,0xff,0xff,0xaf,  //@@##@@@@@@@@@@@@##@@
0xf4,0x7f,0xff,0xfd,0x1f,  //@@*.%@@@@@@@@@@%.*@@
0xf8,0x0b,0xff,0xe0,0x2f,  //@@#*.*#@@@@@@#*.*#@@
0xff,0x42,0xff,0x81,0xff,  //@@@@%.+#@@@@#+.%@@@@
0xff,0xe0,0x7d,0x0b,0xff,  //@@@@@#+.*@@*.+#@@@@@
0xff,0xf9,0x00,0x7f,0xff,  //@@@@@@#*....*@@@@@@@
0xff,0xff,0x96,0xff,0xff,  //@@@@@@@@#**#@@@@@@@@
0xff,0xff,0xff,0xff,0xff,  //@@@@@@@@@@@@@@@@@@@@
0xff,0xff,0xff,0xff,0xff,  //@@@@@@@@@@@@@@@@@@@@
0xbf,0xff,0xff,0xff,0xfe,  //#@@@@@@@@@@@@@@@@@@#
0x2a,0xaa,0xaa,0xaa,0xa8,  //*%%%%%%%%%%%%%%%%%%*


/*  */
0x00,0x00,0xbe,0x00,0x00,  //.......+%@@%+.......
0x00,0x02,0x96,0x80,0x00,  //......*##**##*......
0x00,0x1e,0x00,0xb4,0x00,  //.....*@#....#@*.....
0x00,0xb4,0x00,0x1e,0x00,  //....%@%......%@%....
0x02,0x90,0x00,0x06,0x80,  //..+##*........*##+..
0x0a,0x00,0x00,0x00,0xa0,  //.*##+..........+##*.
0x78,0x00,0x00,0x00,0x2d,  //*@%..............%@*
0xe0,0x00,0x00,0x00,0x0b,  //@%................%@
0xd0,0x00,0x00,0x00,0x07,  //@*................*@
0xd0,0x00,0x00,0x00,0x07,  //@*................*@
0xd2,0x40,0x00,0x02,0x87,  //@*.%%..........%#.*@
0xd1,0xa0,0x00,0x0a,0x47,  //@*.*##+......+##*.*@
0xd0,0x29,0x00,0x68,0x07,  //@*..+##*....*##+..*@
0xd0,0x0b,0x41,0xe0,0x07,  //@*....%@%..%@%....*@
0xd0,0x01,0xeb,0x40,0x07,  //@*.....*@##@*.....*@
0xd0,0x00,0x14,0x00,0x07,  //@*......+**+......*@
0xd0,0x00,0x00,0x00,0x07,  //@*................*@
0xd0,0x00,0x00,0x00,0x07,  //@*................*@
0xa5,0x55,0x55,0x55,0x5a,  //#%****************%#
0x2a,0xaa,0xaa,0xaa,0xa8,  //*%%%%%%%%%%%%%%%%%%*


/*  */
0x01,0xa4,0x00,0x00,0x00,  //..*%##*..........
0x7f,0xfe,0x40,0x00,0x00,  //*@@@@@@#*........
0x0b,0xf4,0x00,0x00,0x00,  //**#@@@%**........
0x01,0x40,0x00,0x00,0x00,  //*..%*...*........
0x00,0x00,0x00,0x00,0x00,  //++.*....*........
0x00,0x00,0x00,0x00,0x00,  //.*..+...*........
0x00,0x00,0x00,0x00,0x00,  //.*..*...*........
0x00,0x01,0x00,0x18,0x00,  //..*.*..*+....%%+.
0x0a,0x5b,0x80,0xbf,0x40,  //.+##**#@#+.+#@@@%
0x06,0xfe,0x19,0x2e,0x40,  //.+*#@@@%+*%**#@#*
0x00,0xa0,0x3f,0x44,0x00,  //..*+##*..@@@%.*.*
0x00,0x00,0x3f,0x90,0x00,  //..*.*....@@@#**.*
0x00,0x00,0x1e,0x14,0x00,  //..+..*..+%@%.**+.
0x01,0x01,0x40,0x00,0x00,  //...%.*.*%.*..*+..
0x02,0x9b,0x80,0x00,0x00,  //...##*%@#**.*....
0x00,0x7d,0x14,0x00,0x00,  //...*%@@*.***.....
0x00,0x10,0x00,0x00,0x00,  //...*.%*..*+......
0x00,0x00,0x00,0x00,0x00,  //...++*..*+.......
0x00,0x10,0x00,0x00,0x00,  //....+*.*.........
0x00,0x04,0x00,0x00,0x00,  //.....**..........


/*  */
0x7f,0xff,0xff,0xff,0x40,  //%@@@@@@@@@@@@@@@%..
0xff,0xff,0xff,0xff,0xc0,  //@@@@@@@@@@@@@@@@@+.
0xff,0xff,0xff,0xff,0xc0,  //@@@@@@@@@@@@@@@@@*.
0xff,0xff,0xff,0xff,0xc0,  //@@@@@@@@@@@@@@@@@*.
0xff,0xf9,0x0b,0xff,0xe4,  //@@@@@@#***#@@@@@@#*
0xff,0xf0,0x02,0xff,0xf4,  //@@@@@@+....#@@@@@@*
0xff,0xe0,0x01,0xff,0xf4,  //@@@@@%.....%@@@@@@*
0xff,0xe0,0x01,0xff,0xc0,  //@@@@@%.....%@@@@@*.
0xff,0xe0,0x02,0xff,0xd0,  //@@@@@#+....#@@@@@%*
0xff,0xd4,0x05,0xbf,0xf4,  //@@@@@%**.+%%#@@@@@*
0xff,0x40,0x40,0x3f,0xf4,  //@@@@*..+**..*@@@@@*
0xff,0x00,0x00,0x2f,0xd0,  //@@@@.........#@@@*+
0xfe,0x00,0x00,0x2f,0xd0,  //@@@%.........%@@@*+
0xfe,0x00,0x00,0x1f,0xf4,  //@@@%.........*@@@@*
0xfe,0x00,0x00,0x2f,0xf4,  //@@@#.........#@@@@*
0xff,0x95,0x55,0xbf,0xd0,  //@@@@%*******%@@@@%*
0xff,0xff,0xff,0xff,0xc0,  //@@@@@@@@@@@@@@@@@*.
0xff,0xff,0xff,0xff,0xc0,  //@@@@@@@@@@@@@@@@@*.
0xbf,0xff,0xff,0xff,0xc0,  //#@@@@@@@@@@@@@@@@..
0x2a,0xaa,0xaa,0xaa,0x40,  //*%%%%%%%%%%%%%%%*..


/*  */
0x7f,0xff,0xff,0xff,0x40,  //%@@@@@@@@@@@@@@@%..
0xd0,0x00,0x00,0x01,0xc0,  //@%**************@+.
0xd0,0x00,0x00,0x00,0xc0,  //@*.............*@*.
0xd0,0x00,0x00,0x00,0xc0,  //@*.............*@*.
0xd0,0x01,0xa0,0x00,0xe4,  //@*.....%%%+....*@#*
0xd0,0x0b,0xf8,0x00,0xf4,  //@*....#@@@#....*@@*
0xd0,0x0f,0xfd,0x00,0xf4,  //@*...*@@@@@*...*@@*
0xd0,0x0f,0xfd,0x00,0xc0,  //@*...*@@@@@*...*@*.
0xd0,0x0b,0xf8,0x00,0xd0,  //@*....#@@@#+...*@%*
0xd0,0x16,0xe5,0x00,0xf4,  //@*...**%@#**...*@@*
0xd0,0x7e,0x6f,0x80,0xf4,  //@*..%@@#*%@@%..*@@*
0xd0,0xff,0xff,0xc0,0xd0,  //@*..@@@@@@@@@+.*@*+
0xd0,0xff,0xff,0xc0,0xd0,  //@*.*@@@@@@@@@*.*@*+
0xd0,0xff,0xff,0xd0,0xf4,  //@*.*@@@@@@@@@*.*@@*
0xd0,0xff,0xff,0xc0,0xf4,  //@*.+@@@@@@@@@+.*@@*
0xd0,0x15,0x55,0x00,0xd0,  //@*..*********..*@%*
0xd0,0x00,0x00,0x00,0xc0,  //@*.............*@*.
0xd0,0x00,0x00,0x00,0xc0,  //@*.............*@*.
0xa5,0x55,0x55,0x56,0xc0,  //#%*************%@..
0x2a,0xaa,0xaa,0xaa,0x40,  //*%%%%%%%%%%%%%%%*..


/*  */
0x2a,0xaa,0xaa,0xaa,0xaa,0xa0,  //+%%%%%%%%%%%%%%%%%%%%%+
0xbf,0xff,0xff,0xff,0xff,0xf8,  //#@@@@@@@@@@@@@@@@@@@@@%
0xff,0xff,0xff,0xff,0xff,0xf8,  //@@@@@@@@@@@@@@@@@@@@@@%
0xff,0xe0,0x7f,0xff,0xff,0xf8,  //@@@@@%***@@@@@@@@@@@@@%
0xff,0x80,0x1f,0x95,0x55,0xf8,  //@@@@#....%@@#******%@@%
0xff,0x40,0x0f,0x80,0x00,0xf8,  //@@@@%....*@@#.......@@%
0xff,0x80,0x1f,0xff,0xff,0xf8,  //@@@@#....*@@@@@@@@@@@@%
0xff,0x90,0x2f,0x95,0x55,0xf8,  //@@@@#*..+#@@#*******@@%
0xfd,0x05,0x07,0x80,0x00,0xf8,  //@@@%.+***.*@#*******@@%
0xfc,0x00,0x02,0xff,0xff,0xf8,  //@@@+.......#@@@@@@@@@@%
0xfc,0x00,0x01,0x80,0x00,0xf8,  //@@@........%#*******@@%
0xf8,0x00,0x01,0x80,0x00,0xf8,  //@@#........*#*******@@%
0xfc,0x00,0x02,0xff,0xff,0xf8,  //@@@+.......#@@@@@@@@@@%
0xff,0xaa,0xab,0xff,0xff,0xf8,  //@@@@%%%%%%#@@@@@@@@@@@%
0xff,0xff,0xff,0xff,0xff,0xf8,  //@@@@@@@@@@@@@@@@@@@@@@%
0xff,0xff,0xff,0xff,0xff,0xf8,  //@@@@@@@@@@@@@@@@@@@@@@%
0xbf,0xe2,0xff,0xfe,0x2f,0xf4,  //%@@@@%.#@@@@@@@%.#@@@@%


/*  */
0x2a,0xaa,0xaa,0xaa,0xaa,0xa0,  //+%%%%%%%%%%%%%%%%%%%%%+
0xaa,0xaa,0xaa,0xaa,0xaa,0xa8,  //##%%%%%%%%%%%%%%%%%%%#%
0xd0,0x00,0x00,0x00,0x00,0x18,  //@*...................*%
0xd0,0x0a,0x40,0x00,0x00,0x18,  //@*...*%%*............*%
0xd0,0x2f,0xd0,0x15,0x55,0x18,  //@*..+#@@@*...*******.*%
0xd0,0x7f,0xe0,0x3f,0xff,0x18,  //@*..*@@@@%..+@@@@@@@.*%
0xd0,0x3f,0xd0,0x00,0x00,0x18,  //@*..+@@@@*...........*%
0xd0,0x1f,0x80,0x15,0x55,0x18,  //@*..+%@@#+...*******.*%
0xd1,0xe5,0xb4,0x2a,0xaa,0x18,  //@*.*@#%%%@%.+%%%%%%%.*%
0xd2,0xff,0xfc,0x00,0x00,0x18,  //@*.#@@@@@@@+.........*%
0xd3,0xff,0xfd,0x2a,0xaa,0x18,  //@*.@@@@@@@@*+%%%%%%%.*%
0xd3,0xff,0xfd,0x2a,0xaa,0x18,  //@*+@@@@@@@@*+%%%%%%%.*%
0xd2,0xff,0xf8,0x00,0x00,0x18,  //@*.#@@@@@@#+.........*%
0xd0,0x00,0x00,0x00,0x00,0x18,  //@*..******...........*%
0xd0,0x04,0x00,0x00,0x40,0x18,  //@*....*.........*....*%
0xd0,0x0c,0x00,0x00,0xc0,0x18,  //@*...*@*.......*@*...%%
0xbf,0xff,0xff,0xff,0xff,0xf4,  //%@@@@@@@@@@@@@@@@@@@@@%


/*  */
0x00,0x06,0xff,0x90,0x00,  //.....+*#@@@@#*+.....
0x00,0x6f,0xff,0xf9,0x00,  //....*#@@@@@@@@#*....
0x02,0xff,0xaa,0xff,0x80,  //...%@@@@#%%#@@@@%...
0x0b,0xfd,0x00,0x7f,0xe0,  //..%@@@@*....*@@@@%..
0x1f,0xf4,0x00,0x1f,0xf4,  //.*@@@@*......*@@@@*.
0x2f,0xe0,0x00,0x0b,0xf8,  //.#@@@#........#@@@#.
0x7f,0xe0,0x00,0x0b,0xfd,  //*@@@@%........%@@@@*
0xbf,0xe0,0x00,0x0b,0xfe,  //%@@@@%........%@@@@%
0xbf,0xe0,0x00,0x0b,0xfe,  //#@@@@#........#@@@@#
0xff,0xf4,0x00,0x1f,0xff,  //@@@@@@*......*@@@@@@
0xff,0xe9,0x00,0x6b,0xff,  //@@@@@%#*....*#%@@@@@
0xbf,0x42,0xaa,0x81,0xfe,  //#@@@*.+%#%%#%+.*@@@#
0x7d,0x00,0x00,0x00,0x7d,  //%@@%....+**+....%@@%
0x3c,0x00,0x00,0x00,0x3c,  //*@@*............*@@*
0x2c,0x00,0x00,0x00,0x38,  //.#@..............@#.
0x0d,0x00,0x00,0x00,0x70,  //.*@%............%@*.
0x07,0x40,0x00,0x01,0xd0,  //..*@%..........%@*..
0x01,0xe4,0x00,0x1b,0x40,  //...*@#*......*#@*...
0x00,0x2e,0x96,0xb8,0x00,  //....+%@#%**%#@%*....
0x00,0x01,0xaa,0x40,0x00,  //......+%%%%%%+......


/*  */
0x00,0x06,0xff,0x90,0x00,  //.....+*#@@@@#*+.....
0x00,0x6d,0x41,0x79,0x00,  //....*#@%****%@#*....
0x02,0xd0,0x00,0x07,0x80,  //...%@%........%@%...
0x0a,0x00,0x14,0x00,0xa0,  //..%#*...****...*#%..
0x1d,0x02,0xff,0x80,0x74,  //.*@*...%@@@@%...*@*.
0x24,0x0b,0xff,0xe0,0x18,  //.#%...%@@@@@@%...%#.
0x70,0x0f,0xff,0xf0,0x0d,  //*@+..+@@@@@@@@+..+@*
0xa0,0x0f,0xff,0xf0,0x0a,  //%#...*@@@@@@@@*...#%
0x90,0x0f,0xff,0xf0,0x06,  //#*...*@@@@@@@@*...*#
0xd0,0x0b,0xff,0xe0,0x07,  //@*....#@@@@@@#....*@
0xd0,0x03,0xff,0xc0,0x07,  //@*....*@@@@@@*....*@
0x90,0x14,0xbe,0x14,0x06,  //#%...%%*%@@%*%%...%#
0x60,0xbe,0x41,0xbe,0x09,  //%#..#@@#%**%#@@#..#%
0x31,0xff,0xff,0xff,0x4c,  //*@**@@@@@@@@@@@@**@*
0x2a,0xff,0xff,0xff,0xa8,  //.###@@@@@@@@@@@@###.
0x0f,0xff,0xff,0xff,0xf0,  //.*@@@@@@@@@@@@@@@@*.
0x07,0xff,0xff,0xff,0xd0,  //..*@@@@@@@@@@@@@@*..
0x01,0xff,0xff,0xff,0x40,  //...*@@@@@@@@@@@@*...
0x00,0x2f,0xff,0xf8,0x00,  //....*%@@@@@@@@%*....
0x00,0x01,0xaa,0x40,0x00,  //......+%%%%%%+......


/*  */
0x00,0x0b,0xf8,0x00,0x00,  //.....*%@@@#*.....
0x00,0x79,0x1b,0x40,0x00,  //....*@#***%@%....
0x00,0xd0,0x01,0xc0,0x00,  //...*@%.....*@*...
0x02,0x80,0x00,0xa0,0x00,  //...%#.......%#...
0x03,0x40,0x00,0x30,0x00,  //...@*.......*@+..
0x03,0x00,0x00,0x30,0x00,  //..+@*.......*@*..
0x03,0x40,0x00,0x30,0x00,  //...@*.......*@*..
0x02,0x80,0x00,0x60,0x00,  //...#%.......%#...
0x01,0xd0,0x01,0xe0,0x00,  //...%@*.....*@%...
0x0b,0xf8,0x07,0xf8,0x00,  //..#@@@%***%@@@#+.
0x28,0x0b,0xf9,0x0a,0x00,  //.%#*.*#@@@#*.+##.
0x30,0x00,0x00,0x03,0x40,  //*@*....+**....+@*
0x60,0x00,0x00,0x02,0x80,  //%#.............%%
0x90,0x00,0x00,0x01,0xc0,  //#%.............*@
0xd0,0x00,0x00,0x00,0xc0,  //@*.............*@
0xd0,0x00,0x00,0x00,0xc0,  //@*.............*@
0x90,0x00,0x00,0x01,0xc0,  //#%.............*@
0x60,0x00,0x00,0x02,0x80,  //%#+............#%
0x29,0x55,0x55,0x5a,0x00,  //.##%*********%##+
0x06,0xaa,0xaa,0xa4,0x00,  //..%%%%%%%%%%%%%+.


/*  */
0x7f,0xe0,0x7f,0xe0,  //%@@@@%..*@@@@#
0xff,0xea,0xbf,0xf0,  //@@@@@#%%#@@@@@
0xea,0xaa,0xaa,0xb0,  //@#%%%%%%%%%%#@
0xd0,0x00,0x00,0x30,  //@*..........*@
0xd0,0x00,0x00,0x30,  //@*..........*@
0xd0,0x01,0x00,0x30,  //@*....**....*@
0xd0,0x2f,0x80,0x30,  //@*...#@@#+..*@
0xd0,0x7f,0xd0,0x30,  //@*..*@@@@%..*@
0xd0,0x7f,0xe0,0x30,  //@*..*@@@@%..*@
0xd0,0x2f,0xc0,0x30,  //@*...#@@@*..*@
0xd0,0x95,0x60,0x30,  //@*.+%%%%*%*.*@
0xd2,0xff,0xf8,0x30,  //@*.%@@@@@@#.*@
0xd3,0xff,0xfc,0x30,  //@*.@@@@@@@@**@
0xd3,0xff,0xfd,0x30,  //@*+@@@@@@@@**@
0xd3,0xff,0xfc,0x30,  //@*.@@@@@@@@**@
0xd0,0x55,0x54,0x30,  //@*.********.*@
0xd0,0x00,0x00,0x30,  //@*..........*@
0xd0,0x00,0x00,0x30,  //@*..........*@
0xa5,0x55,0x55,0x70,  //#%**********%@
0x2a,0xaa,0xaa,0x90,  //*%%%%%%%%%%%%%


/*  */
0x2a,0xaa,0xaa,0xaa,0xaa,0xa0,  //+%%%%%%%%%%%%%%%%%%%%%+
0xaa,0xaa,0xaa,0xaa,0xaa,0xa8,  //##%%%%%%%%%%%%%%%%%%%#%
0xd0,0x00,0x00,0x00,0x00,0x18,  //@*...................*%
0xea,0xaa,0xaa,0xaa,0xaa,0xa8,  //@#%%%%%%%%%%%%%%%%%%%#%
0xff,0xff,0xff,0xff,0xff,0xf8,  //@@@@@@@@@@@@@@@@@@@@@@%
0xff,0xd1,0xff,0xff,0xff,0xf8,  //@@@@@**%@@@@@@@@@@@@@@%
0xff,0x40,0x7d,0x00,0x00,0xf8,  //@@@@*...%@@*........@@%
0xff,0x00,0x7e,0x55,0x55,0xf8,  //@@@@*...*@@%*******%@@%
0xff,0x40,0xbe,0xaa,0xea,0xf8,  //@@@@%...%@@#%%%#@#%#@@%
0xfe,0x05,0x2d,0x00,0xc0,0xf8,  //@@@%*****#@*...*@*..@@%
0xfc,0x00,0x0e,0xaa,0xea,0xf8,  //@@@+.....*@#%%%#@#%%@@%
0xfc,0x00,0x0e,0xaa,0xaa,0xf8,  //@@@.......@#%%%%%%%%@@%
0xf8,0x00,0x0d,0x00,0x00,0xf8,  //@@#.......@*........@@%
0xfd,0x00,0x1e,0xaa,0xaa,0xf8,  //@@@*******@#%%%%%%%#@@%
0xff,0xff,0xff,0xff,0xff,0xf8,  //@@@@@@@@@@@@@@@@@@@@@@%
0xff,0xff,0xff,0xff,0xff,0xf8,  //@@@@@@@@@@@@@@@@@@@@@@%
0xbf,0xff,0xff,0xff,0xff,0xf4,  //%@@@@@@@@@@@@@@@@@@@@@%


/*  */
0x2a,0xaa,0xaa,0xaa,0xaa,0xa0,  //+%%%%%%%%%%%%%%%%%%%%%+
0xbf,0xff,0xff,0xff,0xff,0xf8,  //#@@@@@@@@@@@@@@@@@@@@@%
0xff,0xff,0xff,0xff,0xff,0xf8,  //@@@@@@@@@@@@@@@@@@@@@@%
0xd0,0x00,0x00,0x00,0x00,0x18,  //@%*******************%%
0xd0,0x00,0x00,0x00,0x00,0x18,  //@*...................*%
0xd0,0x19,0x00,0x00,0x00,0x18,  //@*...*%*.............*%
0xd0,0x7f,0x41,0xff,0xff,0x18,  //@*..*@@@*..*@@@@@@@@.*%
0xd0,0xbf,0x40,0x55,0x55,0x18,  //@*..%@@@*..*********.*%
0xd0,0x7f,0x00,0x00,0x00,0x18,  //@*..*@@@*...***+.+*+.*%
0xd0,0xa5,0x81,0xfe,0x2f,0x18,  //@*.*%%*%%+.*@@@%.%@@.*%
0xd2,0xff,0xe0,0x00,0x00,0x18,  //@*.#@@@@@%.+***+.+**.*%
0xd3,0xff,0xf0,0x00,0x00,0x18,  //@*.@@@@@@@.+********.*%
0xd3,0xff,0xf1,0xff,0xff,0x18,  //@*+@@@@@@@.*@@@@@@@@.*%
0xd1,0xaa,0x90,0x00,0x00,0x18,  //@*.%%%%%%*..*******+.*%
0xd0,0x00,0x00,0x00,0x00,0x18,  //@*...................*%
0xd0,0x00,0x00,0x00,0x00,0x18,  //@*...................%%
0xbf,0xff,0xff,0xff,0xff,0xf4,  //%@@@@@@@@@@@@@@@@@@@@@%


/*  */
0x00,0x1b,0xfe,0x40,0x00,  //.....*%@@@@#*.......
0x00,0xbe,0x5b,0xe4,0x00,  //...+%@@#%%%@@#*.....
0x02,0xf4,0x00,0xbd,0x00,  //..+#@@*....+#@@*....
0x0b,0xd0,0x00,0x2f,0x40,  //..#@@*......+#@@*...
0x1f,0x80,0x00,0x1f,0x80,  //.%@@#........%@@#...
0x3f,0x80,0x00,0x0f,0xd0,  //+@@@%........*@@@*..
0x7f,0x40,0x00,0x0f,0xe0,  //*@@@*........+@@@%..
0x7f,0x40,0x00,0x0f,0xf0,  //%@@@*.........@@@@..
0xbf,0x00,0x00,0x0f,0xf0,  //%@@@*.........@@@@..
0x7f,0x40,0x00,0x0f,0xf0,  //%@@@*.........@@@@..
0x7f,0x40,0x00,0x0f,0xe0,  //*@@@*...+*....@@@#..
0x3f,0x46,0xfd,0x0f,0xd0,  //+@@@%.*#@@@%.*@@@%..
0x2f,0x86,0xbf,0x9f,0xc0,  //.%@@#.*%#@@@#%@@@+..
0x0f,0xc0,0x1f,0xff,0x40,  //.+@@@*...%@@@@@@*...
0x07,0xe0,0x0b,0xfd,0x00,  //..*@@#+...#@@@@%....
0x00,0xb9,0x5b,0xf8,0x00,  //...*#@#%**%@@@#...++
0x00,0x1b,0xff,0xfd,0x09,  //.....%#@@@@@@@@%..#%
0x00,0x00,0x00,0xff,0xfd,  //.......*****@@@@@@@*
0x00,0x00,0x00,0x7f,0xf8,  //............*@@@@@#.
0x00,0x00,0x00,0x0a,0x90,  //.............*%%%*..


/*  */
0x01,0x80,0x00,0x00,0x00,0x20,0x00,  //...*#...............*#+...
0x07,0x40,0x06,0x40,0x00,0x28,0x00,  //..*@*.....*#*........##+..
0x0d,0x00,0x02,0xd0,0x00,0x0a,0x00,  //.+@*.......%@*........##..
0x28,0x00,0x01,0xe0,0x00,0x03,0x40,  //.%%........%@#........+@*.
0x30,0x00,0x02,0xf1,0x00,0x01,0x80,  //+@*........#@@+*.......%#.
0x60,0x00,0x07,0xf1,0x40,0x00,0xc0,  //%#........*@@@*%%......+@+
0x90,0x00,0x0b,0xaa,0xc0,0x00,0xd0,  //%%.......+#@####@+......@*
0xd0,0x00,0x1f,0x8f,0xd0,0x00,0x90,  //@*.......%@@%*@@@*......%%
0xd0,0x00,0x3f,0x4e,0xe0,0x00,0xa0,  //@*.......@@@**@%@%......%%
0xd0,0x00,0x3d,0x08,0xd0,0x00,0xa0,  //@*......*@@*.+%*@%......%%
0x90,0x00,0x38,0x00,0xd0,0x00,0x90,  //#*......+@#.....@*......%%
0xa0,0x00,0x18,0x01,0x80,0x00,0x90,  //%%.......%#....*#.......#*
0x70,0x00,0x08,0x02,0x00,0x00,0xc0,  //*@........%*..+%.......+@+
0x34,0x00,0x00,0x00,0x00,0x01,0x80,  //.@*........*...........%#.
0x18,0x00,0x00,0x00,0x00,0x03,0x00,  //.%#...................*@*.
0x0a,0x07,0xff,0xff,0xfe,0x0a,0x00,  //..##..*@@@@@@@@@@@@#.+#%..
0x02,0x81,0x55,0x55,0x55,0x28,0x00,  //..+#%..*************.##...
0x00,0x80,0x00,0x00,0x00,0x10,0x00,  //...+%...............+%....


/*  */
0x00,0x06,0xff,0x90,0x00,  //.....+*#@@@@#*+.....
0x00,0x6f,0xff,0xf9,0x00,  //....*#@@@@@@@@#*....
0x02,0xff,0xff,0xff,0x80,  //...%@@@@@@@@@@@@%...
0x0b,0xff,0xff,0xff,0xe0,  //..%@@@@@@@@@@@@@@%..
0x1f,0xff,0xff,0xff,0xf4,  //.*@@@@@@@@@@@@@@@@*.
0x2f,0xff,0xff,0xff,0xf8,  //.#@@@@@@@@@@@@@@@@#.
0x7f,0xff,0xfe,0x43,0xfd,  //*@@@@@@@@@@#%+.@@@@*
0xbf,0xff,0xe4,0x03,0xfe,  //%@@@@@@@@%*.+.*@@@@%
0xbf,0xf9,0x01,0x07,0xfe,  //#@@@@@#*+..%+.*@@@@#
0xff,0x80,0x18,0x0b,0xff,  //@@@@%*...*%+..%@@@@@
0xff,0x40,0xa0,0x0b,0xff,  //@@@@%*.+%#....#@@@@@
0xbf,0xfb,0x80,0x0f,0xfe,  //#@@@@@#@%....+@@@@@#
0x7f,0xff,0x00,0x0f,0xfd,  //%@@@@@@@*....*@@@@@%
0x3f,0xff,0x14,0x1f,0xfc,  //*@@@@@@@*%*..*@@@@@*
0x2f,0xff,0xbe,0x2f,0xf8,  //.#@@@@@@#@@%.#@@@@#.
0x0f,0xff,0xff,0xff,0xf0,  //.*@@@@@@@@@@@@@@@@*.
0x07,0xff,0xff,0xff,0xd0,  //..*@@@@@@@@@@@@@@*..
0x01,0xff,0xff,0xff,0x40,  //...*@@@@@@@@@@@@*...
0x00,0x2f,0xff,0xf8,0x00,  //....+%@@@@@@@@%+....
0x00,0x01,0xaa,0x40,0x00,  //......+%%%%%%+......


/*  */
0x02,0xf8,0x00,  //..+#@@#+...
0x0a,0x0a,0x00,  //..##**##...
0x1c,0x03,0x40,  //.*@.++.@*+*
0x18,0xa2,0x6c,  //.*#.%%.#*%@
0x18,0xa2,0x40,  //.*%.%%.%*+*
0x18,0xa2,0x54,  //.*%.%%.%***
0x18,0xa2,0x6c,  //.*%.%%.%*%@
0x18,0xa2,0x40,  //.*%.%%.%*..
0x18,0xa2,0x54,  //.*%.%%.%***
0x18,0xa2,0x58,  //.*%.%%.%*%%
0x18,0xa2,0x40,  //.*%.%%.%*..
0x28,0xa2,0x80,  //.%%.%%.%%..
0x74,0xa1,0xd0,  //*@*.%%.*@*.
0xa1,0xf4,0xa0,  //#%.%@@%.%#.
0xd3,0xfc,0x70,  //@*+@@@@+*@.
0xd3,0xfc,0x70,  //@*.@@@@.*@.
0xa1,0xa4,0xa0,  //%#.*##*.#%.
0x34,0x01,0xc0,  //*@%....%@*.
0x1e,0x5b,0x40,  //.*@#%%#@*..
0x01,0xa4,0x00,  //..+%%%%+...


/*  */
0x02,0xf8,0x00,  //..+#@@#+...
0x0a,0x0a,0x00,  //..##**##...
0x1c,0x03,0x40,  //.*@....@*+*
0x18,0x02,0x6c,  //.*#....#*%@
0x18,0x02,0x40,  //.*%....%*+*
0x18,0x52,0x54,  //.*%.**.%***
0x18,0xa2,0x6c,  //.*%.%%.%*%@
0x18,0xa2,0x40,  //.*%.%%.%*..
0x18,0xa2,0x54,  //.*%.%%.%***
0x18,0xa2,0x58,  //.*%.%%.%*%%
0x18,0xa2,0x40,  //.*%.%%.%*..
0x28,0xa2,0x80,  //.%%.%%.%%..
0x74,0xa1,0xd0,  //*@*.%%.*@*.
0xa1,0xf4,0xa0,  //#%.%@@%.%#.
0xd3,0xfc,0x70,  //@*+@@@@+*@.
0xd3,0xfc,0x70,  //@*.@@@@.*@.
0xa1,0xa4,0xa0,  //%#.*##*.#%.
0x34,0x01,0xc0,  //*@%....%@*.
0x1e,0x5b,0x40,  //.*@#%%#@*..
0x01,0xa4,0x00,  //..+%%%%+...


/*  */
0x02,0xf8,0x00,  //..+#@@#+...
0x0a,0x0a,0x00,  //..##**##...
0x1c,0x03,0x40,  //.*@....@*+*
0x18,0x02,0x6c,  //.*#....#*%@
0x18,0x02,0x40,  //.*%....%*+*
0x18,0x02,0x54,  //.*%....%***
0x18,0x02,0x6c,  //.*%....%*%@
0x18,0x02,0x40,  //.*%....%*..
0x18,0x52,0x54,  //.*%.**.%***
0x18,0xa2,0x58,  //.*%.%%.%*%%
0x18,0xa2,0x40,  //.*%.%%.%*..
0x28,0xa2,0x80,  //.%%.%%.%%..
0x74,0xa1,0xd0,  //*@*.%%.*@*.
0xa1,0xf4,0xa0,  //#%.%@@%.%#.
0xd3,0xfc,0x70,  //@*+@@@@+*@.
0xd3,0xfc,0x70,  //@*.@@@@.*@.
0xa1,0xa4,0xa0,  //%#.*##*.#%.
0x34,0x01,0xc0,  //*@%....%@*.
0x1e,0x5b,0x40,  //.*@#%%#@*..
0x01,0xa4,0x00,  //..+%%%%+...


/*  */
0x02,0xf8,0x00,  //..+#@@#+...
0x0a,0x0a,0x00,  //..##**##...
0x1c,0x03,0x40,  //.*@....@*+*
0x18,0x02,0x6c,  //.*#....#*%@
0x18,0x02,0x40,  //.*%....%*+*
0x18,0x02,0x54,  //.*%....%***
0x18,0x02,0x6c,  //.*%....%*%@
0x18,0x02,0x40,  //.*%....%*..
0x18,0x02,0x54,  //.*%....%***
0x18,0x02,0x58,  //.*%....%*%%
0x18,0x02,0x40,  //.*%....%*..
0x28,0x52,0x80,  //.%%.%%.%%..
0x74,0xa1,0xd0,  //*@*.%%.*@*.
0xa1,0xf4,0xa0,  //#%.%@@%.%#.
0xd3,0xfc,0x70,  //@*+@@@@+*@.
0xd3,0xfc,0x70,  //@*.@@@@.*@.
0xa1,0xa4,0xa0,  //%#.*##*.#%.
0x34,0x01,0xc0,  //*@%....%@*.
0x1e,0x5b,0x40,  //.*@#%%#@*..
0x01,0xa4,0x00,  //..+%%%%+...


/*  */
0x02,0xf8,0x00,  //..+#@@#+...
0x0a,0x0a,0x00,  //..##**##...
0x1c,0x03,0x40,  //.*@....@*+*
0x18,0x02,0x6c,  //.*#....#*%@
0x18,0x02,0x40,  //.*%....%*+*
0x18,0x02,0x54,  //.*%....%***
0x18,0x02,0x6c,  //.*%....%*%@
0x18,0x02,0x40,  //.*%....%*..
0x18,0x02,0x54,  //.*%....%***
0x18,0x02,0x58,  //.*%....%*%%
0x18,0x02,0x40,  //.*%....%*..
0x28,0x02,0x80,  //.%%....%%..
0x74,0x01,0xd0,  //*@*.++.*@*.
0xa1,0xf4,0xa0,  //#%.%@@%.%#.
0xd3,0xfc,0x70,  //@*+@@@@+*@.
0xd3,0xfc,0x70,  //@*.@@@@.*@.
0xa1,0xa4,0xa0,  //%#.*##*.#%.
0x34,0x01,0xc0,  //*@%....%@*.
0x1e,0x5b,0x40,  //.*@#%%#@*..
0x01,0xa4,0x00,  //..+%%%%+...


/*  */
0x02,0xfe,0x40,0x00,0x00,0x00,  //..+%@@@#*............
0x1b,0xff,0xe6,0x40,0x00,0x00,  //.*#@@@@@@%%%%++......
0x2f,0xab,0xff,0xfa,0x00,0x00,  //+#@@#%#@@@@@@@##.....
0x7e,0x01,0xff,0xfd,0x00,0x00,  //%@@#...%@@@@@@@%.....
0xbc,0x02,0xff,0xf4,0x00,0x00,  //#@@....%@@@@@@%......
0xf8,0x02,0xff,0xd0,0x00,0x00,  //@@#....%@@@@@%++.*+.*
0xf8,0x02,0xff,0x4a,0x24,0x80,  //@@%....%@@@@%.%%.%*.#
0xf8,0x01,0xfd,0x20,0x82,0x00,  //@@%....*@@@%.#++#.*#.
0xf8,0x00,0xf4,0x55,0x50,0x00,  //@@%....+@@%+********.
0xf8,0x00,0x91,0x45,0x14,0x00,  //@@%....+#%.*%.**.%*..
0xf8,0x00,0x00,0x30,0xc0,0x00,  //@@%.....+....@++@....
0xf8,0x00,0x00,0x45,0x00,0x00,  //@@%........**+**+....
0xf8,0x00,0x00,0x45,0x00,0x00,  //@@%........**+**.....
0xf8,0x00,0x00,0x30,0x00,0x00,  //@@%..........@+......
0xf8,0x00,0x01,0x40,0x00,0x00,  //@@%........*%........
0xf8,0x00,0x00,0x40,0x00,0x00,  //@@%........+*........
0xf8,0x00,0x00,0x00,0x00,0x00,  //@@%..................
0xf8,0x00,0x00,0x00,0x00,0x00,  //@@%..................
0xf8,0x00,0x00,0x00,0x00,0x00,  //@@%..................
0xa4,0x00,0x00,0x00,0x00,0x00,  //%%%..................


/*  */
0x07,0xe5,0x00,0x00,0x00,  //..*@@#**+...........
0x0d,0x2f,0xc0,0x00,0x00,  //.*@%*#@@@*..........
0x18,0x3f,0x40,0x00,0x00,  //.*#..@@@*.++........
0x18,0x2d,0x55,0x00,0x00,  //.*%..#@*****........
0x18,0x24,0x44,0x00,0x00,  //.*%..%*****.........
0x18,0x00,0x50,0x00,0x00,  //.*%....***..........
0x18,0x00,0x40,0x00,0x00,  //.*%....+*...........
0x18,0x01,0x00,0x00,0x00,  //.*%....*............
0x18,0x00,0x00,0x00,0x00,  //.*%.................
0x18,0x00,0x00,0x00,0x00,  //+%#****************+
0xff,0xff,0xff,0xff,0xff,  //@@@@@@@@@@@@@@@@@@@@
0x00,0x00,0x00,0x00,0x00,  //********************
0x1f,0xff,0xff,0xff,0xf4,  //.*@@@@@@@@@@@@@@@@*.
0x1f,0xff,0xff,0xff,0xf4,  //.*@@@@@@@@@@@@@@@@*.
0x1f,0xff,0xff,0xff,0xf4,  //.*@@@@@@@@@@@@@@@@*.
0x1f,0xff,0xff,0xff,0xf4,  //.*@@@@@@@@@@@@@@@@*.
0x0b,0xff,0xff,0xff,0xe0,  //..#@@@@@@@@@@@@@@#..
0x03,0xff,0xff,0xff,0xc0,  //..*@@@@@@@@@@@@@@*..
0x03,0x55,0x55,0x55,0xc0,  //..*@************@*..
0x02,0x00,0x00,0x00,0x80,  //..+%+..........+%+..


/*  */
0x00,0x1b,0xf9,0x00,0x00,  //....+%#@@@#%+....
0x01,0xe5,0x06,0xd0,0x00,  //...*@#%***%#@%...
0x07,0x40,0x00,0x78,0x00,  //..%@%..+**..*@#..
0x1d,0x0b,0xf9,0x0d,0x00,  //.*@*.*#@@@#*.*@%.
0x28,0x78,0x07,0x87,0x00,  //.#%.%@%***%@%.*@+
0x70,0xd0,0x41,0xd2,0x40,  //*@+*@*.+*+.*@*.#%
0xa2,0x83,0xf4,0x61,0x80,  //%%.#%.*@@@%.%#.%#
0xd3,0x4b,0xfc,0x30,0xc0,  //@*.@*.#@@@@.*@**@
0xd3,0x0b,0xfc,0x30,0xc0,  //@*.@*.#@@@@.*@**@
0xd3,0x47,0xf4,0x31,0xc0,  //@*.@*.*@@@%.*@**@
0xa2,0x80,0x50,0xa1,0x80,  //%%.%#..***..%#.%#
0x70,0xd1,0x90,0xd2,0x40,  //*@+*@%+%%%+*@*.#%
0x28,0x5b,0xf8,0x47,0x00,  //.#%.**#@@@#*%.%@+
0x0d,0x0f,0xfc,0x1d,0x00,  //.*@%..@@@@@..*@*.
0x07,0x8b,0xfc,0xb4,0x00,  //..*@%+%@@@@.%@%..
0x00,0x9b,0xf9,0x90,0x00,  //...*#%%@@@#*#*...
0x00,0x07,0xf8,0x00,0x00,  //.....**@@@%+.....
0x00,0x07,0xf4,0x00,0x00,  //......*@@@%......
0x00,0x03,0xf4,0x00,0x00,  //......+@@@*......
0x00,0x01,0xa0,0x00,0x00,  //.......%%%.......


/*  */
0x2a,0xaa,0xaa,0xaa,0xa8,  //+%%%%%%%%%%%%%%%%%%+
0xbf,0xff,0xff,0xff,0xfe,  //#@@@@@@@@@@@@@@@@@@#
0xff,0xff,0xff,0xff,0xff,  //@@@@@@@@@@@@@@@@@@@@
0xff,0xff,0xff,0xff,0xff,  //@@@@@@@@@@@@@@@@@@@@
0xff,0xff,0xff,0xff,0xff,  //@@@@@@@@@@@@@@@@@@@@
0xff,0xff,0xff,0xff,0xff,  //@@@@@@@@@@@@@@@@@@@@
0xf8,0x00,0x00,0x00,0x2f,  //@@%..............%@@
0xf8,0x00,0x00,0x00,0x2f,  //@@%..............%@@
0xf8,0x00,0x00,0x00,0x2f,  //@@%..............%@@
0xf8,0x00,0x00,0x00,0x2f,  //@@%..............%@@
0xf8,0x00,0x00,0x00,0x2f,  //@@%..............%@@
0xf8,0x00,0x00,0x00,0x2f,  //@@%..............%@@
0xf8,0x00,0x00,0x00,0x2f,  //@@%..............%@@
0xf8,0x00,0x00,0x00,0x2f,  //@@%..............%@@
0xf9,0x55,0x55,0x55,0x6f,  //@@#**************#@@
0xff,0xff,0xff,0xff,0xff,  //@@@@@@@@@@@@@@@@@@@@
0xbf,0xff,0xff,0xff,0xfe,  //%@@@@@@@@@@@@@@@@@@%


/*  */
0x7f,0xff,0xff,0xff,0xfd,  //%@@@@@@@@@@@@@@@@@@%
0xff,0xff,0xff,0xff,0xff,  //@@@@@@@@@@@@@@@@@@@@
0xff,0xff,0xff,0xff,0xff,  //@@@@@@@@@@@@@@@@@@@@
0xff,0xff,0xff,0xff,0xff,  //@@@@@@@@@@@@@@@@@@@@
0xbf,0xff,0xff,0xff,0xfe,  //%@@@@@@@@@@@@@@@@@@%


/*  */
0x00,0x00,0x2f,0xff,0xff,0xf4,  //.........#@@@@@@@@@@@@*
0x00,0x00,0x7f,0xff,0xff,0xf8,  //........*@@@@@@@@@@@@@%
0x00,0x00,0x7e,0xaa,0xaa,0xf8,  //........*@@#%%%%%%%%@@%
0x00,0x00,0x7d,0x00,0x00,0xf8,  //........*@@*........@@%
0x00,0x00,0x7d,0x00,0x00,0xf8,  //........*@@*........@@%
0x15,0x55,0xbe,0x40,0x00,0xf8,  //.*******%@@%*+......@@%
0xbf,0xff,0xff,0xe0,0x00,0xf8,  //%@@@@@@@@@@@@#+.....@@%
0xff,0xff,0xff,0xf0,0x00,0xf8,  //@@@@@@@@@@@@@@*.....@@%
0xff,0xff,0xff,0xf0,0x00,0xf8,  //@@@@@@@@@@@@@@*.....@@%
0xff,0xff,0xff,0xf0,0x00,0xf8,  //@@@@@@@@@@@@@@*.....@@%
0xff,0xff,0xff,0xf0,0x00,0xf8,  //@@@@@@@@@@@@@@*.....@@%
0xf8,0x00,0x01,0xfa,0xaa,0xf8,  //@@#********%@@#%%%%%@@%
0xf8,0x00,0x01,0xff,0xff,0xf8,  //@@%........*@@@@@@@@@@%
0xf8,0x00,0x01,0xff,0xff,0xf4,  //@@%........*@@@@@@@@@@*
0xf8,0x00,0x01,0xf4,0x00,0x00,  //@@%........*@@*******..
0xf8,0x00,0x01,0xf0,0x00,0x00,  //@@%........*@@*........
0xf8,0x00,0x01,0xf0,0x00,0x00,  //@@%........*@@*........
0xff,0xff,0xff,0xf0,0x00,0x00,  //@@@@@@@@@@@@@@*........
0xbf,0xff,0xff,0xf0,0x00,0x00,  //#@@@@@@@@@@@@@+........
0x2a,0xaa,0xaa,0x90,0x00,0x00,  //*%%%%%%%%%%%%%.........


/*  */
0x2a,0xaa,0xaa,0xaa,0xa8,  //+%%%%%%%%%%%%%%%%%%+
0xbf,0xff,0xff,0xff,0xfe,  //#@@@@@@@@@@@@@@@@@@#
0xff,0xff,0xff,0xff,0xff,  //@@@@@@@@@@@@@@@@@@@@
0xff,0xff,0xff,0xff,0xff,  //@@@@@@@@@@@@@@@@@@@@
0xff,0xf4,0xbe,0x1f,0xff,  //@@@@@@%+#@@#+%@@@@@@
0xff,0xd0,0x28,0x07,0xff,  //@@@@@%..+##+..%@@@@@
0xff,0xd0,0x00,0x07,0xff,  //@@@@@%...*+...%@@@@@
0xff,0xf4,0x00,0x1f,0xff,  //@@@@@@%......%@@@@@@
0xff,0xfd,0x00,0x7f,0xff,  //@@@@@@@%....%@@@@@@@
0xff,0xf8,0x00,0x2f,0xff,  //@@@@@@#+....+#@@@@@@
0xff,0xe0,0x00,0x0b,0xff,  //@@@@@#+......+#@@@@@
0xff,0xc0,0x14,0x03,0xff,  //@@@@@*...%%...*@@@@@
0xff,0xe0,0x7d,0x0b,0xff,  //@@@@@#..%@@%..#@@@@@
0xff,0xf9,0xff,0x6f,0xff,  //@@@@@@#%@@@@%#@@@@@@
0xff,0xff,0xff,0xff,0xff,  //@@@@@@@@@@@@@@@@@@@@
0xff,0xff,0xff,0xff,0xff,  //@@@@@@@@@@@@@@@@@@@@
0xbf,0xff,0xff,0xff,0xfe,  //%@@@@@@@@@@@@@@@@@@%


/*  */
0x2a,0xaa,0xaa,0xaa,0xa8,  //+%%%%%%%%%%%%%%%%%%+
0xbf,0xff,0xff,0xff,0xfe,  //#@@@@@@@@@@@@@@@@@@#
0xff,0xff,0xff,0xff,0xff,  //@@@@@@@@@@@@@@@@@@@@
0xf8,0x00,0x00,0x00,0x2f,  //@@#**************#@@
0xf8,0x00,0x00,0x00,0x2f,  //@@%....+....+....%@@
0xf8,0x02,0x82,0x80,0x2f,  //@@%...+##..##+...%@@
0xf8,0x0b,0xeb,0xe0,0x2f,  //@@%...#@@##@@#...%@@
0xf8,0x07,0xff,0xd0,0x2f,  //@@%...%@@@@@@%...%@@
0xf8,0x01,0xff,0x40,0x2f,  //@@%....%@@@@%....%@@
0xf8,0x02,0xff,0x80,0x2f,  //@@%....#@@@@#....%@@
0xf8,0x0b,0xff,0xe0,0x2f,  //@@%...#@@@@@@#...%@@
0xf8,0x0b,0xd7,0xe0,0x2f,  //@@%...#@@%%@@#...%@@
0xf8,0x02,0x41,0x80,0x2f,  //@@%....#%..%#....%@@
0xf8,0x00,0x00,0x00,0x2f,  //@@%..............%@@
0xf9,0x55,0x55,0x55,0x6f,  //@@#**************#@@
0xff,0xff,0xff,0xff,0xff,  //@@@@@@@@@@@@@@@@@@@@
0xbf,0xff,0xff,0xff,0xfe,  //%@@@@@@@@@@@@@@@@@@%


/*  */
0x00,0x06,0xff,0x90,0x00,  //.....+*#@@@@#*+.....
0x00,0x6f,0xff,0xf9,0x00,  //....*#@@@@@@@@#*....
0x02,0xff,0xff,0xff,0x80,  //...%@@@@@@@@@@@@%...
0x0b,0xff,0xff,0xff,0xe0,  //..%@@@@@@@@@@@@@@%..
0x1f,0xff,0xff,0xff,0xf4,  //.*@@@@@@@@@@@@@@@@*.
0x2f,0xff,0xff,0xff,0xf8,  //.#@@@@@@@@@@@@@@@@#.
0x7f,0xff,0xaa,0xaa,0xfd,  //*@@@@@@@%%%%%%%#@@@*
0xbf,0xfd,0x00,0x02,0xfe,  //%@@@@@@%......+#@@@%
0xbf,0xfc,0x00,0x07,0xfe,  //#@@@@@@+......%@@@@#
0xff,0xf4,0x00,0x0f,0xff,  //@@@@@@*......+@@@@@@
0xff,0xe0,0x00,0x2f,0xff,  //@@@@@#.......%@@@@@@
0xbf,0xd0,0x00,0x3f,0xfe,  //#@@@@*......*@@@@@@#
0x7f,0x80,0x00,0xbf,0xfd,  //%@@@#.......%@@@@@@%
0x3f,0xff,0xff,0xff,0xfc,  //*@@@@@@@@@@@@@@@@@@*
0x2f,0xff,0xff,0xff,0xf8,  //.#@@@@@@@@@@@@@@@@#.
0x0f,0xff,0xff,0xff,0xf0,  //.*@@@@@@@@@@@@@@@@*.
0x07,0xff,0xff,0xff,0xd0,  //..*@@@@@@@@@@@@@@*..
0x01,0xff,0xff,0xff,0x40,  //...*@@@@@@@@@@@@*...
0x00,0x2f,0xff,0xf8,0x00,  //....+%@@@@@@@@%+....
0x00,0x01,0xaa,0x40,0x00,  //......+%%%%%%+......


/*  */
0x00,0x06,0xff,0x90,0x00,  //......*#@@@@#*+.....
0x00,0x6f,0xe7,0xfd,0x00,  //....*#@@@#%@@@@*....
0x02,0xff,0xd3,0xef,0x80,  //...%@@@@@**@@#@@#...
0x0b,0xff,0xd2,0x52,0xe0,  //..%@@@@@@%.%**.#@%..
0x1f,0xff,0xe1,0xf4,0xf4,  //.*@@@@@@@#.%@@%+@@*.
0x2f,0xff,0xe2,0xe5,0xf8,  //.#@@@@@@@#+%@#**@@#.
0x7f,0xff,0x81,0xba,0xfd,  //*@@@@@@@#..*#@#%@@@*
0xbf,0xfe,0x04,0x03,0xfe,  //%@@@@@@#.***+**@@@@%
0xbf,0xf8,0x0a,0x03,0xfe,  //#@@@@@%*..%#...@@@@#
0xff,0xd0,0x40,0x11,0xff,  //@@@@@%..*..+.**%@@@@
0xff,0x80,0x40,0x70,0x7f,  //@@@@#...%...%@*.%@@@
0xbf,0x86,0x42,0xfd,0x2e,  //#@@@%.*%*..%@@@*.%@#
0x7f,0x0a,0x07,0xff,0xfe,  //%@@@*+#%..%@@@@@@@@%
0x3f,0xbc,0x0f,0xff,0xfc,  //*@@@#@@+.+@@@@@@@@@*
0x2f,0xfc,0x2f,0xff,0xf8,  //.#@@@@@..#@@@@@@@@#.
0x0f,0xe4,0x7f,0xff,0xf0,  //.*@@@#*.%@@@@@@@@@*.
0x07,0xd1,0xff,0xff,0xd0,  //..*@@*.*@@@@@@@@@*..
0x01,0xeb,0xff,0xff,0x40,  //...*@%%@@@@@@@@@*...
0x00,0x2f,0xff,0xf8,0x00,  //....+%@@@@@@@@%*....
0x00,0x01,0xaa,0x40,0x00,  //......+%%%%%%+......


/*  */
0xfe,0xaa,0xaa,0xaf,0x00,  //@@@#%%%%%%%%%#@@*
0x1b,0xe5,0x55,0x6f,0x00,  //**#@@#*******#@@.
0x03,0xe0,0x00,0x0f,0x00,  //..*@@%.......+@@.
0x03,0xe0,0x00,0x0b,0x00,  //..*@@%........%@.
0x03,0xe0,0x00,0x07,0x00,  //..*@@%........*@.
0x03,0xe0,0x00,0x01,0x00,  //..*@@%........+*.
0x03,0xe0,0x01,0x40,0x00,  //..*@@%.....*%....
0x03,0xe0,0x02,0x80,0x00,  //..*@@%.....%%....
0x03,0xe0,0x03,0x40,0x00,  //..*@@%.....@*....
0x03,0xea,0xaf,0x40,0x00,  //..*@@#%%%#@@*....
0x03,0xe5,0x5b,0x40,0x00,  //..*@@#****#@*....
0x03,0xe0,0x02,0x40,0x00,  //..*@@%.....#*....
0x03,0xe0,0x02,0x40,0x00,  //..*@@%.....%*....
0x03,0xe0,0x00,0x00,0x00,  //..*@@%.....++....
0x03,0xe0,0x00,0x00,0xc0,  //..*@@%.........+@
0x03,0xe0,0x00,0x01,0xc0,  //..*@@%.........*@
0x03,0xe0,0x00,0x02,0x80,  //..*@@%.........#%
0x03,0xe0,0x00,0x07,0x80,  //..*@@#........%@%
0x5b,0xf9,0x55,0x6f,0x40,  //*%#@@@#%****%#@@%
0xaa,0xaa,0xaa,0xaa,0x40,  //%%%%%%%%%%%%%%%%*


/*  */
0x2a,0xaa,0xaa,0xaa,0x00,  //+%%%%%%%%%%%%%%%*
0xbf,0xff,0xff,0xff,0xc0,  //#@@@@@@@@@@@@@@@@
0xff,0xff,0xff,0xff,0xc0,  //@@@@@@@@@@@@@@@@@
0xff,0xff,0xff,0xff,0xc0,  //@@@@@@@@@@@@@@@@@
0xff,0xff,0xff,0xff,0xc0,  //@@@@@@@@@@@@@@@@@
0xff,0xff,0xff,0xff,0xc0,  //@@@@@@@@@@@@@@@@@
0xf1,0x14,0x42,0x2f,0xc0,  //@@*%****%**#*#@@@
0xf1,0x00,0x41,0x17,0xc0,  //@@.*.*..****.%%@@
0xf1,0x00,0x41,0x02,0xc0,  //@@.*+**.****.*.#@
0xf1,0x00,0x41,0x12,0xc0,  //@@.*.**.****.*.%@
0xf1,0x10,0x41,0x02,0xc0,  //@@.*.**.*++*.*.#@
0xf6,0x65,0x96,0x67,0xc0,  //@@*%*%%*%*%#*%%@@
0xff,0xff,0xff,0xff,0xc0,  //@@@@@@@@@@@@@@@@@
0xff,0xff,0xff,0xff,0xc0,  //@@@@@@@@@@@@@@@@@
0xff,0xff,0xff,0xff,0xc0,  //@@@@@@@@@@@@@@@@@
0xff,0xff,0xff,0xff,0xc0,  //@@@@@@@@@@@@@@@@@
0xbf,0xff,0xff,0xff,0x80,  //%@@@@@@@@@@@@@@@#


/*  */
0x00,0x00,0x1b,0xfe,0x40,0x00,  //.........*%@@@@#%*.....
0x00,0x01,0xfe,0xab,0xf8,0x00,  //.......%@@@#%%%@@@%....
0x00,0x03,0x90,0x00,0x6e,0x00,  //......*@#*......*#@#+..
0x00,0x0a,0x00,0x00,0x07,0x80,  //......%%..........%@#..
0x00,0x0c,0x1a,0xa0,0x01,0xd0,  //......@.*%%%#%+....*@%.
0x00,0x2a,0xf9,0x50,0x00,0xb0,  //.....%##@@%***+.....%@.
0x00,0x2f,0x40,0x00,0x00,0x34,  //....*%@@*...........+@*
0x00,0x68,0x00,0x00,0x00,0x14,  //....%##+.............%%
0x00,0xa8,0x00,0x00,0x00,0x18,  //....##%..............*%
0x01,0xdc,0x00,0x00,0x00,0x08,  //...*@*@..............*%
0x02,0x4c,0x00,0x00,0x50,0x04,  //...%%.@+........%*...*%
0x03,0x49,0x00,0x06,0xd0,0x04,  //*+.@*.#*......*#@*...**
0x07,0x9a,0x01,0xb9,0x00,0x10,  //.+*@%*%%****%@#%*....*+
0x03,0x47,0xa5,0x40,0x00,0x10,  //...@%*%@#%%**+.......*.
0x02,0x52,0x80,0x00,0x00,0x10,  //...%**.#%...........+*.
0x01,0x50,0xd0,0x00,0x00,0x40,  //...**%.*@*..........*..
0x00,0x84,0x74,0x00,0x01,0x00,  //....%.%.*@*........*+..
0x00,0x41,0x1e,0x00,0x04,0x00,  //....**+%.%@%+.....*+...
0x00,0x00,0x56,0xd4,0x50,0x00,  //.....+..***#@%****.....
0x00,0x00,0x05,0xaa,0x00,0x00,  //.........+*%%%%%*......


/*  */
0x00,0x01,0xbf,0x90,0x00,  //......*%#@@@#%*.....
0x00,0x2f,0xea,0xae,0x00,  //....+%@@@%%%%#@%....
0x01,0xf4,0x00,0x01,0x80,  //...*@@%*......+%#+..
0x07,0x80,0x00,0x05,0x20,  //..*@#*.......*%*+#..
0x0a,0x00,0x1a,0x41,0x84,  //.+##....*%%%*..*%*%.
0x18,0x02,0xf0,0x10,0x20,  //.%#....%@@*..*+.+#*+
0x30,0x0b,0xff,0x44,0x04,  //.@+...#@@@@@%.*+.*%+
0x50,0x1f,0xff,0xe2,0x04,  //*%+..*@@@@@@@#.%..%+
0x40,0x2f,0xff,0xfb,0x01,  //***..#@@@@@@@@%@+.**
0x44,0x3f,0xff,0xff,0x01,  //*.*..@@@@@@@@@@@*.**
0x44,0x3f,0xff,0xff,0x01,  //*.*..@@@@@@@@@@@*.**
0x04,0x2f,0xff,0xff,0x01,  //*.%..#@@@@@@@@@@+.**
0x08,0x1f,0xff,0xfe,0x04,  //*.#..*@@@@@@@@@%..%*
0x09,0x0b,0xff,0xf8,0x08,  //..%*..#@@@@@@@#+..%.
0x06,0x02,0xff,0xe0,0x14,  //..*#...%@@@@@#+..%*.
0x02,0x80,0x1a,0x40,0x50,  //...##...*%%%*...%**.
0x00,0xa0,0x00,0x05,0x10,  //...+##+.......*%**+.
0x00,0x2d,0x00,0x00,0x90,  //....+#@*+...+*+*%*..
0x00,0x07,0xe5,0x5a,0x00,  //......%@@#***%#%+...
0x00,0x00,0x5a,0x90,0x00,  //.......+*%%%%*+.....


/*  */
0x02,0xff,0xff,0xf0,0x00,  //...#@@@@@@@@@@+..
0x03,0xff,0xff,0xf0,0x00,  //..*@@@@@@@@@@@*..
0x03,0xff,0xff,0xf0,0x00,  //.**@@@@@@@@@@@**+
0xb7,0xff,0xff,0xf3,0x80,  //#@*@@@@@@@@@@@*@#
0x03,0xff,0xff,0xf0,0x00,  //.**@@@@@@@@@@@**.
0x17,0xff,0xff,0xf1,0x00,  //+**@@@@@@@@@@@***
0xb7,0xff,0xff,0xf3,0x80,  //#@*@@@@@@@@@@@*@#
0x03,0xff,0xff,0xf0,0x00,  //..*@@@@@@@@@@@*..
0x17,0xff,0xff,0xf1,0x40,  //***@@@@@@@@@@@***
0x67,0xff,0xff,0xf2,0x40,  //%%*@@@@@@@@@@@*%%
0x03,0xff,0xff,0xf0,0x00,  //..*@@@@@@@@@@@*..
0x67,0xff,0xff,0xf2,0x40,  //*%*@@@@@@@@@@@*%*
0x67,0xff,0xff,0xf2,0x40,  //*%*@@@@@@@@@@@*%*
0x03,0xff,0xff,0xf0,0x00,  //..*@@@@@@@@@@@*..
0x67,0xff,0xff,0xf2,0x40,  //%%*@@@@@@@@@@@*%%
0x17,0xff,0xff,0xf1,0x40,  //***@@@@@@@@@@@***
0x03,0xff,0xff,0xf0,0x00,  //..*@@@@@@@@@@@*..
0x03,0xff,0xff,0xf0,0x00,  //..+@@@@@@@@@@@*..


/*  */
0x00,0x00,0x60,0x00,0x00,  //........*#........
0x00,0x05,0x71,0x00,0x00,  //......%**@.%*.....
0x00,0x0a,0xb7,0x00,0x00,  //......%#%@%@*.....
0x02,0x02,0xfd,0x09,0x00,  //...#*..#@@@*..#*..
0x12,0x80,0xb4,0x0d,0x10,  //+*.#%...#@%..+@*+*
0x3a,0xc0,0x70,0x1d,0xe0,  //*@#%@...*@...%@%@#
0x0b,0xd0,0x70,0x2e,0x40,  //.+%@@*..*@...#@#*.
0x2b,0xf4,0x70,0xbf,0x90,  //+%#@@@%.*@.*#@@@#%
0x25,0x1a,0xbb,0x81,0xa0,  //*%%***###@%@#***%%
0x00,0x02,0xf9,0x00,0x00,  //......+%@@#*......
0x00,0x06,0xfe,0x00,0x00,  //......*#@@@%+.....
0x7a,0x6e,0x76,0xd6,0xa0,  //*@#%*%@%%@*#@%*%##
0x17,0xe0,0x70,0x7f,0x40,  //.*%@@#*.*@..*@@@**
0x1b,0xc0,0x70,0x2f,0x80,  //.*#@@*..*@...%@@%*
0x75,0x80,0x70,0x1d,0xb0,  //*@%%#...%@...*@*#@
0x02,0x40,0xf8,0x0d,0x00,  //.+.#%..+@@#...@*.+
0x01,0x02,0xfd,0x04,0x00,  //...%+.+#@@@%..**..
0x00,0x0a,0x77,0x40,0x00,  //......##%@*@*.....
0x00,0x00,0x70,0x00,0x00,  //......*+*@.*......
0x00,0x00,0x20,0x00,0x00,  //........*%........


/*  */
0x00,0x00,0x00,0x05,0xad,  //............+***%%@*
0x00,0x01,0x6b,0xff,0xf4,  //.......*%%#@@@@@@@*.
0x00,0x1b,0xff,0xff,0xd0,  //.....*#@@@@@@@@@@*..
0x00,0xbe,0x55,0xbf,0x40,  //....#@@#%**%#@@@*...
0x02,0xf4,0x00,0x1f,0x80,  //...#@@*......*@@#...
0x07,0xd0,0x00,0x07,0xd0,  //..*@@*........*@@*..
0x0b,0x40,0x00,0x01,0xe0,  //..#@*..........*@#..
0x1e,0x00,0x00,0x00,0xb4,  //.*@#............#@*.
0x1e,0x00,0x00,0x00,0xb4,  //.%@%............%@%.
0x2d,0x00,0x00,0x00,0x78,  //.%@*............*@%.
0x2d,0x00,0x00,0x00,0x78,  //.%@*............%@%.
0x1e,0x00,0x00,0x00,0xb4,  //.%@%............%@*.
0x0f,0x00,0x00,0x00,0xf0,  //.*@@+..........+@@*.
0x0b,0x80,0x00,0x02,0xe0,  //..#@%..........%@#..
0x03,0xd0,0x00,0x07,0xc0,  //..*@@%........%@@*..
0x01,0xf8,0x00,0x2f,0x40,  //...%@@%*....*%@@%...
0x01,0xff,0xaa,0xfd,0x00,  //...%@@@@#%%#@@@%....
0x07,0xff,0xff,0xe0,0x00,  //..%@@@@@@@@@@%*.....
0x1f,0xfe,0x94,0x00,0x00,  //.%@@@@@#%%**+.......
0x65,0x00,0x00,0x00,0x00,  //*%***+..............


/*  */
0x00,0x06,0xff,0x90,0x00,  //.....+*#@@@@#*+.....
0x00,0x69,0x00,0x69,0x00,  //....*##**++**##*....
0x02,0x90,0x00,0x06,0x80,  //...%#*........*#%...
0x0a,0x00,0x00,0x00,0xa0,  //..%#+..........+#%..
0x18,0x00,0x00,0x00,0x24,  //.*#+..+.........+#*.
0x24,0x0e,0x40,0x00,0x18,  //.#*...@%*........*#.
0x60,0x1f,0xd0,0x00,0x09,  //*#...*@@@*........#*
0x90,0x2f,0xcd,0x00,0x06,  //%%...#@@@*@%+.....%%
0x90,0x1b,0x5f,0x50,0x06,  //#*...*#@%%@@%*....*#
0xc0,0x00,0x1f,0x38,0x03,  //@*.....*+%@@*@#*..*@
0xc0,0x00,0x25,0x78,0x03,  //@*......+%***@#...*@
0x90,0x00,0x18,0x00,0x06,  //#*.......*%+..+...*#
0x50,0x00,0x44,0x00,0x05,  //%%......*+*+......%%
0x30,0x00,0x41,0x00,0x0c,  //*@......%..*......@*
0x24,0x01,0x01,0x00,0x18,  //.#%....**..*+....%#.
0x0d,0x00,0x00,0x00,0x70,  //.*@*............*@*.
0x07,0x40,0x00,0x01,0xd0,  //..*@*..........*@*..
0x01,0xe0,0x00,0x0b,0x40,  //...*@%+......+%@*...
0x00,0x2e,0x55,0xb8,0x00,  //....+%@#****#@%+....
0x00,0x01,0xaa,0x40,0x00,  //......+%%%%%%+......


/*  */
0x00,0x04,0x00,0x00,0x00,0x00,  //......%....**........
0x00,0x00,0x02,0x80,0x00,0x00,  //...........#%........
0x00,0x00,0x64,0x00,0x00,0x00,  //.......*%%%+.+.......
0x00,0x87,0xff,0xf8,0x00,0x00,  //....#+*@@@@@@@#+.....
0x00,0x4f,0xff,0xfe,0x00,0x00,  //....**@@@@@@@@@#+....
0x00,0x6f,0xff,0xff,0x88,0x00,  //....*#@@@@@@@@@@%*%..
0x02,0xfd,0x24,0x5b,0x84,0x00,  //...%@@@**%*+%*#@%+*..
0x03,0xf4,0x00,0x03,0xd0,0x00,  //..+@@@%.......*@@%...
0x13,0xf0,0x00,0x47,0xf0,0x40,  //+*+@@@+..*..*.*@@@*.*
0x72,0xe0,0x20,0x8b,0xf0,0x00,  //*@.#@#...#.+%.#@@@*..
0x07,0xd0,0x51,0x4f,0xe1,0x00,  //.+*@@%..*%.%*+@@@#.%.
0x0b,0xc0,0x82,0x1f,0xe1,0x00,  //..%@@*..%*+#.%@@@#.*.
0x0b,0xc0,0xc9,0x2f,0xf0,0x00,  //..%@@..+@.%%.%@@@@*..
0x07,0xd2,0xfe,0x03,0xf0,0x00,  //..*@@*+%@@@#..*@@@...
0x01,0xff,0xff,0xab,0xe0,0x00,  //...*@@@@@@@@#%#@@%...
0x00,0x3f,0xff,0xff,0x80,0x00,  //...++@@@@@@@@@@@#....
0x00,0x2f,0xff,0xf4,0x00,0x00,  //...*+%@@@@@@@@%*.....
0x00,0x0b,0xfb,0xe2,0x00,0x00,  //.....+#@@@#@@#+#*....
0x00,0x00,0x40,0x02,0x00,0x00,  //.......**++**.+#*....
0x00,0x00,0x04,0x00,0x00,0x00,  //.........*%..........


};


static const lv_font_fmt_txt_glyph_dsc_t glyph_dsc[] = {
    {.bitmap_index = 0,	.adv_w = 4, .box_h = 1, .box_w = 4, .ofs_x = 0, .ofs_y = 4},/*( )*/
    {.bitmap_index = 1,	.adv_w = 6, .box_h = 16, .box_w = 4, .ofs_x = 1, .ofs_y = 4},/*(!)*/
    {.bitmap_index = 17,	.adv_w = 7, .box_h = 5, .box_w = 8, .ofs_x = 2, .ofs_y = 16},/*(")*/
    {.bitmap_index = 27,	.adv_w = 17, .box_h = 15, .box_w = 16, .ofs_x = 1, .ofs_y = 4},/*(#)*/
    {.bitmap_index = 87,	.adv_w = 13, .box_h = 21, .box_w = 12, .ofs_x = 1, .ofs_y = 1},/*($)*/
    {.bitmap_index = 150,	.adv_w = 18, .box_h = 15, .box_w = 16, .ofs_x = 1, .ofs_y = 4},/*(%)*/
    {.bitmap_index = 210,	.adv_w = 17, .box_h = 15, .box_w = 16, .ofs_x = 1, .ofs_y = 4},/*(&)*/
    {.bitmap_index = 270,	.adv_w = 4, .box_h = 5, .box_w = 4, .ofs_x = 2, .ofs_y = 16},/*(')*/
    {.bitmap_index = 275,	.adv_w = 7, .box_h = 19, .box_w = 8, .ofs_x = 1, .ofs_y = 0},/*(()*/
    {.bitmap_index = 313,	.adv_w = 7, .box_h = 19, .box_w = 8, .ofs_x = -1, .ofs_y = 0},/*())*/
    {.bitmap_index = 351,	.adv_w = 9, .box_h = 8, .box_w = 8, .ofs_x = 1, .ofs_y = 13},/*(*)*/
    {.bitmap_index = 367,	.adv_w = 14, .box_h = 11, .box_w = 12, .ofs_x = 2, .ofs_y = 6},/*(+)*/
    {.bitmap_index = 400,	.adv_w = 5, .box_h = 5, .box_w = 4, .ofs_x = 0, .ofs_y = 2},/*(,)*/
    {.bitmap_index = 405,	.adv_w = 11, .box_h = 2, .box_w = 12, .ofs_x = 1, .ofs_y = 9},/*(-)*/
    {.bitmap_index = 411,	.adv_w = 5, .box_h = 3, .box_w = 4, .ofs_x = 1, .ofs_y = 4},/*(.)*/
    {.bitmap_index = 414,	.adv_w = 8, .box_h = 15, .box_w = 12, .ofs_x = 0, .ofs_y = 4},/*(/)*/
    {.bitmap_index = 459,	.adv_w = 13, .box_h = 15, .box_w = 12, .ofs_x = 1, .ofs_y = 4},/*(0)*/
    {.bitmap_index = 504,	.adv_w = 8, .box_h = 15, .box_w = 8, .ofs_x = 1, .ofs_y = 4},/*(1)*/
    {.bitmap_index = 534,	.adv_w = 11, .box_h = 15, .box_w = 12, .ofs_x = 0, .ofs_y = 4},/*(2)*/
    {.bitmap_index = 579,	.adv_w = 11, .box_h = 15, .box_w = 12, .ofs_x = 0, .ofs_y = 4},/*(3)*/
    {.bitmap_index = 624,	.adv_w = 13, .box_h = 15, .box_w = 12, .ofs_x = 1, .ofs_y = 4},/*(4)*/
    {.bitmap_index = 669,	.adv_w = 11, .box_h = 15, .box_w = 12, .ofs_x = 1, .ofs_y = 4},/*(5)*/
    {.bitmap_index = 714,	.adv_w = 12, .box_h = 15, .box_w = 12, .ofs_x = 1, .ofs_y = 4},/*(6)*/
    {.bitmap_index = 759,	.adv_w = 11, .box_h = 15, .box_w = 12, .ofs_x = 2, .ofs_y = 4},/*(7)*/
    {.bitmap_index = 804,	.adv_w = 13, .box_h = 15, .box_w = 12, .ofs_x = 1, .ofs_y = 4},/*(8)*/
    {.bitmap_index = 849,	.adv_w = 12, .box_h = 15, .box_w = 12, .ofs_x = 1, .ofs_y = 4},/*(9)*/
    {.bitmap_index = 894,	.adv_w = 5, .box_h = 12, .box_w = 4, .ofs_x = 1, .ofs_y = 4},/*(:)*/
    {.bitmap_index = 906,	.adv_w = 5, .box_h = 14, .box_w = 4, .ofs_x = 0, .ofs_y = 2},/*(;)*/
    {.bitmap_index = 920,	.adv_w = 14, .box_h = 11, .box_w = 12, .ofs_x = 2, .ofs_y = 6},/*(<)*/
    {.bitmap_index = 953,	.adv_w = 14, .box_h = 7, .box_w = 12, .ofs_x = 1, .ofs_y = 8},/*(=)*/
    {.bitmap_index = 974,	.adv_w = 14, .box_h = 11, .box_w = 12, .ofs_x = 1, .ofs_y = 6},/*(>)*/
    {.bitmap_index = 1007,	.adv_w = 12, .box_h = 15, .box_w = 8, .ofs_x = 2, .ofs_y = 4},/*(?)*/
    {.bitmap_index = 1037,	.adv_w = 16, .box_h = 16, .box_w = 16, .ofs_x = 1, .ofs_y = 2},/*(@)*/
    {.bitmap_index = 1101,	.adv_w = 15, .box_h = 15, .box_w = 16, .ofs_x = 0, .ofs_y = 4},/*(A)*/
    {.bitmap_index = 1161,	.adv_w = 14, .box_h = 15, .box_w = 12, .ofs_x = 1, .ofs_y = 4},/*(B)*/
    {.bitmap_index = 1206,	.adv_w = 13, .box_h = 15, .box_w = 12, .ofs_x = 1, .ofs_y = 4},/*(C)*/
    {.bitmap_index = 1251,	.adv_w = 15, .box_h = 15, .box_w = 16, .ofs_x = 1, .ofs_y = 4},/*(D)*/
    {.bitmap_index = 1311,	.adv_w = 12, .box_h = 15, .box_w = 12, .ofs_x = 1, .ofs_y = 4},/*(E)*/
    {.bitmap_index = 1356,	.adv_w = 12, .box_h = 15, .box_w = 12, .ofs_x = 1, .ofs_y = 4},/*(F)*/
    {.bitmap_index = 1401,	.adv_w = 14, .box_h = 15, .box_w = 16, .ofs_x = 1, .ofs_y = 4},/*(G)*/
    {.bitmap_index = 1461,	.adv_w = 15, .box_h = 15, .box_w = 16, .ofs_x = 1, .ofs_y = 4},/*(H)*/
    {.bitmap_index = 1521,	.adv_w = 5, .box_h = 15, .box_w = 4, .ofs_x = 1, .ofs_y = 4},/*(I)*/
    {.bitmap_index = 1536,	.adv_w = 10, .box_h = 15, .box_w = 12, .ofs_x = 0, .ofs_y = 4},/*(J)*/
    {.bitmap_index = 1581,	.adv_w = 14, .box_h = 15, .box_w = 16, .ofs_x = 1, .ofs_y = 4},/*(K)*/
    {.bitmap_index = 1641,	.adv_w = 12, .box_h = 15, .box_w = 12, .ofs_x = 1, .ofs_y = 4},/*(L)*/
    {.bitmap_index = 1686,	.adv_w = 18, .box_h = 15, .box_w = 20, .ofs_x = 1, .ofs_y = 4},/*(M)*/
    {.bitmap_index = 1761,	.adv_w = 15, .box_h = 15, .box_w = 16, .ofs_x = 1, .ofs_y = 4},/*(N)*/
    {.bitmap_index = 1821,	.adv_w = 15, .box_h = 15, .box_w = 16, .ofs_x = 1, .ofs_y = 4},/*(O)*/
    {.bitmap_index = 1881,	.adv_w = 14, .box_h = 15, .box_w = 12, .ofs_x = 1, .ofs_y = 4},/*(P)*/
    {.bitmap_index = 1926,	.adv_w = 16, .box_h = 18, .box_w = 16, .ofs_x = 1, .ofs_y = 1},/*(Q)*/
    {.bitmap_index = 1998,	.adv_w = 14, .box_h = 15, .box_w = 12, .ofs_x = 1, .ofs_y = 4},/*(R)*/
    {.bitmap_index = 2043,	.adv_w = 12, .box_h = 15, .box_w = 12, .ofs_x = 0, .ofs_y = 4},/*(S)*/
    {.bitmap_index = 2088,	.adv_w = 13, .box_h = 15, .box_w = 12, .ofs_x = 1, .ofs_y = 4},/*(T)*/
    {.bitmap_index = 2133,	.adv_w = 15, .box_h = 15, .box_w = 16, .ofs_x = 1, .ofs_y = 4},/*(U)*/
    {.bitmap_index = 2193,	.adv_w = 15, .box_h = 15, .box_w = 16, .ofs_x = 1, .ofs_y = 4},/*(V)*/
    {.bitmap_index = 2253,	.adv_w = 21, .box_h = 15, .box_w = 24, .ofs_x = 1, .ofs_y = 4},/*(W)*/
    {.bitmap_index = 2343,	.adv_w = 14, .box_h = 15, .box_w = 16, .ofs_x = 0, .ofs_y = 4},/*(X)*/
    {.bitmap_index = 2403,	.adv_w = 14, .box_h = 15, .box_w = 16, .ofs_x = 1, .ofs_y = 4},/*(Y)*/
    {.bitmap_index = 2463,	.adv_w = 12, .box_h = 15, .box_w = 16, .ofs_x = 0, .ofs_y = 4},/*(Z)*/
    {.bitmap_index = 2523,	.adv_w = 7, .box_h = 20, .box_w = 8, .ofs_x = 0, .ofs_y = 0},/*([)*/
    {.bitmap_index = 2563,	.adv_w = 12, .box_h = 15, .box_w = 12, .ofs_x = 2, .ofs_y = 4},/*(\)*/
    {.bitmap_index = 2608,	.adv_w = 7, .box_h = 20, .box_w = 8, .ofs_x = -1, .ofs_y = 0},/*(])*/
    {.bitmap_index = 2648,	.adv_w = 11, .box_h = 8, .box_w = 12, .ofs_x = 1, .ofs_y = 11},/*(^)*/
    {.bitmap_index = 2672,	.adv_w = 10, .box_h = 3, .box_w = 12, .ofs_x = -1, .ofs_y = 0},/*(_)*/
    {.bitmap_index = 2681,	.adv_w = 8, .box_h = 3, .box_w = 8, .ofs_x = 2, .ofs_y = 17},/*(`)*/
    {.bitmap_index = 2687,	.adv_w = 11, .box_h = 11, .box_w = 12, .ofs_x = 0, .ofs_y = 4},/*(a)*/
    {.bitmap_index = 2720,	.adv_w = 12, .box_h = 16, .box_w = 12, .ofs_x = 1, .ofs_y = 4},/*(b)*/
    {.bitmap_index = 2768,	.adv_w = 10, .box_h = 11, .box_w = 12, .ofs_x = 1, .ofs_y = 4},/*(c)*/
    {.bitmap_index = 2801,	.adv_w = 12, .box_h = 16, .box_w = 12, .ofs_x = 1, .ofs_y = 4},/*(d)*/
    {.bitmap_index = 2849,	.adv_w = 11, .box_h = 12, .box_w = 12, .ofs_x = 1, .ofs_y = 4},/*(e)*/
    {.bitmap_index = 2885,	.adv_w = 9, .box_h = 16, .box_w = 8, .ofs_x = 1, .ofs_y = 4},/*(f)*/
    {.bitmap_index = 2917,	.adv_w = 12, .box_h = 15, .box_w = 12, .ofs_x = 1, .ofs_y = 0},/*(g)*/
    {.bitmap_index = 2962,	.adv_w = 12, .box_h = 16, .box_w = 12, .ofs_x = 1, .ofs_y = 4},/*(h)*/
    {.bitmap_index = 3010,	.adv_w = 5, .box_h = 15, .box_w = 4, .ofs_x = 1, .ofs_y = 4},/*(i)*/
    {.bitmap_index = 3025,	.adv_w = 5, .box_h = 19, .box_w = 8, .ofs_x = -3, .ofs_y = 0},/*(j)*/
    {.bitmap_index = 3063,	.adv_w = 11, .box_h = 16, .box_w = 12, .ofs_x = 1, .ofs_y = 4},/*(k)*/
    {.bitmap_index = 3111,	.adv_w = 5, .box_h = 16, .box_w = 4, .ofs_x = 1, .ofs_y = 4},/*(l)*/
    {.bitmap_index = 3127,	.adv_w = 18, .box_h = 11, .box_w = 16, .ofs_x = 1, .ofs_y = 4},/*(m)*/
    {.bitmap_index = 3171,	.adv_w = 12, .box_h = 11, .box_w = 12, .ofs_x = 1, .ofs_y = 4},/*(n)*/
    {.bitmap_index = 3204,	.adv_w = 12, .box_h = 12, .box_w = 12, .ofs_x = 1, .ofs_y = 4},/*(o)*/
    {.bitmap_index = 3240,	.adv_w = 12, .box_h = 15, .box_w = 12, .ofs_x = 0, .ofs_y = 0},/*(p)*/
    {.bitmap_index = 3285,	.adv_w = 12, .box_h = 15, .box_w = 12, .ofs_x = 1, .ofs_y = 0},/*(q)*/
    {.bitmap_index = 3330,	.adv_w = 8, .box_h = 11, .box_w = 8, .ofs_x = 0, .ofs_y = 4},/*(r)*/
    {.bitmap_index = 3352,	.adv_w = 10, .box_h = 11, .box_w = 12, .ofs_x = 0, .ofs_y = 4},/*(s)*/
    {.bitmap_index = 3385,	.adv_w = 9, .box_h = 14, .box_w = 12, .ofs_x = 0, .ofs_y = 4},/*(t)*/
    {.bitmap_index = 3427,	.adv_w = 12, .box_h = 11, .box_w = 12, .ofs_x = 1, .ofs_y = 4},/*(u)*/
    {.bitmap_index = 3460,	.adv_w = 11, .box_h = 11, .box_w = 12, .ofs_x = 1, .ofs_y = 4},/*(v)*/
    {.bitmap_index = 3493,	.adv_w = 18, .box_h = 11, .box_w = 20, .ofs_x = 1, .ofs_y = 4},/*(w)*/
    {.bitmap_index = 3548,	.adv_w = 12, .box_h = 11, .box_w = 16, .ofs_x = -1, .ofs_y = 4},/*(x)*/
    {.bitmap_index = 3592,	.adv_w = 12, .box_h = 15, .box_w = 12, .ofs_x = 1, .ofs_y = 0},/*(y)*/
    {.bitmap_index = 3637,	.adv_w = 10, .box_h = 11, .box_w = 12, .ofs_x = 0, .ofs_y = 4},/*(z)*/
    {.bitmap_index = 3670,	.adv_w = 8, .box_h = 20, .box_w = 12, .ofs_x = 0, .ofs_y = 0},/*({)*/
    {.bitmap_index = 3730,	.adv_w = 5, .box_h = 19, .box_w = 8, .ofs_x = 0, .ofs_y = 0},/*(|)*/
    {.bitmap_index = 3768,	.adv_w = 8, .box_h = 20, .box_w = 12, .ofs_x = -1, .ofs_y = 0},/*(})*/
    {.bitmap_index = 3828,	.adv_w = 14, .box_h = 4, .box_w = 12, .ofs_x = 1, .ofs_y = 9},/*(~)*/
    {.bitmap_index = 3840,	.adv_w = 10, .box_h = 15, .box_w = 12, .ofs_x = 1, .ofs_y = 5},/*()*/
    {.bitmap_index = 3885,	.adv_w = 20, .box_h = 2, .box_w = 16, .ofs_x = 2, .ofs_y = 12},/*(一)*/
    {.bitmap_index = 3893,	.adv_w = 20, .box_h = 17, .box_w = 20, .ofs_x = 2, .ofs_y = 4},/*(世)*/
    {.bitmap_index = 3978,	.adv_w = 20, .box_h = 17, .box_w = 20, .ofs_x = 1, .ofs_y = 3},/*(买)*/
    {.bitmap_index = 4063,	.adv_w = 20, .box_h = 18, .box_w = 20, .ofs_x = 1, .ofs_y = 3},/*(令)*/
    {.bitmap_index = 4153,	.adv_w = 20, .box_h = 18, .box_w = 20, .ofs_x = 2, .ofs_y = 3},/*(以)*/
    {.bitmap_index = 4243,	.adv_w = 20, .box_h = 18, .box_w = 20, .ofs_x = 1, .ofs_y = 3},/*(件)*/
    {.bitmap_index = 4333,	.adv_w = 20, .box_h = 18, .box_w = 20, .ofs_x = 1, .ofs_y = 3},/*(体)*/
    {.bitmap_index = 4423,	.adv_w = 20, .box_h = 18, .box_w = 20, .ofs_x = 1, .ofs_y = 3},/*(作)*/
    {.bitmap_index = 4513,	.adv_w = 20, .box_h = 18, .box_w = 20, .ofs_x = 1, .ofs_y = 3},/*(你)*/
    {.bitmap_index = 4603,	.adv_w = 20, .box_h = 18, .box_w = 20, .ofs_x = 1, .ofs_y = 3},/*(使)*/
    {.bitmap_index = 4693,	.adv_w = 20, .box_h = 18, .box_w = 20, .ofs_x = 1, .ofs_y = 3},/*(关)*/
    {.bitmap_index = 4783,	.adv_w = 20, .box_h = 17, .box_w = 20, .ofs_x = 1, .ofs_y = 4},/*(刚)*/
    {.bitmap_index = 4868,	.adv_w = 20, .box_h = 17, .box_w = 20, .ofs_x = 1, .ofs_y = 4},/*(到)*/
    {.bitmap_index = 4953,	.adv_w = 20, .box_h = 17, .box_w = 20, .ofs_x = 2, .ofs_y = 4},/*(制)*/
    {.bitmap_index = 5038,	.adv_w = 20, .box_h = 18, .box_w = 20, .ofs_x = 1, .ofs_y = 3},/*(力)*/
    {.bitmap_index = 5128,	.adv_w = 20, .box_h = 18, .box_w = 20, .ofs_x = 1, .ofs_y = 3},/*(发)*/
    {.bitmap_index = 5218,	.adv_w = 20, .box_h = 16, .box_w = 20, .ofs_x = 1, .ofs_y = 4},/*(吧)*/
    {.bitmap_index = 5298,	.adv_w = 20, .box_h = 17, .box_w = 20, .ofs_x = 2, .ofs_y = 3},/*(听)*/
    {.bitmap_index = 5383,	.adv_w = 20, .box_h = 16, .box_w = 20, .ofs_x = 1, .ofs_y = 4},/*(呢)*/
    {.bitmap_index = 5463,	.adv_w = 20, .box_h = 17, .box_w = 20, .ofs_x = 1, .ofs_y = 4},/*(命)*/
    {.bitmap_index = 5548,	.adv_w = 20, .box_h = 16, .box_w = 20, .ofs_x = 1, .ofs_y = 4},/*(和)*/
    {.bitmap_index = 5628,	.adv_w = 20, .box_h = 16, .box_w = 20, .ofs_x = 1, .ofs_y = 4},/*(啊)*/
    {.bitmap_index = 5708,	.adv_w = 20, .box_h = 17, .box_w = 20, .ofs_x = 1, .ofs_y = 4},/*(在)*/
    {.bitmap_index = 5793,	.adv_w = 20, .box_h = 18, .box_w = 20, .ofs_x = 1, .ofs_y = 3},/*(多)*/
    {.bitmap_index = 5883,	.adv_w = 20, .box_h = 18, .box_w = 20, .ofs_x = 1, .ofs_y = 3},/*(好)*/
    {.bitmap_index = 5973,	.adv_w = 20, .box_h = 18, .box_w = 20, .ofs_x = 2, .ofs_y = 3},/*(字)*/
    {.bitmap_index = 6063,	.adv_w = 20, .box_h = 18, .box_w = 20, .ofs_x = 1, .ofs_y = 3},/*(少)*/
    {.bitmap_index = 6153,	.adv_w = 20, .box_h = 16, .box_w = 16, .ofs_x = 3, .ofs_y = 4},/*(已)*/
    {.bitmap_index = 6217,	.adv_w = 20, .box_h = 18, .box_w = 20, .ofs_x = 1, .ofs_y = 3},/*(度)*/
    {.bitmap_index = 6307,	.adv_w = 20, .box_h = 16, .box_w = 16, .ofs_x = 2, .ofs_y = 4},/*(开)*/
    {.bitmap_index = 6371,	.adv_w = 20, .box_h = 17, .box_w = 20, .ofs_x = 1, .ofs_y = 4},/*(您)*/
    {.bitmap_index = 6456,	.adv_w = 20, .box_h = 17, .box_w = 20, .ofs_x = 1, .ofs_y = 4},/*(感)*/
    {.bitmap_index = 6541,	.adv_w = 20, .box_h = 17, .box_w = 20, .ofs_x = 2, .ofs_y = 4},/*(我)*/
    {.bitmap_index = 6626,	.adv_w = 20, .box_h = 17, .box_w = 20, .ofs_x = 1, .ofs_y = 4},/*(打)*/
    {.bitmap_index = 6711,	.adv_w = 20, .box_h = 17, .box_w = 20, .ofs_x = 1, .ofs_y = 4},/*(把)*/
    {.bitmap_index = 6796,	.adv_w = 20, .box_h = 18, .box_w = 20, .ofs_x = 1, .ofs_y = 3},/*(持)*/
    {.bitmap_index = 6886,	.adv_w = 20, .box_h = 18, .box_w = 20, .ofs_x = 1, .ofs_y = 3},/*(按)*/
    {.bitmap_index = 6976,	.adv_w = 20, .box_h = 18, .box_w = 20, .ofs_x = 1, .ofs_y = 3},/*(摸)*/
    {.bitmap_index = 7066,	.adv_w = 20, .box_h = 18, .box_w = 20, .ofs_x = 1, .ofs_y = 3},/*(支)*/
    {.bitmap_index = 7156,	.adv_w = 20, .box_h = 18, .box_w = 20, .ofs_x = 1, .ofs_y = 3},/*(文)*/
    {.bitmap_index = 7246,	.adv_w = 20, .box_h = 18, .box_w = 20, .ofs_x = 1, .ofs_y = 3},/*(新)*/
    {.bitmap_index = 7336,	.adv_w = 20, .box_h = 17, .box_w = 20, .ofs_x = 1, .ofs_y = 3},/*(是)*/
    {.bitmap_index = 7421,	.adv_w = 20, .box_h = 17, .box_w = 20, .ofs_x = 1, .ofs_y = 4},/*(有)*/
    {.bitmap_index = 7506,	.adv_w = 20, .box_h = 18, .box_w = 20, .ofs_x = 1, .ofs_y = 3},/*(板)*/
    {.bitmap_index = 7596,	.adv_w = 20, .box_h = 18, .box_w = 20, .ofs_x = 1, .ofs_y = 3},/*(格)*/
    {.bitmap_index = 7686,	.adv_w = 20, .box_h = 17, .box_w = 20, .ofs_x = 1, .ofs_y = 4},/*(楚)*/
    {.bitmap_index = 7771,	.adv_w = 20, .box_h = 18, .box_w = 20, .ofs_x = 1, .ofs_y = 3},/*(没)*/
    {.bitmap_index = 7861,	.adv_w = 20, .box_h = 17, .box_w = 20, .ofs_x = 1, .ofs_y = 4},/*(测)*/
    {.bitmap_index = 7946,	.adv_w = 20, .box_h = 18, .box_w = 20, .ofs_x = 1, .ofs_y = 3},/*(清)*/
    {.bitmap_index = 8036,	.adv_w = 20, .box_h = 17, .box_w = 20, .ofs_x = 1, .ofs_y = 4},/*(灯)*/
    {.bitmap_index = 8121,	.adv_w = 20, .box_h = 16, .box_w = 20, .ofs_x = 1, .ofs_y = 4},/*(用)*/
    {.bitmap_index = 8201,	.adv_w = 20, .box_h = 17, .box_w = 20, .ofs_x = 1, .ofs_y = 4},/*(的)*/
    {.bitmap_index = 8286,	.adv_w = 20, .box_h = 17, .box_w = 20, .ofs_x = 1, .ofs_y = 3},/*(硬)*/
    {.bitmap_index = 8371,	.adv_w = 20, .box_h = 17, .box_w = 16, .ofs_x = 2, .ofs_y = 4},/*(空)*/
    {.bitmap_index = 8439,	.adv_w = 20, .box_h = 17, .box_w = 20, .ofs_x = 1, .ofs_y = 4},/*(经)*/
    {.bitmap_index = 8524,	.adv_w = 20, .box_h = 16, .box_w = 20, .ofs_x = 1, .ofs_y = 4},/*(置)*/
    {.bitmap_index = 8604,	.adv_w = 20, .box_h = 18, .box_w = 20, .ofs_x = 1, .ofs_y = 3},/*(美)*/
    {.bitmap_index = 8694,	.adv_w = 20, .box_h = 16, .box_w = 20, .ofs_x = 1, .ofs_y = 4},/*(耶)*/
    {.bitmap_index = 8774,	.adv_w = 20, .box_h = 18, .box_w = 20, .ofs_x = 1, .ofs_y = 3},/*(触)*/
    {.bitmap_index = 8864,	.adv_w = 20, .box_h = 17, .box_w = 20, .ofs_x = 2, .ofs_y = 3},/*(设)*/
    {.bitmap_index = 8949,	.adv_w = 20, .box_h = 16, .box_w = 20, .ofs_x = 2, .ofs_y = 4},/*(词)*/
    {.bitmap_index = 9029,	.adv_w = 20, .box_h = 17, .box_w = 20, .ofs_x = 2, .ofs_y = 4},/*(试)*/
    {.bitmap_index = 9114,	.adv_w = 20, .box_h = 18, .box_w = 16, .ofs_x = 2, .ofs_y = 3},/*(说)*/
    {.bitmap_index = 9186,	.adv_w = 20, .box_h = 18, .box_w = 20, .ofs_x = 2, .ofs_y = 3},/*(请)*/
    {.bitmap_index = 9276,	.adv_w = 20, .box_h = 17, .box_w = 20, .ofs_x = 2, .ofs_y = 3},/*(调)*/
    {.bitmap_index = 9361,	.adv_w = 20, .box_h = 17, .box_w = 20, .ofs_x = 1, .ofs_y = 4},/*(谢)*/
    {.bitmap_index = 9446,	.adv_w = 20, .box_h = 18, .box_w = 20, .ofs_x = 1, .ofs_y = 3},/*(购)*/
    {.bitmap_index = 9536,	.adv_w = 20, .box_h = 18, .box_w = 20, .ofs_x = 1, .ofs_y = 3},/*(遍)*/
    {.bitmap_index = 9626,	.adv_w = 20, .box_h = 17, .box_w = 20, .ofs_x = 1, .ofs_y = 4},/*(酷)*/
    {.bitmap_index = 9711,	.adv_w = 20, .box_h = 17, .box_w = 20, .ofs_x = 1, .ofs_y = 4},/*(重)*/
    {.bitmap_index = 9796,	.adv_w = 20, .box_h = 17, .box_w = 20, .ofs_x = 1, .ofs_y = 4},/*(钮)*/
    {.bitmap_index = 9881,	.adv_w = 20, .box_h = 18, .box_w = 20, .ofs_x = 1, .ofs_y = 3},/*(键)*/
    {.bitmap_index = 9971,	.adv_w = 20, .box_h = 17, .box_w = 16, .ofs_x = 2, .ofs_y = 4},/*(闭)*/
    {.bitmap_index = 10039,	.adv_w = 20, .box_h = 19, .box_w = 20, .ofs_x = 1, .ofs_y = 2},/*()*/
    {.bitmap_index = 10134,	.adv_w = 17, .box_h = 19, .box_w = 20, .ofs_x = 0, .ofs_y = 2},/*()*/
    {.bitmap_index = 10229,	.adv_w = 19, .box_h = 19, .box_w = 20, .ofs_x = 0, .ofs_y = 2},/*()*/
    {.bitmap_index = 10324,	.adv_w = 20, .box_h = 15, .box_w = 20, .ofs_x = 0, .ofs_y = 4},/*()*/
    {.bitmap_index = 10399,	.adv_w = 20, .box_h = 17, .box_w = 20, .ofs_x = 0, .ofs_y = 3},/*()*/
    {.bitmap_index = 10484,	.adv_w = 19, .box_h = 18, .box_w = 20, .ofs_x = 0, .ofs_y = 3},/*()*/
    {.bitmap_index = 10574,	.adv_w = 19, .box_h = 18, .box_w = 20, .ofs_x = 0, .ofs_y = 3},/*()*/
    {.bitmap_index = 10664,	.adv_w = 14, .box_h = 17, .box_w = 16, .ofs_x = 0, .ofs_y = 3},/*()*/
    {.bitmap_index = 10732,	.adv_w = 21, .box_h = 19, .box_w = 24, .ofs_x = 0, .ofs_y = 2},/*()*/
    {.bitmap_index = 10846,	.adv_w = 19, .box_h = 16, .box_w = 20, .ofs_x = 0, .ofs_y = 4},/*()*/
    {.bitmap_index = 10926,	.adv_w = 20, .box_h = 16, .box_w = 20, .ofs_x = 0, .ofs_y = 4},/*()*/
    {.bitmap_index = 11006,	.adv_w = 20, .box_h = 16, .box_w = 20, .ofs_x = 0, .ofs_y = 4},/*()*/
    {.bitmap_index = 11086,	.adv_w = 20, .box_h = 13, .box_w = 20, .ofs_x = 1, .ofs_y = 5},/*()*/
    {.bitmap_index = 11151,	.adv_w = 16, .box_h = 13, .box_w = 16, .ofs_x = 1, .ofs_y = 5},/*()*/
    {.bitmap_index = 11203,	.adv_w = 19, .box_h = 19, .box_w = 20, .ofs_x = 0, .ofs_y = 2},/*()*/
    {.bitmap_index = 11298,	.adv_w = 19, .box_h = 19, .box_w = 20, .ofs_x = 0, .ofs_y = 2},/*()*/
    {.bitmap_index = 11393,	.adv_w = 17, .box_h = 18, .box_w = 20, .ofs_x = 0, .ofs_y = 3},/*()*/
    {.bitmap_index = 11483,	.adv_w = 20, .box_h = 17, .box_w = 20, .ofs_x = 0, .ofs_y = 3},/*()*/
    {.bitmap_index = 11568,	.adv_w = 17, .box_h = 17, .box_w = 20, .ofs_x = 0, .ofs_y = 3},/*()*/
    {.bitmap_index = 11653,	.adv_w = 16, .box_h = 17, .box_w = 16, .ofs_x = 0, .ofs_y = 3},/*()*/
    {.bitmap_index = 11721,	.adv_w = 19, .box_h = 14, .box_w = 20, .ofs_x = 0, .ofs_y = 5},/*()*/
    {.bitmap_index = 11791,	.adv_w = 17, .box_h = 20, .box_w = 20, .ofs_x = 0, .ofs_y = 2},/*()*/
    {.bitmap_index = 11891,	.adv_w = 17, .box_h = 17, .box_w = 20, .ofs_x = 0, .ofs_y = 3},/*()*/
    {.bitmap_index = 11976,	.adv_w = 21, .box_h = 14, .box_w = 20, .ofs_x = 1, .ofs_y = 5},/*()*/
    {.bitmap_index = 12046,	.adv_w = 19, .box_h = 17, .box_w = 20, .ofs_x = 0, .ofs_y = 3},/*()*/
    {.bitmap_index = 12131,	.adv_w = 17, .box_h = 17, .box_w = 20, .ofs_x = 0, .ofs_y = 3},/*()*/
    {.bitmap_index = 12216,	.adv_w = 17, .box_h = 17, .box_w = 20, .ofs_x = 0, .ofs_y = 3},/*()*/
    {.bitmap_index = 12301,	.adv_w = 17, .box_h = 14, .box_w = 20, .ofs_x = 0, .ofs_y = 5},/*()*/
    {.bitmap_index = 12371,	.adv_w = 17, .box_h = 17, .box_w = 20, .ofs_x = 0, .ofs_y = 3},/*()*/
    {.bitmap_index = 12456,	.adv_w = 17, .box_h = 17, .box_w = 20, .ofs_x = 0, .ofs_y = 3},/*()*/
    {.bitmap_index = 12541,	.adv_w = 17, .box_h = 17, .box_w = 20, .ofs_x = 0, .ofs_y = 3},/*()*/
    {.bitmap_index = 12626,	.adv_w = 20, .box_h = 16, .box_w = 20, .ofs_x = 0, .ofs_y = 4},/*()*/
    {.bitmap_index = 12706,	.adv_w = 13, .box_h = 16, .box_w = 16, .ofs_x = 0, .ofs_y = 4},/*()*/
    {.bitmap_index = 12770,	.adv_w = 20, .box_h = 17, .box_w = 20, .ofs_x = 1, .ofs_y = 3},/*()*/
    {.bitmap_index = 12855,	.adv_w = 19, .box_h = 16, .box_w = 20, .ofs_x = 0, .ofs_y = 4},/*()*/
    {.bitmap_index = 12935,	.adv_w = 9, .box_h = 14, .box_w = 12, .ofs_x = 0, .ofs_y = 5},/*()*/
    {.bitmap_index = 12977,	.adv_w = 13, .box_h = 14, .box_w = 16, .ofs_x = 0, .ofs_y = 5},/*()*/
    {.bitmap_index = 13033,	.adv_w = 19, .box_h = 16, .box_w = 20, .ofs_x = 0, .ofs_y = 4},/*()*/
    {.bitmap_index = 13113,	.adv_w = 16, .box_h = 16, .box_w = 16, .ofs_x = 0, .ofs_y = 4},/*()*/
    {.bitmap_index = 13177,	.adv_w = 20, .box_h = 16, .box_w = 20, .ofs_x = 0, .ofs_y = 4},/*()*/
    {.bitmap_index = 13257,	.adv_w = 17, .box_h = 17, .box_w = 20, .ofs_x = 0, .ofs_y = 3},/*()*/
    {.bitmap_index = 13342,	.adv_w = 21, .box_h = 17, .box_w = 24, .ofs_x = 0, .ofs_y = 3},/*()*/
    {.bitmap_index = 13444,	.adv_w = 19, .box_h = 17, .box_w = 20, .ofs_x = 0, .ofs_y = 3},/*()*/
    {.bitmap_index = 13529,	.adv_w = 14, .box_h = 17, .box_w = 16, .ofs_x = 0, .ofs_y = 3},/*()*/
    {.bitmap_index = 13597,	.adv_w = 19, .box_h = 17, .box_w = 20, .ofs_x = 0, .ofs_y = 3},/*()*/
    {.bitmap_index = 13682,	.adv_w = 21, .box_h = 18, .box_w = 24, .ofs_x = 0, .ofs_y = 3},/*()*/
    {.bitmap_index = 13790,	.adv_w = 19, .box_h = 17, .box_w = 20, .ofs_x = 0, .ofs_y = 3},/*()*/
    {.bitmap_index = 13875,	.adv_w = 16, .box_h = 17, .box_w = 16, .ofs_x = 0, .ofs_y = 3},/*()*/
    {.bitmap_index = 13943,	.adv_w = 11, .box_h = 17, .box_w = 12, .ofs_x = 0, .ofs_y = 3},/*()*/
    {.bitmap_index = 13994,	.adv_w = 20, .box_h = 17, .box_w = 20, .ofs_x = 0, .ofs_y = 3},/*()*/
    {.bitmap_index = 14079,	.adv_w = 17, .box_h = 19, .box_w = 20, .ofs_x = 0, .ofs_y = 2},/*()*/
    {.bitmap_index = 14174,	.adv_w = 20, .box_h = 16, .box_w = 20, .ofs_x = 0, .ofs_y = 4},/*()*/
    {.bitmap_index = 14254,	.adv_w = 20, .box_h = 16, .box_w = 20, .ofs_x = 0, .ofs_y = 4},/*()*/
    {.bitmap_index = 14334,	.adv_w = 20, .box_h = 16, .box_w = 20, .ofs_x = 0, .ofs_y = 4},/*()*/
    {.bitmap_index = 14414,	.adv_w = 20, .box_h = 16, .box_w = 20, .ofs_x = 0, .ofs_y = 4},/*()*/
    {.bitmap_index = 14494,	.adv_w = 20, .box_h = 16, .box_w = 20, .ofs_x = 0, .ofs_y = 4},/*()*/
    {.bitmap_index = 14574,	.adv_w = 20, .box_h = 16, .box_w = 20, .ofs_x = 0, .ofs_y = 4},/*()*/
    {.bitmap_index = 14654,	.adv_w = 20, .box_h = 16, .box_w = 20, .ofs_x = 0, .ofs_y = 4},/*()*/
    {.bitmap_index = 14734,	.adv_w = 20, .box_h = 14, .box_w = 20, .ofs_x = 0, .ofs_y = 5},/*()*/
    {.bitmap_index = 14804,	.adv_w = 21, .box_h = 17, .box_w = 24, .ofs_x = 0, .ofs_y = 3},/*()*/
    {.bitmap_index = 14906,	.adv_w = 17, .box_h = 16, .box_w = 20, .ofs_x = 0, .ofs_y = 4},/*()*/
    {.bitmap_index = 14986,	.adv_w = 11, .box_h = 17, .box_w = 12, .ofs_x = 0, .ofs_y = 3},/*()*/
    {.bitmap_index = 15037,	.adv_w = 17, .box_h = 17, .box_w = 20, .ofs_x = 0, .ofs_y = 3},/*()*/
    {.bitmap_index = 15122,	.adv_w = 11, .box_h = 16, .box_w = 12, .ofs_x = 0, .ofs_y = 4},/*()*/
    {.bitmap_index = 15170,	.adv_w = 20, .box_h = 16, .box_w = 20, .ofs_x = 0, .ofs_y = 4},/*()*/
    {.bitmap_index = 15250,	.adv_w = 19, .box_h = 17, .box_w = 20, .ofs_x = 0, .ofs_y = 3},/*()*/
    {.bitmap_index = 15335,	.adv_w = 19, .box_h = 16, .box_w = 20, .ofs_x = 0, .ofs_y = 4},/*()*/
    {.bitmap_index = 15415,	.adv_w = 20, .box_h = 20, .box_w = 20, .ofs_x = 0, .ofs_y = 2},/*()*/
    {.bitmap_index = 15515,	.adv_w = 11, .box_h = 18, .box_w = 12, .ofs_x = 0, .ofs_y = 3},/*()*/
    {.bitmap_index = 15569,	.adv_w = 20, .box_h = 18, .box_w = 20, .ofs_x = 0, .ofs_y = 3},/*()*/
    {.bitmap_index = 15659,	.adv_w = 19, .box_h = 18, .box_w = 20, .ofs_x = 1, .ofs_y = 3},/*()*/
    {.bitmap_index = 15749,	.adv_w = 16, .box_h = 18, .box_w = 16, .ofs_x = 0, .ofs_y = 3},/*()*/
    {.bitmap_index = 15821,	.adv_w = 17, .box_h = 17, .box_w = 20, .ofs_x = 0, .ofs_y = 3},/*()*/
    {.bitmap_index = 15906,	.adv_w = 17, .box_h = 17, .box_w = 20, .ofs_x = 0, .ofs_y = 3},/*()*/
    {.bitmap_index = 15991,	.adv_w = 19, .box_h = 18, .box_w = 20, .ofs_x = 0, .ofs_y = 3},/*()*/
    {.bitmap_index = 16081,	.adv_w = 20, .box_h = 18, .box_w = 20, .ofs_x = 0, .ofs_y = 3},/*()*/
    {.bitmap_index = 16171,	.adv_w = 11, .box_h = 18, .box_w = 12, .ofs_x = 0, .ofs_y = 3},/*()*/
    {.bitmap_index = 16225,	.adv_w = 17, .box_h = 14, .box_w = 20, .ofs_x = 0, .ofs_y = 5},/*()*/
    {.bitmap_index = 16295,	.adv_w = 14, .box_h = 18, .box_w = 12, .ofs_x = 2, .ofs_y = 3},/*()*/
    {.bitmap_index = 16349,	.adv_w = 14, .box_h = 18, .box_w = 12, .ofs_x = 1, .ofs_y = 3},/*()*/
    {.bitmap_index = 16403,	.adv_w = 17, .box_h = 17, .box_w = 20, .ofs_x = 0, .ofs_y = 3},/*()*/
    {.bitmap_index = 16488,	.adv_w = 17, .box_h = 17, .box_w = 20, .ofs_x = 0, .ofs_y = 3},/*()*/
    {.bitmap_index = 16573,	.adv_w = 17, .box_h = 17, .box_w = 20, .ofs_x = 0, .ofs_y = 3},/*()*/
    {.bitmap_index = 16658,	.adv_w = 17, .box_h = 17, .box_w = 20, .ofs_x = 0, .ofs_y = 3},/*()*/
    {.bitmap_index = 16743,	.adv_w = 17, .box_h = 17, .box_w = 20, .ofs_x = 0, .ofs_y = 3},/*()*/
    {.bitmap_index = 16828,	.adv_w = 17, .box_h = 17, .box_w = 20, .ofs_x = 0, .ofs_y = 3},/*()*/
    {.bitmap_index = 16913,	.adv_w = 17, .box_h = 17, .box_w = 20, .ofs_x = 0, .ofs_y = 3},/*()*/
    {.bitmap_index = 16998,	.adv_w = 17, .box_h = 17, .box_w = 20, .ofs_x = 0, .ofs_y = 3},/*()*/
    {.bitmap_index = 17083,	.adv_w = 17, .box_h = 17, .box_w = 20, .ofs_x = 0, .ofs_y = 3},/*()*/
    {.bitmap_index = 17168,	.adv_w = 17, .box_h = 17, .box_w = 20, .ofs_x = 0, .ofs_y = 3},/*()*/
    {.bitmap_index = 17253,	.adv_w = 17, .box_h = 17, .box_w = 16, .ofs_x = 1, .ofs_y = 3},/*()*/
    {.bitmap_index = 17321,	.adv_w = 17, .box_h = 17, .box_w = 16, .ofs_x = 0, .ofs_y = 3},/*()*/
    {.bitmap_index = 17389,	.adv_w = 19, .box_h = 16, .box_w = 20, .ofs_x = 1, .ofs_y = 4},/*()*/
    {.bitmap_index = 17469,	.adv_w = 19, .box_h = 17, .box_w = 20, .ofs_x = 1, .ofs_y = 3},/*()*/
    {.bitmap_index = 17554,	.adv_w = 20, .box_h = 17, .box_w = 20, .ofs_x = 0, .ofs_y = 3},/*()*/
    {.bitmap_index = 17639,	.adv_w = 17, .box_h = 17, .box_w = 20, .ofs_x = 0, .ofs_y = 3},/*()*/
    {.bitmap_index = 17724,	.adv_w = 17, .box_h = 17, .box_w = 20, .ofs_x = 0, .ofs_y = 3},/*()*/
    {.bitmap_index = 17809,	.adv_w = 16, .box_h = 16, .box_w = 16, .ofs_x = 0, .ofs_y = 4},/*()*/
    {.bitmap_index = 17873,	.adv_w = 16, .box_h = 4, .box_w = 16, .ofs_x = 0, .ofs_y = 10},/*()*/
    {.bitmap_index = 17889,	.adv_w = 19, .box_h = 17, .box_w = 16, .ofs_x = 1, .ofs_y = 3},/*()*/
    {.bitmap_index = 17957,	.adv_w = 17, .box_h = 17, .box_w = 20, .ofs_x = 0, .ofs_y = 3},/*()*/
    {.bitmap_index = 18042,	.adv_w = 17, .box_h = 15, .box_w = 20, .ofs_x = 0, .ofs_y = 4},/*()*/
    {.bitmap_index = 18117,	.adv_w = 20, .box_h = 16, .box_w = 20, .ofs_x = 0, .ofs_y = 4},/*()*/
    {.bitmap_index = 18197,	.adv_w = 16, .box_h = 20, .box_w = 16, .ofs_x = 0, .ofs_y = 2},/*()*/
    {.bitmap_index = 18277,	.adv_w = 20, .box_h = 13, .box_w = 20, .ofs_x = 0, .ofs_y = 5},/*()*/
    {.bitmap_index = 18342,	.adv_w = 20, .box_h = 15, .box_w = 20, .ofs_x = 0, .ofs_y = 4},/*()*/
    {.bitmap_index = 18417,	.adv_w = 20, .box_h = 18, .box_w = 20, .ofs_x = 0, .ofs_y = 3},/*()*/
    {.bitmap_index = 18507,	.adv_w = 16, .box_h = 16, .box_w = 16, .ofs_x = 0, .ofs_y = 4},/*()*/
    {.bitmap_index = 18571,	.adv_w = 19, .box_h = 20, .box_w = 20, .ofs_x = 0, .ofs_y = 2},/*()*/
    {.bitmap_index = 18671,	.adv_w = 20, .box_h = 18, .box_w = 20, .ofs_x = 0, .ofs_y = 3},/*()*/
    {.bitmap_index = 18761,	.adv_w = 20, .box_h = 17, .box_w = 20, .ofs_x = 0, .ofs_y = 3},/*()*/
    {.bitmap_index = 18846,	.adv_w = 17, .box_h = 17, .box_w = 20, .ofs_x = 0, .ofs_y = 3},/*()*/
    {.bitmap_index = 18931,	.adv_w = 20, .box_h = 12, .box_w = 20, .ofs_x = 1, .ofs_y = 6},/*()*/
    {.bitmap_index = 18991,	.adv_w = 20, .box_h = 11, .box_w = 20, .ofs_x = 1, .ofs_y = 6},/*()*/
    {.bitmap_index = 19046,	.adv_w = 21, .box_h = 13, .box_w = 24, .ofs_x = 0, .ofs_y = 5},/*()*/
    {.bitmap_index = 19124,	.adv_w = 19, .box_h = 15, .box_w = 20, .ofs_x = 0, .ofs_y = 4},/*()*/
    {.bitmap_index = 19199,	.adv_w = 19, .box_h = 16, .box_w = 20, .ofs_x = 0, .ofs_y = 4},/*()*/
    {.bitmap_index = 19279,	.adv_w = 21, .box_h = 16, .box_w = 24, .ofs_x = 0, .ofs_y = 4},/*()*/
    {.bitmap_index = 19375,	.adv_w = 9, .box_h = 20, .box_w = 8, .ofs_x = 1, .ofs_y = 2},/*()*/
    {.bitmap_index = 19415,	.adv_w = 20, .box_h = 7, .box_w = 20, .ofs_x = 0, .ofs_y = 8},/*()*/
    {.bitmap_index = 19450,	.adv_w = 23, .box_h = 17, .box_w = 24, .ofs_x = 0, .ofs_y = 3},/*()*/
    {.bitmap_index = 19552,	.adv_w = 17, .box_h = 17, .box_w = 20, .ofs_x = 0, .ofs_y = 3},/*()*/
    {.bitmap_index = 19637,	.adv_w = 17, .box_h = 17, .box_w = 20, .ofs_x = 0, .ofs_y = 3},/*()*/
    {.bitmap_index = 19722,	.adv_w = 20, .box_h = 17, .box_w = 20, .ofs_x = 0, .ofs_y = 3},/*()*/
    {.bitmap_index = 19807,	.adv_w = 20, .box_h = 18, .box_w = 20, .ofs_x = 0, .ofs_y = 3},/*()*/
    {.bitmap_index = 19897,	.adv_w = 21, .box_h = 20, .box_w = 24, .ofs_x = 0, .ofs_y = 2},/*()*/
    {.bitmap_index = 20017,	.adv_w = 20, .box_h = 15, .box_w = 20, .ofs_x = 0, .ofs_y = 4},/*()*/
    {.bitmap_index = 20092,	.adv_w = 17, .box_h = 18, .box_w = 20, .ofs_x = 0, .ofs_y = 3},/*()*/
    {.bitmap_index = 20182,	.adv_w = 17, .box_h = 19, .box_w = 20, .ofs_x = 0, .ofs_y = 2},/*()*/
    {.bitmap_index = 20277,	.adv_w = 10, .box_h = 18, .box_w = 12, .ofs_x = 0, .ofs_y = 3},/*()*/
    {.bitmap_index = 20331,	.adv_w = 20, .box_h = 17, .box_w = 20, .ofs_x = 0, .ofs_y = 3},/*()*/
    {.bitmap_index = 20416,	.adv_w = 19, .box_h = 14, .box_w = 20, .ofs_x = 0, .ofs_y = 5},/*()*/
    {.bitmap_index = 20486,	.adv_w = 17, .box_h = 17, .box_w = 20, .ofs_x = 0, .ofs_y = 3},/*()*/
    {.bitmap_index = 20571,	.adv_w = 13, .box_h = 19, .box_w = 16, .ofs_x = 0, .ofs_y = 2},/*()*/
    {.bitmap_index = 20647,	.adv_w = 20, .box_h = 17, .box_w = 20, .ofs_x = 0, .ofs_y = 3},/*()*/
    {.bitmap_index = 20732,	.adv_w = 17, .box_h = 14, .box_w = 20, .ofs_x = 0, .ofs_y = 5},/*()*/
    {.bitmap_index = 20802,	.adv_w = 19, .box_h = 17, .box_w = 20, .ofs_x = 0, .ofs_y = 3},/*()*/
    {.bitmap_index = 20887,	.adv_w = 17, .box_h = 17, .box_w = 20, .ofs_x = 0, .ofs_y = 3},/*()*/
    {.bitmap_index = 20972,	.adv_w = 19, .box_h = 17, .box_w = 20, .ofs_x = 0, .ofs_y = 3},/*()*/
    {.bitmap_index = 21057,	.adv_w = 17, .box_h = 17, .box_w = 20, .ofs_x = 0, .ofs_y = 3},/*()*/
    {.bitmap_index = 21142,	.adv_w = 16, .box_h = 16, .box_w = 16, .ofs_x = 0, .ofs_y = 4},/*()*/
    {.bitmap_index = 21206,	.adv_w = 16, .box_h = 16, .box_w = 16, .ofs_x = 0, .ofs_y = 4},/*()*/
    {.bitmap_index = 21270,	.adv_w = 14, .box_h = 17, .box_w = 16, .ofs_x = 0, .ofs_y = 3},/*()*/
    {.bitmap_index = 21338,	.adv_w = 17, .box_h = 17, .box_w = 20, .ofs_x = 0, .ofs_y = 3},/*()*/
    {.bitmap_index = 21423,	.adv_w = 19, .box_h = 14, .box_w = 20, .ofs_x = 0, .ofs_y = 5},/*()*/
    {.bitmap_index = 21493,	.adv_w = 11, .box_h = 18, .box_w = 12, .ofs_x = 1, .ofs_y = 3},/*()*/
    {.bitmap_index = 21547,	.adv_w = 17, .box_h = 17, .box_w = 20, .ofs_x = 0, .ofs_y = 3},/*()*/
    {.bitmap_index = 21632,	.adv_w = 19, .box_h = 16, .box_w = 20, .ofs_x = 0, .ofs_y = 4},/*()*/
    {.bitmap_index = 21712,	.adv_w = 21, .box_h = 17, .box_w = 24, .ofs_x = 0, .ofs_y = 3},/*()*/
    {.bitmap_index = 21814,	.adv_w = 16, .box_h = 16, .box_w = 16, .ofs_x = 0, .ofs_y = 4},/*()*/
    {.bitmap_index = 21878,	.adv_w = 17, .box_h = 14, .box_w = 20, .ofs_x = 0, .ofs_y = 5},/*()*/
    {.bitmap_index = 21948,	.adv_w = 20, .box_h = 18, .box_w = 20, .ofs_x = 0, .ofs_y = 3},/*()*/
    {.bitmap_index = 22038,	.adv_w = 20, .box_h = 20, .box_w = 20, .ofs_x = 1, .ofs_y = 2},/*()*/
    {.bitmap_index = 22138,	.adv_w = 17, .box_h = 18, .box_w = 20, .ofs_x = 0, .ofs_y = 3},/*()*/
    {.bitmap_index = 22228,	.adv_w = 20, .box_h = 17, .box_w = 20, .ofs_x = 0, .ofs_y = 3},/*()*/
    {.bitmap_index = 22313,	.adv_w = 20, .box_h = 17, .box_w = 20, .ofs_x = 0, .ofs_y = 3},/*()*/
    {.bitmap_index = 22398,	.adv_w = 17, .box_h = 20, .box_w = 20, .ofs_x = 0, .ofs_y = 2},/*()*/
    {.bitmap_index = 22498,	.adv_w = 17, .box_h = 20, .box_w = 20, .ofs_x = 0, .ofs_y = 2},/*()*/
    {.bitmap_index = 22598,	.adv_w = 17, .box_h = 17, .box_w = 20, .ofs_x = 0, .ofs_y = 3},/*()*/
    {.bitmap_index = 22683,	.adv_w = 17, .box_h = 17, .box_w = 20, .ofs_x = 0, .ofs_y = 3},/*()*/
    {.bitmap_index = 22768,	.adv_w = 17, .box_h = 17, .box_w = 20, .ofs_x = 0, .ofs_y = 3},/*()*/
    {.bitmap_index = 22853,	.adv_w = 17, .box_h = 17, .box_w = 20, .ofs_x = 0, .ofs_y = 3},/*()*/
    {.bitmap_index = 22938,	.adv_w = 17, .box_h = 17, .box_w = 20, .ofs_x = 0, .ofs_y = 3},/*()*/
    {.bitmap_index = 23023,	.adv_w = 19, .box_h = 19, .box_w = 20, .ofs_x = 0, .ofs_y = 2},/*()*/
    {.bitmap_index = 23118,	.adv_w = 20, .box_h = 16, .box_w = 20, .ofs_x = 0, .ofs_y = 4},/*()*/
    {.bitmap_index = 23198,	.adv_w = 16, .box_h = 15, .box_w = 16, .ofs_x = 0, .ofs_y = 4},/*()*/
    {.bitmap_index = 23258,	.adv_w = 20, .box_h = 17, .box_w = 20, .ofs_x = 0, .ofs_y = 3},/*()*/
    {.bitmap_index = 23343,	.adv_w = 17, .box_h = 17, .box_w = 20, .ofs_x = 0, .ofs_y = 3},/*()*/
    {.bitmap_index = 23428,	.adv_w = 21, .box_h = 20, .box_w = 24, .ofs_x = 0, .ofs_y = 2},/*()*/
    {.bitmap_index = 23548,	.adv_w = 19, .box_h = 18, .box_w = 20, .ofs_x = 0, .ofs_y = 3},/*()*/
    {.bitmap_index = 23638,	.adv_w = 21, .box_h = 16, .box_w = 24, .ofs_x = 0, .ofs_y = 4},/*()*/
    {.bitmap_index = 23734,	.adv_w = 19, .box_h = 17, .box_w = 20, .ofs_x = 1, .ofs_y = 3},/*()*/
    {.bitmap_index = 23819,	.adv_w = 20, .box_h = 15, .box_w = 20, .ofs_x = 0, .ofs_y = 4},/*()*/
    {.bitmap_index = 23894,	.adv_w = 20, .box_h = 20, .box_w = 20, .ofs_x = 0, .ofs_y = 2},/*()*/
    {.bitmap_index = 23994,	.adv_w = 16, .box_h = 17, .box_w = 16, .ofs_x = 0, .ofs_y = 3},/*()*/
    {.bitmap_index = 24062,	.adv_w = 17, .box_h = 17, .box_w = 20, .ofs_x = 0, .ofs_y = 3},/*()*/
    {.bitmap_index = 24147,	.adv_w = 17, .box_h = 17, .box_w = 20, .ofs_x = 0, .ofs_y = 3},/*()*/
    {.bitmap_index = 24232,	.adv_w = 17, .box_h = 14, .box_w = 20, .ofs_x = 0, .ofs_y = 5},/*()*/
    {.bitmap_index = 24302,	.adv_w = 20, .box_h = 16, .box_w = 20, .ofs_x = 0, .ofs_y = 4},/*()*/
    {.bitmap_index = 24382,	.adv_w = 20, .box_h = 20, .box_w = 20, .ofs_x = 0, .ofs_y = 2},/*()*/
    {.bitmap_index = 24482,	.adv_w = 20, .box_h = 17, .box_w = 20, .ofs_x = 0, .ofs_y = 3},/*()*/
    {.bitmap_index = 24567,	.adv_w = 17, .box_h = 17, .box_w = 20, .ofs_x = 0, .ofs_y = 3},/*()*/
    {.bitmap_index = 24652,	.adv_w = 19, .box_h = 16, .box_w = 20, .ofs_x = 0, .ofs_y = 4},/*()*/
    {.bitmap_index = 24732,	.adv_w = 19, .box_h = 18, .box_w = 20, .ofs_x = 0, .ofs_y = 3},/*()*/
    {.bitmap_index = 24822,	.adv_w = 20, .box_h = 15, .box_w = 20, .ofs_x = 1, .ofs_y = 4},/*()*/
    {.bitmap_index = 24897,	.adv_w = 17, .box_h = 17, .box_w = 20, .ofs_x = 0, .ofs_y = 3},/*()*/
    {.bitmap_index = 24982,	.adv_w = 17, .box_h = 17, .box_w = 20, .ofs_x = 0, .ofs_y = 3},/*()*/
    {.bitmap_index = 25067,	.adv_w = 17, .box_h = 17, .box_w = 20, .ofs_x = 0, .ofs_y = 3},/*()*/
    {.bitmap_index = 25152,	.adv_w = 26, .box_h = 16, .box_w = 28, .ofs_x = 0, .ofs_y = 4},/*()*/
    {.bitmap_index = 25264,	.adv_w = 21, .box_h = 14, .box_w = 24, .ofs_x = 0, .ofs_y = 5},/*()*/
    {.bitmap_index = 25348,	.adv_w = 11, .box_h = 6, .box_w = 12, .ofs_x = 0, .ofs_y = 9},/*()*/
    {.bitmap_index = 25366,	.adv_w = 11, .box_h = 6, .box_w = 12, .ofs_x = 0, .ofs_y = 9},/*()*/
    {.bitmap_index = 25384,	.adv_w = 7, .box_h = 12, .box_w = 8, .ofs_x = 1, .ofs_y = 6},/*()*/
    {.bitmap_index = 25408,	.adv_w = 7, .box_h = 12, .box_w = 8, .ofs_x = 0, .ofs_y = 6},/*()*/
    {.bitmap_index = 25432,	.adv_w = 19, .box_h = 17, .box_w = 20, .ofs_x = 0, .ofs_y = 3},/*()*/
    {.bitmap_index = 25517,	.adv_w = 11, .box_h = 16, .box_w = 12, .ofs_x = 0, .ofs_y = 4},/*()*/
    {.bitmap_index = 25565,	.adv_w = 11, .box_h = 7, .box_w = 12, .ofs_x = 0, .ofs_y = 8},/*()*/
    {.bitmap_index = 25586,	.adv_w = 11, .box_h = 6, .box_w = 12, .ofs_x = 0, .ofs_y = 9},/*()*/
    {.bitmap_index = 25604,	.adv_w = 20, .box_h = 15, .box_w = 20, .ofs_x = 0, .ofs_y = 4},/*()*/
    {.bitmap_index = 25679,	.adv_w = 17, .box_h = 16, .box_w = 20, .ofs_x = 0, .ofs_y = 4},/*()*/
    {.bitmap_index = 25759,	.adv_w = 17, .box_h = 17, .box_w = 20, .ofs_x = 0, .ofs_y = 3},/*()*/
    {.bitmap_index = 25844,	.adv_w = 20, .box_h = 20, .box_w = 20, .ofs_x = 0, .ofs_y = 2},/*()*/
    {.bitmap_index = 25944,	.adv_w = 20, .box_h = 15, .box_w = 20, .ofs_x = 0, .ofs_y = 4},/*()*/
    {.bitmap_index = 26019,	.adv_w = 20, .box_h = 17, .box_w = 20, .ofs_x = 0, .ofs_y = 3},/*()*/
    {.bitmap_index = 26104,	.adv_w = 20, .box_h = 15, .box_w = 20, .ofs_x = 0, .ofs_y = 4},/*()*/
    {.bitmap_index = 26179,	.adv_w = 10, .box_h = 19, .box_w = 12, .ofs_x = 0, .ofs_y = 2},/*()*/
    {.bitmap_index = 26236,	.adv_w = 20, .box_h = 17, .box_w = 20, .ofs_x = 0, .ofs_y = 3},/*()*/
    {.bitmap_index = 26321,	.adv_w = 19, .box_h = 17, .box_w = 20, .ofs_x = 0, .ofs_y = 3},/*()*/
    {.bitmap_index = 26406,	.adv_w = 20, .box_h = 20, .box_w = 20, .ofs_x = 0, .ofs_y = 2},/*()*/
    {.bitmap_index = 26506,	.adv_w = 11, .box_h = 17, .box_w = 12, .ofs_x = 0, .ofs_y = 3},/*()*/
    {.bitmap_index = 26557,	.adv_w = 20, .box_h = 15, .box_w = 20, .ofs_x = 0, .ofs_y = 4},/*()*/
    {.bitmap_index = 26632,	.adv_w = 21, .box_h = 16, .box_w = 24, .ofs_x = 0, .ofs_y = 4},/*()*/
    {.bitmap_index = 26728,	.adv_w = 21, .box_h = 16, .box_w = 24, .ofs_x = 0, .ofs_y = 4},/*()*/
    {.bitmap_index = 26824,	.adv_w = 16, .box_h = 17, .box_w = 16, .ofs_x = 0, .ofs_y = 3},/*()*/
    {.bitmap_index = 26892,	.adv_w = 16, .box_h = 17, .box_w = 16, .ofs_x = 0, .ofs_y = 3},/*()*/
    {.bitmap_index = 26960,	.adv_w = 20, .box_h = 17, .box_w = 20, .ofs_x = 0, .ofs_y = 3},/*()*/
    {.bitmap_index = 27045,	.adv_w = 20, .box_h = 20, .box_w = 20, .ofs_x = 1, .ofs_y = 2},/*()*/
    {.bitmap_index = 27145,	.adv_w = 21, .box_h = 15, .box_w = 24, .ofs_x = 0, .ofs_y = 4},/*()*/
    {.bitmap_index = 27235,	.adv_w = 16, .box_h = 20, .box_w = 16, .ofs_x = 0, .ofs_y = 2},/*()*/
    {.bitmap_index = 27315,	.adv_w = 17, .box_h = 20, .box_w = 20, .ofs_x = 0, .ofs_y = 2},/*()*/
    {.bitmap_index = 27415,	.adv_w = 16, .box_h = 20, .box_w = 16, .ofs_x = 0, .ofs_y = 2},/*()*/
    {.bitmap_index = 27495,	.adv_w = 16, .box_h = 20, .box_w = 16, .ofs_x = 0, .ofs_y = 2},/*()*/
    {.bitmap_index = 27575,	.adv_w = 21, .box_h = 17, .box_w = 20, .ofs_x = 1, .ofs_y = 3},/*()*/
    {.bitmap_index = 27660,	.adv_w = 20, .box_h = 17, .box_w = 20, .ofs_x = 0, .ofs_y = 3},/*()*/
    {.bitmap_index = 27745,	.adv_w = 21, .box_h = 13, .box_w = 24, .ofs_x = 0, .ofs_y = 5},/*()*/
    {.bitmap_index = 27823,	.adv_w = 19, .box_h = 16, .box_w = 20, .ofs_x = 1, .ofs_y = 4},/*()*/
    {.bitmap_index = 27903,	.adv_w = 17, .box_h = 17, .box_w = 20, .ofs_x = 0, .ofs_y = 3},/*()*/
    {.bitmap_index = 27988,	.adv_w = 17, .box_h = 17, .box_w = 20, .ofs_x = 0, .ofs_y = 3},/*()*/
    {.bitmap_index = 28073,	.adv_w = 11, .box_h = 11, .box_w = 12, .ofs_x = 0, .ofs_y = 6},/*()*/
    {.bitmap_index = 28106,	.adv_w = 11, .box_h = 11, .box_w = 12, .ofs_x = 0, .ofs_y = 6},/*()*/
    {.bitmap_index = 28139,	.adv_w = 13, .box_h = 10, .box_w = 12, .ofs_x = 1, .ofs_y = 7},/*()*/
    {.bitmap_index = 28169,	.adv_w = 13, .box_h = 11, .box_w = 12, .ofs_x = 1, .ofs_y = 6},/*()*/
    {.bitmap_index = 28202,	.adv_w = 7, .box_h = 11, .box_w = 8, .ofs_x = 0, .ofs_y = 6},/*()*/
    {.bitmap_index = 28224,	.adv_w = 7, .box_h = 11, .box_w = 8, .ofs_x = 0, .ofs_y = 6},/*()*/
    {.bitmap_index = 28246,	.adv_w = 13, .box_h = 7, .box_w = 12, .ofs_x = 1, .ofs_y = 8},/*()*/
    {.bitmap_index = 28267,	.adv_w = 13, .box_h = 7, .box_w = 12, .ofs_x = 1, .ofs_y = 8},/*()*/
    {.bitmap_index = 28288,	.adv_w = 21, .box_h = 18, .box_w = 24, .ofs_x = 0, .ofs_y = 3},/*()*/
    {.bitmap_index = 28396,	.adv_w = 21, .box_h = 14, .box_w = 24, .ofs_x = 0, .ofs_y = 5},/*()*/
    {.bitmap_index = 28480,	.adv_w = 13, .box_h = 16, .box_w = 16, .ofs_x = 0, .ofs_y = 4},/*()*/
    {.bitmap_index = 28544,	.adv_w = 9, .box_h = 14, .box_w = 12, .ofs_x = 0, .ofs_y = 5},/*()*/
    {.bitmap_index = 28586,	.adv_w = 17, .box_h = 17, .box_w = 20, .ofs_x = 0, .ofs_y = 3},/*()*/
    {.bitmap_index = 28671,	.adv_w = 19, .box_h = 16, .box_w = 20, .ofs_x = 0, .ofs_y = 4},/*()*/
    {.bitmap_index = 28751,	.adv_w = 19, .box_h = 16, .box_w = 20, .ofs_x = 0, .ofs_y = 4},/*()*/
    {.bitmap_index = 28831,	.adv_w = 20, .box_h = 19, .box_w = 20, .ofs_x = 1, .ofs_y = 2},/*()*/
    {.bitmap_index = 28926,	.adv_w = 17, .box_h = 17, .box_w = 20, .ofs_x = 0, .ofs_y = 3},/*()*/
    {.bitmap_index = 29011,	.adv_w = 20, .box_h = 17, .box_w = 20, .ofs_x = 0, .ofs_y = 3},/*()*/
    {.bitmap_index = 29096,	.adv_w = 19, .box_h = 15, .box_w = 20, .ofs_x = 0, .ofs_y = 4},/*()*/
    {.bitmap_index = 29171,	.adv_w = 19, .box_h = 16, .box_w = 20, .ofs_x = 0, .ofs_y = 4},/*()*/
    {.bitmap_index = 29251,	.adv_w = 21, .box_h = 16, .box_w = 24, .ofs_x = 0, .ofs_y = 4},/*()*/
    {.bitmap_index = 29347,	.adv_w = 17, .box_h = 17, .box_w = 20, .ofs_x = 0, .ofs_y = 3},/*()*/
    {.bitmap_index = 29432,	.adv_w = 17, .box_h = 17, .box_w = 20, .ofs_x = 0, .ofs_y = 3},/*()*/
    {.bitmap_index = 29517,	.adv_w = 17, .box_h = 17, .box_w = 20, .ofs_x = 0, .ofs_y = 3},/*()*/
    {.bitmap_index = 29602,	.adv_w = 21, .box_h = 11, .box_w = 24, .ofs_x = 0, .ofs_y = 6},/*()*/
    {.bitmap_index = 29668,	.adv_w = 21, .box_h = 13, .box_w = 24, .ofs_x = 0, .ofs_y = 5},/*()*/
    {.bitmap_index = 29746,	.adv_w = 20, .box_h = 17, .box_w = 20, .ofs_x = 1, .ofs_y = 3},/*()*/
    {.bitmap_index = 29831,	.adv_w = 20, .box_h = 17, .box_w = 20, .ofs_x = 1, .ofs_y = 3},/*()*/
    {.bitmap_index = 29916,	.adv_w = 19, .box_h = 12, .box_w = 20, .ofs_x = 0, .ofs_y = 6},/*()*/
    {.bitmap_index = 29976,	.adv_w = 21, .box_h = 15, .box_w = 24, .ofs_x = 0, .ofs_y = 4},/*()*/
    {.bitmap_index = 30066,	.adv_w = 20, .box_h = 18, .box_w = 20, .ofs_x = 0, .ofs_y = 3},/*()*/
    {.bitmap_index = 30156,	.adv_w = 19, .box_h = 18, .box_w = 20, .ofs_x = 0, .ofs_y = 3},/*()*/
    {.bitmap_index = 30246,	.adv_w = 16, .box_h = 15, .box_w = 16, .ofs_x = 0, .ofs_y = 4},/*()*/
    {.bitmap_index = 30306,	.adv_w = 19, .box_h = 19, .box_w = 20, .ofs_x = 0, .ofs_y = 2},/*()*/
    {.bitmap_index = 30401,	.adv_w = 11, .box_h = 17, .box_w = 12, .ofs_x = 0, .ofs_y = 3},/*()*/
    {.bitmap_index = 30452,	.adv_w = 19, .box_h = 18, .box_w = 20, .ofs_x = 0, .ofs_y = 3},/*()*/
    {.bitmap_index = 30542,	.adv_w = 11, .box_h = 14, .box_w = 12, .ofs_x = 1, .ofs_y = 5},/*()*/
    {.bitmap_index = 30584,	.adv_w = 7, .box_h = 16, .box_w = 8, .ofs_x = 0, .ofs_y = 4},/*()*/
    {.bitmap_index = 30616,	.adv_w = 7, .box_h = 16, .box_w = 8, .ofs_x = 1, .ofs_y = 4},/*()*/
    {.bitmap_index = 30648,	.adv_w = 17, .box_h = 15, .box_w = 20, .ofs_x = 0, .ofs_y = 4},/*()*/
    {.bitmap_index = 30723,	.adv_w = 17, .box_h = 13, .box_w = 20, .ofs_x = 0, .ofs_y = 5},/*()*/
    {.bitmap_index = 30788,	.adv_w = 21, .box_h = 14, .box_w = 24, .ofs_x = 0, .ofs_y = 5},/*()*/
    {.bitmap_index = 30872,	.adv_w = 19, .box_h = 17, .box_w = 20, .ofs_x = 0, .ofs_y = 3},/*()*/
    {.bitmap_index = 30957,	.adv_w = 13, .box_h = 18, .box_w = 16, .ofs_x = 0, .ofs_y = 3},/*()*/
    {.bitmap_index = 31029,	.adv_w = 16, .box_h = 18, .box_w = 16, .ofs_x = 0, .ofs_y = 3},/*()*/
    {.bitmap_index = 31101,	.adv_w = 14, .box_h = 17, .box_w = 16, .ofs_x = 0, .ofs_y = 3},/*()*/
    {.bitmap_index = 31169,	.adv_w = 19, .box_h = 20, .box_w = 20, .ofs_x = 0, .ofs_y = 2},/*()*/
    {.bitmap_index = 31269,	.adv_w = 16, .box_h = 18, .box_w = 16, .ofs_x = 0, .ofs_y = 3},/*()*/
    {.bitmap_index = 31341,	.adv_w = 19, .box_h = 19, .box_w = 20, .ofs_x = 0, .ofs_y = 2},/*()*/
    {.bitmap_index = 31436,	.adv_w = 20, .box_h = 14, .box_w = 20, .ofs_x = 0, .ofs_y = 5},/*()*/
    {.bitmap_index = 31506,	.adv_w = 17, .box_h = 17, .box_w = 20, .ofs_x = 0, .ofs_y = 3},/*()*/
    {.bitmap_index = 31591,	.adv_w = 17, .box_h = 17, .box_w = 20, .ofs_x = 0, .ofs_y = 3},/*()*/
    {.bitmap_index = 31676,	.adv_w = 17, .box_h = 17, .box_w = 20, .ofs_x = 0, .ofs_y = 3},/*()*/
    {.bitmap_index = 31761,	.adv_w = 17, .box_h = 17, .box_w = 20, .ofs_x = 0, .ofs_y = 3},/*()*/
    {.bitmap_index = 31846,	.adv_w = 16, .box_h = 18, .box_w = 16, .ofs_x = 0, .ofs_y = 3},/*()*/
    {.bitmap_index = 31918,	.adv_w = 20, .box_h = 18, .box_w = 20, .ofs_x = 0, .ofs_y = 3},/*()*/
    {.bitmap_index = 32008,	.adv_w = 20, .box_h = 20, .box_w = 20, .ofs_x = 0, .ofs_y = 2},/*()*/
    {.bitmap_index = 32108,	.adv_w = 13, .box_h = 17, .box_w = 16, .ofs_x = 0, .ofs_y = 3},/*()*/
    {.bitmap_index = 32176,	.adv_w = 17, .box_h = 17, .box_w = 20, .ofs_x = 0, .ofs_y = 3},/*()*/
    {.bitmap_index = 32261,	.adv_w = 16, .box_h = 4, .box_w = 16, .ofs_x = 0, .ofs_y = 10},/*()*/
    {.bitmap_index = 32277,	.adv_w = 4, .box_h = 16, .box_w = 4, .ofs_x = 0, .ofs_y = 4},/*()*/
    {.bitmap_index = 32293,	.adv_w = 17, .box_h = 17, .box_w = 20, .ofs_x = 0, .ofs_y = 3},/*()*/
    {.bitmap_index = 32378,	.adv_w = 17, .box_h = 17, .box_w = 20, .ofs_x = 0, .ofs_y = 3},/*()*/
    {.bitmap_index = 32463,	.adv_w = 20, .box_h = 19, .box_w = 20, .ofs_x = 1, .ofs_y = 2},/*()*/
    {.bitmap_index = 32558,	.adv_w = 17, .box_h = 17, .box_w = 20, .ofs_x = 0, .ofs_y = 3},/*()*/
    {.bitmap_index = 32643,	.adv_w = 16, .box_h = 16, .box_w = 16, .ofs_x = 0, .ofs_y = 4},/*()*/
    {.bitmap_index = 32707,	.adv_w = 11, .box_h = 16, .box_w = 12, .ofs_x = 0, .ofs_y = 4},/*()*/
    {.bitmap_index = 32755,	.adv_w = 11, .box_h = 15, .box_w = 12, .ofs_x = 0, .ofs_y = 4},/*()*/
    {.bitmap_index = 32800,	.adv_w = 17, .box_h = 17, .box_w = 20, .ofs_x = 0, .ofs_y = 3},/*()*/
    {.bitmap_index = 32885,	.adv_w = 17, .box_h = 17, .box_w = 20, .ofs_x = 0, .ofs_y = 3},/*()*/
    {.bitmap_index = 32970,	.adv_w = 17, .box_h = 17, .box_w = 20, .ofs_x = 0, .ofs_y = 3},/*()*/
    {.bitmap_index = 33055,	.adv_w = 17, .box_h = 17, .box_w = 20, .ofs_x = 0, .ofs_y = 3},/*()*/
    {.bitmap_index = 33140,	.adv_w = 17, .box_h = 17, .box_w = 20, .ofs_x = 0, .ofs_y = 3},/*()*/
    {.bitmap_index = 33225,	.adv_w = 17, .box_h = 17, .box_w = 20, .ofs_x = 0, .ofs_y = 3},/*()*/
    {.bitmap_index = 33310,	.adv_w = 17, .box_h = 17, .box_w = 20, .ofs_x = 0, .ofs_y = 3},/*()*/
    {.bitmap_index = 33395,	.adv_w = 17, .box_h = 17, .box_w = 20, .ofs_x = 0, .ofs_y = 3},/*()*/
    {.bitmap_index = 33480,	.adv_w = 11, .box_h = 16, .box_w = 12, .ofs_x = 0, .ofs_y = 4},/*()*/
    {.bitmap_index = 33528,	.adv_w = 11, .box_h = 16, .box_w = 12, .ofs_x = 0, .ofs_y = 4},/*()*/
    {.bitmap_index = 33576,	.adv_w = 11, .box_h = 20, .box_w = 12, .ofs_x = 0, .ofs_y = 2},/*()*/
    {.bitmap_index = 33636,	.adv_w = 10, .box_h = 16, .box_w = 12, .ofs_x = 0, .ofs_y = 4},/*()*/
    {.bitmap_index = 33684,	.adv_w = 11, .box_h = 16, .box_w = 12, .ofs_x = 0, .ofs_y = 4},/*()*/
    {.bitmap_index = 33732,	.adv_w = 14, .box_h = 16, .box_w = 16, .ofs_x = 0, .ofs_y = 4},/*()*/
    {.bitmap_index = 33796,	.adv_w = 20, .box_h = 16, .box_w = 20, .ofs_x = 0, .ofs_y = 4},/*()*/
    {.bitmap_index = 33876,	.adv_w = 14, .box_h = 19, .box_w = 16, .ofs_x = 1, .ofs_y = 2},/*()*/
    {.bitmap_index = 33952,	.adv_w = 17, .box_h = 20, .box_w = 20, .ofs_x = 0, .ofs_y = 2},/*()*/
    {.bitmap_index = 34052,	.adv_w = 17, .box_h = 20, .box_w = 20, .ofs_x = 0, .ofs_y = 2},/*()*/
    {.bitmap_index = 34152,	.adv_w = 19, .box_h = 20, .box_w = 20, .ofs_x = 0, .ofs_y = 2},/*()*/
    {.bitmap_index = 34252,	.adv_w = 19, .box_h = 20, .box_w = 20, .ofs_x = 0, .ofs_y = 2},/*()*/
    {.bitmap_index = 34352,	.adv_w = 20, .box_h = 20, .box_w = 20, .ofs_x = 0, .ofs_y = 2},/*()*/
    {.bitmap_index = 34452,	.adv_w = 20, .box_h = 20, .box_w = 20, .ofs_x = 0, .ofs_y = 2},/*()*/
    {.bitmap_index = 34552,	.adv_w = 17, .box_h = 20, .box_w = 20, .ofs_x = 0, .ofs_y = 2},/*()*/
    {.bitmap_index = 34652,	.adv_w = 17, .box_h = 20, .box_w = 20, .ofs_x = 0, .ofs_y = 2},/*()*/
    {.bitmap_index = 34752,	.adv_w = 19, .box_h = 17, .box_w = 20, .ofs_x = 0, .ofs_y = 3},/*()*/
    {.bitmap_index = 34837,	.adv_w = 19, .box_h = 17, .box_w = 20, .ofs_x = 0, .ofs_y = 3},/*()*/
    {.bitmap_index = 34922,	.adv_w = 17, .box_h = 17, .box_w = 20, .ofs_x = 0, .ofs_y = 3},/*()*/
    {.bitmap_index = 35007,	.adv_w = 17, .box_h = 20, .box_w = 20, .ofs_x = 0, .ofs_y = 2},/*()*/
    {.bitmap_index = 35107,	.adv_w = 16, .box_h = 18, .box_w = 16, .ofs_x = 0, .ofs_y = 3},/*()*/
    {.bitmap_index = 35179,	.adv_w = 17, .box_h = 17, .box_w = 20, .ofs_x = 0, .ofs_y = 3},/*()*/
    {.bitmap_index = 35264,	.adv_w = 20, .box_h = 14, .box_w = 20, .ofs_x = 0, .ofs_y = 5},/*()*/
    {.bitmap_index = 35334,	.adv_w = 20, .box_h = 17, .box_w = 20, .ofs_x = 1, .ofs_y = 3},/*()*/
    {.bitmap_index = 35419,	.adv_w = 17, .box_h = 20, .box_w = 20, .ofs_x = 0, .ofs_y = 2},/*()*/
    {.bitmap_index = 35519,	.adv_w = 17, .box_h = 17, .box_w = 20, .ofs_x = 0, .ofs_y = 3},/*()*/
    {.bitmap_index = 35604,	.adv_w = 17, .box_h = 17, .box_w = 20, .ofs_x = 0, .ofs_y = 3},/*()*/
    {.bitmap_index = 35689,	.adv_w = 17, .box_h = 17, .box_w = 20, .ofs_x = 0, .ofs_y = 3},/*()*/
    {.bitmap_index = 35774,	.adv_w = 16, .box_h = 19, .box_w = 16, .ofs_x = 0, .ofs_y = 2},/*()*/
    {.bitmap_index = 35850,	.adv_w = 17, .box_h = 17, .box_w = 20, .ofs_x = 0, .ofs_y = 3},/*()*/
    {.bitmap_index = 35935,	.adv_w = 11, .box_h = 18, .box_w = 12, .ofs_x = 1, .ofs_y = 3},/*()*/
    {.bitmap_index = 35989,	.adv_w = 17, .box_h = 17, .box_w = 20, .ofs_x = 0, .ofs_y = 3},/*()*/
    {.bitmap_index = 36074,	.adv_w = 9, .box_h = 19, .box_w = 12, .ofs_x = 0, .ofs_y = 2},/*()*/
    {.bitmap_index = 36131,	.adv_w = 9, .box_h = 19, .box_w = 12, .ofs_x = 0, .ofs_y = 2},/*()*/
    {.bitmap_index = 36188,	.adv_w = 20, .box_h = 8, .box_w = 20, .ofs_x = 1, .ofs_y = 8},/*()*/
    {.bitmap_index = 36228,	.adv_w = 20, .box_h = 8, .box_w = 20, .ofs_x = 0, .ofs_y = 8},/*()*/
    {.bitmap_index = 36268,	.adv_w = 16, .box_h = 18, .box_w = 16, .ofs_x = 0, .ofs_y = 3},/*()*/
    {.bitmap_index = 36340,	.adv_w = 19, .box_h = 19, .box_w = 20, .ofs_x = 0, .ofs_y = 2},/*()*/
    {.bitmap_index = 36435,	.adv_w = 16, .box_h = 19, .box_w = 16, .ofs_x = 0, .ofs_y = 2},/*()*/
    {.bitmap_index = 36511,	.adv_w = 17, .box_h = 20, .box_w = 20, .ofs_x = 0, .ofs_y = 2},/*()*/
    {.bitmap_index = 36611,	.adv_w = 17, .box_h = 17, .box_w = 20, .ofs_x = 0, .ofs_y = 3},/*()*/
    {.bitmap_index = 36696,	.adv_w = 17, .box_h = 17, .box_w = 20, .ofs_x = 0, .ofs_y = 3},/*()*/
    {.bitmap_index = 36781,	.adv_w = 14, .box_h = 18, .box_w = 16, .ofs_x = 0, .ofs_y = 3},/*()*/
    {.bitmap_index = 36853,	.adv_w = 17, .box_h = 17, .box_w = 20, .ofs_x = 0, .ofs_y = 3},/*()*/
    {.bitmap_index = 36938,	.adv_w = 14, .box_h = 20, .box_w = 16, .ofs_x = 0, .ofs_y = 2},/*()*/
    {.bitmap_index = 37018,	.adv_w = 11, .box_h = 20, .box_w = 12, .ofs_x = 0, .ofs_y = 2},/*()*/
    {.bitmap_index = 37078,	.adv_w = 17, .box_h = 17, .box_w = 20, .ofs_x = 0, .ofs_y = 3},/*()*/
    {.bitmap_index = 37163,	.adv_w = 20, .box_h = 20, .box_w = 20, .ofs_x = 0, .ofs_y = 2},/*()*/
    {.bitmap_index = 37263,	.adv_w = 17, .box_h = 17, .box_w = 16, .ofs_x = 0, .ofs_y = 3},/*()*/
    {.bitmap_index = 37331,	.adv_w = 20, .box_h = 17, .box_w = 20, .ofs_x = 1, .ofs_y = 3},/*()*/
    {.bitmap_index = 37416,	.adv_w = 19, .box_h = 17, .box_w = 20, .ofs_x = 0, .ofs_y = 3},/*()*/
    {.bitmap_index = 37501,	.adv_w = 21, .box_h = 12, .box_w = 24, .ofs_x = 0, .ofs_y = 6},/*()*/
    {.bitmap_index = 37573,	.adv_w = 20, .box_h = 16, .box_w = 20, .ofs_x = 0, .ofs_y = 4},/*()*/
    {.bitmap_index = 37653,	.adv_w = 17, .box_h = 17, .box_w = 20, .ofs_x = 0, .ofs_y = 3},/*()*/
    {.bitmap_index = 37738,	.adv_w = 16, .box_h = 20, .box_w = 16, .ofs_x = 0, .ofs_y = 2},/*()*/
    {.bitmap_index = 37818,	.adv_w = 14, .box_h = 17, .box_w = 16, .ofs_x = 0, .ofs_y = 3},/*()*/
    {.bitmap_index = 37886,	.adv_w = 17, .box_h = 17, .box_w = 20, .ofs_x = 0, .ofs_y = 3},/*()*/
    {.bitmap_index = 37971,	.adv_w = 17, .box_h = 17, .box_w = 20, .ofs_x = 0, .ofs_y = 3},/*()*/
    {.bitmap_index = 38056,	.adv_w = 17, .box_h = 17, .box_w = 20, .ofs_x = 0, .ofs_y = 3},/*()*/
    {.bitmap_index = 38141,	.adv_w = 17, .box_h = 17, .box_w = 20, .ofs_x = 0, .ofs_y = 3},/*()*/
    {.bitmap_index = 38226,	.adv_w = 19, .box_h = 20, .box_w = 20, .ofs_x = 0, .ofs_y = 2},/*()*/
    {.bitmap_index = 38326,	.adv_w = 17, .box_h = 17, .box_w = 20, .ofs_x = 0, .ofs_y = 3},/*()*/
    {.bitmap_index = 38411,	.adv_w = 13, .box_h = 16, .box_w = 16, .ofs_x = 0, .ofs_y = 4},/*()*/
    {.bitmap_index = 38475,	.adv_w = 16, .box_h = 16, .box_w = 16, .ofs_x = 0, .ofs_y = 4},/*()*/
    {.bitmap_index = 38539,	.adv_w = 24, .box_h = 15, .box_w = 24, .ofs_x = 0, .ofs_y = 4},/*()*/
    {.bitmap_index = 38629,	.adv_w = 19, .box_h = 18, .box_w = 20, .ofs_x = 0, .ofs_y = 3},/*()*/
    {.bitmap_index = 38719,	.adv_w = 17, .box_h = 17, .box_w = 20, .ofs_x = 0, .ofs_y = 3},/*()*/
    {.bitmap_index = 38804,	.adv_w = 20, .box_h = 20, .box_w = 20, .ofs_x = 0, .ofs_y = 2},/*()*/
    {.bitmap_index = 38904,	.adv_w = 20, .box_h = 18, .box_w = 20, .ofs_x = 0, .ofs_y = 3},/*()*/
    {.bitmap_index = 38994,	.adv_w = 23, .box_h = 20, .box_w = 24, .ofs_x = 0, .ofs_y = 2},/*()*/
    {.bitmap_index = 39114,	.adv_w = 26, .box_h = 17, .box_w = 28, .ofs_x = 0, .ofs_y = 3},/*()*/
    {.bitmap_index = 39233,	.adv_w = 17, .box_h = 18, .box_w = 16, .ofs_x = 1, .ofs_y = 3},/*()*/
    {.bitmap_index = 39305,	.adv_w = 17, .box_h = 17, .box_w = 20, .ofs_x = 0, .ofs_y = 3},/*()*/
    {.bitmap_index = 39390,	.adv_w = 20, .box_h = 20, .box_w = 20, .ofs_x = 0, .ofs_y = 2},/*()*/
    {.bitmap_index = 39490,	.adv_w = 17, .box_h = 17, .box_w = 20, .ofs_x = 0, .ofs_y = 3},/*()*/
    {.bitmap_index = 39575,	.adv_w = 17, .box_h = 17, .box_w = 20, .ofs_x = 0, .ofs_y = 3},/*()*/
    {.bitmap_index = 39660,	.adv_w = 21, .box_h = 16, .box_w = 24, .ofs_x = 0, .ofs_y = 4},/*()*/
    {.bitmap_index = 39756,	.adv_w = 17, .box_h = 17, .box_w = 20, .ofs_x = 0, .ofs_y = 3},/*()*/
    {.bitmap_index = 39841,	.adv_w = 23, .box_h = 14, .box_w = 24, .ofs_x = 0, .ofs_y = 5},/*()*/
    {.bitmap_index = 39925,	.adv_w = 17, .box_h = 17, .box_w = 20, .ofs_x = 0, .ofs_y = 3},/*()*/
    {.bitmap_index = 40010,	.adv_w = 23, .box_h = 20, .box_w = 24, .ofs_x = 0, .ofs_y = 2},/*()*/
    {.bitmap_index = 40130,	.adv_w = 17, .box_h = 20, .box_w = 20, .ofs_x = 0, .ofs_y = 2},/*()*/
    {.bitmap_index = 40230,	.adv_w = 17, .box_h = 17, .box_w = 20, .ofs_x = 0, .ofs_y = 3},/*()*/
    {.bitmap_index = 40315,	.adv_w = 17, .box_h = 20, .box_w = 20, .ofs_x = 0, .ofs_y = 2},/*()*/
    {.bitmap_index = 40415,	.adv_w = 20, .box_h = 20, .box_w = 20, .ofs_x = 0, .ofs_y = 2},/*()*/
    {.bitmap_index = 40515,	.adv_w = 17, .box_h = 20, .box_w = 16, .ofs_x = 0, .ofs_y = 2},/*()*/
    {.bitmap_index = 40595,	.adv_w = 14, .box_h = 18, .box_w = 16, .ofs_x = 1, .ofs_y = 3},/*()*/
    {.bitmap_index = 40667,	.adv_w = 19, .box_h = 17, .box_w = 20, .ofs_x = 0, .ofs_y = 3},/*()*/
    {.bitmap_index = 40752,	.adv_w = 9, .box_h = 20, .box_w = 8, .ofs_x = 1, .ofs_y = 2},/*()*/
    {.bitmap_index = 40792,	.adv_w = 20, .box_h = 19, .box_w = 20, .ofs_x = 0, .ofs_y = 2},/*()*/
    {.bitmap_index = 40887,	.adv_w = 26, .box_h = 20, .box_w = 24, .ofs_x = 0, .ofs_y = 2},/*()*/
    {.bitmap_index = 41007,	.adv_w = 23, .box_h = 14, .box_w = 24, .ofs_x = 0, .ofs_y = 5},/*()*/
    {.bitmap_index = 41091,	.adv_w = 17, .box_h = 17, .box_w = 20, .ofs_x = 0, .ofs_y = 3},/*()*/
    {.bitmap_index = 41176,	.adv_w = 20, .box_h = 17, .box_w = 20, .ofs_x = 0, .ofs_y = 3},/*()*/
    {.bitmap_index = 41261,	.adv_w = 17, .box_h = 17, .box_w = 20, .ofs_x = 0, .ofs_y = 3},/*()*/
    {.bitmap_index = 41346,	.adv_w = 20, .box_h = 19, .box_w = 20, .ofs_x = 0, .ofs_y = 2},/*()*/
    {.bitmap_index = 41441,	.adv_w = 23, .box_h = 18, .box_w = 24, .ofs_x = 0, .ofs_y = 3},/*()*/
    {.bitmap_index = 41549,	.adv_w = 23, .box_h = 20, .box_w = 24, .ofs_x = 0, .ofs_y = 2},/*()*/
    {.bitmap_index = 41669,	.adv_w = 17, .box_h = 20, .box_w = 20, .ofs_x = 0, .ofs_y = 2},/*()*/
    {.bitmap_index = 41769,	.adv_w = 17, .box_h = 17, .box_w = 20, .ofs_x = 0, .ofs_y = 3},/*()*/
    {.bitmap_index = 41854,	.adv_w = 11, .box_h = 18, .box_w = 12, .ofs_x = 0, .ofs_y = 3},/*()*/
    {.bitmap_index = 41908,	.adv_w = 26, .box_h = 11, .box_w = 28, .ofs_x = 0, .ofs_y = 6},/*()*/
    {.bitmap_index = 41985,	.adv_w = 17, .box_h = 20, .box_w = 20, .ofs_x = 0, .ofs_y = 2},/*()*/
    {.bitmap_index = 42085,	.adv_w = 17, .box_h = 20, .box_w = 20, .ofs_x = 0, .ofs_y = 2},/*()*/
    {.bitmap_index = 42185,	.adv_w = 17, .box_h = 20, .box_w = 20, .ofs_x = 0, .ofs_y = 2},/*()*/
    {.bitmap_index = 42285,	.adv_w = 17, .box_h = 20, .box_w = 20, .ofs_x = 0, .ofs_y = 2},/*()*/
    {.bitmap_index = 42385,	.adv_w = 17, .box_h = 20, .box_w = 20, .ofs_x = 0, .ofs_y = 2},/*()*/
    {.bitmap_index = 42485,	.adv_w = 17, .box_h = 20, .box_w = 20, .ofs_x = 0, .ofs_y = 2},/*()*/
    {.bitmap_index = 42585,	.adv_w = 17, .box_h = 20, .box_w = 20, .ofs_x = 0, .ofs_y = 2},/*()*/
    {.bitmap_index = 42685,	.adv_w = 17, .box_h = 20, .box_w = 20, .ofs_x = 0, .ofs_y = 2},/*()*/
    {.bitmap_index = 42785,	.adv_w = 17, .box_h = 20, .box_w = 20, .ofs_x = 0, .ofs_y = 2},/*()*/
    {.bitmap_index = 42885,	.adv_w = 17, .box_h = 20, .box_w = 20, .ofs_x = 0, .ofs_y = 2},/*()*/
    {.bitmap_index = 42985,	.adv_w = 17, .box_h = 19, .box_w = 20, .ofs_x = 0, .ofs_y = 2},/*()*/
    {.bitmap_index = 43080,	.adv_w = 20, .box_h = 20, .box_w = 20, .ofs_x = 0, .ofs_y = 2},/*()*/
    {.bitmap_index = 43180,	.adv_w = 23, .box_h = 16, .box_w = 24, .ofs_x = 0, .ofs_y = 4},/*()*/
    {.bitmap_index = 43276,	.adv_w = 20, .box_h = 20, .box_w = 20, .ofs_x = 0, .ofs_y = 2},/*()*/
    {.bitmap_index = 43376,	.adv_w = 20, .box_h = 20, .box_w = 20, .ofs_x = 0, .ofs_y = 2},/*()*/
    {.bitmap_index = 43476,	.adv_w = 20, .box_h = 20, .box_w = 20, .ofs_x = 0, .ofs_y = 2},/*()*/
    {.bitmap_index = 43576,	.adv_w = 20, .box_h = 20, .box_w = 20, .ofs_x = 0, .ofs_y = 2},/*()*/
    {.bitmap_index = 43676,	.adv_w = 17, .box_h = 17, .box_w = 20, .ofs_x = 0, .ofs_y = 3},/*()*/
    {.bitmap_index = 43761,	.adv_w = 20, .box_h = 20, .box_w = 20, .ofs_x = 1, .ofs_y = 2},/*()*/
    {.bitmap_index = 43861,	.adv_w = 17, .box_h = 17, .box_w = 20, .ofs_x = 0, .ofs_y = 3},/*()*/
    {.bitmap_index = 43946,	.adv_w = 14, .box_h = 20, .box_w = 16, .ofs_x = 1, .ofs_y = 2},/*()*/
    {.bitmap_index = 44026,	.adv_w = 20, .box_h = 20, .box_w = 20, .ofs_x = 0, .ofs_y = 2},/*()*/
    {.bitmap_index = 44126,	.adv_w = 23, .box_h = 18, .box_w = 24, .ofs_x = 0, .ofs_y = 3},/*()*/
    {.bitmap_index = 44234,	.adv_w = 20, .box_h = 20, .box_w = 20, .ofs_x = 0, .ofs_y = 2},/*()*/
    {.bitmap_index = 44334,	.adv_w = 20, .box_h = 20, .box_w = 20, .ofs_x = 0, .ofs_y = 2},/*()*/
    {.bitmap_index = 44434,	.adv_w = 17, .box_h = 17, .box_w = 20, .ofs_x = 0, .ofs_y = 3},/*()*/
    {.bitmap_index = 44519,	.adv_w = 17, .box_h = 17, .box_w = 20, .ofs_x = 0, .ofs_y = 3},/*()*/
    {.bitmap_index = 44604,	.adv_w = 20, .box_h = 17, .box_w = 20, .ofs_x = 1, .ofs_y = 3},/*()*/
    {.bitmap_index = 44689,	.adv_w = 14, .box_h = 17, .box_w = 16, .ofs_x = 0, .ofs_y = 3},/*()*/
    {.bitmap_index = 44757,	.adv_w = 17, .box_h = 15, .box_w = 20, .ofs_x = 0, .ofs_y = 4},/*()*/
    {.bitmap_index = 44832,	.adv_w = 17, .box_h = 17, .box_w = 20, .ofs_x = 0, .ofs_y = 3},/*()*/
    {.bitmap_index = 44917,	.adv_w = 17, .box_h = 17, .box_w = 20, .ofs_x = 0, .ofs_y = 3},/*()*/
    {.bitmap_index = 45002,	.adv_w = 20, .box_h = 20, .box_w = 20, .ofs_x = 0, .ofs_y = 2},/*()*/
    {.bitmap_index = 45102,	.adv_w = 20, .box_h = 20, .box_w = 20, .ofs_x = 0, .ofs_y = 2},/*()*/
    {.bitmap_index = 45202,	.adv_w = 20, .box_h = 16, .box_w = 20, .ofs_x = 0, .ofs_y = 4},/*()*/
    {.bitmap_index = 45282,	.adv_w = 20, .box_h = 20, .box_w = 20, .ofs_x = 0, .ofs_y = 2},/*()*/
    {.bitmap_index = 45382,	.adv_w = 20, .box_h = 20, .box_w = 20, .ofs_x = 0, .ofs_y = 2},/*()*/
    {.bitmap_index = 45482,	.adv_w = 20, .box_h = 20, .box_w = 20, .ofs_x = 0, .ofs_y = 2},/*()*/
    {.bitmap_index = 45582,	.adv_w = 20, .box_h = 18, .box_w = 20, .ofs_x = 1, .ofs_y = 3},/*()*/
    {.bitmap_index = 45672,	.adv_w = 17, .box_h = 20, .box_w = 16, .ofs_x = 1, .ofs_y = 2},/*()*/
    {.bitmap_index = 45752,	.adv_w = 23, .box_h = 16, .box_w = 24, .ofs_x = 0, .ofs_y = 4},/*()*/
    {.bitmap_index = 45848,	.adv_w = 23, .box_h = 16, .box_w = 24, .ofs_x = 0, .ofs_y = 4},/*()*/
    {.bitmap_index = 45944,	.adv_w = 20, .box_h = 20, .box_w = 20, .ofs_x = 0, .ofs_y = 2},/*()*/
    {.bitmap_index = 46044,	.adv_w = 17, .box_h = 20, .box_w = 20, .ofs_x = 0, .ofs_y = 2},/*()*/
    {.bitmap_index = 46144,	.adv_w = 20, .box_h = 20, .box_w = 20, .ofs_x = 0, .ofs_y = 2},/*()*/
    {.bitmap_index = 46244,	.adv_w = 26, .box_h = 17, .box_w = 28, .ofs_x = 0, .ofs_y = 3},/*()*/
    {.bitmap_index = 46363,	.adv_w = 26, .box_h = 17, .box_w = 28, .ofs_x = 0, .ofs_y = 3},/*()*/
    {.bitmap_index = 46482,	.adv_w = 26, .box_h = 17, .box_w = 28, .ofs_x = 0, .ofs_y = 3},/*()*/
    {.bitmap_index = 46601,	.adv_w = 26, .box_h = 17, .box_w = 28, .ofs_x = 0, .ofs_y = 3},/*()*/
    {.bitmap_index = 46720,	.adv_w = 26, .box_h = 17, .box_w = 28, .ofs_x = 0, .ofs_y = 3},/*()*/
    {.bitmap_index = 46839,	.adv_w = 26, .box_h = 17, .box_w = 28, .ofs_x = 0, .ofs_y = 3},/*()*/
    {.bitmap_index = 46958,	.adv_w = 23, .box_h = 20, .box_w = 24, .ofs_x = 0, .ofs_y = 2},/*()*/
    {.bitmap_index = 47078,	.adv_w = 23, .box_h = 20, .box_w = 24, .ofs_x = 0, .ofs_y = 2},/*()*/
    {.bitmap_index = 47198,	.adv_w = 16, .box_h = 17, .box_w = 16, .ofs_x = 0, .ofs_y = 3},/*()*/
    {.bitmap_index = 47266,	.adv_w = 17, .box_h = 17, .box_w = 20, .ofs_x = 0, .ofs_y = 3},/*()*/
    {.bitmap_index = 47351,	.adv_w = 17, .box_h = 17, .box_w = 20, .ofs_x = 0, .ofs_y = 3},/*()*/
    {.bitmap_index = 47436,	.adv_w = 20, .box_h = 20, .box_w = 20, .ofs_x = 0, .ofs_y = 2},/*()*/
    {.bitmap_index = 47536,	.adv_w = 20, .box_h = 20, .box_w = 20, .ofs_x = 0, .ofs_y = 2},/*()*/
    {.bitmap_index = 47636,	.adv_w = 20, .box_h = 20, .box_w = 20, .ofs_x = 0, .ofs_y = 2},/*()*/
    {.bitmap_index = 47736,	.adv_w = 23, .box_h = 17, .box_w = 24, .ofs_x = 0, .ofs_y = 3},/*()*/
    {.bitmap_index = 47838,	.adv_w = 20, .box_h = 18, .box_w = 20, .ofs_x = 0, .ofs_y = 3},/*()*/
    {.bitmap_index = 47928,	.adv_w = 23, .box_h = 17, .box_w = 24, .ofs_x = 0, .ofs_y = 3},/*()*/
    {.bitmap_index = 48030,	.adv_w = 20, .box_h = 12, .box_w = 20, .ofs_x = 0, .ofs_y = 6},/*()*/
    {.bitmap_index = 48090,	.adv_w = 17, .box_h = 17, .box_w = 20, .ofs_x = 0, .ofs_y = 3},/*()*/
    {.bitmap_index = 48175,	.adv_w = 23, .box_h = 14, .box_w = 24, .ofs_x = 0, .ofs_y = 5},/*()*/
    {.bitmap_index = 48259,	.adv_w = 23, .box_h = 14, .box_w = 24, .ofs_x = 0, .ofs_y = 5},/*()*/
    {.bitmap_index = 48343,	.adv_w = 26, .box_h = 14, .box_w = 28, .ofs_x = 0, .ofs_y = 5},/*()*/
    {.bitmap_index = 48441,	.adv_w = 17, .box_h = 20, .box_w = 20, .ofs_x = 0, .ofs_y = 2},/*()*/
    {.bitmap_index = 48541,	.adv_w = 23, .box_h = 18, .box_w = 24, .ofs_x = 0, .ofs_y = 3},/*()*/
    {.bitmap_index = 48649,	.adv_w = 14, .box_h = 20, .box_w = 16, .ofs_x = 0, .ofs_y = 2},/*()*/
    {.bitmap_index = 48729,	.adv_w = 23, .box_h = 17, .box_w = 24, .ofs_x = 0, .ofs_y = 3},/*()*/
    {.bitmap_index = 48831,	.adv_w = 17, .box_h = 16, .box_w = 16, .ofs_x = 0, .ofs_y = 4},/*()*/
    {.bitmap_index = 48895,	.adv_w = 17, .box_h = 17, .box_w = 20, .ofs_x = 0, .ofs_y = 3},/*()*/
    {.bitmap_index = 48980,	.adv_w = 17, .box_h = 17, .box_w = 20, .ofs_x = 0, .ofs_y = 3},/*()*/
    {.bitmap_index = 49065,	.adv_w = 23, .box_h = 20, .box_w = 24, .ofs_x = 0, .ofs_y = 2},/*()*/
    {.bitmap_index = 49185,	.adv_w = 17, .box_h = 20, .box_w = 16, .ofs_x = 0, .ofs_y = 2},/*()*/
    {.bitmap_index = 49265,	.adv_w = 17, .box_h = 17, .box_w = 20, .ofs_x = 0, .ofs_y = 3},/*()*/
    {.bitmap_index = 49350,	.adv_w = 23, .box_h = 15, .box_w = 24, .ofs_x = 0, .ofs_y = 4},/*()*/
    {.bitmap_index = 49440,	.adv_w = 23, .box_h = 16, .box_w = 24, .ofs_x = 0, .ofs_y = 4},/*()*/
    {.bitmap_index = 49536,	.adv_w = 17, .box_h = 19, .box_w = 20, .ofs_x = 0, .ofs_y = 2},/*()*/
    {.bitmap_index = 49631,	.adv_w = 23, .box_h = 18, .box_w = 24, .ofs_x = 0, .ofs_y = 3},/*()*/
    {.bitmap_index = 49739,	.adv_w = 23, .box_h = 14, .box_w = 24, .ofs_x = 0, .ofs_y = 5},/*()*/
    {.bitmap_index = 49823,	.adv_w = 19, .box_h = 15, .box_w = 20, .ofs_x = 0, .ofs_y = 4},/*()*/
    {.bitmap_index = 49898,	.adv_w = 19, .box_h = 15, .box_w = 20, .ofs_x = 0, .ofs_y = 4},/*()*/
    {.bitmap_index = 49973,	.adv_w = 23, .box_h = 19, .box_w = 24, .ofs_x = 0, .ofs_y = 2},/*()*/
    {.bitmap_index = 50087,	.adv_w = 23, .box_h = 20, .box_w = 24, .ofs_x = 0, .ofs_y = 2},/*()*/
    {.bitmap_index = 50207,	.adv_w = 17, .box_h = 18, .box_w = 16, .ofs_x = 0, .ofs_y = 3},/*()*/
    {.bitmap_index = 50279,	.adv_w = 26, .box_h = 14, .box_w = 28, .ofs_x = 0, .ofs_y = 5},/*()*/
    {.bitmap_index = 50377,	.adv_w = 17, .box_h = 20, .box_w = 16, .ofs_x = 0, .ofs_y = 2},/*()*/
    {.bitmap_index = 50457,	.adv_w = 20, .box_h = 17, .box_w = 20, .ofs_x = 0, .ofs_y = 3},/*()*/
    {.bitmap_index = 50542,	.adv_w = 14, .box_h = 20, .box_w = 16, .ofs_x = 0, .ofs_y = 2},/*()*/
    {.bitmap_index = 50622,	.adv_w = 17, .box_h = 17, .box_w = 20, .ofs_x = 0, .ofs_y = 3},/*()*/
    {.bitmap_index = 50707,	.adv_w = 14, .box_h = 20, .box_w = 16, .ofs_x = 0, .ofs_y = 2},/*()*/
    {.bitmap_index = 50787,	.adv_w = 17, .box_h = 20, .box_w = 16, .ofs_x = 0, .ofs_y = 2},/*()*/
    {.bitmap_index = 50867,	.adv_w = 20, .box_h = 20, .box_w = 20, .ofs_x = 0, .ofs_y = 2},/*()*/
    {.bitmap_index = 50967,	.adv_w = 20, .box_h = 20, .box_w = 20, .ofs_x = 0, .ofs_y = 2},/*()*/
    {.bitmap_index = 51067,	.adv_w = 21, .box_h = 20, .box_w = 24, .ofs_x = 0, .ofs_y = 2},/*()*/
    {.bitmap_index = 51187,	.adv_w = 23, .box_h = 20, .box_w = 24, .ofs_x = 0, .ofs_y = 2},/*()*/
    {.bitmap_index = 51307,	.adv_w = 17, .box_h = 17, .box_w = 20, .ofs_x = 0, .ofs_y = 3},/*()*/
    {.bitmap_index = 51392,	.adv_w = 14, .box_h = 20, .box_w = 16, .ofs_x = 0, .ofs_y = 2},/*()*/
    {.bitmap_index = 51472,	.adv_w = 23, .box_h = 13, .box_w = 24, .ofs_x = 0, .ofs_y = 5},/*()*/
    {.bitmap_index = 51550,	.adv_w = 14, .box_h = 20, .box_w = 16, .ofs_x = 0, .ofs_y = 2},/*()*/
    {.bitmap_index = 51630,	.adv_w = 14, .box_h = 13, .box_w = 16, .ofs_x = 0, .ofs_y = 5},/*()*/
    {.bitmap_index = 51682,	.adv_w = 17, .box_h = 17, .box_w = 20, .ofs_x = 0, .ofs_y = 3},/*()*/
    {.bitmap_index = 51767,	.adv_w = 14, .box_h = 18, .box_w = 16, .ofs_x = 0, .ofs_y = 3},/*()*/
    {.bitmap_index = 51839,	.adv_w = 17, .box_h = 18, .box_w = 20, .ofs_x = 0, .ofs_y = 3},/*()*/
    {.bitmap_index = 51929,	.adv_w = 20, .box_h = 16, .box_w = 20, .ofs_x = 0, .ofs_y = 4},/*()*/
    {.bitmap_index = 52009,	.adv_w = 23, .box_h = 17, .box_w = 24, .ofs_x = 0, .ofs_y = 3},/*()*/
    {.bitmap_index = 52111,	.adv_w = 23, .box_h = 17, .box_w = 24, .ofs_x = 0, .ofs_y = 3},/*()*/
    {.bitmap_index = 52213,	.adv_w = 23, .box_h = 14, .box_w = 24, .ofs_x = 0, .ofs_y = 5},/*()*/
    {.bitmap_index = 52297,	.adv_w = 17, .box_h = 20, .box_w = 20, .ofs_x = 0, .ofs_y = 2},/*()*/
    {.bitmap_index = 52397,	.adv_w = 17, .box_h = 20, .box_w = 20, .ofs_x = 0, .ofs_y = 2},/*()*/
    {.bitmap_index = 52497,	.adv_w = 17, .box_h = 20, .box_w = 20, .ofs_x = 0, .ofs_y = 2},/*()*/
    {.bitmap_index = 52597,	.adv_w = 20, .box_h = 17, .box_w = 20, .ofs_x = 0, .ofs_y = 3},/*()*/
    {.bitmap_index = 52682,	.adv_w = 17, .box_h = 17, .box_w = 20, .ofs_x = 0, .ofs_y = 3},/*()*/
    {.bitmap_index = 52767,	.adv_w = 26, .box_h = 20, .box_w = 24, .ofs_x = 1, .ofs_y = 2},/*()*/
    {.bitmap_index = 52887,	.adv_w = 26, .box_h = 18, .box_w = 28, .ofs_x = 0, .ofs_y = 3},/*()*/
    {.bitmap_index = 53013,	.adv_w = 20, .box_h = 20, .box_w = 20, .ofs_x = 0, .ofs_y = 2},/*()*/
    {.bitmap_index = 53113,	.adv_w = 26, .box_h = 14, .box_w = 28, .ofs_x = 0, .ofs_y = 5},/*()*/
    {.bitmap_index = 53211,	.adv_w = 26, .box_h = 14, .box_w = 28, .ofs_x = 0, .ofs_y = 5},/*()*/
    {.bitmap_index = 53309,	.adv_w = 26, .box_h = 14, .box_w = 28, .ofs_x = 0, .ofs_y = 5},/*()*/
    {.bitmap_index = 53407,	.adv_w = 26, .box_h = 14, .box_w = 28, .ofs_x = 0, .ofs_y = 5},/*()*/
    {.bitmap_index = 53505,	.adv_w = 26, .box_h = 14, .box_w = 28, .ofs_x = 0, .ofs_y = 5},/*()*/
    {.bitmap_index = 53603,	.adv_w = 14, .box_h = 20, .box_w = 16, .ofs_x = 0, .ofs_y = 2},/*()*/
    {.bitmap_index = 53683,	.adv_w = 11, .box_h = 20, .box_w = 12, .ofs_x = 0, .ofs_y = 2},/*()*/
    {.bitmap_index = 53743,	.adv_w = 23, .box_h = 20, .box_w = 24, .ofs_x = 0, .ofs_y = 2},/*()*/
    {.bitmap_index = 53863,	.adv_w = 26, .box_h = 20, .box_w = 28, .ofs_x = 0, .ofs_y = 2},/*()*/
    {.bitmap_index = 54003,	.adv_w = 17, .box_h = 17, .box_w = 20, .ofs_x = 0, .ofs_y = 3},/*()*/
    {.bitmap_index = 54088,	.adv_w = 17, .box_h = 17, .box_w = 20, .ofs_x = 0, .ofs_y = 3},/*()*/
    {.bitmap_index = 54173,	.adv_w = 26, .box_h = 17, .box_w = 28, .ofs_x = 0, .ofs_y = 3},/*()*/
    {.bitmap_index = 54292,	.adv_w = 26, .box_h = 17, .box_w = 28, .ofs_x = 0, .ofs_y = 3},/*()*/
    {.bitmap_index = 54411,	.adv_w = 20, .box_h = 20, .box_w = 20, .ofs_x = 0, .ofs_y = 2},/*()*/
    {.bitmap_index = 54511,	.adv_w = 26, .box_h = 20, .box_w = 24, .ofs_x = 0, .ofs_y = 2},/*()*/
    {.bitmap_index = 54631,	.adv_w = 17, .box_h = 20, .box_w = 20, .ofs_x = 0, .ofs_y = 2},/*()*/
    {.bitmap_index = 54731,	.adv_w = 17, .box_h = 20, .box_w = 20, .ofs_x = 0, .ofs_y = 2},/*()*/
    {.bitmap_index = 54831,	.adv_w = 17, .box_h = 20, .box_w = 20, .ofs_x = 0, .ofs_y = 2},/*()*/
    {.bitmap_index = 54931,	.adv_w = 17, .box_h = 20, .box_w = 20, .ofs_x = 0, .ofs_y = 2},/*()*/
    {.bitmap_index = 55031,	.adv_w = 17, .box_h = 20, .box_w = 20, .ofs_x = 0, .ofs_y = 2},/*()*/
    {.bitmap_index = 55131,	.adv_w = 17, .box_h = 15, .box_w = 20, .ofs_x = 0, .ofs_y = 4},/*()*/
    {.bitmap_index = 55206,	.adv_w = 20, .box_h = 20, .box_w = 20, .ofs_x = 0, .ofs_y = 2},/*()*/
    {.bitmap_index = 55306,	.adv_w = 20, .box_h = 17, .box_w = 20, .ofs_x = 0, .ofs_y = 3},/*()*/
    {.bitmap_index = 55391,	.adv_w = 23, .box_h = 20, .box_w = 24, .ofs_x = 0, .ofs_y = 2},/*()*/
    {.bitmap_index = 55511,	.adv_w = 23, .box_h = 20, .box_w = 24, .ofs_x = 0, .ofs_y = 2},/*()*/
    {.bitmap_index = 55631,	.adv_w = 20, .box_h = 20, .box_w = 20, .ofs_x = 0, .ofs_y = 2},/*()*/
    {.bitmap_index = 55731,	.adv_w = 17, .box_h = 20, .box_w = 20, .ofs_x = 0, .ofs_y = 2},/*()*/
    {.bitmap_index = 55831,	.adv_w = 22, .box_h = 11, .box_w = 24, .ofs_x = 0, .ofs_y = 6},/*()*/
    {.bitmap_index = 55897,	.adv_w = 20, .box_h = 20, .box_w = 20, .ofs_x = 0, .ofs_y = 2},/*()*/
    {.bitmap_index = 55997,	.adv_w = 20, .box_h = 20, .box_w = 20, .ofs_x = 0, .ofs_y = 2},/*()*/
    {.bitmap_index = 56097,	.adv_w = 23, .box_h = 15, .box_w = 24, .ofs_x = 1, .ofs_y = 4},/*()*/
    {.bitmap_index = 56187,	.adv_w = 20, .box_h = 20, .box_w = 20, .ofs_x = 0, .ofs_y = 2},/*()*/
    {.bitmap_index = 56287,	.adv_w = 26, .box_h = 15, .box_w = 28, .ofs_x = 0, .ofs_y = 4},/*()*/
    {.bitmap_index = 56392,	.adv_w = 14, .box_h = 20, .box_w = 12, .ofs_x = 1, .ofs_y = 2},/*()*/
    {.bitmap_index = 56452,	.adv_w = 17, .box_h = 17, .box_w = 20, .ofs_x = 0, .ofs_y = 3},/*()*/
    {.bitmap_index = 56537,	.adv_w = 19, .box_h = 17, .box_w = 20, .ofs_x = 0, .ofs_y = 3},/*()*/
    {.bitmap_index = 56622,	.adv_w = 26, .box_h = 16, .box_w = 28, .ofs_x = 0, .ofs_y = 4},/*()*/
    {.bitmap_index = 56734,	.adv_w = 20, .box_h = 20, .box_w = 20, .ofs_x = 0, .ofs_y = 2},/*()*/
    {.bitmap_index = 56834,	.adv_w = 20, .box_h = 20, .box_w = 20, .ofs_x = 0, .ofs_y = 2},/*()*/
    {.bitmap_index = 56934,	.adv_w = 20, .box_h = 20, .box_w = 20, .ofs_x = 0, .ofs_y = 2},/*()*/
    {.bitmap_index = 57034,	.adv_w = 20, .box_h = 20, .box_w = 20, .ofs_x = 0, .ofs_y = 2},/*()*/
    {.bitmap_index = 57134,	.adv_w = 20, .box_h = 20, .box_w = 20, .ofs_x = 0, .ofs_y = 2},/*()*/
    {.bitmap_index = 57234,	.adv_w = 23, .box_h = 17, .box_w = 24, .ofs_x = 0, .ofs_y = 3},/*()*/
    {.bitmap_index = 57336,	.adv_w = 20, .box_h = 17, .box_w = 20, .ofs_x = 0, .ofs_y = 3},/*()*/
    {.bitmap_index = 57421,	.adv_w = 17, .box_h = 20, .box_w = 16, .ofs_x = 0, .ofs_y = 2},/*()*/
    {.bitmap_index = 57501,	.adv_w = 20, .box_h = 20, .box_w = 20, .ofs_x = 0, .ofs_y = 2},/*()*/
    {.bitmap_index = 57601,	.adv_w = 20, .box_h = 20, .box_w = 20, .ofs_x = 0, .ofs_y = 2},/*()*/
    {.bitmap_index = 57701,	.adv_w = 20, .box_h = 20, .box_w = 20, .ofs_x = 0, .ofs_y = 2},/*()*/
    {.bitmap_index = 57801,	.adv_w = 20, .box_h = 20, .box_w = 20, .ofs_x = 0, .ofs_y = 2},/*()*/
    {.bitmap_index = 57901,	.adv_w = 20, .box_h = 20, .box_w = 20, .ofs_x = 0, .ofs_y = 2},/*()*/
    {.bitmap_index = 58001,	.adv_w = 20, .box_h = 20, .box_w = 20, .ofs_x = 0, .ofs_y = 2},/*()*/
    {.bitmap_index = 58101,	.adv_w = 11, .box_h = 20, .box_w = 12, .ofs_x = 0, .ofs_y = 2},/*()*/
    {.bitmap_index = 58161,	.adv_w = 20, .box_h = 20, .box_w = 20, .ofs_x = 0, .ofs_y = 2},/*()*/
    {.bitmap_index = 58261,	.adv_w = 23, .box_h = 20, .box_w = 24, .ofs_x = 0, .ofs_y = 2},/*()*/
    {.bitmap_index = 58381,	.adv_w = 20, .box_h = 20, .box_w = 20, .ofs_x = 0, .ofs_y = 2},/*()*/
    {.bitmap_index = 58481,	.adv_w = 20, .box_h = 17, .box_w = 20, .ofs_x = 0, .ofs_y = 3},/*()*/
    {.bitmap_index = 58566,	.adv_w = 20, .box_h = 17, .box_w = 20, .ofs_x = 0, .ofs_y = 3},/*()*/
    {.bitmap_index = 58651,	.adv_w = 11, .box_h = 20, .box_w = 12, .ofs_x = 0, .ofs_y = 2},/*()*/
    {.bitmap_index = 58711,	.adv_w = 20, .box_h = 16, .box_w = 20, .ofs_x = 1, .ofs_y = 4},/*()*/
    {.bitmap_index = 58791,	.adv_w = 17, .box_h = 17, .box_w = 20, .ofs_x = 0, .ofs_y = 3},/*()*/
    {.bitmap_index = 58876,	.adv_w = 17, .box_h = 17, .box_w = 20, .ofs_x = 0, .ofs_y = 3},/*()*/
    {.bitmap_index = 58961,	.adv_w = 20, .box_h = 19, .box_w = 20, .ofs_x = 0, .ofs_y = 2},/*()*/
    {.bitmap_index = 59056,	.adv_w = 20, .box_h = 20, .box_w = 20, .ofs_x = 1, .ofs_y = 2},/*()*/
    {.bitmap_index = 59156,	.adv_w = 26, .box_h = 17, .box_w = 28, .ofs_x = 0, .ofs_y = 3},/*()*/
    {.bitmap_index = 59275,	.adv_w = 20, .box_h = 20, .box_w = 20, .ofs_x = 0, .ofs_y = 2},/*()*/
    {.bitmap_index = 59375,	.adv_w = 20, .box_h = 20, .box_w = 20, .ofs_x = 0, .ofs_y = 2},/*()*/
    {.bitmap_index = 59475,	.adv_w = 20, .box_h = 20, .box_w = 20, .ofs_x = 0, .ofs_y = 2},/*()*/
    {.bitmap_index = 59575,	.adv_w = 26, .box_h = 16, .box_w = 28, .ofs_x = 0, .ofs_y = 4},/*()*/
    {.bitmap_index = 59687,	.adv_w = 20, .box_h = 20, .box_w = 20, .ofs_x = 0, .ofs_y = 2},/*()*/
    {.bitmap_index = 59787,	.adv_w = 26, .box_h = 15, .box_w = 28, .ofs_x = 0, .ofs_y = 4},/*()*/
    {.bitmap_index = 59892,	.adv_w = 17, .box_h = 20, .box_w = 20, .ofs_x = 0, .ofs_y = 2},/*()*/
    {.bitmap_index = 59992,	.adv_w = 17, .box_h = 17, .box_w = 20, .ofs_x = 0, .ofs_y = 3},/*()*/
    {.bitmap_index = 60077,	.adv_w = 17, .box_h = 17, .box_w = 20, .ofs_x = 0, .ofs_y = 3},/*()*/
    {.bitmap_index = 60162,	.adv_w = 17, .box_h = 17, .box_w = 20, .ofs_x = 0, .ofs_y = 3},/*()*/
    {.bitmap_index = 60247,	.adv_w = 17, .box_h = 17, .box_w = 20, .ofs_x = 0, .ofs_y = 3},/*()*/
    {.bitmap_index = 60332,	.adv_w = 20, .box_h = 20, .box_w = 20, .ofs_x = 0, .ofs_y = 2},/*()*/
    {.bitmap_index = 60432,	.adv_w = 23, .box_h = 20, .box_w = 24, .ofs_x = 0, .ofs_y = 2},/*()*/
    {.bitmap_index = 60552,	.adv_w = 20, .box_h = 17, .box_w = 20, .ofs_x = 0, .ofs_y = 3},/*()*/
    {.bitmap_index = 60637,	.adv_w = 17, .box_h = 20, .box_w = 16, .ofs_x = 1, .ofs_y = 2},/*()*/
    {.bitmap_index = 60717,	.adv_w = 11, .box_h = 20, .box_w = 12, .ofs_x = 0, .ofs_y = 2},/*()*/
    {.bitmap_index = 60777,	.adv_w = 17, .box_h = 17, .box_w = 20, .ofs_x = 0, .ofs_y = 3},/*()*/
    {.bitmap_index = 60862,	.adv_w = 20, .box_h = 18, .box_w = 20, .ofs_x = 0, .ofs_y = 3},/*()*/
    {.bitmap_index = 60952,	.adv_w = 20, .box_h = 20, .box_w = 20, .ofs_x = 0, .ofs_y = 2},/*()*/
    {.bitmap_index = 61052,	.adv_w = 17, .box_h = 17, .box_w = 20, .ofs_x = 0, .ofs_y = 3},/*()*/
    {.bitmap_index = 61137,	.adv_w = 20, .box_h = 20, .box_w = 20, .ofs_x = 0, .ofs_y = 2},/*()*/
    {.bitmap_index = 61237,	.adv_w = 20, .box_h = 20, .box_w = 20, .ofs_x = 0, .ofs_y = 2},/*()*/
    {.bitmap_index = 61337,	.adv_w = 17, .box_h = 20, .box_w = 16, .ofs_x = 1, .ofs_y = 2},/*()*/
    {.bitmap_index = 61417,	.adv_w = 17, .box_h = 17, .box_w = 20, .ofs_x = 0, .ofs_y = 3},/*()*/
    {.bitmap_index = 61502,	.adv_w = 16, .box_h = 20, .box_w = 16, .ofs_x = 0, .ofs_y = 2},/*()*/
    {.bitmap_index = 61582,	.adv_w = 26, .box_h = 9, .box_w = 28, .ofs_x = 0, .ofs_y = 7},/*()*/
    {.bitmap_index = 61645,	.adv_w = 16, .box_h = 20, .box_w = 16, .ofs_x = 0, .ofs_y = 2},/*()*/
    {.bitmap_index = 61725,	.adv_w = 24, .box_h = 16, .box_w = 24, .ofs_x = 0, .ofs_y = 4},/*()*/
    {.bitmap_index = 61821,	.adv_w = 20, .box_h = 20, .box_w = 20, .ofs_x = 0, .ofs_y = 2},/*()*/
    {.bitmap_index = 61921,	.adv_w = 26, .box_h = 20, .box_w = 28, .ofs_x = 0, .ofs_y = 2},/*()*/
    {.bitmap_index = 62061,	.adv_w = 20, .box_h = 20, .box_w = 20, .ofs_x = 0, .ofs_y = 2},/*()*/
    {.bitmap_index = 62161,	.adv_w = 17, .box_h = 17, .box_w = 20, .ofs_x = 0, .ofs_y = 3},/*()*/
    {.bitmap_index = 62246,	.adv_w = 17, .box_h = 20, .box_w = 20, .ofs_x = 0, .ofs_y = 2},/*()*/
    {.bitmap_index = 62346,	.adv_w = 19, .box_h = 20, .box_w = 20, .ofs_x = 0, .ofs_y = 2},/*()*/
    {.bitmap_index = 62446,	.adv_w = 20, .box_h = 18, .box_w = 20, .ofs_x = 0, .ofs_y = 3},/*()*/
    {.bitmap_index = 62536,	.adv_w = 14, .box_h = 16, .box_w = 16, .ofs_x = 0, .ofs_y = 4},/*()*/
    {.bitmap_index = 62600,	.adv_w = 17, .box_h = 17, .box_w = 20, .ofs_x = 0, .ofs_y = 3},/*()*/
    {.bitmap_index = 62685,	.adv_w = 17, .box_h = 17, .box_w = 20, .ofs_x = 0, .ofs_y = 3},/*()*/
    {.bitmap_index = 62770,	.adv_w = 19, .box_h = 17, .box_w = 20, .ofs_x = 0, .ofs_y = 3},/*()*/
    {.bitmap_index = 62855,	.adv_w = 17, .box_h = 17, .box_w = 20, .ofs_x = 0, .ofs_y = 3},/*()*/
    {.bitmap_index = 62940,	.adv_w = 26, .box_h = 18, .box_w = 28, .ofs_x = 0, .ofs_y = 3},/*()*/
    {.bitmap_index = 63066,	.adv_w = 17, .box_h = 20, .box_w = 20, .ofs_x = 0, .ofs_y = 2},/*()*/
    {.bitmap_index = 63166,	.adv_w = 19, .box_h = 20, .box_w = 20, .ofs_x = 0, .ofs_y = 2},/*()*/
    {.bitmap_index = 63266,	.adv_w = 20, .box_h = 20, .box_w = 20, .ofs_x = 0, .ofs_y = 2},/*()*/
    {.bitmap_index = 63366,	.adv_w = 17, .box_h = 17, .box_w = 20, .ofs_x = 0, .ofs_y = 3},/*()*/
    {.bitmap_index = 63451,	.adv_w = 17, .box_h = 20, .box_w = 20, .ofs_x = 0, .ofs_y = 2},/*()*/
    {.bitmap_index = 63551,	.adv_w = 26, .box_h = 16, .box_w = 28, .ofs_x = 0, .ofs_y = 4},/*()*/
    {.bitmap_index = 63663,	.adv_w = 20, .box_h = 20, .box_w = 20, .ofs_x = 0, .ofs_y = 2},/*()*/
    {.bitmap_index = 63763,	.adv_w = 20, .box_h = 20, .box_w = 20, .ofs_x = 0, .ofs_y = 2},/*()*/
    {.bitmap_index = 63863,	.adv_w = 17, .box_h = 20, .box_w = 20, .ofs_x = 0, .ofs_y = 2},/*()*/
    {.bitmap_index = 63963,	.adv_w = 19, .box_h = 20, .box_w = 20, .ofs_x = 0, .ofs_y = 2},/*()*/
    {.bitmap_index = 64063,	.adv_w = 19, .box_h = 20, .box_w = 20, .ofs_x = 0, .ofs_y = 2},/*()*/
    {.bitmap_index = 64163,	.adv_w = 23, .box_h = 17, .box_w = 24, .ofs_x = 0, .ofs_y = 3},/*()*/
    {.bitmap_index = 64265,	.adv_w = 23, .box_h = 17, .box_w = 24, .ofs_x = 0, .ofs_y = 3},/*()*/
    {.bitmap_index = 64367,	.adv_w = 20, .box_h = 20, .box_w = 20, .ofs_x = 0, .ofs_y = 2},/*()*/
    {.bitmap_index = 64467,	.adv_w = 20, .box_h = 20, .box_w = 20, .ofs_x = 0, .ofs_y = 2},/*()*/
    {.bitmap_index = 64567,	.adv_w = 17, .box_h = 20, .box_w = 20, .ofs_x = 0, .ofs_y = 2},/*()*/
    {.bitmap_index = 64667,	.adv_w = 14, .box_h = 20, .box_w = 16, .ofs_x = 0, .ofs_y = 2},/*()*/
    {.bitmap_index = 64747,	.adv_w = 23, .box_h = 17, .box_w = 24, .ofs_x = 0, .ofs_y = 3},/*()*/
    {.bitmap_index = 64849,	.adv_w = 23, .box_h = 17, .box_w = 24, .ofs_x = 0, .ofs_y = 3},/*()*/
    {.bitmap_index = 64951,	.adv_w = 20, .box_h = 20, .box_w = 20, .ofs_x = 0, .ofs_y = 2},/*()*/
    {.bitmap_index = 65051,	.adv_w = 26, .box_h = 18, .box_w = 28, .ofs_x = 0, .ofs_y = 3},/*()*/
    {.bitmap_index = 65177,	.adv_w = 20, .box_h = 20, .box_w = 20, .ofs_x = 0, .ofs_y = 2},/*()*/
    {.bitmap_index = 65277,	.adv_w = 11, .box_h = 20, .box_w = 12, .ofs_x = 0, .ofs_y = 2},/*()*/
    {.bitmap_index = 65337,	.adv_w = 11, .box_h = 20, .box_w = 12, .ofs_x = 0, .ofs_y = 2},/*()*/
    {.bitmap_index = 65397,	.adv_w = 11, .box_h = 20, .box_w = 12, .ofs_x = 0, .ofs_y = 2},/*()*/
    {.bitmap_index = 65457,	.adv_w = 11, .box_h = 20, .box_w = 12, .ofs_x = 0, .ofs_y = 2},/*()*/
    {.bitmap_index = 65517,	.adv_w = 11, .box_h = 20, .box_w = 12, .ofs_x = 0, .ofs_y = 2},/*()*/
    {.bitmap_index = 65577,	.adv_w = 21, .box_h = 20, .box_w = 24, .ofs_x = 0, .ofs_y = 2},/*()*/
    {.bitmap_index = 65697,	.adv_w = 20, .box_h = 20, .box_w = 20, .ofs_x = 0, .ofs_y = 2},/*()*/
    {.bitmap_index = 65797,	.adv_w = 17, .box_h = 20, .box_w = 20, .ofs_x = 0, .ofs_y = 2},/*()*/
    {.bitmap_index = 65897,	.adv_w = 20, .box_h = 17, .box_w = 20, .ofs_x = 0, .ofs_y = 3},/*()*/
    {.bitmap_index = 65982,	.adv_w = 20, .box_h = 5, .box_w = 20, .ofs_x = 0, .ofs_y = 9},/*()*/
    {.bitmap_index = 66007,	.adv_w = 23, .box_h = 20, .box_w = 24, .ofs_x = 0, .ofs_y = 2},/*()*/
    {.bitmap_index = 66127,	.adv_w = 20, .box_h = 17, .box_w = 20, .ofs_x = 0, .ofs_y = 3},/*()*/
    {.bitmap_index = 66212,	.adv_w = 20, .box_h = 17, .box_w = 20, .ofs_x = 0, .ofs_y = 3},/*()*/
    {.bitmap_index = 66297,	.adv_w = 20, .box_h = 20, .box_w = 20, .ofs_x = 0, .ofs_y = 2},/*()*/
    {.bitmap_index = 66397,	.adv_w = 20, .box_h = 20, .box_w = 20, .ofs_x = 0, .ofs_y = 2},/*()*/
    {.bitmap_index = 66497,	.adv_w = 17, .box_h = 20, .box_w = 20, .ofs_x = 0, .ofs_y = 2},/*()*/
    {.bitmap_index = 66597,	.adv_w = 17, .box_h = 17, .box_w = 20, .ofs_x = 0, .ofs_y = 3},/*()*/
    {.bitmap_index = 66682,	.adv_w = 24, .box_h = 20, .box_w = 24, .ofs_x = 1, .ofs_y = 2},/*()*/
    {.bitmap_index = 66802,	.adv_w = 20, .box_h = 20, .box_w = 20, .ofs_x = 0, .ofs_y = 2},/*()*/
    {.bitmap_index = 66902,	.adv_w = 17, .box_h = 18, .box_w = 20, .ofs_x = 0, .ofs_y = 3},/*()*/
    {.bitmap_index = 66992,	.adv_w = 19, .box_h = 20, .box_w = 20, .ofs_x = 0, .ofs_y = 2},/*()*/
    {.bitmap_index = 67092,	.adv_w = 20, .box_h = 20, .box_w = 20, .ofs_x = 0, .ofs_y = 2},/*()*/
    {.bitmap_index = 67192,	.adv_w = 20, .box_h = 20, .box_w = 20, .ofs_x = 0, .ofs_y = 2},/*()*/
    {.bitmap_index = 67292,	.adv_w = 21, .box_h = 20, .box_w = 24, .ofs_x = 0, .ofs_y = 2},/*()*/
};


static const uint16_t unicode_list_1[] = {
    0x0020,	/*( )*/
    0x0021,	/*(!)*/
    0x0022,	/*(")*/
    0x0023,	/*(#)*/
    0x0024,	/*($)*/
    0x0025,	/*(%)*/
    0x0026,	/*(&)*/
    0x0027,	/*(')*/
    0x0028,	/*(()*/
    0x0029,	/*())*/
    0x002a,	/*(*)*/
    0x002b,	/*(+)*/
    0x002c,	/*(,)*/
    0x002d,	/*(-)*/
    0x002e,	/*(.)*/
    0x002f,	/*(/)*/
    0x0030,	/*(0)*/
    0x0031,	/*(1)*/
    0x0032,	/*(2)*/
    0x0033,	/*(3)*/
    0x0034,	/*(4)*/
    0x0035,	/*(5)*/
    0x0036,	/*(6)*/
    0x0037,	/*(7)*/
    0x0038,	/*(8)*/
    0x0039,	/*(9)*/
    0x003a,	/*(:)*/
    0x003b,	/*(;)*/
    0x003c,	/*(<)*/
    0x003d,	/*(=)*/
    0x003e,	/*(>)*/
    0x003f,	/*(?)*/
    0x0040,	/*(@)*/
    0x0041,	/*(A)*/
    0x0042,	/*(B)*/
    0x0043,	/*(C)*/
    0x0044,	/*(D)*/
    0x0045,	/*(E)*/
    0x0046,	/*(F)*/
    0x0047,	/*(G)*/
    0x0048,	/*(H)*/
    0x0049,	/*(I)*/
    0x004a,	/*(J)*/
    0x004b,	/*(K)*/
    0x004c,	/*(L)*/
    0x004d,	/*(M)*/
    0x004e,	/*(N)*/
    0x004f,	/*(O)*/
    0x0050,	/*(P)*/
    0x0051,	/*(Q)*/
    0x0052,	/*(R)*/
    0x0053,	/*(S)*/
    0x0054,	/*(T)*/
    0x0055,	/*(U)*/
    0x0056,	/*(V)*/
    0x0057,	/*(W)*/
    0x0058,	/*(X)*/
    0x0059,	/*(Y)*/
    0x005a,	/*(Z)*/
    0x005b,	/*([)*/
    0x005c,	/*(\)*/
    0x005d,	/*(])*/
    0x005e,	/*(^)*/
    0x005f,	/*(_)*/
    0x0060,	/*(`)*/
    0x0061,	/*(a)*/
    0x0062,	/*(b)*/
    0x0063,	/*(c)*/
    0x0064,	/*(d)*/
    0x0065,	/*(e)*/
    0x0066,	/*(f)*/
    0x0067,	/*(g)*/
    0x0068,	/*(h)*/
    0x0069,	/*(i)*/
    0x006a,	/*(j)*/
    0x006b,	/*(k)*/
    0x006c,	/*(l)*/
    0x006d,	/*(m)*/
    0x006e,	/*(n)*/
    0x006f,	/*(o)*/
    0x0070,	/*(p)*/
    0x0071,	/*(q)*/
    0x0072,	/*(r)*/
    0x0073,	/*(s)*/
    0x0074,	/*(t)*/
    0x0075,	/*(u)*/
    0x0076,	/*(v)*/
    0x0077,	/*(w)*/
    0x0078,	/*(x)*/
    0x0079,	/*(y)*/
    0x007a,	/*(z)*/
    0x007b,	/*({)*/
    0x007c,	/*(|)*/
    0x007d,	/*(})*/
    0x007e,	/*(~)*/
    0x007f,	/*()*/
    0x4e00,	/*(一)*/
    0x4e16,	/*(世)*/
    0x4e70,	/*(买)*/
    0x4ee4,	/*(令)*/
    0x4ee5,	/*(以)*/
    0x4ef6,	/*(件)*/
    0x4f53,	/*(体)*/
    0x4f5c,	/*(作)*/
    0x4f60,	/*(你)*/
    0x4f7f,	/*(使)*/
    0x5173,	/*(关)*/
    0x521a,	/*(刚)*/
    0x5230,	/*(到)*/
    0x5236,	/*(制)*/
    0x529b,	/*(力)*/
    0x53d1,	/*(发)*/
    0x5427,	/*(吧)*/
    0x542c,	/*(听)*/
    0x5462,	/*(呢)*/
    0x547d,	/*(命)*/
    0x548c,	/*(和)*/
    0x554a,	/*(啊)*/
    0x5728,	/*(在)*/
    0x591a,	/*(多)*/
    0x597d,	/*(好)*/
    0x5b57,	/*(字)*/
    0x5c11,	/*(少)*/
    0x5df2,	/*(已)*/
    0x5ea6,	/*(度)*/
    0x5f00,	/*(开)*/
    0x60a8,	/*(您)*/
    0x611f,	/*(感)*/
    0x6211,	/*(我)*/
    0x6253,	/*(打)*/
    0x628a,	/*(把)*/
    0x6301,	/*(持)*/
    0x6309,	/*(按)*/
    0x6478,	/*(摸)*/
    0x652f,	/*(支)*/
    0x6587,	/*(文)*/
    0x65b0,	/*(新)*/
    0x662f,	/*(是)*/
    0x6709,	/*(有)*/
    0x677f,	/*(板)*/
    0x683c,	/*(格)*/
    0x695a,	/*(楚)*/
    0x6ca1,	/*(没)*/
    0x6d4b,	/*(测)*/
    0x6e05,	/*(清)*/
    0x706f,	/*(灯)*/
    0x7528,	/*(用)*/
    0x7684,	/*(的)*/
    0x786c,	/*(硬)*/
    0x7a7a,	/*(空)*/
    0x7ecf,	/*(经)*/
    0x7f6e,	/*(置)*/
    0x7f8e,	/*(美)*/
    0x8036,	/*(耶)*/
    0x89e6,	/*(触)*/
    0x8bbe,	/*(设)*/
    0x8bcd,	/*(词)*/
    0x8bd5,	/*(试)*/
    0x8bf4,	/*(说)*/
    0x8bf7,	/*(请)*/
    0x8c03,	/*(调)*/
    0x8c22,	/*(谢)*/
    0x8d2d,	/*(购)*/
    0x904d,	/*(遍)*/
    0x9177,	/*(酷)*/
    0x91cd,	/*(重)*/
    0x94ae,	/*(钮)*/
    0x952e,	/*(键)*/
    0x95ed,	/*(闭)*/
    0xf000,	/*()*/
    0xf001,	/*()*/
    0xf002,	/*()*/
    0xf003,	/*()*/
    0xf004,	/*()*/
    0xf005,	/*()*/
    0xf006,	/*()*/
    0xf007,	/*()*/
    0xf008,	/*()*/
    0xf009,	/*()*/
    0xf00a,	/*()*/
    0xf00b,	/*()*/
    0xf00c,	/*()*/
    0xf00d,	/*()*/
    0xf00e,	/*()*/
    0xf010,	/*()*/
    0xf011,	/*()*/
    0xf012,	/*()*/
    0xf013,	/*()*/
    0xf014,	/*()*/
    0xf015,	/*()*/
    0xf016,	/*()*/
    0xf017,	/*()*/
    0xf018,	/*()*/
    0xf019,	/*()*/
    0xf01a,	/*()*/
    0xf01b,	/*()*/
    0xf01c,	/*()*/
    0xf01d,	/*()*/
    0xf01e,	/*()*/
    0xf021,	/*()*/
    0xf022,	/*()*/
    0xf023,	/*()*/
    0xf024,	/*()*/
    0xf025,	/*()*/
    0xf026,	/*()*/
    0xf027,	/*()*/
    0xf028,	/*()*/
    0xf029,	/*()*/
    0xf02a,	/*()*/
    0xf02b,	/*()*/
    0xf02c,	/*()*/
    0xf02d,	/*()*/
    0xf02e,	/*()*/
    0xf02f,	/*()*/
    0xf030,	/*()*/
    0xf031,	/*()*/
    0xf032,	/*()*/
    0xf033,	/*()*/
    0xf034,	/*()*/
    0xf035,	/*()*/
    0xf036,	/*()*/
    0xf037,	/*()*/
    0xf038,	/*()*/
    0xf039,	/*()*/
    0xf03a,	/*()*/
    0xf03b,	/*()*/
    0xf03c,	/*()*/
    0xf03d,	/*()*/
    0xf03e,	/*()*/
    0xf040,	/*()*/
    0xf041,	/*()*/
    0xf042,	/*()*/
    0xf043,	/*()*/
    0xf044,	/*()*/
    0xf045,	/*()*/
    0xf046,	/*()*/
    0xf047,	/*()*/
    0xf048,	/*()*/
    0xf049,	/*()*/
    0xf04a,	/*()*/
    0xf04b,	/*()*/
    0xf04c,	/*()*/
    0xf04d,	/*()*/
    0xf04e,	/*()*/
    0xf050,	/*()*/
    0xf051,	/*()*/
    0xf052,	/*()*/
    0xf053,	/*()*/
    0xf054,	/*()*/
    0xf055,	/*()*/
    0xf056,	/*()*/
    0xf057,	/*()*/
    0xf058,	/*()*/
    0xf059,	/*()*/
    0xf05a,	/*()*/
    0xf05b,	/*()*/
    0xf05c,	/*()*/
    0xf05d,	/*()*/
    0xf05e,	/*()*/
    0xf060,	/*()*/
    0xf061,	/*()*/
    0xf062,	/*()*/
    0xf063,	/*()*/
    0xf064,	/*()*/
    0xf065,	/*()*/
    0xf066,	/*()*/
    0xf067,	/*()*/
    0xf068,	/*()*/
    0xf069,	/*()*/
    0xf06a,	/*()*/
    0xf06b,	/*()*/
    0xf06c,	/*()*/
    0xf06d,	/*()*/
    0xf06e,	/*()*/
    0xf070,	/*()*/
    0xf071,	/*()*/
    0xf072,	/*()*/
    0xf073,	/*()*/
    0xf074,	/*()*/
    0xf075,	/*()*/
    0xf076,	/*()*/
    0xf077,	/*()*/
    0xf078,	/*()*/
    0xf079,	/*()*/
    0xf07a,	/*()*/
    0xf07b,	/*()*/
    0xf07c,	/*()*/
    0xf07d,	/*()*/
    0xf07e,	/*()*/
    0xf080,	/*()*/
    0xf081,	/*()*/
    0xf082,	/*()*/
    0xf083,	/*()*/
    0xf084,	/*()*/
    0xf085,	/*()*/
    0xf086,	/*()*/
    0xf087,	/*()*/
    0xf088,	/*()*/
    0xf089,	/*()*/
    0xf08a,	/*()*/
    0xf08b,	/*()*/
    0xf08c,	/*()*/
    0xf08d,	/*()*/
    0xf08e,	/*()*/
    0xf090,	/*()*/
    0xf091,	/*()*/
    0xf092,	/*()*/
    0xf093,	/*()*/
    0xf094,	/*()*/
    0xf095,	/*()*/
    0xf096,	/*()*/
    0xf097,	/*()*/
    0xf098,	/*()*/
    0xf099,	/*()*/
    0xf09a,	/*()*/
    0xf09b,	/*()*/
    0xf09c,	/*()*/
    0xf09d,	/*()*/
    0xf09e,	/*()*/
    0xf0a0,	/*()*/
    0xf0a1,	/*()*/
    0xf0a2,	/*()*/
    0xf0a3,	/*()*/
    0xf0a4,	/*()*/
    0xf0a5,	/*()*/
    0xf0a6,	/*()*/
    0xf0a7,	/*()*/
    0xf0a8,	/*()*/
    0xf0a9,	/*()*/
    0xf0aa,	/*()*/
    0xf0ab,	/*()*/
    0xf0ac,	/*()*/
    0xf0ad,	/*()*/
    0xf0ae,	/*()*/
    0xf0b0,	/*()*/
    0xf0b1,	/*()*/
    0xf0b2,	/*()*/
    0xf0c0,	/*()*/
    0xf0c1,	/*()*/
    0xf0c2,	/*()*/
    0xf0c3,	/*()*/
    0xf0c4,	/*()*/
    0xf0c5,	/*()*/
    0xf0c6,	/*()*/
    0xf0c7,	/*()*/
    0xf0c8,	/*()*/
    0xf0c9,	/*()*/
    0xf0ca,	/*()*/
    0xf0cb,	/*()*/
    0xf0cc,	/*()*/
    0xf0cd,	/*()*/
    0xf0ce,	/*()*/
    0xf0d0,	/*()*/
    0xf0d1,	/*()*/
    0xf0d2,	/*()*/
    0xf0d3,	/*()*/
    0xf0d4,	/*()*/
    0xf0d5,	/*()*/
    0xf0d6,	/*()*/
    0xf0d7,	/*()*/
    0xf0d8,	/*()*/
    0xf0d9,	/*()*/
    0xf0da,	/*()*/
    0xf0db,	/*()*/
    0xf0dc,	/*()*/
    0xf0dd,	/*()*/
    0xf0de,	/*()*/
    0xf0e0,	/*()*/
    0xf0e1,	/*()*/
    0xf0e2,	/*()*/
    0xf0e3,	/*()*/
    0xf0e4,	/*()*/
    0xf0e5,	/*()*/
    0xf0e6,	/*()*/
    0xf0e7,	/*()*/
    0xf0e8,	/*()*/
    0xf0e9,	/*()*/
    0xf0ea,	/*()*/
    0xf0eb,	/*()*/
    0xf0ec,	/*()*/
    0xf0ed,	/*()*/
    0xf0ee,	/*()*/
    0xf0f0,	/*()*/
    0xf0f1,	/*()*/
    0xf0f2,	/*()*/
    0xf0f3,	/*()*/
    0xf0f4,	/*()*/
    0xf0f5,	/*()*/
    0xf0f6,	/*()*/
    0xf0f7,	/*()*/
    0xf0f8,	/*()*/
    0xf0f9,	/*()*/
    0xf0fa,	/*()*/
    0xf0fb,	/*()*/
    0xf0fc,	/*()*/
    0xf0fd,	/*()*/
    0xf0fe,	/*()*/
    0xf100,	/*()*/
    0xf101,	/*()*/
    0xf102,	/*()*/
    0xf103,	/*()*/
    0xf104,	/*()*/
    0xf105,	/*()*/
    0xf106,	/*()*/
    0xf107,	/*()*/
    0xf108,	/*()*/
    0xf109,	/*()*/
    0xf10a,	/*()*/
    0xf10b,	/*()*/
    0xf10c,	/*()*/
    0xf10d,	/*()*/
    0xf10e,	/*()*/
    0xf110,	/*()*/
    0xf111,	/*()*/
    0xf112,	/*()*/
    0xf113,	/*()*/
    0xf114,	/*()*/
    0xf115,	/*()*/
    0xf118,	/*()*/
    0xf119,	/*()*/
    0xf11a,	/*()*/
    0xf11b,	/*()*/
    0xf11c,	/*()*/
    0xf11d,	/*()*/
    0xf11e,	/*()*/
    0xf120,	/*()*/
    0xf121,	/*()*/
    0xf122,	/*()*/
    0xf123,	/*()*/
    0xf124,	/*()*/
    0xf125,	/*()*/
    0xf126,	/*()*/
    0xf127,	/*()*/
    0xf128,	/*()*/
    0xf129,	/*()*/
    0xf12a,	/*()*/
    0xf12b,	/*()*/
    0xf12c,	/*()*/
    0xf12d,	/*()*/
    0xf12e,	/*()*/
    0xf130,	/*()*/
    0xf131,	/*()*/
    0xf132,	/*()*/
    0xf133,	/*()*/
    0xf134,	/*()*/
    0xf135,	/*()*/
    0xf136,	/*()*/
    0xf137,	/*()*/
    0xf138,	/*()*/
    0xf139,	/*()*/
    0xf13a,	/*()*/
    0xf13b,	/*()*/
    0xf13c,	/*()*/
    0xf13d,	/*()*/
    0xf13e,	/*()*/
    0xf140,	/*()*/
    0xf141,	/*()*/
    0xf142,	/*()*/
    0xf143,	/*()*/
    0xf144,	/*()*/
    0xf145,	/*()*/
    0xf146,	/*()*/
    0xf147,	/*()*/
    0xf148,	/*()*/
    0xf149,	/*()*/
    0xf14a,	/*()*/
    0xf14b,	/*()*/
    0xf14c,	/*()*/
    0xf14d,	/*()*/
    0xf14e,	/*()*/
    0xf150,	/*()*/
    0xf151,	/*()*/
    0xf152,	/*()*/
    0xf153,	/*()*/
    0xf154,	/*()*/
    0xf155,	/*()*/
    0xf156,	/*()*/
    0xf157,	/*()*/
    0xf158,	/*()*/
    0xf159,	/*()*/
    0xf15a,	/*()*/
    0xf15b,	/*()*/
    0xf15c,	/*()*/
    0xf15d,	/*()*/
    0xf15e,	/*()*/
    0xf160,	/*()*/
    0xf161,	/*()*/
    0xf162,	/*()*/
    0xf163,	/*()*/
    0xf164,	/*()*/
    0xf165,	/*()*/
    0xf166,	/*()*/
    0xf167,	/*()*/
    0xf168,	/*()*/
    0xf169,	/*()*/
    0xf16a,	/*()*/
    0xf16b,	/*()*/
    0xf16c,	/*()*/
    0xf16d,	/*()*/
    0xf16e,	/*()*/
    0xf170,	/*()*/
    0xf171,	/*()*/
    0xf172,	/*()*/
    0xf173,	/*()*/
    0xf174,	/*()*/
    0xf175,	/*()*/
    0xf176,	/*()*/
    0xf177,	/*()*/
    0xf178,	/*()*/
    0xf179,	/*()*/
    0xf17a,	/*()*/
    0xf17b,	/*()*/
    0xf17c,	/*()*/
    0xf17d,	/*()*/
    0xf17e,	/*()*/
    0xf180,	/*()*/
    0xf181,	/*()*/
    0xf182,	/*()*/
    0xf183,	/*()*/
    0xf184,	/*()*/
    0xf185,	/*()*/
    0xf186,	/*()*/
    0xf187,	/*()*/
    0xf188,	/*()*/
    0xf189,	/*()*/
    0xf18a,	/*()*/
    0xf18b,	/*()*/
    0xf18c,	/*()*/
    0xf18d,	/*()*/
    0xf18e,	/*()*/
    0xf190,	/*()*/
    0xf191,	/*()*/
    0xf192,	/*()*/
    0xf193,	/*()*/
    0xf194,	/*()*/
    0xf195,	/*()*/
    0xf196,	/*()*/
    0xf197,	/*()*/
    0xf198,	/*()*/
    0xf199,	/*()*/
    0xf19a,	/*()*/
    0xf19b,	/*()*/
    0xf19c,	/*()*/
    0xf19d,	/*()*/
    0xf19e,	/*()*/
    0xf1a0,	/*()*/
    0xf1a1,	/*()*/
    0xf1a2,	/*()*/
    0xf1a3,	/*()*/
    0xf1a4,	/*()*/
    0xf1a5,	/*()*/
    0xf1a6,	/*()*/
    0xf1a7,	/*()*/
    0xf1a8,	/*()*/
    0xf1a9,	/*()*/
    0xf1aa,	/*()*/
    0xf1ab,	/*()*/
    0xf1ac,	/*()*/
    0xf1ad,	/*()*/
    0xf1ae,	/*()*/
    0xf1b0,	/*()*/
    0xf1b1,	/*()*/
    0xf1b2,	/*()*/
    0xf1b3,	/*()*/
    0xf1b4,	/*()*/
    0xf1b5,	/*()*/
    0xf1b6,	/*()*/
    0xf1b7,	/*()*/
    0xf1b8,	/*()*/
    0xf1b9,	/*()*/
    0xf1ba,	/*()*/
    0xf1bb,	/*()*/
    0xf1bc,	/*()*/
    0xf1bd,	/*()*/
    0xf1be,	/*()*/
    0xf1c0,	/*()*/
    0xf1c1,	/*()*/
    0xf1c2,	/*()*/
    0xf1c3,	/*()*/
    0xf1c4,	/*()*/
    0xf1c5,	/*()*/
    0xf1c6,	/*()*/
    0xf1c7,	/*()*/
    0xf1c8,	/*()*/
    0xf1c9,	/*()*/
    0xf1ca,	/*()*/
    0xf1cb,	/*()*/
    0xf1cc,	/*()*/
    0xf1cd,	/*()*/
    0xf1ce,	/*()*/
    0xf1d0,	/*()*/
    0xf1d1,	/*()*/
    0xf1d2,	/*()*/
    0xf1d3,	/*()*/
    0xf1d4,	/*()*/
    0xf1d5,	/*()*/
    0xf1d6,	/*()*/
    0xf1d7,	/*()*/
    0xf1d8,	/*()*/
    0xf1d9,	/*()*/
    0xf1da,	/*()*/
    0xf1db,	/*()*/
    0xf1dc,	/*()*/
    0xf1dd,	/*()*/
    0xf1de,	/*()*/
    0xf1e0,	/*()*/
    0xf1e1,	/*()*/
    0xf1e2,	/*()*/
    0xf1e3,	/*()*/
    0xf1e4,	/*()*/
    0xf1e5,	/*()*/
    0xf1e6,	/*()*/
    0xf1e7,	/*()*/
    0xf1e8,	/*()*/
    0xf1e9,	/*()*/
    0xf1ea,	/*()*/
    0xf1eb,	/*()*/
    0xf1ec,	/*()*/
    0xf1ed,	/*()*/
    0xf1ee,	/*()*/
    0xf1f0,	/*()*/
    0xf1f1,	/*()*/
    0xf1f2,	/*()*/
    0xf1f3,	/*()*/
    0xf1f4,	/*()*/
    0xf1f5,	/*()*/
    0xf1f6,	/*()*/
    0xf1f7,	/*()*/
    0xf1f8,	/*()*/
    0xf1f9,	/*()*/
    0xf1fa,	/*()*/
    0xf1fb,	/*()*/
    0xf1fc,	/*()*/
    0xf1fd,	/*()*/
    0xf1fe,	/*()*/
    0xf200,	/*()*/
    0xf201,	/*()*/
    0xf202,	/*()*/
    0xf203,	/*()*/
    0xf204,	/*()*/
    0xf205,	/*()*/
    0xf206,	/*()*/
    0xf207,	/*()*/
    0xf208,	/*()*/
    0xf209,	/*()*/
    0xf20a,	/*()*/
    0xf20b,	/*()*/
    0xf20c,	/*()*/
    0xf20d,	/*()*/
    0xf20e,	/*()*/
    0xf210,	/*()*/
    0xf211,	/*()*/
    0xf212,	/*()*/
    0xf213,	/*()*/
    0xf214,	/*()*/
    0xf215,	/*()*/
    0xf216,	/*()*/
    0xf217,	/*()*/
    0xf218,	/*()*/
    0xf219,	/*()*/
    0xf21a,	/*()*/
    0xf21b,	/*()*/
    0xf21c,	/*()*/
    0xf21d,	/*()*/
    0xf21e,	/*()*/
    0xf221,	/*()*/
    0xf222,	/*()*/
    0xf223,	/*()*/
    0xf224,	/*()*/
    0xf225,	/*()*/
    0xf226,	/*()*/
    0xf227,	/*()*/
    0xf228,	/*()*/
    0xf229,	/*()*/
    0xf22a,	/*()*/
    0xf22b,	/*()*/
    0xf22c,	/*()*/
    0xf22d,	/*()*/
    0xf230,	/*()*/
    0xf231,	/*()*/
    0xf232,	/*()*/
    0xf233,	/*()*/
    0xf234,	/*()*/
    0xf235,	/*()*/
    0xf236,	/*()*/
    0xf237,	/*()*/
    0xf238,	/*()*/
    0xf239,	/*()*/
    0xf23a,	/*()*/
    0xf23b,	/*()*/
    0xf23c,	/*()*/
    0xf23d,	/*()*/
    0xf23e,	/*()*/
    0xf240,	/*()*/
    0xf241,	/*()*/
    0xf242,	/*()*/
    0xf243,	/*()*/
    0xf244,	/*()*/
    0xf245,	/*()*/
    0xf246,	/*()*/
    0xf247,	/*()*/
    0xf248,	/*()*/
    0xf249,	/*()*/
    0xf24a,	/*()*/
    0xf24b,	/*()*/
    0xf24c,	/*()*/
    0xf24d,	/*()*/
    0xf24e,	/*()*/
    0xf250,	/*()*/
    0xf251,	/*()*/
    0xf252,	/*()*/
    0xf253,	/*()*/
    0xf254,	/*()*/
    0xf255,	/*()*/
    0xf256,	/*()*/
    0xf257,	/*()*/
    0xf258,	/*()*/
    0xf259,	/*()*/
    0xf25a,	/*()*/
    0xf25b,	/*()*/
    0xf25c,	/*()*/
    0xf25d,	/*()*/
    0xf25e,	/*()*/
    0xf260,	/*()*/
    0xf261,	/*()*/
    0xf262,	/*()*/
    0xf263,	/*()*/
    0xf264,	/*()*/
    0xf265,	/*()*/
    0xf266,	/*()*/
    0xf267,	/*()*/
    0xf268,	/*()*/
    0xf269,	/*()*/
    0xf26a,	/*()*/
    0xf26b,	/*()*/
    0xf26c,	/*()*/
    0xf26d,	/*()*/
    0xf26e,	/*()*/
    0xf270,	/*()*/
    0xf271,	/*()*/
    0xf272,	/*()*/
    0xf273,	/*()*/
    0xf274,	/*()*/
    0xf275,	/*()*/
    0xf276,	/*()*/
    0xf277,	/*()*/
    0xf278,	/*()*/
    0xf279,	/*()*/
    0xf27a,	/*()*/
    0xf27b,	/*()*/
    0xf27c,	/*()*/
    0xf27d,	/*()*/
    0xf27e,	/*()*/
    0xf280,	/*()*/
    0xf281,	/*()*/
    0xf282,	/*()*/
    0xf283,	/*()*/
    0xf284,	/*()*/
    0xf285,	/*()*/
    0xf286,	/*()*/
    0xf287,	/*()*/
    0xf288,	/*()*/
    0xf289,	/*()*/
    0xf28a,	/*()*/
    0xf28b,	/*()*/
    0xf28c,	/*()*/
    0xf28d,	/*()*/
    0xf28e,	/*()*/
    0xf290,	/*()*/
    0xf291,	/*()*/
    0xf292,	/*()*/
    0xf293,	/*()*/
    0xf294,	/*()*/
    0xf295,	/*()*/
    0xf296,	/*()*/
    0xf297,	/*()*/
    0xf298,	/*()*/
    0xf299,	/*()*/
    0xf29a,	/*()*/
    0xf29b,	/*()*/
    0xf29c,	/*()*/
    0xf29d,	/*()*/
    0xf29e,	/*()*/
    0xf2a0,	/*()*/
    0xf2a1,	/*()*/
    0xf2a2,	/*()*/
    0xf2a3,	/*()*/
    0xf2a4,	/*()*/
    0xf2a5,	/*()*/
    0xf2a6,	/*()*/
    0xf2a7,	/*()*/
    0xf2a8,	/*()*/
    0xf2a9,	/*()*/
    0xf2aa,	/*()*/
    0xf2ab,	/*()*/
    0xf2ac,	/*()*/
    0xf2ad,	/*()*/
    0xf2ae,	/*()*/
    0xf2b0,	/*()*/
    0xf2b1,	/*()*/
    0xf2b2,	/*()*/
    0xf2b3,	/*()*/
    0xf2b4,	/*()*/
    0xf2b5,	/*()*/
    0xf2b6,	/*()*/
    0xf2b7,	/*()*/
    0xf2b8,	/*()*/
    0xf2b9,	/*()*/
    0xf2ba,	/*()*/
    0xf2bb,	/*()*/
    0xf2bc,	/*()*/
    0xf2bd,	/*()*/
    0xf2be,	/*()*/
    0xf2c0,	/*()*/
    0xf2c1,	/*()*/
    0xf2c2,	/*()*/
    0xf2c3,	/*()*/
    0xf2c4,	/*()*/
    0xf2c5,	/*()*/
    0xf2c6,	/*()*/
    0xf2c7,	/*()*/
    0xf2c8,	/*()*/
    0xf2c9,	/*()*/
    0xf2ca,	/*()*/
    0xf2cb,	/*()*/
    0xf2cc,	/*()*/
    0xf2cd,	/*()*/
    0xf2ce,	/*()*/
    0xf2d0,	/*()*/
    0xf2d1,	/*()*/
    0xf2d2,	/*()*/
    0xf2d3,	/*()*/
    0xf2d4,	/*()*/
    0xf2d5,	/*()*/
    0xf2d6,	/*()*/
    0xf2d7,	/*()*/
    0xf2d8,	/*()*/
    0xf2d9,	/*()*/
    0xf2da,	/*()*/
    0xf2db,	/*()*/
    0xf2dc,	/*()*/
    0xf2dd,	/*()*/
    0xf2de,	/*()*/
    0xf2e0,	/*()*/
    0x0000,    /*End indicator*/
};


static const lv_font_fmt_txt_cmap_t cmaps[] = {
    {
        .range_start = 0x0020,
        .range_length = 0xf2e0,
        .type = LV_FONT_FMT_TXT_CMAP_SPARSE_TINY,
        .glyph_id_start = 0,
        .unicode_list = unicode_list_1,
        .glyph_id_ofs_list = NULL,
        .list_length = 844,
    }
};


static lv_font_fmt_txt_glyph_cache_t glyph_cache;


static lv_font_fmt_txt_dsc_t font_dsc = {
    .glyph_bitmap = glyph_bitmap,
    .glyph_dsc = glyph_dsc,
    .cmaps = cmaps,
    .cmap_num = 1,
    .bpp = 2,

    .kern_scale = 0,
    .kern_dsc = NULL,
    .kern_classes = 0,

    .cache = &glyph_cache,
};


static int binsearch(const uint16_t *sortedSeq, int seqLength, uint16_t keyData) {
    int low = 0, mid, high = seqLength - 1;
    while (low <= high) {
        mid = (low + high)>>1;//右移1位等于是/2，奇数，无论奇偶，有个值就行
        if (keyData < sortedSeq[mid]) {
            high = mid - 1;//是mid-1，因为mid已经比较过了
        }
        else if (keyData > sortedSeq[mid]) {
            low = mid + 1;
        }
        else {
            return mid;
        }
    }
    return -1;
}


static const uint8_t * __user_font_get_bitmap(const lv_font_t * font, uint32_t unicode_letter) {
    lv_font_fmt_txt_dsc_t * fdsc = (lv_font_fmt_txt_dsc_t *) font->dsc;

    if( unicode_letter<fdsc->cmaps[0].range_start || unicode_letter>fdsc->cmaps[0].range_length ) return false;

    int i;
    if( unicode_letter==fdsc->cache->last_letter ){
        i = fdsc->cache->last_glyph_id;
    }
    else{
        i = binsearch(fdsc->cmaps[0].unicode_list, fdsc->cmaps[0].list_length, unicode_letter);
    }
    if( i != -1 ) {
        const lv_font_fmt_txt_glyph_dsc_t * gdsc = &fdsc->glyph_dsc[i];
        fdsc->cache->last_glyph_id = i;
        fdsc->cache->last_letter = unicode_letter;
        return &fdsc->glyph_bitmap[gdsc->bitmap_index];
    }
    return NULL;
}


static bool __user_font_get_glyph_dsc(const lv_font_t * font, lv_font_glyph_dsc_t * dsc_out, uint32_t unicode_letter, uint32_t unicode_letter_next) {
    lv_font_fmt_txt_dsc_t * fdsc = (lv_font_fmt_txt_dsc_t *) font->dsc;

    if( unicode_letter<fdsc->cmaps[0].range_start || unicode_letter>fdsc->cmaps[0].range_length ) return false;

    int i;
    if( unicode_letter==fdsc->cache->last_letter ){
        i = fdsc->cache->last_glyph_id;
    }
    else{
        i = binsearch(fdsc->cmaps[0].unicode_list, fdsc->cmaps[0].list_length, unicode_letter);
    }
    if( i != -1 ) {
        const lv_font_fmt_txt_glyph_dsc_t * gdsc = &fdsc->glyph_dsc[i];
        fdsc->cache->last_glyph_id = i;
        fdsc->cache->last_letter = unicode_letter;
        dsc_out->adv_w = gdsc->adv_w;
        dsc_out->box_h = gdsc->box_h;
        dsc_out->box_w = gdsc->box_w;
        dsc_out->ofs_x = gdsc->ofs_x;
        dsc_out->ofs_y = gdsc->ofs_y;
        dsc_out->bpp   = fdsc->bpp;
        return true;
    }
    return false;
}


//钉钉进步体,Regular,12
//字模高度：24
//内部字体
//使用排序和二分查表
const lv_font_t myFont = {
    .dsc = &font_dsc,
    .get_glyph_bitmap = __user_font_get_bitmap,
    .get_glyph_dsc = __user_font_get_glyph_dsc,
    .line_height = 24,
    .base_line = 0,
};

